{
  "data": {
    "dataset": "2-083-219",
    "POI_id": "561631",
    "travelType": "음식점",
    "place": "비마이플레이스 ",
    "area": "서울"
  },
  "imageInfo": [
    {
      "image_id": 0,
      "filename": "561631_0_su_5_비마이플레이스 _1_001.png",
      "mapx": 37.5673140391214,
      "mapy": 126.827554917518,
      "width": 3840,
      "height": 2160,
      "caption_info": [
        "비마이플레이스(강서구) ",
        "간판"
      ]
    },
    {
      "image_id": 1,
      "filename": "561631_0_su_5_비마이플레이스 _1_002.png",
      "mapx": 37.5673140391214,
      "mapy": 126.827554917518,
      "width": 3840,
      "height": 2160,
      "caption_info": [
        "비마이플레이스(강서구) ",
        "간판"
      ]
    },
    {
      "image_id": 2,
      "filename": "561631_0_su_5_비마이플레이스 _1_003.png",
      "mapx": 37.5673140391214,
      "mapy": 126.827554917518,
      "width": 3840,
      "height": 2160,
      "caption_info": [
        "비마이플레이스(강서구) ",
        "등받이 의자"
      ]
    },
    {
      "image_id": 3,
      "filename": "561631_0_su_5_비마이플레이스 _1_004.png",
      "mapx": 37.5673140391214,
      "mapy": 126.827554917518,
      "width": 3840,
      "height": 2160,
      "caption_info": [
        "비마이플레이스(강서구) ",
        "메뉴판 "
      ]
    },
    {
      "image_id": 4,
      "filename": "561631_0_su_5_비마이플레이스 _1_005.png",
      "mapx": 37.5673140391214,
      "mapy": 126.827554917518,
      "width": 3840,
      "height": 2160,
      "caption_info": [
        "비마이플레이스(강서구) ",
        "접시 "
      ]
    }
  ],
  "annotations": [
    {
      "image_id": 0,
      "question": [
        {
          "question_id": 0,
          "question_type": "관계",
          "question": "이 곳에 인접한 시설이 있나요?",
          "question_wordNum": 5,
          "answer": "마곡나루역 1번 출구, CU, KB국민은행, 샐러디, 나뚜루",
          "answer_wordNum": 7,
          "fact": [
            "비마이플레이스,인접,마곡나루역 1번 출구, CU, KB국민은행, 샐러디, 나뚜루"
          ]
        },
        {
          "question_id": 1,
          "question_type": "정보",
          "question": "휴무일을 알 수 있나요?",
          "question_wordNum": 4,
          "answer": "매주 월요일",
          "answer_wordNum": 2,
          "fact": [
            "비마이플레이스,휴무일,매주 월요일"
          ]
        },
        {
          "question_id": 2,
          "question_type": "정보",
          "question": "영업시간을 알 수 있나요?",
          "question_wordNum": 4,
          "answer": "11:30/12:00~21:00/22:00",
          "answer_wordNum": 1,
          "fact": [
            "비마이플레이스,영업시간,11:30/12:00~21:00/22:00"
          ]
        },
        {
          "question_id": 3,
          "question_type": "정보",
          "question": "연락처가 어떻게 되나요?",
          "question_wordNum": 3,
          "answer": "0507-1382-4340",
          "answer_wordNum": 1,
          "fact": [
            "비마이플레이스,연락처,0507-1382-4340"
          ]
        }
      ]
    },
    {
      "image_id": 1,
      "question": [
        {
          "question_id": 0,
          "question_type": "정보",
          "question": "이 곳의 주소는 어떻게 되나요?",
          "question_wordNum": 5,
          "answer": "서울 강서구 마곡중앙5로 6",
          "answer_wordNum": 4,
          "fact": [
            "비마이플레이스,주소,서울 강서구 마곡중앙5로 6"
          ]
        },
        {
          "question_id": 1,
          "question_type": "탐색",
          "question": "주차시설이 있나요?",
          "question_wordNum": 2,
          "answer": "있음",
          "answer_wordNum": 1,
          "fact": [
            "비마이플레이스,주차시설,있음"
          ]
        },
        {
          "question_id": 2,
          "question_type": "관계",
          "question": "이 곳에 인접한 시설이 있나요?",
          "question_wordNum": 5,
          "answer": "마곡나루역 1번 출구, CU, KB국민은행, 샐러디, 나뚜루",
          "answer_wordNum": 7,
          "fact": [
            "비마이플레이스,인접,마곡나루역 1번 출구, CU, KB국민은행, 샐러디, 나뚜루"
          ]
        },
        {
          "question_id": 3,
          "question_type": "정보",
          "question": "대표 메뉴가 무엇인가요?",
          "question_wordNum": 3,
          "answer": "비마이플레이스 세트, 라자냐",
          "answer_wordNum": 3,
          "fact": [
            "비마이플레이스,메뉴,비마이플레이스 세트, 라자냐"
          ]
        }
      ]
    },
    {
      "image_id": 2,
      "question": [
        {
          "question_id": 0,
          "question_type": "탐색",
          "question": "주차시설이 있는지 알 수 있나요?",
          "question_wordNum": 5,
          "answer": "있음",
          "answer_wordNum": 1,
          "fact": [
            "비마이플레이스,주차시설,있음"
          ]
        },
        {
          "question_id": 1,
          "question_type": "정보",
          "question": "이 곳의 메뉴를 알 수 있나요?",
          "question_wordNum": 6,
          "answer": "비마이플레이스 세트, 라자냐",
          "answer_wordNum": 3,
          "fact": [
            "비마이플레이스,메뉴,비마이플레이스 세트, 라자냐"
          ]
        },
        {
          "question_id": 2,
          "question_type": "관계",
          "question": "이 곳에 인접한 시설이 있나요?",
          "question_wordNum": 5,
          "answer": "마곡나루역 1번 출구, CU, KB국민은행, 샐러디, 나뚜루",
          "answer_wordNum": 7,
          "fact": [
            "비마이플레이스,인접,마곡나루역 1번 출구, CU, KB국민은행, 샐러디, 나뚜루"
          ]
        },
        {
          "question_id": 3,
          "question_type": "정보",
          "question": "휴무일은 어떻게 되나요?",
          "question_wordNum": 3,
          "answer": "매주 월요일",
          "answer_wordNum": 2,
          "fact": [
            "비마이플레이스,휴무일,매주 월요일"
          ]
        }
      ]
    },
    {
      "image_id": 3,
      "question": [
        {
          "question_id": 0,
          "question_type": "정보",
          "question": "휴무일을 알 수 있나요?",
          "question_wordNum": 4,
          "answer": "매주 월요일",
          "answer_wordNum": 2,
          "fact": [
            "비마이플레이스,휴무일,매주 월요일"
          ]
        },
        {
          "question_id": 1,
          "question_type": "관계",
          "question": "이 곳에 인접한 시설이 있나요?",
          "question_wordNum": 5,
          "answer": "마곡나루역 1번 출구, CU, KB국민은행, 샐러디, 나뚜루",
          "answer_wordNum": 7,
          "fact": [
            "비마이플레이스,인접,마곡나루역 1번 출구, CU, KB국민은행, 샐러디, 나뚜루"
          ]
        },
        {
          "question_id": 2,
          "question_type": "정보",
          "question": "영업시간은 어떻게 되나요?",
          "question_wordNum": 3,
          "answer": "11:30/12:00~21:00/22:00",
          "answer_wordNum": 1,
          "fact": [
            "비마이플레이스,영업시간,11:30/12:00~21:00/22:00"
          ]
        },
        {
          "question_id": 3,
          "question_type": "정보",
          "question": "연락처를 알 수 있나요?",
          "question_wordNum": 4,
          "answer": "0507-1382-4340",
          "answer_wordNum": 1,
          "fact": [
            "비마이플레이스,연락처,0507-1382-4340"
          ]
        }
      ]
    },
    {
      "image_id": 4,
      "question": [
        {
          "question_id": 0,
          "question_type": "정보",
          "question": "영업시간은 어떻게 되나요?",
          "question_wordNum": 3,
          "answer": "11:30/12:00~21:00/22:00",
          "answer_wordNum": 1,
          "fact": [
            "비마이플레이스,영업시간,11:30/12:00~21:00/22:00"
          ]
        },
        {
          "question_id": 1,
          "question_type": "정보",
          "question": "이 곳의 주소는 어떻게 되나요?",
          "question_wordNum": 5,
          "answer": "서울 강서구 마곡중앙5로 6",
          "answer_wordNum": 4,
          "fact": [
            "비마이플레이스,주소,서울 강서구 마곡중앙5로 6"
          ]
        },
        {
          "question_id": 2,
          "question_type": "정보",
          "question": "휴무일은 어떻게 되나요?",
          "question_wordNum": 3,
          "answer": "매주 월요일",
          "answer_wordNum": 2,
          "fact": [
            "비마이플레이스,휴무일,매주 월요일"
          ]
        },
        {
          "question_id": 3,
          "question_type": "정보",
          "question": "이 곳의 메뉴를 알 수 있나요?",
          "question_wordNum": 6,
          "answer": "비마이플레이스 세트, 라자냐",
          "answer_wordNum": 3,
          "fact": [
            "비마이플레이스,메뉴,비마이플레이스 세트, 라자냐"
          ]
        }
      ]
    }
  ]
}