{
  "data": {
    "dataset": "2-083-219",
    "POI_id": "561553",
    "travelType": "음식점",
    "place": "영등포구석집 마곡나루역점",
    "area": "서울"
  },
  "imageInfo": [
    {
      "image_id": 0,
      "filename": "561553_0_su_5_영등포구석집 마곡나루역점_1_001.png",
      "mapx": 37.5689599870746,
      "mapy": 126.825538652732,
      "width": 3840,
      "height": 2160,
      "caption_info": [
        "영등포구석집 마곡나루역점(강서구)",
        "간판"
      ]
    },
    {
      "image_id": 1,
      "filename": "561553_0_su_5_영등포구석집 마곡나루역점_1_002.png",
      "mapx": 37.5689599870746,
      "mapy": 126.825538652732,
      "width": 3840,
      "height": 2160,
      "caption_info": [
        "영등포구석집 마곡나루역점(강서구)",
        "간판"
      ]
    },
    {
      "image_id": 2,
      "filename": "561553_0_su_5_영등포구석집 마곡나루역점_1_003.png",
      "mapx": 37.5689599870746,
      "mapy": 126.825538652732,
      "width": 3840,
      "height": 2160,
      "caption_info": [
        "영등포구석집 마곡나루역점(강서구)",
        "사각 테이블"
      ]
    },
    {
      "image_id": 3,
      "filename": "561553_0_su_5_영등포구석집 마곡나루역점_1_004.png",
      "mapx": 37.5689599870746,
      "mapy": 126.825538652732,
      "width": 3840,
      "height": 2160,
      "caption_info": [
        "영등포구석집 마곡나루역점(강서구)",
        "메뉴판 "
      ]
    },
    {
      "image_id": 4,
      "filename": "561553_0_su_5_영등포구석집 마곡나루역점_1_005.png",
      "mapx": 37.5689599870746,
      "mapy": 126.825538652732,
      "width": 3840,
      "height": 2160,
      "caption_info": [
        "영등포구석집 마곡나루역점(강서구)",
        "그릇 "
      ]
    }
  ],
  "annotations": [
    {
      "image_id": 0,
      "question": [
        {
          "question_id": 0,
          "question_type": "정보",
          "question": "휴무일은 어떻게 되나요?",
          "question_wordNum": 3,
          "answer": "매주 일요일",
          "answer_wordNum": 2,
          "fact": [
            "영등포구석집 마곡나루역점,휴무일,매주 일요일"
          ]
        },
        {
          "question_id": 1,
          "question_type": "정보",
          "question": "대표 메뉴가 무엇인가요?",
          "question_wordNum": 3,
          "answer": "소곱창전골, 고기국밥",
          "answer_wordNum": 2,
          "fact": [
            "영등포구석집 마곡나루역점,메뉴,소곱창전골, 고기국밥"
          ]
        },
        {
          "question_id": 2,
          "question_type": "정보",
          "question": "연락처를 알 수 있나요?",
          "question_wordNum": 4,
          "answer": "0507-1389-2992",
          "answer_wordNum": 1,
          "fact": [
            "영등포구석집 마곡나루역점,연락처,0507-1389-2992"
          ]
        },
        {
          "question_id": 3,
          "question_type": "정보",
          "question": "이 곳의 주소를 알 수 있나요?",
          "question_wordNum": 6,
          "answer": "서울 강서구 마곡서로 168",
          "answer_wordNum": 4,
          "fact": [
            "영등포구석집 마곡나루역점,주소,서울 강서구 마곡서로 168"
          ]
        }
      ]
    },
    {
      "image_id": 1,
      "question": [
        {
          "question_id": 0,
          "question_type": "정보",
          "question": "이 곳의 주소는 어떻게 되나요?",
          "question_wordNum": 5,
          "answer": "서울 강서구 마곡서로 168",
          "answer_wordNum": 4,
          "fact": [
            "영등포구석집 마곡나루역점,주소,서울 강서구 마곡서로 168"
          ]
        },
        {
          "question_id": 1,
          "question_type": "탐색",
          "question": "주차시설이 있나요?",
          "question_wordNum": 2,
          "answer": "있음",
          "answer_wordNum": 1,
          "fact": [
            "영등포구석집 마곡나루역점,주차시설,있음"
          ]
        },
        {
          "question_id": 2,
          "question_type": "정보",
          "question": "영업시간은 어떻게 되나요?",
          "question_wordNum": 3,
          "answer": "11:00/17:30~22:00",
          "answer_wordNum": 1,
          "fact": [
            "영등포구석집 마곡나루역점,영업시간,11:00/17:30~22:00"
          ]
        },
        {
          "question_id": 3,
          "question_type": "관계",
          "question": "이 곳에 인접한 시설을 알 수 있나요?",
          "question_wordNum": 7,
          "answer": "마곡나루역 1번 출구, 60계, 마곡회포차",
          "answer_wordNum": 5,
          "fact": [
            "영등포구석집 마곡나루역점,인접,마곡나루역 1번 출구, 60계, 마곡회포차"
          ]
        }
      ]
    },
    {
      "image_id": 2,
      "question": [
        {
          "question_id": 0,
          "question_type": "정보",
          "question": "대표 메뉴가 무엇인가요?",
          "question_wordNum": 3,
          "answer": "소곱창전골, 고기국밥",
          "answer_wordNum": 2,
          "fact": [
            "영등포구석집 마곡나루역점,메뉴,소곱창전골, 고기국밥"
          ]
        },
        {
          "question_id": 1,
          "question_type": "정보",
          "question": "이 곳의 주소는 어떻게 되나요?",
          "question_wordNum": 5,
          "answer": "서울 강서구 마곡서로 168",
          "answer_wordNum": 4,
          "fact": [
            "영등포구석집 마곡나루역점,주소,서울 강서구 마곡서로 168"
          ]
        },
        {
          "question_id": 2,
          "question_type": "정보",
          "question": "영업시간은 어떻게 되나요?",
          "question_wordNum": 3,
          "answer": "11:00/17:30~22:00",
          "answer_wordNum": 1,
          "fact": [
            "영등포구석집 마곡나루역점,영업시간,11:00/17:30~22:00"
          ]
        },
        {
          "question_id": 3,
          "question_type": "관계",
          "question": "이 곳에 인접한 시설을 알 수 있나요?",
          "question_wordNum": 7,
          "answer": "마곡나루역 1번 출구, 60계, 마곡회포차",
          "answer_wordNum": 5,
          "fact": [
            "영등포구석집 마곡나루역점,인접,마곡나루역 1번 출구, 60계, 마곡회포차"
          ]
        }
      ]
    },
    {
      "image_id": 3,
      "question": [
        {
          "question_id": 0,
          "question_type": "정보",
          "question": "영업시간을 알 수 있나요?",
          "question_wordNum": 4,
          "answer": "11:00/17:30~22:00",
          "answer_wordNum": 1,
          "fact": [
            "영등포구석집 마곡나루역점,영업시간,11:00/17:30~22:00"
          ]
        },
        {
          "question_id": 1,
          "question_type": "정보",
          "question": "연락처를 알 수 있나요?",
          "question_wordNum": 4,
          "answer": "0507-1389-2992",
          "answer_wordNum": 1,
          "fact": [
            "영등포구석집 마곡나루역점,연락처,0507-1389-2992"
          ]
        },
        {
          "question_id": 2,
          "question_type": "정보",
          "question": "대표 메뉴가 무엇인가요?",
          "question_wordNum": 3,
          "answer": "소곱창전골, 고기국밥",
          "answer_wordNum": 2,
          "fact": [
            "영등포구석집 마곡나루역점,메뉴,소곱창전골, 고기국밥"
          ]
        },
        {
          "question_id": 3,
          "question_type": "탐색",
          "question": "주차시설이 있는지 알 수 있나요?",
          "question_wordNum": 5,
          "answer": "있음",
          "answer_wordNum": 1,
          "fact": [
            "영등포구석집 마곡나루역점,주차시설,있음"
          ]
        }
      ]
    },
    {
      "image_id": 4,
      "question": [
        {
          "question_id": 0,
          "question_type": "관계",
          "question": "이 곳에 인접한 시설이 있나요?",
          "question_wordNum": 5,
          "answer": "마곡나루역 1번 출구, 60계, 마곡회포차",
          "answer_wordNum": 5,
          "fact": [
            "영등포구석집 마곡나루역점,인접,마곡나루역 1번 출구, 60계, 마곡회포차"
          ]
        },
        {
          "question_id": 1,
          "question_type": "탐색",
          "question": "주차시설이 있는지 알 수 있나요?",
          "question_wordNum": 5,
          "answer": "있음",
          "answer_wordNum": 1,
          "fact": [
            "영등포구석집 마곡나루역점,주차시설,있음"
          ]
        },
        {
          "question_id": 2,
          "question_type": "정보",
          "question": "휴무일을 알 수 있나요?",
          "question_wordNum": 4,
          "answer": "매주 일요일",
          "answer_wordNum": 2,
          "fact": [
            "영등포구석집 마곡나루역점,휴무일,매주 일요일"
          ]
        },
        {
          "question_id": 3,
          "question_type": "정보",
          "question": "영업시간을 알 수 있나요?",
          "question_wordNum": 4,
          "answer": "11:00/17:30~22:00",
          "answer_wordNum": 1,
          "fact": [
            "영등포구석집 마곡나루역점,영업시간,11:00/17:30~22:00"
          ]
        }
      ]
    }
  ]
}