{
  "data": {
    "dataset": "2-083-219",
    "POI_id": "561589",
    "travelType": "음식점",
    "place": "그랑한우 마곡점",
    "area": "서울"
  },
  "imageInfo": [
    {
      "image_id": 0,
      "filename": "561589_0_su_5_그랑한우 마곡점_1_001.png",
      "mapx": 37.559915259194,
      "mapy": 126.8343608462,
      "width": 3840,
      "height": 2160,
      "caption_info": [
        "그랑한우 마곡점(마곡동)",
        "간판"
      ]
    },
    {
      "image_id": 1,
      "filename": "561589_0_su_5_그랑한우 마곡점_1_002.png",
      "mapx": 37.559915259194,
      "mapy": 126.8343608462,
      "width": 3840,
      "height": 2160,
      "caption_info": [
        "그랑한우 마곡점(마곡동)",
        "간판, 어닝, 화분, 볼라드"
      ]
    },
    {
      "image_id": 2,
      "filename": "561589_0_su_5_그랑한우 마곡점_1_003.png",
      "mapx": 37.559915259194,
      "mapy": 126.8343608462,
      "width": 3840,
      "height": 2160,
      "caption_info": [
        "그랑한우 마곡점(마곡동)",
        "테이블, 의자, 화분, 액자"
      ]
    },
    {
      "image_id": 3,
      "filename": "561589_0_su_5_그랑한우 마곡점_1_004.png",
      "mapx": 37.559915259194,
      "mapy": 126.8343608462,
      "width": 3840,
      "height": 2160,
      "caption_info": [
        "그랑한우 마곡점(마곡동)",
        "메뉴판"
      ]
    },
    {
      "image_id": 4,
      "filename": "561589_0_su_5_그랑한우 마곡점_1_005.png",
      "mapx": 37.559915259194,
      "mapy": 126.8343608462,
      "width": 3840,
      "height": 2160,
      "caption_info": [
        "그랑한우 마곡점(마곡동)",
        "살치살, 아스파라거스"
      ]
    }
  ],
  "annotations": [
    {
      "image_id": 0,
      "question": [
        {
          "question_id": 0,
          "question_type": "정보",
          "question": "이 곳의 주요 메뉴를 알 수 있나요?",
          "question_wordNum": 7,
          "answer": "토시살, 살치살",
          "answer_wordNum": 2,
          "fact": [
            "그랑한우 마곡점,메뉴,토시살, 살치살"
          ]
        },
        {
          "question_id": 1,
          "question_type": "관계",
          "question": "이 곳에 인접한 시설이 있나요?",
          "question_wordNum": 5,
          "answer": "발산역 9번 출구, 퀸즈파크텐, 필돈, 특삼겹",
          "answer_wordNum": 6,
          "fact": [
            "그랑한우 마곡점,인접,발산역 9번 출구, 퀸즈파크텐, 필돈, 특삼겹"
          ]
        },
        {
          "question_id": 2,
          "question_type": "정보",
          "question": "휴무일은 어떻게 되나요?",
          "question_wordNum": 3,
          "answer": "매주 일요일",
          "answer_wordNum": 2,
          "fact": [
            "그랑한우 마곡점,휴무일,매주 일요일"
          ]
        },
        {
          "question_id": 3,
          "question_type": "정보",
          "question": "영업시간은 어떻게 되나요?",
          "question_wordNum": 3,
          "answer": "11:00/16:00~22:00",
          "answer_wordNum": 1,
          "fact": [
            "그랑한우 마곡점,영업시간,11:00/16:00~22:00"
          ]
        }
      ]
    },
    {
      "image_id": 1,
      "question": [
        {
          "question_id": 0,
          "question_type": "정보",
          "question": "이 곳의 대표적인 메뉴를 알 수 있나요?",
          "question_wordNum": 7,
          "answer": "토시살, 살치살",
          "answer_wordNum": 2,
          "fact": [
            "그랑한우 마곡점,메뉴,토시살, 살치살"
          ]
        },
        {
          "question_id": 1,
          "question_type": "관계",
          "question": "이 곳에 인접한 시설을 알 수 있나요?",
          "question_wordNum": 7,
          "answer": "발산역 9번 출구, 퀸즈파크텐, 필돈, 특삼겹",
          "answer_wordNum": 6,
          "fact": [
            "그랑한우 마곡점,인접,발산역 9번 출구, 퀸즈파크텐, 필돈, 특삼겹"
          ]
        },
        {
          "question_id": 2,
          "question_type": "정보",
          "question": "연락처를 알 수 있나요?",
          "question_wordNum": 4,
          "answer": "0507-1336-9579",
          "answer_wordNum": 1,
          "fact": [
            "그랑한우 마곡점,연락처,0507-1336-9579"
          ]
        },
        {
          "question_id": 3,
          "question_type": "탐색",
          "question": "주차시설이 있나요?",
          "question_wordNum": 2,
          "answer": "있음",
          "answer_wordNum": 1,
          "fact": [
            "그랑한우 마곡점,주차시설,있음"
          ]
        }
      ]
    },
    {
      "image_id": 2,
      "question": [
        {
          "question_id": 0,
          "question_type": "탐색",
          "question": "주차시설이 있나요?",
          "question_wordNum": 2,
          "answer": "있음",
          "answer_wordNum": 1,
          "fact": [
            "그랑한우 마곡점,주차시설,있음"
          ]
        },
        {
          "question_id": 1,
          "question_type": "관계",
          "question": "이 곳에 인접한 시설을 알 수 있나요?",
          "question_wordNum": 7,
          "answer": "발산역 9번 출구, 퀸즈파크텐, 필돈, 특삼겹",
          "answer_wordNum": 6,
          "fact": [
            "그랑한우 마곡점,인접,발산역 9번 출구, 퀸즈파크텐, 필돈, 특삼겹"
          ]
        },
        {
          "question_id": 2,
          "question_type": "정보",
          "question": "이 곳의 주요 메뉴는 무엇이 있나요?",
          "question_wordNum": 6,
          "answer": "토시살, 살치살",
          "answer_wordNum": 2,
          "fact": [
            "그랑한우 마곡점,메뉴,토시살, 살치살"
          ]
        },
        {
          "question_id": 3,
          "question_type": "정보",
          "question": "휴무일을 알 수 있나요?",
          "question_wordNum": 4,
          "answer": "매주 일요일",
          "answer_wordNum": 2,
          "fact": [
            "그랑한우 마곡점,휴무일,매주 일요일"
          ]
        }
      ]
    },
    {
      "image_id": 3,
      "question": [
        {
          "question_id": 0,
          "question_type": "정보",
          "question": "휴무일을 알 수 있나요?",
          "question_wordNum": 4,
          "answer": "매주 일요일",
          "answer_wordNum": 2,
          "fact": [
            "그랑한우 마곡점,휴무일,매주 일요일"
          ]
        },
        {
          "question_id": 1,
          "question_type": "정보",
          "question": "이 곳의 주요 메뉴를 알 수 있나요?",
          "question_wordNum": 7,
          "answer": "토시살, 살치살",
          "answer_wordNum": 2,
          "fact": [
            "그랑한우 마곡점,메뉴,토시살, 살치살"
          ]
        },
        {
          "question_id": 2,
          "question_type": "정보",
          "question": "연락처를 알 수 있나요?",
          "question_wordNum": 4,
          "answer": "0507-1336-9579",
          "answer_wordNum": 1,
          "fact": [
            "그랑한우 마곡점,연락처,0507-1336-9579"
          ]
        },
        {
          "question_id": 3,
          "question_type": "정보",
          "question": "이 곳의 주소를 알 수 있나요?",
          "question_wordNum": 6,
          "answer": "서울 강서구 마곡중앙6로 66 퀸즈파크텐 2층 220호",
          "answer_wordNum": 7,
          "fact": [
            "그랑한우 마곡점,주소,서울 강서구 마곡중앙6로 66 퀸즈파크텐 2층 220호"
          ]
        }
      ]
    },
    {
      "image_id": 4,
      "question": [
        {
          "question_id": 0,
          "question_type": "탐색",
          "question": "주차시설이 있나요?",
          "question_wordNum": 2,
          "answer": "있음",
          "answer_wordNum": 1,
          "fact": [
            "그랑한우 마곡점,주차시설,있음"
          ]
        },
        {
          "question_id": 1,
          "question_type": "정보",
          "question": "이 곳의 주소를 알 수 있나요?",
          "question_wordNum": 6,
          "answer": "서울 강서구 마곡중앙6로 66 퀸즈파크텐 2층 220호",
          "answer_wordNum": 7,
          "fact": [
            "그랑한우 마곡점,주소,서울 강서구 마곡중앙6로 66 퀸즈파크텐 2층 220호"
          ]
        },
        {
          "question_id": 2,
          "question_type": "관계",
          "question": "이 곳에 인접한 시설이 있나요?",
          "question_wordNum": 5,
          "answer": "발산역 9번 출구, 퀸즈파크텐, 필돈, 특삼겹",
          "answer_wordNum": 6,
          "fact": [
            "그랑한우 마곡점,인접,발산역 9번 출구, 퀸즈파크텐, 필돈, 특삼겹"
          ]
        },
        {
          "question_id": 3,
          "question_type": "정보",
          "question": "이 곳의 대표적인 메뉴를 알 수 있나요?",
          "question_wordNum": 7,
          "answer": "토시살, 살치살",
          "answer_wordNum": 2,
          "fact": [
            "그랑한우 마곡점,메뉴,토시살, 살치살"
          ]
        }
      ]
    }
  ]
}