{
  "data": {
    "dataset": "2-083-219",
    "POI_id": "561568",
    "travelType": "음식점",
    "place": "이름없는달밤 ",
    "area": "서울"
  },
  "imageInfo": [
    {
      "image_id": 0,
      "filename": "561568_0_su_5_이름없는달밤 _1_001.png",
      "mapx": 37.5681757438857,
      "mapy": 126.824614680602,
      "width": 3840,
      "height": 2160,
      "caption_info": [
        "이름없는달밤(강서구) ",
        "간판"
      ]
    },
    {
      "image_id": 1,
      "filename": "561568_0_su_5_이름없는달밤 _1_002.png",
      "mapx": 37.5681757438857,
      "mapy": 126.824614680602,
      "width": 3840,
      "height": 2160,
      "caption_info": [
        "이름없는달밤(강서구) ",
        "간판"
      ]
    },
    {
      "image_id": 2,
      "filename": "561568_0_su_5_이름없는달밤 _1_003.png",
      "mapx": 37.5681757438857,
      "mapy": 126.824614680602,
      "width": 3840,
      "height": 2160,
      "caption_info": [
        "이름없는달밤(강서구) ",
        "사각 테이블"
      ]
    },
    {
      "image_id": 3,
      "filename": "561568_0_su_5_이름없는달밤 _1_004.png",
      "mapx": 37.5681757438857,
      "mapy": 126.824614680602,
      "width": 3840,
      "height": 2160,
      "caption_info": [
        "이름없는달밤(강서구)",
        "메뉴판 "
      ]
    },
    {
      "image_id": 4,
      "filename": "561568_0_su_5_이름없는달밤 _1_005.png",
      "mapx": 37.5681757438857,
      "mapy": 126.824614680602,
      "width": 3840,
      "height": 2160,
      "caption_info": [
        "이름없는달밤(강서구) ",
        "파스타 "
      ]
    }
  ],
  "annotations": [
    {
      "image_id": 0,
      "question": [
        {
          "question_id": 0,
          "question_type": "정보",
          "question": "영업시간을 알 수 있나요?",
          "question_wordNum": 4,
          "answer": "17:00~02:00",
          "answer_wordNum": 1,
          "fact": [
            "이름없는달밤,영업시간,17:00~02:00"
          ]
        },
        {
          "question_id": 1,
          "question_type": "정보",
          "question": "연락처가 어떻게 되나요?",
          "question_wordNum": 3,
          "answer": "02-6081-1083",
          "answer_wordNum": 1,
          "fact": [
            "이름없는달밤,연락처,02-6081-1083"
          ]
        },
        {
          "question_id": 2,
          "question_type": "정보",
          "question": "휴무일은 어떻게 되나요?",
          "question_wordNum": 3,
          "answer": "없음",
          "answer_wordNum": 1,
          "fact": [
            "이름없는달밤,휴무일,없음"
          ]
        },
        {
          "question_id": 3,
          "question_type": "관계",
          "question": "이 곳에 인접한 시설을 알 수 있나요?",
          "question_wordNum": 7,
          "answer": "마곡나루역 1번 출구, 고향옥얼큰순대국, 장수촌, 우아하게",
          "answer_wordNum": 6,
          "fact": [
            "이름없는달밤,인접,마곡나루역 1번 출구, 고향옥얼큰순대국, 장수촌, 우아하게"
          ]
        }
      ]
    },
    {
      "image_id": 1,
      "question": [
        {
          "question_id": 0,
          "question_type": "정보",
          "question": "이 곳의 주소는 어떻게 되나요?",
          "question_wordNum": 5,
          "answer": "서울 강서구 마곡서로 157",
          "answer_wordNum": 4,
          "fact": [
            "이름없는달밤,주소,서울 강서구 마곡서로 157"
          ]
        },
        {
          "question_id": 1,
          "question_type": "정보",
          "question": "영업시간을 알 수 있나요?",
          "question_wordNum": 4,
          "answer": "17:00~02:00",
          "answer_wordNum": 1,
          "fact": [
            "이름없는달밤,영업시간,17:00~02:00"
          ]
        },
        {
          "question_id": 2,
          "question_type": "관계",
          "question": "이 곳에 인접한 시설을 알 수 있나요?",
          "question_wordNum": 7,
          "answer": "마곡나루역 1번 출구, 고향옥얼큰순대국, 장수촌, 우아하게",
          "answer_wordNum": 6,
          "fact": [
            "이름없는달밤,인접,마곡나루역 1번 출구, 고향옥얼큰순대국, 장수촌, 우아하게"
          ]
        },
        {
          "question_id": 3,
          "question_type": "정보",
          "question": "휴무일을 알 수 있나요?",
          "question_wordNum": 4,
          "answer": "없음",
          "answer_wordNum": 1,
          "fact": [
            "이름없는달밤,휴무일,없음"
          ]
        }
      ]
    },
    {
      "image_id": 2,
      "question": [
        {
          "question_id": 0,
          "question_type": "관계",
          "question": "이 곳에 인접한 시설이 있나요?",
          "question_wordNum": 5,
          "answer": "마곡나루역 1번 출구, 고향옥얼큰순대국, 장수촌, 우아하게",
          "answer_wordNum": 6,
          "fact": [
            "이름없는달밤,인접,마곡나루역 1번 출구, 고향옥얼큰순대국, 장수촌, 우아하게"
          ]
        },
        {
          "question_id": 1,
          "question_type": "정보",
          "question": "영업시간은 어떻게 되나요?",
          "question_wordNum": 3,
          "answer": "17:00~02:00",
          "answer_wordNum": 1,
          "fact": [
            "이름없는달밤,영업시간,17:00~02:00"
          ]
        },
        {
          "question_id": 2,
          "question_type": "정보",
          "question": "대표 메뉴가 무엇인가요?",
          "question_wordNum": 3,
          "answer": "황태품은 골뱅이 플레이트, 엥거스비프 스테이크",
          "answer_wordNum": 5,
          "fact": [
            "이름없는달밤,메뉴,황태품은 골뱅이 플레이트, 엥거스비프 스테이크"
          ]
        },
        {
          "question_id": 3,
          "question_type": "탐색",
          "question": "주차시설이 있나요?",
          "question_wordNum": 2,
          "answer": "있음",
          "answer_wordNum": 1,
          "fact": [
            "이름없는달밤,주차시설,있음"
          ]
        }
      ]
    },
    {
      "image_id": 3,
      "question": [
        {
          "question_id": 0,
          "question_type": "정보",
          "question": "이 곳의 주소는 어떻게 되나요?",
          "question_wordNum": 5,
          "answer": "서울 강서구 마곡서로 157",
          "answer_wordNum": 4,
          "fact": [
            "이름없는달밤,주소,서울 강서구 마곡서로 157"
          ]
        },
        {
          "question_id": 1,
          "question_type": "정보",
          "question": "휴무일은 어떻게 되나요?",
          "question_wordNum": 3,
          "answer": "없음",
          "answer_wordNum": 1,
          "fact": [
            "이름없는달밤,휴무일,없음"
          ]
        },
        {
          "question_id": 2,
          "question_type": "정보",
          "question": "이 곳의 메뉴를 알 수 있나요?",
          "question_wordNum": 6,
          "answer": "황태품은 골뱅이 플레이트, 엥거스비프 스테이크",
          "answer_wordNum": 5,
          "fact": [
            "이름없는달밤,메뉴,황태품은 골뱅이 플레이트, 엥거스비프 스테이크"
          ]
        },
        {
          "question_id": 3,
          "question_type": "탐색",
          "question": "주차시설이 있나요?",
          "question_wordNum": 2,
          "answer": "있음",
          "answer_wordNum": 1,
          "fact": [
            "이름없는달밤,주차시설,있음"
          ]
        }
      ]
    },
    {
      "image_id": 4,
      "question": [
        {
          "question_id": 0,
          "question_type": "탐색",
          "question": "주차시설이 있는지 알 수 있나요?",
          "question_wordNum": 5,
          "answer": "있음",
          "answer_wordNum": 1,
          "fact": [
            "이름없는달밤,주차시설,있음"
          ]
        },
        {
          "question_id": 1,
          "question_type": "정보",
          "question": "휴무일은 어떻게 되나요?",
          "question_wordNum": 3,
          "answer": "없음",
          "answer_wordNum": 1,
          "fact": [
            "이름없는달밤,휴무일,없음"
          ]
        },
        {
          "question_id": 2,
          "question_type": "정보",
          "question": "영업시간을 알 수 있나요?",
          "question_wordNum": 4,
          "answer": "17:00~02:00",
          "answer_wordNum": 1,
          "fact": [
            "이름없는달밤,영업시간,17:00~02:00"
          ]
        },
        {
          "question_id": 3,
          "question_type": "정보",
          "question": "연락처를 알 수 있나요?",
          "question_wordNum": 4,
          "answer": "02-6081-1083",
          "answer_wordNum": 1,
          "fact": [
            "이름없는달밤,연락처,02-6081-1083"
          ]
        }
      ]
    }
  ]
}