{
  "data": {
    "dataset": "2-083-219",
    "POI_id": "561650",
    "travelType": "음식점",
    "place": "일식비 마곡점",
    "area": "서울"
  },
  "imageInfo": [
    {
      "image_id": 0,
      "filename": "561650_0_su_5_일식비 마곡점_1_001.png",
      "mapx": 37.5606177863587,
      "mapy": 126.833159684952,
      "width": 3840,
      "height": 2160,
      "caption_info": [
        "일식비 마곡점(마곡동)",
        "간판"
      ]
    },
    {
      "image_id": 1,
      "filename": "561650_0_su_5_일식비 마곡점_1_002.png",
      "mapx": 37.5606177863587,
      "mapy": 126.833159684952,
      "width": 3840,
      "height": 2160,
      "caption_info": [
        "일식비 마곡점(마곡동)",
        "건물, 간판"
      ]
    },
    {
      "image_id": 2,
      "filename": "561650_0_su_5_일식비 마곡점_1_003.png",
      "mapx": 37.5606177863587,
      "mapy": 126.833159684952,
      "width": 3840,
      "height": 2160,
      "caption_info": [
        "일식비 마곡점(마곡동)",
        "테이블, 등받이의자"
      ]
    },
    {
      "image_id": 3,
      "filename": "561650_0_su_5_일식비 마곡점_1_004.png",
      "mapx": 37.5606177863587,
      "mapy": 126.833159684952,
      "width": 3840,
      "height": 2160,
      "caption_info": [
        "일식비 마곡점(마곡동)",
        "메뉴판"
      ]
    },
    {
      "image_id": 4,
      "filename": "561650_0_su_5_일식비 마곡점_1_005.png",
      "mapx": 37.5606177863587,
      "mapy": 126.833159684952,
      "width": 3840,
      "height": 2160,
      "caption_info": [
        "일식비 마곡점(마곡동)",
        "회"
      ]
    }
  ],
  "annotations": [
    {
      "image_id": 0,
      "question": [
        {
          "question_id": 0,
          "question_type": "탐색",
          "question": "주차시설이 있나요?",
          "question_wordNum": 2,
          "answer": "있음",
          "answer_wordNum": 1,
          "fact": [
            "일식비 마곡점,주차시설,있음"
          ]
        },
        {
          "question_id": 1,
          "question_type": "정보",
          "question": "이 곳의 대표적인 메뉴는 무엇이 있나요?",
          "question_wordNum": 6,
          "answer": "감자고로케, 왕새우튀김",
          "answer_wordNum": 2,
          "fact": [
            "일식비 마곡점,메뉴,감자고로케, 왕새우튀김"
          ]
        },
        {
          "question_id": 2,
          "question_type": "정보",
          "question": "연락처가 어떻게 되나요?",
          "question_wordNum": 3,
          "answer": "02-2658-3555",
          "answer_wordNum": 1,
          "fact": [
            "일식비 마곡점,연락처,02-2658-3555"
          ]
        },
        {
          "question_id": 3,
          "question_type": "정보",
          "question": "이 곳의 주소는 어떻게 되나요?",
          "question_wordNum": 5,
          "answer": "서울 강서구 마곡동로 61 에이스프라자 3층",
          "answer_wordNum": 6,
          "fact": [
            "일식비 마곡점,주소,서울 강서구 마곡동로 61 에이스프라자 3층"
          ]
        }
      ]
    },
    {
      "image_id": 1,
      "question": [
        {
          "question_id": 0,
          "question_type": "관계",
          "question": "이 곳에 인접한 시설이 있나요?",
          "question_wordNum": 5,
          "answer": "발산역 9번 출구, 파스타세끼, GS25",
          "answer_wordNum": 5,
          "fact": [
            "일식비 마곡점,인접,발산역 9번 출구, 파스타세끼, GS25"
          ]
        },
        {
          "question_id": 1,
          "question_type": "정보",
          "question": "이 곳의 주요 메뉴는 무엇이 있나요?",
          "question_wordNum": 6,
          "answer": "감자고로케, 왕새우튀김",
          "answer_wordNum": 2,
          "fact": [
            "일식비 마곡점,메뉴,감자고로케, 왕새우튀김"
          ]
        },
        {
          "question_id": 2,
          "question_type": "정보",
          "question": "휴무일은 어떻게 되나요?",
          "question_wordNum": 3,
          "answer": "매주 일요일",
          "answer_wordNum": 2,
          "fact": [
            "일식비 마곡점,휴무일,매주 일요일"
          ]
        },
        {
          "question_id": 3,
          "question_type": "정보",
          "question": "영업시간은 어떻게 되나요?",
          "question_wordNum": 3,
          "answer": "11:00~22:00",
          "answer_wordNum": 1,
          "fact": [
            "일식비 마곡점,영업시간,11:00~22:00"
          ]
        }
      ]
    },
    {
      "image_id": 2,
      "question": [
        {
          "question_id": 0,
          "question_type": "정보",
          "question": "이 곳의 주요 메뉴는 무엇이 있나요?",
          "question_wordNum": 6,
          "answer": "감자고로케, 왕새우튀김",
          "answer_wordNum": 2,
          "fact": [
            "일식비 마곡점,메뉴,감자고로케, 왕새우튀김"
          ]
        },
        {
          "question_id": 1,
          "question_type": "관계",
          "question": "이 곳에 인접한 시설이 있나요?",
          "question_wordNum": 5,
          "answer": "발산역 9번 출구, 파스타세끼, GS25",
          "answer_wordNum": 5,
          "fact": [
            "일식비 마곡점,인접,발산역 9번 출구, 파스타세끼, GS25"
          ]
        },
        {
          "question_id": 2,
          "question_type": "탐색",
          "question": "주차시설이 있나요?",
          "question_wordNum": 2,
          "answer": "있음",
          "answer_wordNum": 1,
          "fact": [
            "일식비 마곡점,주차시설,있음"
          ]
        },
        {
          "question_id": 3,
          "question_type": "정보",
          "question": "연락처가 어떻게 되나요?",
          "question_wordNum": 3,
          "answer": "02-2658-3555",
          "answer_wordNum": 1,
          "fact": [
            "일식비 마곡점,연락처,02-2658-3555"
          ]
        }
      ]
    },
    {
      "image_id": 3,
      "question": [
        {
          "question_id": 0,
          "question_type": "정보",
          "question": "휴무일은 어떻게 되나요?",
          "question_wordNum": 3,
          "answer": "매주 일요일",
          "answer_wordNum": 2,
          "fact": [
            "일식비 마곡점,휴무일,매주 일요일"
          ]
        },
        {
          "question_id": 1,
          "question_type": "탐색",
          "question": "주차시설이 있나요?",
          "question_wordNum": 2,
          "answer": "있음",
          "answer_wordNum": 1,
          "fact": [
            "일식비 마곡점,주차시설,있음"
          ]
        },
        {
          "question_id": 2,
          "question_type": "정보",
          "question": "이 곳의 주소는 어떻게 되나요?",
          "question_wordNum": 5,
          "answer": "서울 강서구 마곡동로 61 에이스프라자 3층",
          "answer_wordNum": 6,
          "fact": [
            "일식비 마곡점,주소,서울 강서구 마곡동로 61 에이스프라자 3층"
          ]
        },
        {
          "question_id": 3,
          "question_type": "정보",
          "question": "이 곳의 대표적인 메뉴는 무엇이 있나요?",
          "question_wordNum": 6,
          "answer": "감자고로케, 왕새우튀김",
          "answer_wordNum": 2,
          "fact": [
            "일식비 마곡점,메뉴,감자고로케, 왕새우튀김"
          ]
        }
      ]
    },
    {
      "image_id": 4,
      "question": [
        {
          "question_id": 0,
          "question_type": "정보",
          "question": "휴무일은 어떻게 되나요?",
          "question_wordNum": 3,
          "answer": "매주 일요일",
          "answer_wordNum": 2,
          "fact": [
            "일식비 마곡점,휴무일,매주 일요일"
          ]
        },
        {
          "question_id": 1,
          "question_type": "정보",
          "question": "이 곳의 주소는 어떻게 되나요?",
          "question_wordNum": 5,
          "answer": "서울 강서구 마곡동로 61 에이스프라자 3층",
          "answer_wordNum": 6,
          "fact": [
            "일식비 마곡점,주소,서울 강서구 마곡동로 61 에이스프라자 3층"
          ]
        },
        {
          "question_id": 2,
          "question_type": "정보",
          "question": "연락처가 어떻게 되나요?",
          "question_wordNum": 3,
          "answer": "02-2658-3555",
          "answer_wordNum": 1,
          "fact": [
            "일식비 마곡점,연락처,02-2658-3555"
          ]
        },
        {
          "question_id": 3,
          "question_type": "정보",
          "question": "영업시간은 어떻게 되나요?",
          "question_wordNum": 3,
          "answer": "11:00~22:00",
          "answer_wordNum": 1,
          "fact": [
            "일식비 마곡점,영업시간,11:00~22:00"
          ]
        }
      ]
    }
  ]
}