{
  "data": {
    "dataset": "2-083-219",
    "POI_id": "561561",
    "travelType": "음식점",
    "place": "육전국밥 마곡본점",
    "area": "서울"
  },
  "imageInfo": [
    {
      "image_id": 0,
      "filename": "561561_0_su_5_육전국밥 마곡본점_1_001.png",
      "mapx": 37.5596003426585,
      "mapy": 126.832686373319,
      "width": 3840,
      "height": 2160,
      "caption_info": [
        "육전국밥 마곡본점(강서구)",
        "간판"
      ]
    },
    {
      "image_id": 1,
      "filename": "561561_0_su_5_육전국밥 마곡본점_1_002.png",
      "mapx": 37.5596003426585,
      "mapy": 126.832686373319,
      "width": 3840,
      "height": 2160,
      "caption_info": [
        "육전국밥 마곡본점(강서구)",
        "간판"
      ]
    },
    {
      "image_id": 2,
      "filename": "561561_0_su_5_육전국밥 마곡본점_1_003.png",
      "mapx": 37.5596003426585,
      "mapy": 126.832686373319,
      "width": 3840,
      "height": 2160,
      "caption_info": [
        "육전국밥 마곡본점(강서구)",
        "등받이 의자"
      ]
    },
    {
      "image_id": 3,
      "filename": "561561_0_su_5_육전국밥 마곡본점_1_004.png",
      "mapx": 37.5596003426585,
      "mapy": 126.832686373319,
      "width": 3840,
      "height": 2160,
      "caption_info": [
        "육전국밥 마곡본점(강서구)",
        "메뉴판 "
      ]
    },
    {
      "image_id": 4,
      "filename": "561561_0_su_5_육전국밥 마곡본점_1_005.png",
      "mapx": 37.5596003426585,
      "mapy": 126.832686373319,
      "width": 3840,
      "height": 2160,
      "caption_info": [
        "육전국밥 마곡본점(강서구)",
        "막국수 "
      ]
    }
  ],
  "annotations": [
    {
      "image_id": 0,
      "question": [
        {
          "question_id": 0,
          "question_type": "탐색",
          "question": "주차시설이 있나요?",
          "question_wordNum": 2,
          "answer": "있음",
          "answer_wordNum": 1,
          "fact": [
            "육전국밥 마곡본점,주차시설,있음"
          ]
        },
        {
          "question_id": 1,
          "question_type": "관계",
          "question": "이 곳에 인접한 시설이 있나요?",
          "question_wordNum": 5,
          "answer": "발산역 9번 출구, 마곡센트럴타워1차, 구워봄, 램지",
          "answer_wordNum": 6,
          "fact": [
            "육전국밥 마곡본점,인접,발산역 9번 출구, 마곡센트럴타워1차, 구워봄, 램지"
          ]
        },
        {
          "question_id": 2,
          "question_type": "정보",
          "question": "영업시간은 어떻게 되나요?",
          "question_wordNum": 3,
          "answer": "00:00/10:30~21:50/24:00",
          "answer_wordNum": 1,
          "fact": [
            "육전국밥 마곡본점,영업시간,00:00/10:30~21:50/24:00"
          ]
        },
        {
          "question_id": 3,
          "question_type": "정보",
          "question": "대표 메뉴가 무엇인가요?",
          "question_wordNum": 3,
          "answer": "육전국밥, 육전막국수",
          "answer_wordNum": 2,
          "fact": [
            "육전국밥 마곡본점,메뉴,육전국밥, 육전막국수"
          ]
        }
      ]
    },
    {
      "image_id": 1,
      "question": [
        {
          "question_id": 0,
          "question_type": "정보",
          "question": "휴무일은 어떻게 되나요?",
          "question_wordNum": 3,
          "answer": "알수없음",
          "answer_wordNum": 1,
          "fact": [
            "육전국밥 마곡본점,휴무일,알수없음"
          ]
        },
        {
          "question_id": 1,
          "question_type": "관계",
          "question": "이 곳에 인접한 시설을 알 수 있나요?",
          "question_wordNum": 7,
          "answer": "발산역 9번 출구, 마곡센트럴타워1차, 구워봄, 램지",
          "answer_wordNum": 6,
          "fact": [
            "육전국밥 마곡본점,인접,발산역 9번 출구, 마곡센트럴타워1차, 구워봄, 램지"
          ]
        },
        {
          "question_id": 2,
          "question_type": "정보",
          "question": "영업시간을 알 수 있나요?",
          "question_wordNum": 4,
          "answer": "00:00/10:30~21:50/24:00",
          "answer_wordNum": 1,
          "fact": [
            "육전국밥 마곡본점,영업시간,00:00/10:30~21:50/24:00"
          ]
        },
        {
          "question_id": 3,
          "question_type": "정보",
          "question": "연락처를 알 수 있나요?",
          "question_wordNum": 4,
          "answer": "02-2668-6364",
          "answer_wordNum": 1,
          "fact": [
            "육전국밥 마곡본점,연락처,02-2668-6364"
          ]
        }
      ]
    },
    {
      "image_id": 2,
      "question": [
        {
          "question_id": 0,
          "question_type": "정보",
          "question": "대표 메뉴가 무엇인가요?",
          "question_wordNum": 3,
          "answer": "육전국밥, 육전막국수",
          "answer_wordNum": 2,
          "fact": [
            "육전국밥 마곡본점,메뉴,육전국밥, 육전막국수"
          ]
        },
        {
          "question_id": 1,
          "question_type": "탐색",
          "question": "주차시설이 있나요?",
          "question_wordNum": 2,
          "answer": "있음",
          "answer_wordNum": 1,
          "fact": [
            "육전국밥 마곡본점,주차시설,있음"
          ]
        },
        {
          "question_id": 2,
          "question_type": "관계",
          "question": "이 곳에 인접한 시설이 있나요?",
          "question_wordNum": 5,
          "answer": "발산역 9번 출구, 마곡센트럴타워1차, 구워봄, 램지",
          "answer_wordNum": 6,
          "fact": [
            "육전국밥 마곡본점,인접,발산역 9번 출구, 마곡센트럴타워1차, 구워봄, 램지"
          ]
        },
        {
          "question_id": 3,
          "question_type": "정보",
          "question": "영업시간은 어떻게 되나요?",
          "question_wordNum": 3,
          "answer": "00:00/10:30~21:50/24:00",
          "answer_wordNum": 1,
          "fact": [
            "육전국밥 마곡본점,영업시간,00:00/10:30~21:50/24:00"
          ]
        }
      ]
    },
    {
      "image_id": 3,
      "question": [
        {
          "question_id": 0,
          "question_type": "관계",
          "question": "이 곳에 인접한 시설을 알 수 있나요?",
          "question_wordNum": 7,
          "answer": "발산역 9번 출구, 마곡센트럴타워1차, 구워봄, 램지",
          "answer_wordNum": 6,
          "fact": [
            "육전국밥 마곡본점,인접,발산역 9번 출구, 마곡센트럴타워1차, 구워봄, 램지"
          ]
        },
        {
          "question_id": 1,
          "question_type": "정보",
          "question": "연락처가 어떻게 되나요?",
          "question_wordNum": 3,
          "answer": "02-2668-6364",
          "answer_wordNum": 1,
          "fact": [
            "육전국밥 마곡본점,연락처,02-2668-6364"
          ]
        },
        {
          "question_id": 2,
          "question_type": "정보",
          "question": "이 곳의 주소를 알 수 있나요?",
          "question_wordNum": 6,
          "answer": "서울 강서구 공항대로 227",
          "answer_wordNum": 4,
          "fact": [
            "육전국밥 마곡본점,주소,서울 강서구 공항대로 227"
          ]
        },
        {
          "question_id": 3,
          "question_type": "정보",
          "question": "휴무일은 어떻게 되나요?",
          "question_wordNum": 3,
          "answer": "알수없음",
          "answer_wordNum": 1,
          "fact": [
            "육전국밥 마곡본점,휴무일,알수없음"
          ]
        }
      ]
    },
    {
      "image_id": 4,
      "question": [
        {
          "question_id": 0,
          "question_type": "정보",
          "question": "영업시간을 알 수 있나요?",
          "question_wordNum": 4,
          "answer": "00:00/10:30~21:50/24:00",
          "answer_wordNum": 1,
          "fact": [
            "육전국밥 마곡본점,영업시간,00:00/10:30~21:50/24:00"
          ]
        },
        {
          "question_id": 1,
          "question_type": "정보",
          "question": "이 곳의 주소를 알 수 있나요?",
          "question_wordNum": 6,
          "answer": "서울 강서구 공항대로 227",
          "answer_wordNum": 4,
          "fact": [
            "육전국밥 마곡본점,주소,서울 강서구 공항대로 227"
          ]
        },
        {
          "question_id": 2,
          "question_type": "정보",
          "question": "연락처가 어떻게 되나요?",
          "question_wordNum": 3,
          "answer": "02-2668-6364",
          "answer_wordNum": 1,
          "fact": [
            "육전국밥 마곡본점,연락처,02-2668-6364"
          ]
        },
        {
          "question_id": 3,
          "question_type": "정보",
          "question": "휴무일은 어떻게 되나요?",
          "question_wordNum": 3,
          "answer": "알수없음",
          "answer_wordNum": 1,
          "fact": [
            "육전국밥 마곡본점,휴무일,알수없음"
          ]
        }
      ]
    }
  ]
}