{
  "data": {
    "dataset": "2-083-219",
    "POI_id": "561617",
    "travelType": "음식점",
    "place": "안135",
    "area": "서울"
  },
  "imageInfo": [
    {
      "image_id": 0,
      "filename": "561617_0_su_5_안135_1_001.png",
      "mapx": 37.559915259194,
      "mapy": 126.8343608462,
      "width": 3840,
      "height": 2160,
      "caption_info": [
        "안135(강서구)",
        "간판"
      ]
    },
    {
      "image_id": 1,
      "filename": "561617_0_su_5_안135_1_002.png",
      "mapx": 37.559915259194,
      "mapy": 126.8343608462,
      "width": 3840,
      "height": 2160,
      "caption_info": [
        "안135(강서구)",
        "간판"
      ]
    },
    {
      "image_id": 2,
      "filename": "561617_0_su_5_안135_1_003.png",
      "mapx": 37.559915259194,
      "mapy": 126.8343608462,
      "width": 3840,
      "height": 2160,
      "caption_info": [
        "안135(강서구)",
        "사각 테이블"
      ]
    },
    {
      "image_id": 3,
      "filename": "561617_0_su_5_안135_1_004.png",
      "mapx": 37.559915259194,
      "mapy": 126.8343608462,
      "width": 3840,
      "height": 2160,
      "caption_info": [
        "안135(강서구)",
        "메뉴판 "
      ]
    },
    {
      "image_id": 4,
      "filename": "561617_0_su_5_안135_1_005.png",
      "mapx": 37.559915259194,
      "mapy": 126.8343608462,
      "width": 3840,
      "height": 2160,
      "caption_info": [
        "안135(강서구)",
        "회"
      ]
    }
  ],
  "annotations": [
    {
      "image_id": 0,
      "question": [
        {
          "question_id": 0,
          "question_type": "정보",
          "question": "영업시간을 알 수 있나요?",
          "question_wordNum": 4,
          "answer": "11:30~22:00",
          "answer_wordNum": 1,
          "fact": [
            "안135,영업시간,11:30~22:00"
          ]
        },
        {
          "question_id": 1,
          "question_type": "정보",
          "question": "연락처를 알 수 있나요?",
          "question_wordNum": 4,
          "answer": "02-3665-1350",
          "answer_wordNum": 1,
          "fact": [
            "안135,연락처,02-3665-1350"
          ]
        },
        {
          "question_id": 2,
          "question_type": "정보",
          "question": "이 곳의 주소는 어떻게 되나요?",
          "question_wordNum": 5,
          "answer": "서울 강서구 마곡중앙6로 66",
          "answer_wordNum": 4,
          "fact": [
            "안135,주소,서울 강서구 마곡중앙6로 66"
          ]
        },
        {
          "question_id": 3,
          "question_type": "정보",
          "question": "휴무일은 어떻게 되나요?",
          "question_wordNum": 3,
          "answer": "매주 일요일",
          "answer_wordNum": 2,
          "fact": [
            "안135,휴무일,매주 일요일"
          ]
        }
      ]
    },
    {
      "image_id": 1,
      "question": [
        {
          "question_id": 0,
          "question_type": "정보",
          "question": "휴무일은 어떻게 되나요?",
          "question_wordNum": 3,
          "answer": "매주 일요일",
          "answer_wordNum": 2,
          "fact": [
            "안135,휴무일,매주 일요일"
          ]
        },
        {
          "question_id": 1,
          "question_type": "관계",
          "question": "이 곳에 인접한 시설을 알 수 있나요?",
          "question_wordNum": 7,
          "answer": "발산역 9번 출구, 퀸즈파크텐, 필돈, 특삼겹",
          "answer_wordNum": 6,
          "fact": [
            "안135,인접,발산역 9번 출구, 퀸즈파크텐, 필돈, 특삼겹"
          ]
        },
        {
          "question_id": 2,
          "question_type": "탐색",
          "question": "주차시설이 있는지 알 수 있나요?",
          "question_wordNum": 5,
          "answer": "있음",
          "answer_wordNum": 1,
          "fact": [
            "안135,주차시설,있음"
          ]
        },
        {
          "question_id": 3,
          "question_type": "정보",
          "question": "영업시간을 알 수 있나요?",
          "question_wordNum": 4,
          "answer": "11:30~22:00",
          "answer_wordNum": 1,
          "fact": [
            "안135,영업시간,11:30~22:00"
          ]
        }
      ]
    },
    {
      "image_id": 2,
      "question": [
        {
          "question_id": 0,
          "question_type": "정보",
          "question": "연락처가 어떻게 되나요?",
          "question_wordNum": 3,
          "answer": "02-3665-1350",
          "answer_wordNum": 1,
          "fact": [
            "안135,연락처,02-3665-1350"
          ]
        },
        {
          "question_id": 1,
          "question_type": "정보",
          "question": "영업시간을 알 수 있나요?",
          "question_wordNum": 4,
          "answer": "11:30~22:00",
          "answer_wordNum": 1,
          "fact": [
            "안135,영업시간,11:30~22:00"
          ]
        },
        {
          "question_id": 2,
          "question_type": "관계",
          "question": "이 곳에 인접한 시설을 알 수 있나요?",
          "question_wordNum": 7,
          "answer": "발산역 9번 출구, 퀸즈파크텐, 필돈, 특삼겹",
          "answer_wordNum": 6,
          "fact": [
            "안135,인접,발산역 9번 출구, 퀸즈파크텐, 필돈, 특삼겹"
          ]
        },
        {
          "question_id": 3,
          "question_type": "정보",
          "question": "이 곳의 주소를 알 수 있나요?",
          "question_wordNum": 6,
          "answer": "서울 강서구 마곡중앙6로 66",
          "answer_wordNum": 4,
          "fact": [
            "안135,주소,서울 강서구 마곡중앙6로 66"
          ]
        }
      ]
    },
    {
      "image_id": 3,
      "question": [
        {
          "question_id": 0,
          "question_type": "정보",
          "question": "영업시간은 어떻게 되나요?",
          "question_wordNum": 3,
          "answer": "11:30~22:00",
          "answer_wordNum": 1,
          "fact": [
            "안135,영업시간,11:30~22:00"
          ]
        },
        {
          "question_id": 1,
          "question_type": "정보",
          "question": "연락처를 알 수 있나요?",
          "question_wordNum": 4,
          "answer": "02-3665-1350",
          "answer_wordNum": 1,
          "fact": [
            "안135,연락처,02-3665-1350"
          ]
        },
        {
          "question_id": 2,
          "question_type": "정보",
          "question": "휴무일을 알 수 있나요?",
          "question_wordNum": 4,
          "answer": "매주 일요일",
          "answer_wordNum": 2,
          "fact": [
            "안135,휴무일,매주 일요일"
          ]
        },
        {
          "question_id": 3,
          "question_type": "관계",
          "question": "이 곳에 인접한 시설이 있나요?",
          "question_wordNum": 5,
          "answer": "발산역 9번 출구, 퀸즈파크텐, 필돈, 특삼겹",
          "answer_wordNum": 6,
          "fact": [
            "안135,인접,발산역 9번 출구, 퀸즈파크텐, 필돈, 특삼겹"
          ]
        }
      ]
    },
    {
      "image_id": 4,
      "question": [
        {
          "question_id": 0,
          "question_type": "정보",
          "question": "영업시간은 어떻게 되나요?",
          "question_wordNum": 3,
          "answer": "11:30~22:00",
          "answer_wordNum": 1,
          "fact": [
            "안135,영업시간,11:30~22:00"
          ]
        },
        {
          "question_id": 1,
          "question_type": "관계",
          "question": "이 곳에 인접한 시설이 있나요?",
          "question_wordNum": 5,
          "answer": "발산역 9번 출구, 퀸즈파크텐, 필돈, 특삼겹",
          "answer_wordNum": 6,
          "fact": [
            "안135,인접,발산역 9번 출구, 퀸즈파크텐, 필돈, 특삼겹"
          ]
        },
        {
          "question_id": 2,
          "question_type": "정보",
          "question": "연락처가 어떻게 되나요?",
          "question_wordNum": 3,
          "answer": "02-3665-1350",
          "answer_wordNum": 1,
          "fact": [
            "안135,연락처,02-3665-1350"
          ]
        },
        {
          "question_id": 3,
          "question_type": "정보",
          "question": "휴무일을 알 수 있나요?",
          "question_wordNum": 4,
          "answer": "매주 일요일",
          "answer_wordNum": 2,
          "fact": [
            "안135,휴무일,매주 일요일"
          ]
        }
      ]
    }
  ]
}