{
  "data": {
    "dataset": "2-083-219",
    "POI_id": "561497",
    "travelType": "음식점",
    "place": "방이옥",
    "area": "서울"
  },
  "imageInfo": [
    {
      "image_id": 0,
      "filename": "561497_0_su_5_방이옥_2_001.png",
      "mapx": 37.559915259194,
      "mapy": 126.8343608462,
      "width": 3840,
      "height": 2160,
      "caption_info": [
        "방이옥(마곡동)",
        "간판, 여닫이문"
      ]
    },
    {
      "image_id": 1,
      "filename": "561497_0_su_5_방이옥_2_002.png",
      "mapx": 37.559915259194,
      "mapy": 126.8343608462,
      "width": 3840,
      "height": 2160,
      "caption_info": [
        "방이옥(마곡동)",
        "간판, 여닫이문"
      ]
    },
    {
      "image_id": 2,
      "filename": "561497_0_su_5_방이옥_2_003.png",
      "mapx": 37.559915259194,
      "mapy": 126.8343608462,
      "width": 3840,
      "height": 2160,
      "caption_info": [
        "방이옥(마곡동)",
        "테이블, 방석"
      ]
    },
    {
      "image_id": 3,
      "filename": "561497_0_su_5_방이옥_2_004.png",
      "mapx": 37.559915259194,
      "mapy": 126.8343608462,
      "width": 3840,
      "height": 2160,
      "caption_info": [
        "방이옥(마곡동)",
        "메뉴판"
      ]
    },
    {
      "image_id": 4,
      "filename": "561497_0_su_5_방이옥_2_005.png",
      "mapx": 37.559915259194,
      "mapy": 126.8343608462,
      "width": 3840,
      "height": 2160,
      "caption_info": [
        "방이옥(마곡동)",
        "고기, 버섯"
      ]
    }
  ],
  "annotations": [
    {
      "image_id": 0,
      "question": [
        {
          "question_id": 0,
          "question_type": "관계",
          "question": "이 곳에 인접한 시설이 있나요?",
          "question_wordNum": 5,
          "answer": "발산역 9번 출구, 백소정, 머슬장어",
          "answer_wordNum": 5,
          "fact": [
            "방이옥,인접,발산역 9번 출구, 백소정, 머슬장어"
          ]
        },
        {
          "question_id": 1,
          "question_type": "정보",
          "question": "이 곳의 주소는 어떻게 되나요?",
          "question_wordNum": 5,
          "answer": "서울 강서구 마곡중앙6로 66 1층 104호",
          "answer_wordNum": 6,
          "fact": [
            "방이옥,주소,서울 강서구 마곡중앙6로 66 1층 104호"
          ]
        },
        {
          "question_id": 2,
          "question_type": "탐색",
          "question": "주차시설이 있나요?",
          "question_wordNum": 2,
          "answer": "있음",
          "answer_wordNum": 1,
          "fact": [
            "방이옥,주차시설,있음"
          ]
        },
        {
          "question_id": 3,
          "question_type": "정보",
          "question": "이 곳의 주요 메뉴는 무엇이 있나요?",
          "question_wordNum": 6,
          "answer": "프리미엄 후라이드 우대갈비, 돈마호크",
          "answer_wordNum": 4,
          "fact": [
            "방이옥,메뉴,프리미엄 후라이드 우대갈비, 돈마호크"
          ]
        }
      ]
    },
    {
      "image_id": 1,
      "question": [
        {
          "question_id": 0,
          "question_type": "정보",
          "question": "이 곳의 주소는 어떻게 되나요?",
          "question_wordNum": 5,
          "answer": "서울 강서구 마곡중앙6로 66 1층 104호",
          "answer_wordNum": 6,
          "fact": [
            "방이옥,주소,서울 강서구 마곡중앙6로 66 1층 104호"
          ]
        },
        {
          "question_id": 1,
          "question_type": "정보",
          "question": "연락처가 어떻게 되나요?",
          "question_wordNum": 3,
          "answer": "0507-1321-8404",
          "answer_wordNum": 1,
          "fact": [
            "방이옥,연락처,0507-1321-8404"
          ]
        },
        {
          "question_id": 2,
          "question_type": "정보",
          "question": "영업시간은 어떻게 되나요?",
          "question_wordNum": 3,
          "answer": "12:00/13:00~22:30",
          "answer_wordNum": 1,
          "fact": [
            "방이옥,영업시간,12:00/13:00~22:30"
          ]
        },
        {
          "question_id": 3,
          "question_type": "정보",
          "question": "휴무일을 알 수 있나요?",
          "question_wordNum": 4,
          "answer": "알수없음",
          "answer_wordNum": 1,
          "fact": [
            "방이옥,휴무일,알수없음"
          ]
        }
      ]
    },
    {
      "image_id": 2,
      "question": [
        {
          "question_id": 0,
          "question_type": "관계",
          "question": "이 곳에 인접한 시설이 있나요?",
          "question_wordNum": 5,
          "answer": "발산역 9번 출구, 백소정, 머슬장어",
          "answer_wordNum": 5,
          "fact": [
            "방이옥,인접,발산역 9번 출구, 백소정, 머슬장어"
          ]
        },
        {
          "question_id": 1,
          "question_type": "정보",
          "question": "휴무일을 알 수 있나요?",
          "question_wordNum": 4,
          "answer": "알수없음",
          "answer_wordNum": 1,
          "fact": [
            "방이옥,휴무일,알수없음"
          ]
        },
        {
          "question_id": 2,
          "question_type": "정보",
          "question": "영업시간은 어떻게 되나요?",
          "question_wordNum": 3,
          "answer": "12:00/13:00~22:30",
          "answer_wordNum": 1,
          "fact": [
            "방이옥,영업시간,12:00/13:00~22:30"
          ]
        },
        {
          "question_id": 3,
          "question_type": "정보",
          "question": "연락처가 어떻게 되나요?",
          "question_wordNum": 3,
          "answer": "0507-1321-8404",
          "answer_wordNum": 1,
          "fact": [
            "방이옥,연락처,0507-1321-8404"
          ]
        }
      ]
    },
    {
      "image_id": 3,
      "question": [
        {
          "question_id": 0,
          "question_type": "정보",
          "question": "영업시간은 어떻게 되나요?",
          "question_wordNum": 3,
          "answer": "12:00/13:00~22:30",
          "answer_wordNum": 1,
          "fact": [
            "방이옥,영업시간,12:00/13:00~22:30"
          ]
        },
        {
          "question_id": 1,
          "question_type": "정보",
          "question": "휴무일을 알 수 있나요?",
          "question_wordNum": 4,
          "answer": "알수없음",
          "answer_wordNum": 1,
          "fact": [
            "방이옥,휴무일,알수없음"
          ]
        },
        {
          "question_id": 2,
          "question_type": "정보",
          "question": "연락처가 어떻게 되나요?",
          "question_wordNum": 3,
          "answer": "0507-1321-8404",
          "answer_wordNum": 1,
          "fact": [
            "방이옥,연락처,0507-1321-8404"
          ]
        },
        {
          "question_id": 3,
          "question_type": "정보",
          "question": "이 곳의 주요 메뉴는 무엇이 있나요?",
          "question_wordNum": 6,
          "answer": "프리미엄 후라이드 우대갈비, 돈마호크",
          "answer_wordNum": 4,
          "fact": [
            "방이옥,메뉴,프리미엄 후라이드 우대갈비, 돈마호크"
          ]
        }
      ]
    },
    {
      "image_id": 4,
      "question": [
        {
          "question_id": 0,
          "question_type": "정보",
          "question": "휴무일을 알 수 있나요?",
          "question_wordNum": 4,
          "answer": "알수없음",
          "answer_wordNum": 1,
          "fact": [
            "방이옥,휴무일,알수없음"
          ]
        },
        {
          "question_id": 1,
          "question_type": "탐색",
          "question": "주차시설이 있나요?",
          "question_wordNum": 2,
          "answer": "있음",
          "answer_wordNum": 1,
          "fact": [
            "방이옥,주차시설,있음"
          ]
        },
        {
          "question_id": 2,
          "question_type": "정보",
          "question": "연락처가 어떻게 되나요?",
          "question_wordNum": 3,
          "answer": "0507-1321-8404",
          "answer_wordNum": 1,
          "fact": [
            "방이옥,연락처,0507-1321-8404"
          ]
        },
        {
          "question_id": 3,
          "question_type": "정보",
          "question": "이 곳의 주소는 어떻게 되나요?",
          "question_wordNum": 5,
          "answer": "서울 강서구 마곡중앙6로 66 1층 104호",
          "answer_wordNum": 6,
          "fact": [
            "방이옥,주소,서울 강서구 마곡중앙6로 66 1층 104호"
          ]
        }
      ]
    }
  ]
}