{
  "data": {
    "dataset": "2-083-219",
    "POI_id": "561804",
    "travelType": "음식점",
    "place": "바운티 ",
    "area": "서울"
  },
  "imageInfo": [
    {
      "image_id": 0,
      "filename": "561804_0_su_5_바운티 _1_001.png",
      "mapx": 37.5565099382149,
      "mapy": 126.819718467932,
      "width": 3840,
      "height": 2160,
      "caption_info": [
        "바운티(강서구) ",
        "여닫이문 "
      ]
    },
    {
      "image_id": 1,
      "filename": "561804_0_su_5_바운티 _1_002.png",
      "mapx": 37.5565099382149,
      "mapy": 126.819718467932,
      "width": 3840,
      "height": 2160,
      "caption_info": [
        "바운티(강서구) ",
        "여닫이문 "
      ]
    },
    {
      "image_id": 2,
      "filename": "561804_0_su_5_바운티 _1_003.png",
      "mapx": 37.5565099382149,
      "mapy": 126.819718467932,
      "width": 3840,
      "height": 2160,
      "caption_info": [
        "바운티(강서구) ",
        "사각 테이블"
      ]
    },
    {
      "image_id": 3,
      "filename": "561804_0_su_5_바운티 _1_004.png",
      "mapx": 37.5565099382149,
      "mapy": 126.819718467932,
      "width": 3840,
      "height": 2160,
      "caption_info": [
        "바운티(강서구) ",
        "메뉴판 "
      ]
    },
    {
      "image_id": 4,
      "filename": "561804_0_su_5_바운티 _1_005.png",
      "mapx": 37.5565099382149,
      "mapy": 126.819718467932,
      "width": 3840,
      "height": 2160,
      "caption_info": [
        "바운티(강서구) ",
        "피자 "
      ]
    }
  ],
  "annotations": [
    {
      "image_id": 0,
      "question": [
        {
          "question_id": 0,
          "question_type": "탐색",
          "question": "주차시설이 있나요?",
          "question_wordNum": 2,
          "answer": "있음",
          "answer_wordNum": 1,
          "fact": [
            "바운티,주차시설,있음"
          ]
        },
        {
          "question_id": 1,
          "question_type": "정보",
          "question": "휴무일을 알 수 있나요?",
          "question_wordNum": 4,
          "answer": "매주 수요일",
          "answer_wordNum": 2,
          "fact": [
            "바운티,휴무일,매주 수요일"
          ]
        },
        {
          "question_id": 2,
          "question_type": "정보",
          "question": "대표 메뉴가 무엇인가요?",
          "question_wordNum": 3,
          "answer": "페퍼로니피자, 생딸기라떼",
          "answer_wordNum": 2,
          "fact": [
            "바운티,메뉴,페퍼로니피자, 생딸기라떼"
          ]
        },
        {
          "question_id": 3,
          "question_type": "정보",
          "question": "이 곳의 주소를 알 수 있나요?",
          "question_wordNum": 6,
          "answer": "서울 강서구 방화대로6바길 49",
          "answer_wordNum": 4,
          "fact": [
            "바운티,주소,서울 강서구 방화대로6바길 49"
          ]
        }
      ]
    },
    {
      "image_id": 1,
      "question": [
        {
          "question_id": 0,
          "question_type": "탐색",
          "question": "주차시설이 있나요?",
          "question_wordNum": 2,
          "answer": "있음",
          "answer_wordNum": 1,
          "fact": [
            "바운티,주차시설,있음"
          ]
        },
        {
          "question_id": 1,
          "question_type": "정보",
          "question": "영업시간은 어떻게 되나요?",
          "question_wordNum": 3,
          "answer": "10:00~20:00",
          "answer_wordNum": 1,
          "fact": [
            "바운티,영업시간,10:00~20:00"
          ]
        },
        {
          "question_id": 2,
          "question_type": "정보",
          "question": "연락처가 어떻게 되나요?",
          "question_wordNum": 3,
          "answer": "0507-1314-3873",
          "answer_wordNum": 1,
          "fact": [
            "바운티,연락처,0507-1314-3873"
          ]
        },
        {
          "question_id": 3,
          "question_type": "정보",
          "question": "휴무일을 알 수 있나요?",
          "question_wordNum": 4,
          "answer": "매주 수요일",
          "answer_wordNum": 2,
          "fact": [
            "바운티,휴무일,매주 수요일"
          ]
        }
      ]
    },
    {
      "image_id": 2,
      "question": [
        {
          "question_id": 0,
          "question_type": "탐색",
          "question": "주차시설이 있나요?",
          "question_wordNum": 2,
          "answer": "있음",
          "answer_wordNum": 1,
          "fact": [
            "바운티,주차시설,있음"
          ]
        },
        {
          "question_id": 1,
          "question_type": "정보",
          "question": "대표 메뉴가 무엇인가요?",
          "question_wordNum": 3,
          "answer": "페퍼로니피자, 생딸기라떼",
          "answer_wordNum": 2,
          "fact": [
            "바운티,메뉴,페퍼로니피자, 생딸기라떼"
          ]
        },
        {
          "question_id": 2,
          "question_type": "정보",
          "question": "휴무일을 알 수 있나요?",
          "question_wordNum": 4,
          "answer": "매주 수요일",
          "answer_wordNum": 2,
          "fact": [
            "바운티,휴무일,매주 수요일"
          ]
        },
        {
          "question_id": 3,
          "question_type": "정보",
          "question": "이 곳의 주소는 어떻게 되나요?",
          "question_wordNum": 5,
          "answer": "서울 강서구 방화대로6바길 49",
          "answer_wordNum": 4,
          "fact": [
            "바운티,주소,서울 강서구 방화대로6바길 49"
          ]
        }
      ]
    },
    {
      "image_id": 3,
      "question": [
        {
          "question_id": 0,
          "question_type": "정보",
          "question": "영업시간을 알 수 있나요?",
          "question_wordNum": 4,
          "answer": "10:00~20:00",
          "answer_wordNum": 1,
          "fact": [
            "바운티,영업시간,10:00~20:00"
          ]
        },
        {
          "question_id": 1,
          "question_type": "관계",
          "question": "이 곳에 인접한 시설을 알 수 있나요?",
          "question_wordNum": 7,
          "answer": "마곡역 7번 출구, 흥왕교회, 마곡하늬공원",
          "answer_wordNum": 5,
          "fact": [
            "바운티,인접,마곡역 7번 출구, 흥왕교회, 마곡하늬공원"
          ]
        },
        {
          "question_id": 2,
          "question_type": "정보",
          "question": "휴무일을 알 수 있나요?",
          "question_wordNum": 4,
          "answer": "매주 수요일",
          "answer_wordNum": 2,
          "fact": [
            "바운티,휴무일,매주 수요일"
          ]
        },
        {
          "question_id": 3,
          "question_type": "탐색",
          "question": "주차시설이 있나요?",
          "question_wordNum": 2,
          "answer": "있음",
          "answer_wordNum": 1,
          "fact": [
            "바운티,주차시설,있음"
          ]
        }
      ]
    },
    {
      "image_id": 4,
      "question": [
        {
          "question_id": 0,
          "question_type": "탐색",
          "question": "주차시설이 있나요?",
          "question_wordNum": 2,
          "answer": "있음",
          "answer_wordNum": 1,
          "fact": [
            "바운티,주차시설,있음"
          ]
        },
        {
          "question_id": 1,
          "question_type": "정보",
          "question": "연락처를 알 수 있나요?",
          "question_wordNum": 4,
          "answer": "0507-1314-3873",
          "answer_wordNum": 1,
          "fact": [
            "바운티,연락처,0507-1314-3873"
          ]
        },
        {
          "question_id": 2,
          "question_type": "정보",
          "question": "영업시간은 어떻게 되나요?",
          "question_wordNum": 3,
          "answer": "10:00~20:00",
          "answer_wordNum": 1,
          "fact": [
            "바운티,영업시간,10:00~20:00"
          ]
        },
        {
          "question_id": 3,
          "question_type": "정보",
          "question": "이 곳의 주소는 어떻게 되나요?",
          "question_wordNum": 5,
          "answer": "서울 강서구 방화대로6바길 49",
          "answer_wordNum": 4,
          "fact": [
            "바운티,주소,서울 강서구 방화대로6바길 49"
          ]
        }
      ]
    }
  ]
}