{
  "data": {
    "dataset": "2-083-219",
    "POI_id": "561730",
    "travelType": "음식점",
    "place": "대박곱창 ",
    "area": "서울"
  },
  "imageInfo": [
    {
      "image_id": 0,
      "filename": "561730_0_su_5_대박곱창 _8_001.png",
      "mapx": 37.5525195877553,
      "mapy": 126.834795713553,
      "width": 3840,
      "height": 2160,
      "caption_info": [
        "대박곱창(강서구) ",
        "간판"
      ]
    },
    {
      "image_id": 1,
      "filename": "561730_0_su_5_대박곱창 _8_002.png",
      "mapx": 37.5525195877553,
      "mapy": 126.834795713553,
      "width": 3840,
      "height": 2160,
      "caption_info": [
        "대박곱창(강서구) ",
        "간판"
      ]
    },
    {
      "image_id": 2,
      "filename": "561730_0_su_5_대박곱창 _8_003.png",
      "mapx": 37.5525195877553,
      "mapy": 126.834795713553,
      "width": 3840,
      "height": 2160,
      "caption_info": [
        "대박곱창(강서구) ",
        "의자"
      ]
    },
    {
      "image_id": 3,
      "filename": "561730_0_su_5_대박곱창 _8_004.png",
      "mapx": 37.5525195877553,
      "mapy": 126.834795713553,
      "width": 3840,
      "height": 2160,
      "caption_info": [
        "대박곱창(강서구) ",
        "메뉴판 "
      ]
    },
    {
      "image_id": 4,
      "filename": "561730_0_su_5_대박곱창 _8_005.png",
      "mapx": 37.5525195877553,
      "mapy": 126.834795713553,
      "width": 3840,
      "height": 2160,
      "caption_info": [
        "대박곱창(강서구) ",
        "철판"
      ]
    }
  ],
  "annotations": [
    {
      "image_id": 0,
      "question": [
        {
          "question_id": 0,
          "question_type": "정보",
          "question": "휴무일은 어떻게 되나요?",
          "question_wordNum": 3,
          "answer": "없음",
          "answer_wordNum": 1,
          "fact": [
            "대박곱창,휴무일,없음"
          ]
        },
        {
          "question_id": 1,
          "question_type": "정보",
          "question": "영업시간을 알 수 있나요?",
          "question_wordNum": 4,
          "answer": "17:00 - 04:00",
          "answer_wordNum": 3,
          "fact": [
            "대박곱창,영업시간,17:00 - 04:00"
          ]
        },
        {
          "question_id": 2,
          "question_type": "정보",
          "question": "연락처를 알 수 있나요?",
          "question_wordNum": 4,
          "answer": "0507-1363-7509",
          "answer_wordNum": 1,
          "fact": [
            "대박곱창,연락처,0507-1363-7509"
          ]
        },
        {
          "question_id": 3,
          "question_type": "관계",
          "question": "이 곳에 인접한 시설이 있나요?",
          "question_wordNum": 5,
          "answer": "우장산역 4번 출구, 미즈메디병원, 명덕여자고등학교, 세븐일레븐, 이삭토스트",
          "answer_wordNum": 7,
          "fact": [
            "대박곱창,인접,우장산역 4번 출구, 미즈메디병원, 명덕여자고등학교, 세븐일레븐, 이삭토스트"
          ]
        }
      ]
    },
    {
      "image_id": 1,
      "question": [
        {
          "question_id": 0,
          "question_type": "정보",
          "question": "휴무일을 알 수 있나요?",
          "question_wordNum": 4,
          "answer": "없음",
          "answer_wordNum": 1,
          "fact": [
            "대박곱창,휴무일,없음"
          ]
        },
        {
          "question_id": 1,
          "question_type": "탐색",
          "question": "주차시설이 있나요?",
          "question_wordNum": 2,
          "answer": "있음",
          "answer_wordNum": 1,
          "fact": [
            "대박곱창,주차시설,있음"
          ]
        },
        {
          "question_id": 2,
          "question_type": "정보",
          "question": "이 곳의 주소를 알 수 있나요?",
          "question_wordNum": 6,
          "answer": "서울 강서구 강서로47나길 6",
          "answer_wordNum": 4,
          "fact": [
            "대박곱창,주소,서울 강서구 강서로47나길 6"
          ]
        },
        {
          "question_id": 3,
          "question_type": "정보",
          "question": "영업시간을 알 수 있나요?",
          "question_wordNum": 4,
          "answer": "17:00 - 04:00",
          "answer_wordNum": 3,
          "fact": [
            "대박곱창,영업시간,17:00 - 04:00"
          ]
        }
      ]
    },
    {
      "image_id": 2,
      "question": [
        {
          "question_id": 0,
          "question_type": "정보",
          "question": "이 곳의 주소를 알 수 있나요?",
          "question_wordNum": 6,
          "answer": "서울 강서구 강서로47나길 6",
          "answer_wordNum": 4,
          "fact": [
            "대박곱창,주소,서울 강서구 강서로47나길 6"
          ]
        },
        {
          "question_id": 1,
          "question_type": "정보",
          "question": "휴무일을 알 수 있나요?",
          "question_wordNum": 4,
          "answer": "없음",
          "answer_wordNum": 1,
          "fact": [
            "대박곱창,휴무일,없음"
          ]
        },
        {
          "question_id": 2,
          "question_type": "탐색",
          "question": "주차시설이 있는지 알 수 있나요?",
          "question_wordNum": 5,
          "answer": "있음",
          "answer_wordNum": 1,
          "fact": [
            "대박곱창,주차시설,있음"
          ]
        },
        {
          "question_id": 3,
          "question_type": "관계",
          "question": "이 곳에 인접한 시설이 있나요?",
          "question_wordNum": 5,
          "answer": "우장산역 4번 출구, 미즈메디병원, 명덕여자고등학교, 세븐일레븐, 이삭토스트",
          "answer_wordNum": 7,
          "fact": [
            "대박곱창,인접,우장산역 4번 출구, 미즈메디병원, 명덕여자고등학교, 세븐일레븐, 이삭토스트"
          ]
        }
      ]
    },
    {
      "image_id": 3,
      "question": [
        {
          "question_id": 0,
          "question_type": "정보",
          "question": "이 곳의 메뉴를 알 수 있나요?",
          "question_wordNum": 6,
          "answer": "야채곱창 보통맛, 치즈곱창 보통맛",
          "answer_wordNum": 4,
          "fact": [
            "대박곱창,메뉴,야채곱창 보통맛, 치즈곱창 보통맛"
          ]
        },
        {
          "question_id": 1,
          "question_type": "정보",
          "question": "영업시간을 알 수 있나요?",
          "question_wordNum": 4,
          "answer": "17:00 - 04:00",
          "answer_wordNum": 3,
          "fact": [
            "대박곱창,영업시간,17:00 - 04:00"
          ]
        },
        {
          "question_id": 2,
          "question_type": "정보",
          "question": "휴무일을 알 수 있나요?",
          "question_wordNum": 4,
          "answer": "없음",
          "answer_wordNum": 1,
          "fact": [
            "대박곱창,휴무일,없음"
          ]
        },
        {
          "question_id": 3,
          "question_type": "정보",
          "question": "연락처가 어떻게 되나요?",
          "question_wordNum": 3,
          "answer": "0507-1363-7509",
          "answer_wordNum": 1,
          "fact": [
            "대박곱창,연락처,0507-1363-7509"
          ]
        }
      ]
    },
    {
      "image_id": 4,
      "question": [
        {
          "question_id": 0,
          "question_type": "정보",
          "question": "영업시간은 어떻게 되나요?",
          "question_wordNum": 3,
          "answer": "17:00 - 04:00",
          "answer_wordNum": 3,
          "fact": [
            "대박곱창,영업시간,17:00 - 04:00"
          ]
        },
        {
          "question_id": 1,
          "question_type": "관계",
          "question": "이 곳에 인접한 시설이 있나요?",
          "question_wordNum": 5,
          "answer": "우장산역 4번 출구, 미즈메디병원, 명덕여자고등학교, 세븐일레븐, 이삭토스트",
          "answer_wordNum": 7,
          "fact": [
            "대박곱창,인접,우장산역 4번 출구, 미즈메디병원, 명덕여자고등학교, 세븐일레븐, 이삭토스트"
          ]
        },
        {
          "question_id": 2,
          "question_type": "정보",
          "question": "휴무일은 어떻게 되나요?",
          "question_wordNum": 3,
          "answer": "없음",
          "answer_wordNum": 1,
          "fact": [
            "대박곱창,휴무일,없음"
          ]
        },
        {
          "question_id": 3,
          "question_type": "정보",
          "question": "이 곳의 주소를 알 수 있나요?",
          "question_wordNum": 6,
          "answer": "서울 강서구 강서로47나길 6",
          "answer_wordNum": 4,
          "fact": [
            "대박곱창,주소,서울 강서구 강서로47나길 6"
          ]
        }
      ]
    }
  ]
}