{
  "data": {
    "dataset": "2-083-219",
    "POI_id": "561695",
    "travelType": "음식점",
    "place": "대문안감자탕&설렁탕 발산직영점",
    "area": "서울"
  },
  "imageInfo": [
    {
      "image_id": 0,
      "filename": "561695_0_su_5_대문안감자탕&설렁탕 발산직영점_1_001.png",
      "mapx": 37.552983096438,
      "mapy": 126.836114473262,
      "width": 3840,
      "height": 2160,
      "caption_info": [
        "대문안감자탕&설렁탕 발산직영점(강서구)",
        "간판"
      ]
    },
    {
      "image_id": 1,
      "filename": "561695_0_su_5_대문안감자탕&설렁탕 발산직영점_1_002.png",
      "mapx": 37.552983096438,
      "mapy": 126.836114473262,
      "width": 3840,
      "height": 2160,
      "caption_info": [
        "대문안감자탕&설렁탕 발산직영점(강서구)",
        "간판"
      ]
    },
    {
      "image_id": 2,
      "filename": "561695_0_su_5_대문안감자탕&설렁탕 발산직영점_1_003.png",
      "mapx": 37.552983096438,
      "mapy": 126.836114473262,
      "width": 3840,
      "height": 2160,
      "caption_info": [
        "대문안감자탕&설렁탕 발산직영점(강서구)",
        "등받이 의자"
      ]
    },
    {
      "image_id": 3,
      "filename": "561695_0_su_5_대문안감자탕&설렁탕 발산직영점_1_004.png",
      "mapx": 37.552983096438,
      "mapy": 126.836114473262,
      "width": 3840,
      "height": 2160,
      "caption_info": [
        "대문안감자탕&설렁탕 발산직영점(강서구)",
        "메뉴판 "
      ]
    },
    {
      "image_id": 4,
      "filename": "561695_0_su_5_대문안감자탕&설렁탕 발산직영점_1_005.png",
      "mapx": 37.552983096438,
      "mapy": 126.836114473262,
      "width": 3840,
      "height": 2160,
      "caption_info": [
        "대문안감자탕&설렁탕 발산직영점(강서구)",
        "감자탕 "
      ]
    }
  ],
  "annotations": [
    {
      "image_id": 0,
      "question": [
        {
          "question_id": 0,
          "question_type": "정보",
          "question": "연락처가 어떻게 되나요?",
          "question_wordNum": 3,
          "answer": "02-2664-7755",
          "answer_wordNum": 1,
          "fact": [
            "대문안감자탕&설렁탕 발산직영점,연락처,02-2664-7755"
          ]
        },
        {
          "question_id": 1,
          "question_type": "정보",
          "question": "이 곳의 주소를 알 수 있나요?",
          "question_wordNum": 6,
          "answer": "서울 강서구 강서로 303",
          "answer_wordNum": 4,
          "fact": [
            "대문안감자탕&설렁탕 발산직영점,주소,서울 강서구 강서로 303"
          ]
        },
        {
          "question_id": 2,
          "question_type": "정보",
          "question": "영업시간은 어떻게 되나요?",
          "question_wordNum": 3,
          "answer": "00:00 - 24:00",
          "answer_wordNum": 3,
          "fact": [
            "대문안감자탕&설렁탕 발산직영점,영업시간,00:00 - 24:00"
          ]
        },
        {
          "question_id": 3,
          "question_type": "정보",
          "question": "휴무일은 어떻게 되나요?",
          "question_wordNum": 3,
          "answer": "없음",
          "answer_wordNum": 1,
          "fact": [
            "대문안감자탕&설렁탕 발산직영점,휴무일,없음"
          ]
        }
      ]
    },
    {
      "image_id": 1,
      "question": [
        {
          "question_id": 0,
          "question_type": "탐색",
          "question": "주차시설이 있나요?",
          "question_wordNum": 2,
          "answer": "있음",
          "answer_wordNum": 1,
          "fact": [
            "대문안감자탕&설렁탕 발산직영점,주차시설,있음"
          ]
        },
        {
          "question_id": 1,
          "question_type": "정보",
          "question": "휴무일을 알 수 있나요?",
          "question_wordNum": 4,
          "answer": "없음",
          "answer_wordNum": 1,
          "fact": [
            "대문안감자탕&설렁탕 발산직영점,휴무일,없음"
          ]
        },
        {
          "question_id": 2,
          "question_type": "관계",
          "question": "이 곳에 인접한 시설을 알 수 있나요?",
          "question_wordNum": 7,
          "answer": "우장산역 4번 출구, 마라명가, 파리바게뜨",
          "answer_wordNum": 5,
          "fact": [
            "대문안감자탕&설렁탕 발산직영점,인접,우장산역 4번 출구, 마라명가, 파리바게뜨"
          ]
        },
        {
          "question_id": 3,
          "question_type": "정보",
          "question": "대표 메뉴가 무엇인가요?",
          "question_wordNum": 3,
          "answer": "감자탕, 얼큰감자탕",
          "answer_wordNum": 2,
          "fact": [
            "대문안감자탕&설렁탕 발산직영점,메뉴,감자탕, 얼큰감자탕"
          ]
        }
      ]
    },
    {
      "image_id": 2,
      "question": [
        {
          "question_id": 0,
          "question_type": "정보",
          "question": "영업시간을 알 수 있나요?",
          "question_wordNum": 4,
          "answer": "00:00 - 24:00",
          "answer_wordNum": 3,
          "fact": [
            "대문안감자탕&설렁탕 발산직영점,영업시간,00:00 - 24:00"
          ]
        },
        {
          "question_id": 1,
          "question_type": "정보",
          "question": "이 곳의 주소는 어떻게 되나요?",
          "question_wordNum": 5,
          "answer": "서울 강서구 강서로 303",
          "answer_wordNum": 4,
          "fact": [
            "대문안감자탕&설렁탕 발산직영점,주소,서울 강서구 강서로 303"
          ]
        },
        {
          "question_id": 2,
          "question_type": "탐색",
          "question": "주차시설이 있는지 알 수 있나요?",
          "question_wordNum": 5,
          "answer": "있음",
          "answer_wordNum": 1,
          "fact": [
            "대문안감자탕&설렁탕 발산직영점,주차시설,있음"
          ]
        },
        {
          "question_id": 3,
          "question_type": "관계",
          "question": "이 곳에 인접한 시설이 있나요?",
          "question_wordNum": 5,
          "answer": "우장산역 4번 출구, 마라명가, 파리바게뜨",
          "answer_wordNum": 5,
          "fact": [
            "대문안감자탕&설렁탕 발산직영점,인접,우장산역 4번 출구, 마라명가, 파리바게뜨"
          ]
        }
      ]
    },
    {
      "image_id": 3,
      "question": [
        {
          "question_id": 0,
          "question_type": "정보",
          "question": "이 곳의 주소는 어떻게 되나요?",
          "question_wordNum": 5,
          "answer": "서울 강서구 강서로 303",
          "answer_wordNum": 4,
          "fact": [
            "대문안감자탕&설렁탕 발산직영점,주소,서울 강서구 강서로 303"
          ]
        },
        {
          "question_id": 1,
          "question_type": "탐색",
          "question": "주차시설이 있나요?",
          "question_wordNum": 2,
          "answer": "있음",
          "answer_wordNum": 1,
          "fact": [
            "대문안감자탕&설렁탕 발산직영점,주차시설,있음"
          ]
        },
        {
          "question_id": 2,
          "question_type": "정보",
          "question": "이 곳의 메뉴를 알 수 있나요?",
          "question_wordNum": 6,
          "answer": "감자탕, 얼큰감자탕",
          "answer_wordNum": 2,
          "fact": [
            "대문안감자탕&설렁탕 발산직영점,메뉴,감자탕, 얼큰감자탕"
          ]
        },
        {
          "question_id": 3,
          "question_type": "정보",
          "question": "연락처가 어떻게 되나요?",
          "question_wordNum": 3,
          "answer": "02-2664-7755",
          "answer_wordNum": 1,
          "fact": [
            "대문안감자탕&설렁탕 발산직영점,연락처,02-2664-7755"
          ]
        }
      ]
    },
    {
      "image_id": 4,
      "question": [
        {
          "question_id": 0,
          "question_type": "탐색",
          "question": "주차시설이 있나요?",
          "question_wordNum": 2,
          "answer": "있음",
          "answer_wordNum": 1,
          "fact": [
            "대문안감자탕&설렁탕 발산직영점,주차시설,있음"
          ]
        },
        {
          "question_id": 1,
          "question_type": "관계",
          "question": "이 곳에 인접한 시설을 알 수 있나요?",
          "question_wordNum": 7,
          "answer": "우장산역 4번 출구, 마라명가, 파리바게뜨",
          "answer_wordNum": 5,
          "fact": [
            "대문안감자탕&설렁탕 발산직영점,인접,우장산역 4번 출구, 마라명가, 파리바게뜨"
          ]
        },
        {
          "question_id": 2,
          "question_type": "정보",
          "question": "이 곳의 메뉴를 알 수 있나요?",
          "question_wordNum": 6,
          "answer": "감자탕, 얼큰감자탕",
          "answer_wordNum": 2,
          "fact": [
            "대문안감자탕&설렁탕 발산직영점,메뉴,감자탕, 얼큰감자탕"
          ]
        },
        {
          "question_id": 3,
          "question_type": "정보",
          "question": "휴무일은 어떻게 되나요?",
          "question_wordNum": 3,
          "answer": "없음",
          "answer_wordNum": 1,
          "fact": [
            "대문안감자탕&설렁탕 발산직영점,휴무일,없음"
          ]
        }
      ]
    }
  ]
}