{
  "data": {
    "dataset": "2-083-219",
    "POI_id": "561775",
    "travelType": "음식점",
    "place": "감탄떡볶이 우장산역점",
    "area": "서울"
  },
  "imageInfo": [
    {
      "image_id": 0,
      "filename": "561775_0_su_5_감탄떡볶이 우장산역점_1_001.png",
      "mapx": 37.5481121971352,
      "mapy": 126.835389697248,
      "width": 3840,
      "height": 2160,
      "caption_info": [
        "감탄떡볶이 우장산역점(강서구)",
        "간판"
      ]
    },
    {
      "image_id": 1,
      "filename": "561775_0_su_5_감탄떡볶이 우장산역점_1_002.png",
      "mapx": 37.5481121971352,
      "mapy": 126.835389697248,
      "width": 3840,
      "height": 2160,
      "caption_info": [
        "감탄떡볶이 우장산역점(강서구)",
        "간판"
      ]
    },
    {
      "image_id": 2,
      "filename": "561775_0_su_5_감탄떡볶이 우장산역점_1_003.png",
      "mapx": 37.5481121971352,
      "mapy": 126.835389697248,
      "width": 3840,
      "height": 2160,
      "caption_info": [
        "감탄떡볶이 우장산역점(강서구)",
        "사각 테이블"
      ]
    },
    {
      "image_id": 3,
      "filename": "561775_0_su_5_감탄떡볶이 우장산역점_1_004.png",
      "mapx": 37.5481121971352,
      "mapy": 126.835389697248,
      "width": 3840,
      "height": 2160,
      "caption_info": [
        "감탄떡볶이 우장산역점(강서구)",
        "메뉴판 "
      ]
    },
    {
      "image_id": 4,
      "filename": "561775_0_su_5_감탄떡볶이 우장산역점_1_005.png",
      "mapx": 37.5481121971352,
      "mapy": 126.835389697248,
      "width": 3840,
      "height": 2160,
      "caption_info": [
        "감탄떡볶이 우장산역점(강서구)",
        "떡볶이 "
      ]
    }
  ],
  "annotations": [
    {
      "image_id": 0,
      "question": [
        {
          "question_id": 0,
          "question_type": "정보",
          "question": "이 곳의 메뉴를 알 수 있나요?",
          "question_wordNum": 6,
          "answer": "허브탕수육세트, 칠리탕수육세트",
          "answer_wordNum": 2,
          "fact": [
            "감탄떡볶이 우장산역점,메뉴,허브탕수육세트, 칠리탕수육세트"
          ]
        },
        {
          "question_id": 1,
          "question_type": "정보",
          "question": "이 곳의 주소는 어떻게 되나요?",
          "question_wordNum": 5,
          "answer": "서울 강서구 강서로45길 14",
          "answer_wordNum": 4,
          "fact": [
            "감탄떡볶이 우장산역점,주소,서울 강서구 강서로45길 14"
          ]
        },
        {
          "question_id": 2,
          "question_type": "정보",
          "question": "연락처를 알 수 있나요?",
          "question_wordNum": 4,
          "answer": "02-2696-5889",
          "answer_wordNum": 1,
          "fact": [
            "감탄떡볶이 우장산역점,연락처,02-2696-5889"
          ]
        },
        {
          "question_id": 3,
          "question_type": "정보",
          "question": "영업시간은 어떻게 되나요?",
          "question_wordNum": 3,
          "answer": "11:00 - 23:00",
          "answer_wordNum": 3,
          "fact": [
            "감탄떡볶이 우장산역점,영업시간,11:00 - 23:00"
          ]
        }
      ]
    },
    {
      "image_id": 1,
      "question": [
        {
          "question_id": 0,
          "question_type": "정보",
          "question": "연락처가 어떻게 되나요?",
          "question_wordNum": 3,
          "answer": "02-2696-5889",
          "answer_wordNum": 1,
          "fact": [
            "감탄떡볶이 우장산역점,연락처,02-2696-5889"
          ]
        },
        {
          "question_id": 1,
          "question_type": "탐색",
          "question": "주차시설이 있는지 알 수 있나요?",
          "question_wordNum": 5,
          "answer": "있음",
          "answer_wordNum": 1,
          "fact": [
            "감탄떡볶이 우장산역점,주차시설,있음"
          ]
        },
        {
          "question_id": 2,
          "question_type": "정보",
          "question": "휴무일은 어떻게 되나요?",
          "question_wordNum": 3,
          "answer": "없음",
          "answer_wordNum": 1,
          "fact": [
            "감탄떡볶이 우장산역점,휴무일,없음"
          ]
        },
        {
          "question_id": 3,
          "question_type": "정보",
          "question": "이 곳의 주소는 어떻게 되나요?",
          "question_wordNum": 5,
          "answer": "서울 강서구 강서로45길 14",
          "answer_wordNum": 4,
          "fact": [
            "감탄떡볶이 우장산역점,주소,서울 강서구 강서로45길 14"
          ]
        }
      ]
    },
    {
      "image_id": 2,
      "question": [
        {
          "question_id": 0,
          "question_type": "정보",
          "question": "이 곳의 주소는 어떻게 되나요?",
          "question_wordNum": 5,
          "answer": "서울 강서구 강서로45길 14",
          "answer_wordNum": 4,
          "fact": [
            "감탄떡볶이 우장산역점,주소,서울 강서구 강서로45길 14"
          ]
        },
        {
          "question_id": 1,
          "question_type": "정보",
          "question": "영업시간을 알 수 있나요?",
          "question_wordNum": 4,
          "answer": "11:00 - 23:00",
          "answer_wordNum": 3,
          "fact": [
            "감탄떡볶이 우장산역점,영업시간,11:00 - 23:00"
          ]
        },
        {
          "question_id": 2,
          "question_type": "관계",
          "question": "이 곳에 인접한 시설을 알 수 있나요?",
          "question_wordNum": 7,
          "answer": "우장산역 3번 출구, 강서수산, 메가커피",
          "answer_wordNum": 5,
          "fact": [
            "감탄떡볶이 우장산역점,인접,우장산역 3번 출구, 강서수산, 메가커피"
          ]
        },
        {
          "question_id": 3,
          "question_type": "탐색",
          "question": "주차시설이 있나요?",
          "question_wordNum": 2,
          "answer": "있음",
          "answer_wordNum": 1,
          "fact": [
            "감탄떡볶이 우장산역점,주차시설,있음"
          ]
        }
      ]
    },
    {
      "image_id": 3,
      "question": [
        {
          "question_id": 0,
          "question_type": "정보",
          "question": "대표 메뉴가 무엇인가요?",
          "question_wordNum": 3,
          "answer": "허브탕수육세트, 칠리탕수육세트",
          "answer_wordNum": 2,
          "fact": [
            "감탄떡볶이 우장산역점,메뉴,허브탕수육세트, 칠리탕수육세트"
          ]
        },
        {
          "question_id": 1,
          "question_type": "정보",
          "question": "휴무일을 알 수 있나요?",
          "question_wordNum": 4,
          "answer": "없음",
          "answer_wordNum": 1,
          "fact": [
            "감탄떡볶이 우장산역점,휴무일,없음"
          ]
        },
        {
          "question_id": 2,
          "question_type": "관계",
          "question": "이 곳에 인접한 시설을 알 수 있나요?",
          "question_wordNum": 7,
          "answer": "우장산역 3번 출구, 강서수산, 메가커피",
          "answer_wordNum": 5,
          "fact": [
            "감탄떡볶이 우장산역점,인접,우장산역 3번 출구, 강서수산, 메가커피"
          ]
        },
        {
          "question_id": 3,
          "question_type": "정보",
          "question": "연락처를 알 수 있나요?",
          "question_wordNum": 4,
          "answer": "02-2696-5889",
          "answer_wordNum": 1,
          "fact": [
            "감탄떡볶이 우장산역점,연락처,02-2696-5889"
          ]
        }
      ]
    },
    {
      "image_id": 4,
      "question": [
        {
          "question_id": 0,
          "question_type": "관계",
          "question": "이 곳에 인접한 시설이 있나요?",
          "question_wordNum": 5,
          "answer": "우장산역 3번 출구, 강서수산, 메가커피",
          "answer_wordNum": 5,
          "fact": [
            "감탄떡볶이 우장산역점,인접,우장산역 3번 출구, 강서수산, 메가커피"
          ]
        },
        {
          "question_id": 1,
          "question_type": "정보",
          "question": "연락처가 어떻게 되나요?",
          "question_wordNum": 3,
          "answer": "02-2696-5889",
          "answer_wordNum": 1,
          "fact": [
            "감탄떡볶이 우장산역점,연락처,02-2696-5889"
          ]
        },
        {
          "question_id": 2,
          "question_type": "탐색",
          "question": "주차시설이 있는지 알 수 있나요?",
          "question_wordNum": 5,
          "answer": "있음",
          "answer_wordNum": 1,
          "fact": [
            "감탄떡볶이 우장산역점,주차시설,있음"
          ]
        },
        {
          "question_id": 3,
          "question_type": "정보",
          "question": "이 곳의 주소를 알 수 있나요?",
          "question_wordNum": 6,
          "answer": "서울 강서구 강서로45길 14",
          "answer_wordNum": 4,
          "fact": [
            "감탄떡볶이 우장산역점,주소,서울 강서구 강서로45길 14"
          ]
        }
      ]
    }
  ]
}