{
  "data": {
    "dataset": "2-083-219",
    "POI_id": "561512",
    "travelType": "음식점",
    "place": "후라토식당 발산역점",
    "area": "서울"
  },
  "imageInfo": [
    {
      "image_id": 0,
      "filename": "561512_0_su_5_후라토식당 발산역점_1_001.png",
      "mapx": 37.5596113961056,
      "mapy": 126.837242277605,
      "width": 3840,
      "height": 2160,
      "caption_info": [
        "후라토식당 발산역점(마곡동)",
        "벤치, 화분, 메뉴판"
      ]
    },
    {
      "image_id": 1,
      "filename": "561512_0_su_5_후라토식당 발산역점_1_002.png",
      "mapx": 37.5596113961056,
      "mapy": 126.837242277605,
      "width": 3840,
      "height": 2160,
      "caption_info": [
        "후라토식당 발산역점(마곡동)",
        "간판, 가로등, 자동차"
      ]
    },
    {
      "image_id": 2,
      "filename": "561512_0_su_5_후라토식당 발산역점_1_003.png",
      "mapx": 37.5596113961056,
      "mapy": 126.837242277605,
      "width": 3840,
      "height": 2160,
      "caption_info": [
        "후라토식당 발산역점(마곡동)",
        "의자, 테이블"
      ]
    },
    {
      "image_id": 3,
      "filename": "561512_0_su_5_후라토식당 발산역점_1_004.png",
      "mapx": 37.5596113961056,
      "mapy": 126.837242277605,
      "width": 3840,
      "height": 2160,
      "caption_info": [
        "후라토식당 발산역점(마곡동)",
        "메뉴판"
      ]
    },
    {
      "image_id": 4,
      "filename": "561512_0_su_5_후라토식당 발산역점_1_005.png",
      "mapx": 37.5596113961056,
      "mapy": 126.837242277605,
      "width": 3840,
      "height": 2160,
      "caption_info": [
        "후라토식당 발산역점(마곡동)",
        "돈카츠, 밥, 장국, 단무지"
      ]
    }
  ],
  "annotations": [
    {
      "image_id": 0,
      "question": [
        {
          "question_id": 0,
          "question_type": "정보",
          "question": "연락처를 알 수 있나요?",
          "question_wordNum": 4,
          "answer": "0507-1333-8154",
          "answer_wordNum": 1,
          "fact": [
            "후라토식당 발산역점,연락처,0507-1333-8154"
          ]
        },
        {
          "question_id": 1,
          "question_type": "정보",
          "question": "이 곳의 대표적인 메뉴는 무엇이 있나요?",
          "question_wordNum": 6,
          "answer": "규카츠, 스테키정식 메뉴",
          "answer_wordNum": 3,
          "fact": [
            "후라토식당 발산역점,메뉴,규카츠, 스테키정식  메뉴"
          ]
        },
        {
          "question_id": 2,
          "question_type": "정보",
          "question": "이 곳의 주소는 어떻게 되나요?",
          "question_wordNum": 5,
          "answer": "서울 강서구 공항대로 269-15 2층 211호",
          "answer_wordNum": 6,
          "fact": [
            "후라토식당 발산역점,주소,서울 강서구 공항대로 269-15 2층 211호"
          ]
        },
        {
          "question_id": 3,
          "question_type": "정보",
          "question": "휴무일을 알 수 있나요?",
          "question_wordNum": 4,
          "answer": "알수없음",
          "answer_wordNum": 1,
          "fact": [
            "후라토식당 발산역점,휴무일,알수없음"
          ]
        }
      ]
    },
    {
      "image_id": 1,
      "question": [
        {
          "question_id": 0,
          "question_type": "정보",
          "question": "이 곳의 주요 메뉴는 무엇이 있나요?",
          "question_wordNum": 6,
          "answer": "규카츠, 스테키정식 메뉴",
          "answer_wordNum": 3,
          "fact": [
            "후라토식당 발산역점,메뉴,규카츠, 스테키정식  메뉴"
          ]
        },
        {
          "question_id": 1,
          "question_type": "정보",
          "question": "연락처가 어떻게 되나요?",
          "question_wordNum": 3,
          "answer": "0507-1333-8154",
          "answer_wordNum": 1,
          "fact": [
            "후라토식당 발산역점,연락처,0507-1333-8154"
          ]
        },
        {
          "question_id": 2,
          "question_type": "정보",
          "question": "이 곳의 주소는 어떻게 되나요?",
          "question_wordNum": 5,
          "answer": "서울 강서구 공항대로 269-15 2층 211호",
          "answer_wordNum": 6,
          "fact": [
            "후라토식당 발산역점,주소,서울 강서구 공항대로 269-15 2층 211호"
          ]
        },
        {
          "question_id": 3,
          "question_type": "관계",
          "question": "이 곳에 인접한 시설을 알 수 있나요?",
          "question_wordNum": 7,
          "answer": "발산역 1번 출구, 족발신선생, 경아식당",
          "answer_wordNum": 5,
          "fact": [
            "후라토식당 발산역점,인접,발산역 1번 출구, 족발신선생, 경아식당"
          ]
        }
      ]
    },
    {
      "image_id": 2,
      "question": [
        {
          "question_id": 0,
          "question_type": "탐색",
          "question": "주차시설이 있는지 알 수 있나요?",
          "question_wordNum": 5,
          "answer": "있음",
          "answer_wordNum": 1,
          "fact": [
            "후라토식당 발산역점,주차시설,있음"
          ]
        },
        {
          "question_id": 1,
          "question_type": "정보",
          "question": "이 곳의 주소는 어떻게 되나요?",
          "question_wordNum": 5,
          "answer": "서울 강서구 공항대로 269-15 2층 211호",
          "answer_wordNum": 6,
          "fact": [
            "후라토식당 발산역점,주소,서울 강서구 공항대로 269-15 2층 211호"
          ]
        },
        {
          "question_id": 2,
          "question_type": "정보",
          "question": "휴무일을 알 수 있나요?",
          "question_wordNum": 4,
          "answer": "알수없음",
          "answer_wordNum": 1,
          "fact": [
            "후라토식당 발산역점,휴무일,알수없음"
          ]
        },
        {
          "question_id": 3,
          "question_type": "정보",
          "question": "이 곳의 대표적인 메뉴를 알 수 있나요?",
          "question_wordNum": 7,
          "answer": "규카츠, 스테키정식 메뉴",
          "answer_wordNum": 3,
          "fact": [
            "후라토식당 발산역점,메뉴,규카츠, 스테키정식  메뉴"
          ]
        }
      ]
    },
    {
      "image_id": 3,
      "question": [
        {
          "question_id": 0,
          "question_type": "정보",
          "question": "이 곳의 대표적인 메뉴를 알 수 있나요?",
          "question_wordNum": 7,
          "answer": "규카츠, 스테키정식 메뉴",
          "answer_wordNum": 3,
          "fact": [
            "후라토식당 발산역점,메뉴,규카츠, 스테키정식  메뉴"
          ]
        },
        {
          "question_id": 1,
          "question_type": "관계",
          "question": "이 곳에 인접한 시설이 있나요?",
          "question_wordNum": 5,
          "answer": "발산역 1번 출구, 족발신선생, 경아식당",
          "answer_wordNum": 5,
          "fact": [
            "후라토식당 발산역점,인접,발산역 1번 출구, 족발신선생, 경아식당"
          ]
        },
        {
          "question_id": 2,
          "question_type": "정보",
          "question": "휴무일을 알 수 있나요?",
          "question_wordNum": 4,
          "answer": "알수없음",
          "answer_wordNum": 1,
          "fact": [
            "후라토식당 발산역점,휴무일,알수없음"
          ]
        },
        {
          "question_id": 3,
          "question_type": "정보",
          "question": "연락처를 알 수 있나요?",
          "question_wordNum": 4,
          "answer": "0507-1333-8154",
          "answer_wordNum": 1,
          "fact": [
            "후라토식당 발산역점,연락처,0507-1333-8154"
          ]
        }
      ]
    },
    {
      "image_id": 4,
      "question": [
        {
          "question_id": 0,
          "question_type": "정보",
          "question": "영업시간은 몇시부터 몇시까지로 기재되어 있나요?",
          "question_wordNum": 5,
          "answer": "11:30-21:30",
          "answer_wordNum": 1,
          "fact": [
            "후라토식당 발산역점,영업시간,11:30-21:30"
          ]
        },
        {
          "question_id": 1,
          "question_type": "정보",
          "question": "이 곳의 대표적인 메뉴를 알 수 있나요?",
          "question_wordNum": 7,
          "answer": "규카츠, 스테키정식 메뉴",
          "answer_wordNum": 3,
          "fact": [
            "후라토식당 발산역점,메뉴,규카츠, 스테키정식  메뉴"
          ]
        },
        {
          "question_id": 2,
          "question_type": "탐색",
          "question": "주차시설이 있나요?",
          "question_wordNum": 2,
          "answer": "있음",
          "answer_wordNum": 1,
          "fact": [
            "후라토식당 발산역점,주차시설,있음"
          ]
        },
        {
          "question_id": 3,
          "question_type": "정보",
          "question": "이 곳의 주소를 알 수 있나요?",
          "question_wordNum": 6,
          "answer": "서울 강서구 공항대로 269-15 2층 211호",
          "answer_wordNum": 6,
          "fact": [
            "후라토식당 발산역점,주소,서울 강서구 공항대로 269-15 2층 211호"
          ]
        }
      ]
    }
  ]
}