{
  "data": {
    "dataset": "2-083-219",
    "POI_id": "561591",
    "travelType": "음식점",
    "place": "케이크의 계절",
    "area": "서울"
  },
  "imageInfo": [
    {
      "image_id": 0,
      "filename": "561591_0_su_5_케이크의 계절_1_001.png",
      "mapx": 37.5586327456572,
      "mapy": 126.832674163293,
      "width": 3840,
      "height": 2160,
      "caption_info": [
        "케이크의 계절(마곡동)",
        "자동문"
      ]
    },
    {
      "image_id": 1,
      "filename": "561591_0_su_5_케이크의 계절_1_002.png",
      "mapx": 37.5586327456572,
      "mapy": 126.832674163293,
      "width": 3840,
      "height": 2160,
      "caption_info": [
        "케이크의 계절(마곡동)",
        "간판, 건물"
      ]
    },
    {
      "image_id": 2,
      "filename": "561591_0_su_5_케이크의 계절_1_003.png",
      "mapx": 37.5586327456572,
      "mapy": 126.832674163293,
      "width": 3840,
      "height": 2160,
      "caption_info": [
        "케이크의 계절(마곡동)",
        "테이블"
      ]
    },
    {
      "image_id": 3,
      "filename": "561591_0_su_5_케이크의 계절_1_004.png",
      "mapx": 37.5586327456572,
      "mapy": 126.832674163293,
      "width": 3840,
      "height": 2160,
      "caption_info": [
        "케이크의 계절(마곡동)",
        "메뉴판"
      ]
    },
    {
      "image_id": 4,
      "filename": "561591_0_su_5_케이크의 계절_1_005.png",
      "mapx": 37.5586327456572,
      "mapy": 126.832674163293,
      "width": 3840,
      "height": 2160,
      "caption_info": [
        "케이크의 계절(마곡동)",
        "케이크"
      ]
    }
  ],
  "annotations": [
    {
      "image_id": 0,
      "question": [
        {
          "question_id": 0,
          "question_type": "정보",
          "question": "영업시간은 몇시부터 몇시까지로 기재되어 있나요?",
          "question_wordNum": 5,
          "answer": "11:00~19:00",
          "answer_wordNum": 1,
          "fact": [
            "케이크의 계절,영업시간,11:00~19:00"
          ]
        },
        {
          "question_id": 1,
          "question_type": "탐색",
          "question": "주차시설이 있는지 알 수 있나요?",
          "question_wordNum": 5,
          "answer": "있음",
          "answer_wordNum": 1,
          "fact": [
            "케이크의 계절,주차시설,있음"
          ]
        },
        {
          "question_id": 2,
          "question_type": "정보",
          "question": "휴무일은 어떻게 되나요?",
          "question_wordNum": 3,
          "answer": "매주 일요일, 월요일",
          "answer_wordNum": 3,
          "fact": [
            "케이크의 계절,휴무일,매주 일요일, 월요일"
          ]
        },
        {
          "question_id": 3,
          "question_type": "정보",
          "question": "이 곳에서는 무엇을 운영하나요?",
          "question_wordNum": 4,
          "answer": "예약제",
          "answer_wordNum": 1,
          "fact": [
            "케이크의 계절,운영,예약제"
          ]
        }
      ]
    },
    {
      "image_id": 1,
      "question": [
        {
          "question_id": 0,
          "question_type": "정보",
          "question": "이 곳은 무엇을 전문으로 하나요?",
          "question_wordNum": 5,
          "answer": "수제 레터링케이크",
          "answer_wordNum": 2,
          "fact": [
            "케이크의 계절,전문,수제 레터링케이크"
          ]
        },
        {
          "question_id": 1,
          "question_type": "관계",
          "question": "이 곳에서는 무엇이 가능한가요?",
          "question_wordNum": 4,
          "answer": "레터링",
          "answer_wordNum": 1,
          "fact": [
            "케이크의 계절,가능,레터링"
          ]
        },
        {
          "question_id": 2,
          "question_type": "관계",
          "question": "이 곳에 인접한 시설을 알 수 있나요?",
          "question_wordNum": 7,
          "answer": "발산역 8번 출구, 리더스타워 마곡, 빽다방, 노아",
          "answer_wordNum": 7,
          "fact": [
            "케이크의 계절,인접,발산역 8번 출구, 리더스타워 마곡, 빽다방, 노아"
          ]
        },
        {
          "question_id": 3,
          "question_type": "정보",
          "question": "연락처를 알 수 있나요?",
          "question_wordNum": 4,
          "answer": "0507-1339-6240",
          "answer_wordNum": 1,
          "fact": [
            "케이크의 계절,연락처,0507-1339-6240"
          ]
        }
      ]
    },
    {
      "image_id": 2,
      "question": [
        {
          "question_id": 0,
          "question_type": "정보",
          "question": "이 곳에서는 무엇을 판매하나요?",
          "question_wordNum": 4,
          "answer": "당일케이크",
          "answer_wordNum": 1,
          "fact": [
            "케이크의 계절,판매,당일케이크"
          ]
        },
        {
          "question_id": 1,
          "question_type": "정보",
          "question": "이 곳의 주소를 알 수 있나요?",
          "question_wordNum": 6,
          "answer": "서울 강서구 공항대로 228",
          "answer_wordNum": 4,
          "fact": [
            "케이크의 계절,주소,서울 강서구 공항대로 228"
          ]
        },
        {
          "question_id": 2,
          "question_type": "정보",
          "question": "이 곳의 대표적인 메뉴는 무엇이 있나요?",
          "question_wordNum": 6,
          "answer": "에그반숙 샌드위치, 르뱅쿠키",
          "answer_wordNum": 3,
          "fact": [
            "케이크의 계절,메뉴,에그반숙 샌드위치, 르뱅쿠키"
          ]
        },
        {
          "question_id": 3,
          "question_type": "정보",
          "question": "이 곳에서는 무엇이 가능한가요?",
          "question_wordNum": 4,
          "answer": "레터링",
          "answer_wordNum": 1,
          "fact": [
            "케이크의 계절,가능,레터링"
          ]
        }
      ]
    },
    {
      "image_id": 3,
      "question": [
        {
          "question_id": 0,
          "question_type": "관계",
          "question": "이 곳에 인접한 시설을 알 수 있나요?",
          "question_wordNum": 7,
          "answer": "발산역 8번 출구, 리더스타워 마곡, 빽다방, 노아",
          "answer_wordNum": 7,
          "fact": [
            "케이크의 계절,인접,발산역 8번 출구, 리더스타워 마곡, 빽다방, 노아"
          ]
        },
        {
          "question_id": 1,
          "question_type": "정보",
          "question": "휴무일은 어떻게 되나요?",
          "question_wordNum": 3,
          "answer": "매주 일요일, 월요일",
          "answer_wordNum": 3,
          "fact": [
            "케이크의 계절,휴무일,매주 일요일, 월요일"
          ]
        },
        {
          "question_id": 2,
          "question_type": "탐색",
          "question": "주차시설이 있는지 알 수 있나요?",
          "question_wordNum": 5,
          "answer": "있음",
          "answer_wordNum": 1,
          "fact": [
            "케이크의 계절,주차시설,있음"
          ]
        },
        {
          "question_id": 3,
          "question_type": "정보",
          "question": "이 곳은 무엇을 전문으로 하나요?",
          "question_wordNum": 5,
          "answer": "수제 레터링케이크",
          "answer_wordNum": 2,
          "fact": [
            "케이크의 계절,전문,수제 레터링케이크"
          ]
        }
      ]
    },
    {
      "image_id": 4,
      "question": [
        {
          "question_id": 0,
          "question_type": "정보",
          "question": "연락처를 알 수 있나요?",
          "question_wordNum": 4,
          "answer": "0507-1339-6240",
          "answer_wordNum": 1,
          "fact": [
            "케이크의 계절,연락처,0507-1339-6240"
          ]
        },
        {
          "question_id": 1,
          "question_type": "정보",
          "question": "영업시간은 몇시부터 몇시까지로 기재되어 있나요?",
          "question_wordNum": 5,
          "answer": "11:00~19:00",
          "answer_wordNum": 1,
          "fact": [
            "케이크의 계절,영업시간,11:00~19:00"
          ]
        },
        {
          "question_id": 2,
          "question_type": "정보",
          "question": "이 곳에서는 무엇을 운영하나요?",
          "question_wordNum": 4,
          "answer": "예약제",
          "answer_wordNum": 1,
          "fact": [
            "케이크의 계절,운영,예약제"
          ]
        },
        {
          "question_id": 3,
          "question_type": "정보",
          "question": "이 곳에서는 무엇을 판매하나요?",
          "question_wordNum": 4,
          "answer": "당일케이크",
          "answer_wordNum": 1,
          "fact": [
            "케이크의 계절,판매,당일케이크"
          ]
        }
      ]
    }
  ]
}