{
  "data": {
    "dataset": "2-083-219",
    "POI_id": "561774",
    "travelType": "음식점",
    "place": "송고집왕족발 ",
    "area": "서울"
  },
  "imageInfo": [
    {
      "image_id": 0,
      "filename": "561774_0_su_5_송고집왕족발 _1_001.png",
      "mapx": 37.5529862473925,
      "mapy": 126.82677164429,
      "width": 3840,
      "height": 2160,
      "caption_info": [
        "송고집왕족발(강서구) ",
        "간판"
      ]
    },
    {
      "image_id": 1,
      "filename": "561774_0_su_5_송고집왕족발 _1_002.png",
      "mapx": 37.5529862473925,
      "mapy": 126.82677164429,
      "width": 3840,
      "height": 2160,
      "caption_info": [
        "송고집왕족발(강서구) ",
        "간판"
      ]
    },
    {
      "image_id": 2,
      "filename": "561774_0_su_5_송고집왕족발 _1_003.png",
      "mapx": 37.5529862473925,
      "mapy": 126.82677164429,
      "width": 3840,
      "height": 2160,
      "caption_info": [
        "송고집왕족발(강서구) ",
        "메뉴판 "
      ]
    },
    {
      "image_id": 3,
      "filename": "561774_0_su_5_송고집왕족발 _1_004.png",
      "mapx": 37.5529862473925,
      "mapy": 126.82677164429,
      "width": 3840,
      "height": 2160,
      "caption_info": [
        "송고집왕족발(강서구) ",
        "메뉴판 "
      ]
    },
    {
      "image_id": 4,
      "filename": "561774_0_su_5_송고집왕족발 _1_005.png",
      "mapx": 37.5529862473925,
      "mapy": 126.82677164429,
      "width": 3840,
      "height": 2160,
      "caption_info": [
        "송고집왕족발(강서구) ",
        "족발 "
      ]
    }
  ],
  "annotations": [
    {
      "image_id": 0,
      "question": [
        {
          "question_id": 0,
          "question_type": "정보",
          "question": "영업시간은 어떻게 되나요?",
          "question_wordNum": 3,
          "answer": "12:00~23:00",
          "answer_wordNum": 1,
          "fact": [
            "송고집왕족발,영업시간,12:00~23:00"
          ]
        },
        {
          "question_id": 1,
          "question_type": "정보",
          "question": "연락처를 알 수 있나요?",
          "question_wordNum": 4,
          "answer": "02-2667-8822",
          "answer_wordNum": 1,
          "fact": [
            "송고집왕족발,연락처,02-2667-8822"
          ]
        },
        {
          "question_id": 2,
          "question_type": "정보",
          "question": "이 곳의 메뉴를 알 수 있나요?",
          "question_wordNum": 6,
          "answer": "족발, 매운족발",
          "answer_wordNum": 2,
          "fact": [
            "송고집왕족발,메뉴,족발, 매운족발"
          ]
        },
        {
          "question_id": 3,
          "question_type": "탐색",
          "question": "주차시설이 있나요?",
          "question_wordNum": 2,
          "answer": "있음",
          "answer_wordNum": 1,
          "fact": [
            "송고집왕족발,주차시설,있음"
          ]
        }
      ]
    },
    {
      "image_id": 1,
      "question": [
        {
          "question_id": 0,
          "question_type": "정보",
          "question": "휴무일은 어떻게 되나요?",
          "question_wordNum": 3,
          "answer": "매주 월요일",
          "answer_wordNum": 2,
          "fact": [
            "송고집왕족발,휴무일,매주 월요일"
          ]
        },
        {
          "question_id": 1,
          "question_type": "정보",
          "question": "대표 메뉴가 무엇인가요?",
          "question_wordNum": 3,
          "answer": "족발, 매운족발",
          "answer_wordNum": 2,
          "fact": [
            "송고집왕족발,메뉴,족발, 매운족발"
          ]
        },
        {
          "question_id": 2,
          "question_type": "정보",
          "question": "이 곳의 주소를 알 수 있나요?",
          "question_wordNum": 6,
          "answer": "서울 강서구 수명로 68-35",
          "answer_wordNum": 4,
          "fact": [
            "송고집왕족발,주소,서울 강서구 수명로 68-35"
          ]
        },
        {
          "question_id": 3,
          "question_type": "관계",
          "question": "이 곳에 인접한 시설이 있나요?",
          "question_wordNum": 5,
          "answer": "마곡역 5번 출구, 메가커피, 뚜레쥬르",
          "answer_wordNum": 5,
          "fact": [
            "송고집왕족발,인접,마곡역 5번 출구, 메가커피, 뚜레쥬르"
          ]
        }
      ]
    },
    {
      "image_id": 2,
      "question": [
        {
          "question_id": 0,
          "question_type": "정보",
          "question": "영업시간을 알 수 있나요?",
          "question_wordNum": 4,
          "answer": "12:00~23:00",
          "answer_wordNum": 1,
          "fact": [
            "송고집왕족발,영업시간,12:00~23:00"
          ]
        },
        {
          "question_id": 1,
          "question_type": "관계",
          "question": "이 곳에 인접한 시설이 있나요?",
          "question_wordNum": 5,
          "answer": "마곡역 5번 출구, 메가커피, 뚜레쥬르",
          "answer_wordNum": 5,
          "fact": [
            "송고집왕족발,인접,마곡역 5번 출구, 메가커피, 뚜레쥬르"
          ]
        },
        {
          "question_id": 2,
          "question_type": "탐색",
          "question": "주차시설이 있나요?",
          "question_wordNum": 2,
          "answer": "있음",
          "answer_wordNum": 1,
          "fact": [
            "송고집왕족발,주차시설,있음"
          ]
        },
        {
          "question_id": 3,
          "question_type": "정보",
          "question": "연락처가 어떻게 되나요?",
          "question_wordNum": 3,
          "answer": "02-2667-8822",
          "answer_wordNum": 1,
          "fact": [
            "송고집왕족발,연락처,02-2667-8822"
          ]
        }
      ]
    },
    {
      "image_id": 3,
      "question": [
        {
          "question_id": 0,
          "question_type": "탐색",
          "question": "주차시설이 있는지 알 수 있나요?",
          "question_wordNum": 5,
          "answer": "있음",
          "answer_wordNum": 1,
          "fact": [
            "송고집왕족발,주차시설,있음"
          ]
        },
        {
          "question_id": 1,
          "question_type": "정보",
          "question": "영업시간은 어떻게 되나요?",
          "question_wordNum": 3,
          "answer": "12:00~23:00",
          "answer_wordNum": 1,
          "fact": [
            "송고집왕족발,영업시간,12:00~23:00"
          ]
        },
        {
          "question_id": 2,
          "question_type": "정보",
          "question": "휴무일은 어떻게 되나요?",
          "question_wordNum": 3,
          "answer": "매주 월요일",
          "answer_wordNum": 2,
          "fact": [
            "송고집왕족발,휴무일,매주 월요일"
          ]
        },
        {
          "question_id": 3,
          "question_type": "정보",
          "question": "연락처가 어떻게 되나요?",
          "question_wordNum": 3,
          "answer": "02-2667-8822",
          "answer_wordNum": 1,
          "fact": [
            "송고집왕족발,연락처,02-2667-8822"
          ]
        }
      ]
    },
    {
      "image_id": 4,
      "question": [
        {
          "question_id": 0,
          "question_type": "정보",
          "question": "대표 메뉴가 무엇인가요?",
          "question_wordNum": 3,
          "answer": "족발, 매운족발",
          "answer_wordNum": 2,
          "fact": [
            "송고집왕족발,메뉴,족발, 매운족발"
          ]
        },
        {
          "question_id": 1,
          "question_type": "정보",
          "question": "영업시간을 알 수 있나요?",
          "question_wordNum": 4,
          "answer": "12:00~23:00",
          "answer_wordNum": 1,
          "fact": [
            "송고집왕족발,영업시간,12:00~23:00"
          ]
        },
        {
          "question_id": 2,
          "question_type": "탐색",
          "question": "주차시설이 있는지 알 수 있나요?",
          "question_wordNum": 5,
          "answer": "있음",
          "answer_wordNum": 1,
          "fact": [
            "송고집왕족발,주차시설,있음"
          ]
        },
        {
          "question_id": 3,
          "question_type": "정보",
          "question": "휴무일은 어떻게 되나요?",
          "question_wordNum": 3,
          "answer": "매주 월요일",
          "answer_wordNum": 2,
          "fact": [
            "송고집왕족발,휴무일,매주 월요일"
          ]
        }
      ]
    }
  ]
}