{
  "data": {
    "dataset": "2-083-219",
    "POI_id": "561640",
    "travelType": "음식점",
    "place": "마노사포레 ",
    "area": "서울"
  },
  "imageInfo": [
    {
      "image_id": 0,
      "filename": "561640_0_su_5_마노사포레 _1_001.png",
      "mapx": 37.568851450649,
      "mapy": 126.827338682565,
      "width": 3840,
      "height": 2160,
      "caption_info": [
        "마노사포레(마곡동)",
        "간판, 화분, 자동문"
      ]
    },
    {
      "image_id": 1,
      "filename": "561640_0_su_5_마노사포레 _1_002.png",
      "mapx": 37.568851450649,
      "mapy": 126.827338682565,
      "width": 3840,
      "height": 2160,
      "caption_info": [
        "마노사포레(마곡동)",
        "간판, 자동문"
      ]
    },
    {
      "image_id": 2,
      "filename": "561640_0_su_5_마노사포레 _1_003.png",
      "mapx": 37.568851450649,
      "mapy": 126.827338682565,
      "width": 3840,
      "height": 2160,
      "caption_info": [
        "마노사포레(마곡동)",
        "테이블, 등받이의자"
      ]
    },
    {
      "image_id": 3,
      "filename": "561640_0_su_5_마노사포레 _1_004.png",
      "mapx": 37.568851450649,
      "mapy": 126.827338682565,
      "width": 3840,
      "height": 2160,
      "caption_info": [
        "마노사포레(마곡동)",
        "메뉴판"
      ]
    },
    {
      "image_id": 4,
      "filename": "561640_0_su_5_마노사포레 _1_005.png",
      "mapx": 37.568851450649,
      "mapy": 126.827338682565,
      "width": 3840,
      "height": 2160,
      "caption_info": [
        "마노사포레(마곡동)",
        "부라따 치즈"
      ]
    }
  ],
  "annotations": [
    {
      "image_id": 0,
      "question": [
        {
          "question_id": 0,
          "question_type": "정보",
          "question": "연락처가 어떻게 되나요?",
          "question_wordNum": 3,
          "answer": "070-7746-8002",
          "answer_wordNum": 1,
          "fact": [
            "마노사포레,연락처,070-7746-8002"
          ]
        },
        {
          "question_id": 1,
          "question_type": "정보",
          "question": "이 곳의 주소는 어떻게 되나요?",
          "question_wordNum": 5,
          "answer": "서울 강서구 마곡중앙로 161-8 A동 1층 107호 마노사포레",
          "answer_wordNum": 8,
          "fact": [
            "마노사포레,주소,서울 강서구 마곡중앙로 161-8 A동 1층 107호 마노사포레"
          ]
        },
        {
          "question_id": 2,
          "question_type": "정보",
          "question": "이 곳의 주요 메뉴는 무엇이 있나요?",
          "question_wordNum": 6,
          "answer": "부라따 치즈, 까르보나라",
          "answer_wordNum": 3,
          "fact": [
            "마노사포레,메뉴,부라따 치즈, 까르보나라"
          ]
        },
        {
          "question_id": 3,
          "question_type": "정보",
          "question": "휴무일을 알 수 있나요?",
          "question_wordNum": 4,
          "answer": "알수없음",
          "answer_wordNum": 1,
          "fact": [
            "마노사포레,휴무일,알수없음"
          ]
        }
      ]
    },
    {
      "image_id": 1,
      "question": [
        {
          "question_id": 0,
          "question_type": "관계",
          "question": "이 곳에 인접한 시설이 있나요?",
          "question_wordNum": 5,
          "answer": "마곡나루역 2번 출구, CU, 컴포즈커피, 일월계",
          "answer_wordNum": 6,
          "fact": [
            "마노사포레,인접,마곡나루역 2번 출구, CU, 컴포즈커피, 일월계"
          ]
        },
        {
          "question_id": 1,
          "question_type": "정보",
          "question": "이 곳의 주소는 어떻게 되나요?",
          "question_wordNum": 5,
          "answer": "서울 강서구 마곡중앙로 161-8 A동 1층 107호 마노사포레",
          "answer_wordNum": 8,
          "fact": [
            "마노사포레,주소,서울 강서구 마곡중앙로 161-8 A동 1층 107호 마노사포레"
          ]
        },
        {
          "question_id": 2,
          "question_type": "정보",
          "question": "연락처가 어떻게 되나요?",
          "question_wordNum": 3,
          "answer": "070-7746-8002",
          "answer_wordNum": 1,
          "fact": [
            "마노사포레,연락처,070-7746-8002"
          ]
        },
        {
          "question_id": 3,
          "question_type": "정보",
          "question": "영업시간은 어떻게 되나요?",
          "question_wordNum": 3,
          "answer": "11:00/11:30~22:00",
          "answer_wordNum": 1,
          "fact": [
            "마노사포레,영업시간,11:00/11:30~22:00"
          ]
        }
      ]
    },
    {
      "image_id": 2,
      "question": [
        {
          "question_id": 0,
          "question_type": "정보",
          "question": "이 곳의 주소는 어떻게 되나요?",
          "question_wordNum": 5,
          "answer": "서울 강서구 마곡중앙로 161-8 A동 1층 107호 마노사포레",
          "answer_wordNum": 8,
          "fact": [
            "마노사포레,주소,서울 강서구 마곡중앙로 161-8 A동 1층 107호 마노사포레"
          ]
        },
        {
          "question_id": 1,
          "question_type": "정보",
          "question": "영업시간은 어떻게 되나요?",
          "question_wordNum": 3,
          "answer": "11:00/11:30~22:00",
          "answer_wordNum": 1,
          "fact": [
            "마노사포레,영업시간,11:00/11:30~22:00"
          ]
        },
        {
          "question_id": 2,
          "question_type": "정보",
          "question": "이 곳의 주요 메뉴는 무엇이 있나요?",
          "question_wordNum": 6,
          "answer": "부라따 치즈, 까르보나라",
          "answer_wordNum": 3,
          "fact": [
            "마노사포레,메뉴,부라따 치즈, 까르보나라"
          ]
        },
        {
          "question_id": 3,
          "question_type": "정보",
          "question": "연락처가 어떻게 되나요?",
          "question_wordNum": 3,
          "answer": "070-7746-8002",
          "answer_wordNum": 1,
          "fact": [
            "마노사포레,연락처,070-7746-8002"
          ]
        }
      ]
    },
    {
      "image_id": 3,
      "question": [
        {
          "question_id": 0,
          "question_type": "정보",
          "question": "휴무일을 알 수 있나요?",
          "question_wordNum": 4,
          "answer": "알수없음",
          "answer_wordNum": 1,
          "fact": [
            "마노사포레,휴무일,알수없음"
          ]
        },
        {
          "question_id": 1,
          "question_type": "정보",
          "question": "연락처가 어떻게 되나요?",
          "question_wordNum": 3,
          "answer": "070-7746-8002",
          "answer_wordNum": 1,
          "fact": [
            "마노사포레,연락처,070-7746-8002"
          ]
        },
        {
          "question_id": 2,
          "question_type": "탐색",
          "question": "주차시설이 있나요?",
          "question_wordNum": 2,
          "answer": "있음",
          "answer_wordNum": 1,
          "fact": [
            "마노사포레,주차시설,있음"
          ]
        },
        {
          "question_id": 3,
          "question_type": "관계",
          "question": "이 곳에 인접한 시설이 있나요?",
          "question_wordNum": 5,
          "answer": "마곡나루역 2번 출구, CU, 컴포즈커피, 일월계",
          "answer_wordNum": 6,
          "fact": [
            "마노사포레,인접,마곡나루역 2번 출구, CU, 컴포즈커피, 일월계"
          ]
        }
      ]
    },
    {
      "image_id": 4,
      "question": [
        {
          "question_id": 0,
          "question_type": "정보",
          "question": "영업시간은 어떻게 되나요?",
          "question_wordNum": 3,
          "answer": "11:00/11:30~22:00",
          "answer_wordNum": 1,
          "fact": [
            "마노사포레,영업시간,11:00/11:30~22:00"
          ]
        },
        {
          "question_id": 1,
          "question_type": "정보",
          "question": "연락처가 어떻게 되나요?",
          "question_wordNum": 3,
          "answer": "070-7746-8002",
          "answer_wordNum": 1,
          "fact": [
            "마노사포레,연락처,070-7746-8002"
          ]
        },
        {
          "question_id": 2,
          "question_type": "정보",
          "question": "이 곳의 주소는 어떻게 되나요?",
          "question_wordNum": 5,
          "answer": "서울 강서구 마곡중앙로 161-8 A동 1층 107호 마노사포레",
          "answer_wordNum": 8,
          "fact": [
            "마노사포레,주소,서울 강서구 마곡중앙로 161-8 A동 1층 107호 마노사포레"
          ]
        },
        {
          "question_id": 3,
          "question_type": "정보",
          "question": "이 곳의 대표적인 메뉴는 무엇이 있나요?",
          "question_wordNum": 6,
          "answer": "부라따 치즈, 까르보나라",
          "answer_wordNum": 3,
          "fact": [
            "마노사포레,메뉴,부라따 치즈, 까르보나라"
          ]
        }
      ]
    }
  ]
}