{
  "data": {
    "dataset": "2-083-219",
    "POI_id": "561521",
    "travelType": "음식점",
    "place": "매드포갈릭 발산점",
    "area": "서울"
  },
  "imageInfo": [
    {
      "image_id": 0,
      "filename": "561521_0_su_5_매드포갈릭 발산점_1_001.png",
      "mapx": 37.5585410180689,
      "mapy": 126.833754085705,
      "width": 3840,
      "height": 2160,
      "caption_info": [
        "매드포갈릭 발산점(마곡동)",
        "미닫이문"
      ]
    },
    {
      "image_id": 1,
      "filename": "561521_0_su_5_매드포갈릭 발산점_1_002.png",
      "mapx": 37.5585410180689,
      "mapy": 126.833754085705,
      "width": 3840,
      "height": 2160,
      "caption_info": [
        "매드포갈릭 발산점(마곡동)",
        "미닫이문, 간판, 배너"
      ]
    },
    {
      "image_id": 2,
      "filename": "561521_0_su_5_매드포갈릭 발산점_1_003.png",
      "mapx": 37.5585410180689,
      "mapy": 126.833754085705,
      "width": 3840,
      "height": 2160,
      "caption_info": [
        "매드포갈릭 발산점(마곡동)",
        "테이블, 조명"
      ]
    },
    {
      "image_id": 3,
      "filename": "561521_0_su_5_매드포갈릭 발산점_1_004.png",
      "mapx": 37.5585410180689,
      "mapy": 126.833754085705,
      "width": 3840,
      "height": 2160,
      "caption_info": [
        "매드포갈릭 발산점(마곡동)",
        "메뉴판"
      ]
    },
    {
      "image_id": 4,
      "filename": "561521_0_su_5_매드포갈릭 발산점_1_005.png",
      "mapx": 37.5585410180689,
      "mapy": 126.833754085705,
      "width": 3840,
      "height": 2160,
      "caption_info": [
        "매드포갈릭 발산점(마곡동)",
        "스테이크"
      ]
    }
  ],
  "annotations": [
    {
      "image_id": 0,
      "question": [
        {
          "question_id": 0,
          "question_type": "정보",
          "question": "영업시간은 몇시부터 몇시까지로 기재되어 있나요?",
          "question_wordNum": 5,
          "answer": "11:30~22:00",
          "answer_wordNum": 1,
          "fact": [
            "매드포갈릭 발산점,영업시간,11:30~22:00"
          ]
        },
        {
          "question_id": 1,
          "question_type": "탐색",
          "question": "주차시설이 있나요?",
          "question_wordNum": 2,
          "answer": "있음",
          "answer_wordNum": 1,
          "fact": [
            "매드포갈릭 발산점,주차시설,있음"
          ]
        },
        {
          "question_id": 2,
          "question_type": "관계",
          "question": "이 곳에 인접한 시설을 알 수 있나요?",
          "question_wordNum": 7,
          "answer": "발산역 8번 출구, 창고43, 장모님밥상",
          "answer_wordNum": 5,
          "fact": [
            "매드포갈릭 발산점,인접,발산역 8번 출구, 창고43, 장모님밥상"
          ]
        },
        {
          "question_id": 3,
          "question_type": "정보",
          "question": "이 곳의 대표적인 메뉴를 알 수 있나요?",
          "question_wordNum": 7,
          "answer": "갈릭빠네, 시저 샐러드",
          "answer_wordNum": 3,
          "fact": [
            "매드포갈릭 발산점,메뉴,갈릭빠네, 시저 샐러드"
          ]
        }
      ]
    },
    {
      "image_id": 1,
      "question": [
        {
          "question_id": 0,
          "question_type": "탐색",
          "question": "주차시설이 있나요?",
          "question_wordNum": 2,
          "answer": "있음",
          "answer_wordNum": 1,
          "fact": [
            "매드포갈릭 발산점,주차시설,있음"
          ]
        },
        {
          "question_id": 1,
          "question_type": "관계",
          "question": "이 곳에 인접한 시설을 알 수 있나요?",
          "question_wordNum": 7,
          "answer": "발산역 8번 출구, 창고43, 장모님밥상",
          "answer_wordNum": 5,
          "fact": [
            "매드포갈릭 발산점,인접,발산역 8번 출구, 창고43, 장모님밥상"
          ]
        },
        {
          "question_id": 2,
          "question_type": "정보",
          "question": "휴무일은 어떻게 되나요?",
          "question_wordNum": 3,
          "answer": "없음",
          "answer_wordNum": 1,
          "fact": [
            "매드포갈릭 발산점,휴무일,없음"
          ]
        },
        {
          "question_id": 3,
          "question_type": "정보",
          "question": "연락처를 알 수 있나요?",
          "question_wordNum": 4,
          "answer": "02-2659-0889",
          "answer_wordNum": 1,
          "fact": [
            "매드포갈릭 발산점,연락처,02-2659-0889"
          ]
        }
      ]
    },
    {
      "image_id": 2,
      "question": [
        {
          "question_id": 0,
          "question_type": "정보",
          "question": "이 곳의 주요 메뉴는 무엇이 있나요?",
          "question_wordNum": 6,
          "answer": "갈릭빠네, 시저 샐러드",
          "answer_wordNum": 3,
          "fact": [
            "매드포갈릭 발산점,메뉴,갈릭빠네, 시저 샐러드"
          ]
        },
        {
          "question_id": 1,
          "question_type": "정보",
          "question": "영업시간을 알 수 있나요?",
          "question_wordNum": 4,
          "answer": "11:30~22:00",
          "answer_wordNum": 1,
          "fact": [
            "매드포갈릭 발산점,영업시간,11:30~22:00"
          ]
        },
        {
          "question_id": 2,
          "question_type": "정보",
          "question": "휴무일을 알 수 있나요?",
          "question_wordNum": 4,
          "answer": "없음",
          "answer_wordNum": 1,
          "fact": [
            "매드포갈릭 발산점,휴무일,없음"
          ]
        },
        {
          "question_id": 3,
          "question_type": "정보",
          "question": "연락처를 알 수 있나요?",
          "question_wordNum": 4,
          "answer": "02-2659-0889",
          "answer_wordNum": 1,
          "fact": [
            "매드포갈릭 발산점,연락처,02-2659-0889"
          ]
        }
      ]
    },
    {
      "image_id": 3,
      "question": [
        {
          "question_id": 0,
          "question_type": "관계",
          "question": "이 곳에 인접한 시설을 알 수 있나요?",
          "question_wordNum": 7,
          "answer": "발산역 8번 출구, 창고43, 장모님밥상",
          "answer_wordNum": 5,
          "fact": [
            "매드포갈릭 발산점,인접,발산역 8번 출구, 창고43, 장모님밥상"
          ]
        },
        {
          "question_id": 1,
          "question_type": "정보",
          "question": "이 곳의 주소는 어떻게 되나요?",
          "question_wordNum": 5,
          "answer": "서울 강서구 공항대로 236",
          "answer_wordNum": 4,
          "fact": [
            "매드포갈릭 발산점,주소,서울 강서구 공항대로 236"
          ]
        },
        {
          "question_id": 2,
          "question_type": "정보",
          "question": "휴무일은 어떻게 되나요?",
          "question_wordNum": 3,
          "answer": "없음",
          "answer_wordNum": 1,
          "fact": [
            "매드포갈릭 발산점,휴무일,없음"
          ]
        },
        {
          "question_id": 3,
          "question_type": "정보",
          "question": "이 곳은 무엇을 즐길수 있나요?",
          "question_wordNum": 5,
          "answer": "창작 메뉴, 페어링 와인",
          "answer_wordNum": 4,
          "fact": [
            "매드포갈릭 발산점,즐길수있다,창작 메뉴, 페어링 와인"
          ]
        }
      ]
    },
    {
      "image_id": 4,
      "question": [
        {
          "question_id": 0,
          "question_type": "정보",
          "question": "이 곳의 대표적인 메뉴를 알 수 있나요?",
          "question_wordNum": 7,
          "answer": "갈릭빠네, 시저 샐러드",
          "answer_wordNum": 3,
          "fact": [
            "매드포갈릭 발산점,메뉴,갈릭빠네, 시저 샐러드"
          ]
        },
        {
          "question_id": 1,
          "question_type": "정보",
          "question": "이 곳의 주소는 어떻게 되나요?",
          "question_wordNum": 5,
          "answer": "서울 강서구 공항대로 236",
          "answer_wordNum": 4,
          "fact": [
            "매드포갈릭 발산점,주소,서울 강서구 공항대로 236"
          ]
        },
        {
          "question_id": 2,
          "question_type": "정보",
          "question": "이 곳은 무엇을 즐길수 있나요?",
          "question_wordNum": 5,
          "answer": "창작 메뉴, 페어링 와인",
          "answer_wordNum": 4,
          "fact": [
            "매드포갈릭 발산점,즐길수있다,창작 메뉴, 페어링 와인"
          ]
        },
        {
          "question_id": 3,
          "question_type": "정보",
          "question": "연락처를 알 수 있나요?",
          "question_wordNum": 4,
          "answer": "02-2659-0889",
          "answer_wordNum": 1,
          "fact": [
            "매드포갈릭 발산점,연락처,02-2659-0889"
          ]
        }
      ]
    }
  ]
}