{
  "data": {
    "dataset": "2-083-219",
    "POI_id": "561581",
    "travelType": "음식점",
    "place": "피맥하우스 마곡점",
    "area": "서울"
  },
  "imageInfo": [
    {
      "image_id": 0,
      "filename": "561581_0_su_5_피맥하우스 마곡점_1_001.png",
      "mapx": 37.5606312206415,
      "mapy": 126.832720625607,
      "width": 3840,
      "height": 2160,
      "caption_info": [
        "피맥하우스 마곡점(강서구)",
        "간판"
      ]
    },
    {
      "image_id": 1,
      "filename": "561581_0_su_5_피맥하우스 마곡점_1_002.png",
      "mapx": 37.5606312206415,
      "mapy": 126.832720625607,
      "width": 3840,
      "height": 2160,
      "caption_info": [
        "피맥하우스 마곡점(강서구)",
        "간판"
      ]
    },
    {
      "image_id": 2,
      "filename": "561581_0_su_5_피맥하우스 마곡점_1_003.png",
      "mapx": 37.5606312206415,
      "mapy": 126.832720625607,
      "width": 3840,
      "height": 2160,
      "caption_info": [
        "피맥하우스 마곡점(강서구)",
        "거울 "
      ]
    },
    {
      "image_id": 3,
      "filename": "561581_0_su_5_피맥하우스 마곡점_1_004.png",
      "mapx": 37.5606312206415,
      "mapy": 126.832720625607,
      "width": 3840,
      "height": 2160,
      "caption_info": [
        "피맥하우스 마곡점(강서구)",
        "메뉴판 "
      ]
    },
    {
      "image_id": 4,
      "filename": "561581_0_su_5_피맥하우스 마곡점_1_005.png",
      "mapx": 37.5606312206415,
      "mapy": 126.832720625607,
      "width": 3840,
      "height": 2160,
      "caption_info": [
        "피맥하우스 마곡점(강서구)",
        "피자 "
      ]
    }
  ],
  "annotations": [
    {
      "image_id": 0,
      "question": [
        {
          "question_id": 0,
          "question_type": "정보",
          "question": "연락처를 알 수 있나요?",
          "question_wordNum": 4,
          "answer": "02-2659-7077",
          "answer_wordNum": 1,
          "fact": [
            "피맥하우스 마곡점,연락처,02-2659-7077"
          ]
        },
        {
          "question_id": 1,
          "question_type": "정보",
          "question": "이 곳의 메뉴를 알 수 있나요?",
          "question_wordNum": 6,
          "answer": "더블치즈피자, 페퍼로니피자",
          "answer_wordNum": 2,
          "fact": [
            "피맥하우스 마곡점,메뉴,더블치즈피자, 페퍼로니피자"
          ]
        },
        {
          "question_id": 2,
          "question_type": "정보",
          "question": "영업시간을 알 수 있나요?",
          "question_wordNum": 4,
          "answer": "17:00~24:00/01:00",
          "answer_wordNum": 1,
          "fact": [
            "피맥하우스 마곡점,영업시간,17:00~24:00/01:00"
          ]
        },
        {
          "question_id": 3,
          "question_type": "탐색",
          "question": "주차시설이 있는지 알 수 있나요?",
          "question_wordNum": 5,
          "answer": "있음",
          "answer_wordNum": 1,
          "fact": [
            "피맥하우스 마곡점,주차시설,있음"
          ]
        }
      ]
    },
    {
      "image_id": 1,
      "question": [
        {
          "question_id": 0,
          "question_type": "정보",
          "question": "이 곳의 주소를 알 수 있나요?",
          "question_wordNum": 6,
          "answer": "서울 강서구 마곡중앙6로 45",
          "answer_wordNum": 4,
          "fact": [
            "피맥하우스 마곡점,주소,서울 강서구 마곡중앙6로 45"
          ]
        },
        {
          "question_id": 1,
          "question_type": "정보",
          "question": "휴무일을 알 수 있나요?",
          "question_wordNum": 4,
          "answer": "알수없음",
          "answer_wordNum": 1,
          "fact": [
            "피맥하우스 마곡점,휴무일,알수없음"
          ]
        },
        {
          "question_id": 2,
          "question_type": "정보",
          "question": "연락처가 어떻게 되나요?",
          "question_wordNum": 3,
          "answer": "02-2659-7077",
          "answer_wordNum": 1,
          "fact": [
            "피맥하우스 마곡점,연락처,02-2659-7077"
          ]
        },
        {
          "question_id": 3,
          "question_type": "관계",
          "question": "이 곳에 인접한 시설을 알 수 있나요?",
          "question_wordNum": 7,
          "answer": "마곡역 3번 출구, 니뽕내뽕, 헤비스테이크",
          "answer_wordNum": 5,
          "fact": [
            "피맥하우스 마곡점,인접,마곡역 3번 출구, 니뽕내뽕, 헤비스테이크"
          ]
        }
      ]
    },
    {
      "image_id": 2,
      "question": [
        {
          "question_id": 0,
          "question_type": "정보",
          "question": "이 곳의 메뉴를 알 수 있나요?",
          "question_wordNum": 6,
          "answer": "더블치즈피자, 페퍼로니피자",
          "answer_wordNum": 2,
          "fact": [
            "피맥하우스 마곡점,메뉴,더블치즈피자, 페퍼로니피자"
          ]
        },
        {
          "question_id": 1,
          "question_type": "관계",
          "question": "이 곳에 인접한 시설이 있나요?",
          "question_wordNum": 5,
          "answer": "마곡역 3번 출구, 니뽕내뽕, 헤비스테이크",
          "answer_wordNum": 5,
          "fact": [
            "피맥하우스 마곡점,인접,마곡역 3번 출구, 니뽕내뽕, 헤비스테이크"
          ]
        },
        {
          "question_id": 2,
          "question_type": "정보",
          "question": "휴무일은 어떻게 되나요?",
          "question_wordNum": 3,
          "answer": "알수없음",
          "answer_wordNum": 1,
          "fact": [
            "피맥하우스 마곡점,휴무일,알수없음"
          ]
        },
        {
          "question_id": 3,
          "question_type": "정보",
          "question": "이 곳의 주소를 알 수 있나요?",
          "question_wordNum": 6,
          "answer": "서울 강서구 마곡중앙6로 45",
          "answer_wordNum": 4,
          "fact": [
            "피맥하우스 마곡점,주소,서울 강서구 마곡중앙6로 45"
          ]
        }
      ]
    },
    {
      "image_id": 3,
      "question": [
        {
          "question_id": 0,
          "question_type": "정보",
          "question": "영업시간을 알 수 있나요?",
          "question_wordNum": 4,
          "answer": "17:00~24:00/01:00",
          "answer_wordNum": 1,
          "fact": [
            "피맥하우스 마곡점,영업시간,17:00~24:00/01:00"
          ]
        },
        {
          "question_id": 1,
          "question_type": "관계",
          "question": "이 곳에 인접한 시설이 있나요?",
          "question_wordNum": 5,
          "answer": "마곡역 3번 출구, 니뽕내뽕, 헤비스테이크",
          "answer_wordNum": 5,
          "fact": [
            "피맥하우스 마곡점,인접,마곡역 3번 출구, 니뽕내뽕, 헤비스테이크"
          ]
        },
        {
          "question_id": 2,
          "question_type": "정보",
          "question": "이 곳의 주소를 알 수 있나요?",
          "question_wordNum": 6,
          "answer": "서울 강서구 마곡중앙6로 45",
          "answer_wordNum": 4,
          "fact": [
            "피맥하우스 마곡점,주소,서울 강서구 마곡중앙6로 45"
          ]
        },
        {
          "question_id": 3,
          "question_type": "정보",
          "question": "연락처가 어떻게 되나요?",
          "question_wordNum": 3,
          "answer": "02-2659-7077",
          "answer_wordNum": 1,
          "fact": [
            "피맥하우스 마곡점,연락처,02-2659-7077"
          ]
        }
      ]
    },
    {
      "image_id": 4,
      "question": [
        {
          "question_id": 0,
          "question_type": "정보",
          "question": "이 곳의 메뉴를 알 수 있나요?",
          "question_wordNum": 6,
          "answer": "더블치즈피자, 페퍼로니피자",
          "answer_wordNum": 2,
          "fact": [
            "피맥하우스 마곡점,메뉴,더블치즈피자, 페퍼로니피자"
          ]
        },
        {
          "question_id": 1,
          "question_type": "정보",
          "question": "이 곳의 주소는 어떻게 되나요?",
          "question_wordNum": 5,
          "answer": "서울 강서구 마곡중앙6로 45",
          "answer_wordNum": 4,
          "fact": [
            "피맥하우스 마곡점,주소,서울 강서구 마곡중앙6로 45"
          ]
        },
        {
          "question_id": 2,
          "question_type": "정보",
          "question": "영업시간을 알 수 있나요?",
          "question_wordNum": 4,
          "answer": "17:00~24:00/01:00",
          "answer_wordNum": 1,
          "fact": [
            "피맥하우스 마곡점,영업시간,17:00~24:00/01:00"
          ]
        },
        {
          "question_id": 3,
          "question_type": "관계",
          "question": "이 곳에 인접한 시설이 있나요?",
          "question_wordNum": 5,
          "answer": "마곡역 3번 출구, 니뽕내뽕, 헤비스테이크",
          "answer_wordNum": 5,
          "fact": [
            "피맥하우스 마곡점,인접,마곡역 3번 출구, 니뽕내뽕, 헤비스테이크"
          ]
        }
      ]
    }
  ]
}