{
  "data": {
    "dataset": "2-083-219",
    "POI_id": "561638",
    "travelType": "음식점",
    "place": "은행골 마곡1호점",
    "area": "서울"
  },
  "imageInfo": [
    {
      "image_id": 0,
      "filename": "561638_0_su_5_은행골 마곡1호점_1_001.png",
      "mapx": 37.5605537644679,
      "mapy": 126.833890184435,
      "width": 3840,
      "height": 2160,
      "caption_info": [
        "은행골 마곡1호점(마곡동)",
        "간판, 여닫이문"
      ]
    },
    {
      "image_id": 1,
      "filename": "561638_0_su_5_은행골 마곡1호점_1_002.png",
      "mapx": 37.5605537644679,
      "mapy": 126.833890184435,
      "width": 3840,
      "height": 2160,
      "caption_info": [
        "은행골 마곡1호점(마곡동)",
        "나무, 간판, 건물"
      ]
    },
    {
      "image_id": 2,
      "filename": "561638_0_su_5_은행골 마곡1호점_1_003.png",
      "mapx": 37.5605537644679,
      "mapy": 126.833890184435,
      "width": 3840,
      "height": 2160,
      "caption_info": [
        "은행골 마곡1호점(마곡동)",
        "냉장고, 물컵, 테이블, 등받이의자"
      ]
    },
    {
      "image_id": 3,
      "filename": "561638_0_su_5_은행골 마곡1호점_1_004.png",
      "mapx": 37.5605537644679,
      "mapy": 126.833890184435,
      "width": 3840,
      "height": 2160,
      "caption_info": [
        "은행골 마곡1호점(마곡동)",
        "메뉴판"
      ]
    },
    {
      "image_id": 4,
      "filename": "561638_0_su_5_은행골 마곡1호점_1_005.png",
      "mapx": 37.5605537644679,
      "mapy": 126.833890184435,
      "width": 3840,
      "height": 2160,
      "caption_info": [
        "은행골 마곡1호점(마곡동)",
        "초밥"
      ]
    }
  ],
  "annotations": [
    {
      "image_id": 0,
      "question": [
        {
          "question_id": 0,
          "question_type": "관계",
          "question": "이 곳에 인접한 시설이 있나요?",
          "question_wordNum": 5,
          "answer": "발산역 9번 출구, 스타벅스, CU",
          "answer_wordNum": 5,
          "fact": [
            "은행골 마곡1호점,인접,발산역 9번 출구, 스타벅스, CU"
          ]
        },
        {
          "question_id": 1,
          "question_type": "정보",
          "question": "이 곳의 주소는 어떻게 되나요?",
          "question_wordNum": 5,
          "answer": "서울 강서구 마곡동로 62 1층 105호",
          "answer_wordNum": 6,
          "fact": [
            "은행골 마곡1호점,주소,서울 강서구 마곡동로 62 1층 105호"
          ]
        },
        {
          "question_id": 2,
          "question_type": "정보",
          "question": "영업시간은 어떻게 되나요?",
          "question_wordNum": 3,
          "answer": "11:00 - 23:00",
          "answer_wordNum": 3,
          "fact": [
            "은행골 마곡1호점,영업시간,11:00 - 23:00"
          ]
        },
        {
          "question_id": 3,
          "question_type": "정보",
          "question": "휴무일은 어떻게 되나요?",
          "question_wordNum": 3,
          "answer": "없음",
          "answer_wordNum": 1,
          "fact": [
            "은행골 마곡1호점,휴무일,없음"
          ]
        }
      ]
    },
    {
      "image_id": 1,
      "question": [
        {
          "question_id": 0,
          "question_type": "정보",
          "question": "이 곳의 주요 메뉴는 무엇이 있나요?",
          "question_wordNum": 6,
          "answer": "특진초밥, 도로",
          "answer_wordNum": 2,
          "fact": [
            "은행골 마곡1호점,메뉴,특진초밥, 도로"
          ]
        },
        {
          "question_id": 1,
          "question_type": "정보",
          "question": "연락처가 어떻게 되나요?",
          "question_wordNum": 3,
          "answer": "02-822-4988",
          "answer_wordNum": 1,
          "fact": [
            "은행골 마곡1호점,연락처,02-822-4988"
          ]
        },
        {
          "question_id": 2,
          "question_type": "정보",
          "question": "휴무일은 어떻게 되나요?",
          "question_wordNum": 3,
          "answer": "없음",
          "answer_wordNum": 1,
          "fact": [
            "은행골 마곡1호점,휴무일,없음"
          ]
        },
        {
          "question_id": 3,
          "question_type": "탐색",
          "question": "주차시설이 있나요?",
          "question_wordNum": 2,
          "answer": "있음",
          "answer_wordNum": 1,
          "fact": [
            "은행골 마곡1호점,주차시설,있음"
          ]
        }
      ]
    },
    {
      "image_id": 2,
      "question": [
        {
          "question_id": 0,
          "question_type": "탐색",
          "question": "주차시설이 있나요?",
          "question_wordNum": 2,
          "answer": "있음",
          "answer_wordNum": 1,
          "fact": [
            "은행골 마곡1호점,주차시설,있음"
          ]
        },
        {
          "question_id": 1,
          "question_type": "관계",
          "question": "이 곳에 인접한 시설이 있나요?",
          "question_wordNum": 5,
          "answer": "발산역 9번 출구, 스타벅스, CU",
          "answer_wordNum": 5,
          "fact": [
            "은행골 마곡1호점,인접,발산역 9번 출구, 스타벅스, CU"
          ]
        },
        {
          "question_id": 2,
          "question_type": "정보",
          "question": "연락처가 어떻게 되나요?",
          "question_wordNum": 3,
          "answer": "02-822-4988",
          "answer_wordNum": 1,
          "fact": [
            "은행골 마곡1호점,연락처,02-822-4988"
          ]
        },
        {
          "question_id": 3,
          "question_type": "정보",
          "question": "이 곳의 주소는 어떻게 되나요?",
          "question_wordNum": 5,
          "answer": "서울 강서구 마곡동로 62 1층 105호",
          "answer_wordNum": 6,
          "fact": [
            "은행골 마곡1호점,주소,서울 강서구 마곡동로 62 1층 105호"
          ]
        }
      ]
    },
    {
      "image_id": 3,
      "question": [
        {
          "question_id": 0,
          "question_type": "정보",
          "question": "휴무일은 어떻게 되나요?",
          "question_wordNum": 3,
          "answer": "없음",
          "answer_wordNum": 1,
          "fact": [
            "은행골 마곡1호점,휴무일,없음"
          ]
        },
        {
          "question_id": 1,
          "question_type": "정보",
          "question": "연락처가 어떻게 되나요?",
          "question_wordNum": 3,
          "answer": "02-822-4988",
          "answer_wordNum": 1,
          "fact": [
            "은행골 마곡1호점,연락처,02-822-4988"
          ]
        },
        {
          "question_id": 2,
          "question_type": "정보",
          "question": "영업시간은 어떻게 되나요?",
          "question_wordNum": 3,
          "answer": "11:00 - 23:00",
          "answer_wordNum": 3,
          "fact": [
            "은행골 마곡1호점,영업시간,11:00 - 23:00"
          ]
        },
        {
          "question_id": 3,
          "question_type": "정보",
          "question": "이 곳의 주소는 어떻게 되나요?",
          "question_wordNum": 5,
          "answer": "서울 강서구 마곡동로 62 1층 105호",
          "answer_wordNum": 6,
          "fact": [
            "은행골 마곡1호점,주소,서울 강서구 마곡동로 62 1층 105호"
          ]
        }
      ]
    },
    {
      "image_id": 4,
      "question": [
        {
          "question_id": 0,
          "question_type": "정보",
          "question": "영업시간은 어떻게 되나요?",
          "question_wordNum": 3,
          "answer": "11:00 - 23:00",
          "answer_wordNum": 3,
          "fact": [
            "은행골 마곡1호점,영업시간,11:00 - 23:00"
          ]
        },
        {
          "question_id": 1,
          "question_type": "정보",
          "question": "이 곳의 주소는 어떻게 되나요?",
          "question_wordNum": 5,
          "answer": "서울 강서구 마곡동로 62 1층 105호",
          "answer_wordNum": 6,
          "fact": [
            "은행골 마곡1호점,주소,서울 강서구 마곡동로 62 1층 105호"
          ]
        },
        {
          "question_id": 2,
          "question_type": "탐색",
          "question": "주차시설이 있나요?",
          "question_wordNum": 2,
          "answer": "있음",
          "answer_wordNum": 1,
          "fact": [
            "은행골 마곡1호점,주차시설,있음"
          ]
        },
        {
          "question_id": 3,
          "question_type": "관계",
          "question": "이 곳에 인접한 시설이 있나요?",
          "question_wordNum": 5,
          "answer": "발산역 9번 출구, 스타벅스, CU",
          "answer_wordNum": 5,
          "fact": [
            "은행골 마곡1호점,인접,발산역 9번 출구, 스타벅스, CU"
          ]
        }
      ]
    }
  ]
}