{
  "data": {
    "dataset": "2-083-219",
    "POI_id": "561698",
    "travelType": "음식점",
    "place": "메밀이랑면이랑",
    "area": "서울"
  },
  "imageInfo": [
    {
      "image_id": 0,
      "filename": "561698_0_su_5_메밀이랑면이랑_1_001.png",
      "mapx": 37.5492576127203,
      "mapy": 126.835244139208,
      "width": 3840,
      "height": 2160,
      "caption_info": [
        "메밀이랑면이랑(내발산동)",
        "간판, 미닫이문"
      ]
    },
    {
      "image_id": 1,
      "filename": "561698_0_su_5_메밀이랑면이랑_1_002.png",
      "mapx": 37.5492576127203,
      "mapy": 126.835244139208,
      "width": 3840,
      "height": 2160,
      "caption_info": [
        "메밀이랑면이랑(내발산동)",
        "간판, 화분"
      ]
    },
    {
      "image_id": 2,
      "filename": "561698_0_su_5_메밀이랑면이랑_1_003.png",
      "mapx": 37.5492576127203,
      "mapy": 126.835244139208,
      "width": 3840,
      "height": 2160,
      "caption_info": [
        "메밀이랑면이랑(내발산동)",
        "등받이의자, 테이블, 선풍기"
      ]
    },
    {
      "image_id": 3,
      "filename": "561698_0_su_5_메밀이랑면이랑_1_004.png",
      "mapx": 37.5492576127203,
      "mapy": 126.835244139208,
      "width": 3840,
      "height": 2160,
      "caption_info": [
        "메밀이랑면이랑(내발산동)",
        "메뉴판"
      ]
    },
    {
      "image_id": 4,
      "filename": "561698_0_su_5_메밀이랑면이랑_1_005.png",
      "mapx": 37.5492576127203,
      "mapy": 126.835244139208,
      "width": 3840,
      "height": 2160,
      "caption_info": [
        "메밀이랑면이랑(내발산동)",
        "모밀"
      ]
    }
  ],
  "annotations": [
    {
      "image_id": 0,
      "question": [
        {
          "question_id": 0,
          "question_type": "정보",
          "question": "휴무일을 알 수 있나요?",
          "question_wordNum": 4,
          "answer": "알수없음",
          "answer_wordNum": 1,
          "fact": [
            "메밀이랑면이랑,휴무일,알수없음"
          ]
        },
        {
          "question_id": 1,
          "question_type": "정보",
          "question": "영업시간은 어떻게 되나요?",
          "question_wordNum": 3,
          "answer": "11:00~20:00",
          "answer_wordNum": 1,
          "fact": [
            "메밀이랑면이랑,영업시간,11:00~20:00"
          ]
        },
        {
          "question_id": 2,
          "question_type": "관계",
          "question": "이 곳에 인접한 시설이 있나요?",
          "question_wordNum": 5,
          "answer": "우장산역 4번 출구, 황금밥상, 송화치킨",
          "answer_wordNum": 5,
          "fact": [
            "메밀이랑면이랑,인접,우장산역 4번 출구, 황금밥상, 송화치킨"
          ]
        },
        {
          "question_id": 3,
          "question_type": "정보",
          "question": "이 곳의 주소는 어떻게 되나요?",
          "question_wordNum": 5,
          "answer": "서울 강서구 강서로 263-17",
          "answer_wordNum": 4,
          "fact": [
            "메밀이랑면이랑,주소,서울 강서구 강서로 263-17"
          ]
        }
      ]
    },
    {
      "image_id": 1,
      "question": [
        {
          "question_id": 0,
          "question_type": "탐색",
          "question": "주차시설이 있나요?",
          "question_wordNum": 2,
          "answer": "있음",
          "answer_wordNum": 1,
          "fact": [
            "메밀이랑면이랑,주차시설,있음"
          ]
        },
        {
          "question_id": 1,
          "question_type": "정보",
          "question": "이 곳의 주요 메뉴는 무엇이 있나요?",
          "question_wordNum": 6,
          "answer": "메밀짜장, 함흥냉면",
          "answer_wordNum": 2,
          "fact": [
            "메밀이랑면이랑,메뉴,메밀짜장, 함흥냉면"
          ]
        },
        {
          "question_id": 2,
          "question_type": "정보",
          "question": "이 곳의 주소는 어떻게 되나요?",
          "question_wordNum": 5,
          "answer": "서울 강서구 강서로 263-17",
          "answer_wordNum": 4,
          "fact": [
            "메밀이랑면이랑,주소,서울 강서구 강서로 263-17"
          ]
        },
        {
          "question_id": 3,
          "question_type": "정보",
          "question": "영업시간은 어떻게 되나요?",
          "question_wordNum": 3,
          "answer": "11:00~20:00",
          "answer_wordNum": 1,
          "fact": [
            "메밀이랑면이랑,영업시간,11:00~20:00"
          ]
        }
      ]
    },
    {
      "image_id": 2,
      "question": [
        {
          "question_id": 0,
          "question_type": "탐색",
          "question": "주차시설이 있나요?",
          "question_wordNum": 2,
          "answer": "있음",
          "answer_wordNum": 1,
          "fact": [
            "메밀이랑면이랑,주차시설,있음"
          ]
        },
        {
          "question_id": 1,
          "question_type": "관계",
          "question": "이 곳에 인접한 시설이 있나요?",
          "question_wordNum": 5,
          "answer": "우장산역 4번 출구, 황금밥상, 송화치킨",
          "answer_wordNum": 5,
          "fact": [
            "메밀이랑면이랑,인접,우장산역 4번 출구, 황금밥상, 송화치킨"
          ]
        },
        {
          "question_id": 2,
          "question_type": "정보",
          "question": "이 곳의 주요 메뉴는 무엇이 있나요?",
          "question_wordNum": 6,
          "answer": "메밀짜장, 함흥냉면",
          "answer_wordNum": 2,
          "fact": [
            "메밀이랑면이랑,메뉴,메밀짜장, 함흥냉면"
          ]
        },
        {
          "question_id": 3,
          "question_type": "정보",
          "question": "휴무일을 알 수 있나요?",
          "question_wordNum": 4,
          "answer": "알수없음",
          "answer_wordNum": 1,
          "fact": [
            "메밀이랑면이랑,휴무일,알수없음"
          ]
        }
      ]
    },
    {
      "image_id": 3,
      "question": [
        {
          "question_id": 0,
          "question_type": "정보",
          "question": "영업시간은 어떻게 되나요?",
          "question_wordNum": 3,
          "answer": "11:00~20:00",
          "answer_wordNum": 1,
          "fact": [
            "메밀이랑면이랑,영업시간,11:00~20:00"
          ]
        },
        {
          "question_id": 1,
          "question_type": "탐색",
          "question": "주차시설이 있나요?",
          "question_wordNum": 2,
          "answer": "있음",
          "answer_wordNum": 1,
          "fact": [
            "메밀이랑면이랑,주차시설,있음"
          ]
        },
        {
          "question_id": 2,
          "question_type": "정보",
          "question": "이 곳의 주소는 어떻게 되나요?",
          "question_wordNum": 5,
          "answer": "서울 강서구 강서로 263-17",
          "answer_wordNum": 4,
          "fact": [
            "메밀이랑면이랑,주소,서울 강서구 강서로 263-17"
          ]
        },
        {
          "question_id": 3,
          "question_type": "관계",
          "question": "이 곳에 인접한 시설이 있나요?",
          "question_wordNum": 5,
          "answer": "우장산역 4번 출구, 황금밥상, 송화치킨",
          "answer_wordNum": 5,
          "fact": [
            "메밀이랑면이랑,인접,우장산역 4번 출구, 황금밥상, 송화치킨"
          ]
        }
      ]
    },
    {
      "image_id": 4,
      "question": [
        {
          "question_id": 0,
          "question_type": "정보",
          "question": "휴무일을 알 수 있나요?",
          "question_wordNum": 4,
          "answer": "알수없음",
          "answer_wordNum": 1,
          "fact": [
            "메밀이랑면이랑,휴무일,알수없음"
          ]
        },
        {
          "question_id": 1,
          "question_type": "정보",
          "question": "연락처가 어떻게 되나요?",
          "question_wordNum": 3,
          "answer": "0507-1403-8585",
          "answer_wordNum": 1,
          "fact": [
            "메밀이랑면이랑,연락처,0507-1403-8585"
          ]
        },
        {
          "question_id": 2,
          "question_type": "정보",
          "question": "이 곳의 주요 메뉴는 무엇이 있나요?",
          "question_wordNum": 6,
          "answer": "메밀짜장, 함흥냉면",
          "answer_wordNum": 2,
          "fact": [
            "메밀이랑면이랑,메뉴,메밀짜장, 함흥냉면"
          ]
        },
        {
          "question_id": 3,
          "question_type": "정보",
          "question": "이 곳의 주소는 어떻게 되나요?",
          "question_wordNum": 5,
          "answer": "서울 강서구 강서로 263-17",
          "answer_wordNum": 4,
          "fact": [
            "메밀이랑면이랑,주소,서울 강서구 강서로 263-17"
          ]
        }
      ]
    }
  ]
}