{
  "data": {
    "dataset": "2-083-219",
    "POI_id": "561423",
    "travelType": "음식점",
    "place": "토담곤드레밥",
    "area": "서울"
  },
  "imageInfo": [
    {
      "image_id": 0,
      "filename": "561423_0_su_5_토담곤드레밥_1_001.png",
      "mapx": 37.5694779635566,
      "mapy": 126.840705162672,
      "width": 3840,
      "height": 2160,
      "caption_info": [
        "토담곤드레밥(가양동)",
        "간판"
      ]
    },
    {
      "image_id": 1,
      "filename": "561423_0_su_5_토담곤드레밥_1_002.png",
      "mapx": 37.5694779635566,
      "mapy": 126.840705162672,
      "width": 3840,
      "height": 2160,
      "caption_info": [
        "토담곤드레밥(가양동)",
        "간판, 여닫이문, 오토바이, 등받이의자"
      ]
    },
    {
      "image_id": 2,
      "filename": "561423_0_su_5_토담곤드레밥_1_003.png",
      "mapx": 37.5694779635566,
      "mapy": 126.840705162672,
      "width": 3840,
      "height": 2160,
      "caption_info": [
        "토담곤드레밥(가양동)",
        "테이블, 등받이의자"
      ]
    },
    {
      "image_id": 3,
      "filename": "561423_0_su_5_토담곤드레밥_1_004.png",
      "mapx": 37.5694779635566,
      "mapy": 126.840705162672,
      "width": 3840,
      "height": 2160,
      "caption_info": [
        "토담곤드레밥(가양동)",
        "메뉴판"
      ]
    },
    {
      "image_id": 4,
      "filename": "561423_0_su_5_토담곤드레밥_1_005.png",
      "mapx": 37.5694779635566,
      "mapy": 126.840705162672,
      "width": 3840,
      "height": 2160,
      "caption_info": [
        "토담곤드레밥(가양동)",
        "돼지 두루치기"
      ]
    }
  ],
  "annotations": [
    {
      "image_id": 0,
      "question": [
        {
          "question_id": 0,
          "question_type": "정보",
          "question": "영업시간은 어떻게 되나요?",
          "question_wordNum": 3,
          "answer": "10:00 - 21:30",
          "answer_wordNum": 3,
          "fact": [
            "토담곤드레밥,영업시간,10:00 - 21:30"
          ]
        },
        {
          "question_id": 1,
          "question_type": "정보",
          "question": "휴무일은 어떻게 되나요?",
          "question_wordNum": 3,
          "answer": "없음",
          "answer_wordNum": 1,
          "fact": [
            "토담곤드레밥,휴무일,없음"
          ]
        },
        {
          "question_id": 2,
          "question_type": "정보",
          "question": "이 곳의 주요 메뉴를 알 수 있나요?",
          "question_wordNum": 7,
          "answer": "돼지 두루치기, 오징어 볶음",
          "answer_wordNum": 4,
          "fact": [
            "토담곤드레밥,메뉴,돼지 두루치기, 오징어 볶음"
          ]
        },
        {
          "question_id": 3,
          "question_type": "정보",
          "question": "이 곳에 인접한 시설이 있나요?",
          "question_wordNum": 5,
          "answer": "양천향교역 1번 출구, 카페공간, 양천곱창",
          "answer_wordNum": 5,
          "fact": [
            "토담곤드레밥,인접,양천향교역 1번 출구, 카페공간, 양천곱창"
          ]
        }
      ]
    },
    {
      "image_id": 1,
      "question": [
        {
          "question_id": 0,
          "question_type": "정보",
          "question": "연락처를 알 수 있나요?",
          "question_wordNum": 4,
          "answer": "02-3665-7947",
          "answer_wordNum": 1,
          "fact": [
            "토담곤드레밥,연락처,02-3665-7947"
          ]
        },
        {
          "question_id": 1,
          "question_type": "탐색",
          "question": "주차시설이 있나요?",
          "question_wordNum": 2,
          "answer": "없음",
          "answer_wordNum": 1,
          "fact": [
            "토담곤드레밥,주차시설,없음"
          ]
        },
        {
          "question_id": 2,
          "question_type": "정보",
          "question": "이 곳의 주소는 어떻게 되나요?",
          "question_wordNum": 5,
          "answer": "서울 강서구 양천로49길 17",
          "answer_wordNum": 4,
          "fact": [
            "토담곤드레밥,주소,서울 강서구 양천로49길 17"
          ]
        },
        {
          "question_id": 3,
          "question_type": "정보",
          "question": "이 곳에 인접한 시설이 있나요?",
          "question_wordNum": 5,
          "answer": "양천향교역 1번 출구, 카페공간, 양천곱창",
          "answer_wordNum": 5,
          "fact": [
            "토담곤드레밥,인접,양천향교역 1번 출구, 카페공간, 양천곱창"
          ]
        }
      ]
    },
    {
      "image_id": 2,
      "question": [
        {
          "question_id": 0,
          "question_type": "정보",
          "question": "연락처를 알 수 있나요?",
          "question_wordNum": 4,
          "answer": "02-3665-7947",
          "answer_wordNum": 1,
          "fact": [
            "토담곤드레밥,연락처,02-3665-7947"
          ]
        },
        {
          "question_id": 1,
          "question_type": "정보",
          "question": "영업시간은 어떻게 되나요?",
          "question_wordNum": 3,
          "answer": "10:00 - 21:30",
          "answer_wordNum": 3,
          "fact": [
            "토담곤드레밥,영업시간,10:00 - 21:30"
          ]
        },
        {
          "question_id": 2,
          "question_type": "정보",
          "question": "휴무일은 어떻게 되나요?",
          "question_wordNum": 3,
          "answer": "없음",
          "answer_wordNum": 1,
          "fact": [
            "토담곤드레밥,휴무일,없음"
          ]
        },
        {
          "question_id": 3,
          "question_type": "정보",
          "question": "이 곳에 인접한 시설이 있나요?",
          "question_wordNum": 5,
          "answer": "양천향교역 1번 출구, 카페공간, 양천곱창",
          "answer_wordNum": 5,
          "fact": [
            "토담곤드레밥,인접,양천향교역 1번 출구, 카페공간, 양천곱창"
          ]
        }
      ]
    },
    {
      "image_id": 3,
      "question": [
        {
          "question_id": 0,
          "question_type": "탐색",
          "question": "주차시설이 있나요?",
          "question_wordNum": 2,
          "answer": "없음",
          "answer_wordNum": 1,
          "fact": [
            "토담곤드레밥,주차시설,없음"
          ]
        },
        {
          "question_id": 1,
          "question_type": "정보",
          "question": "연락처가 어떻게 되나요?",
          "question_wordNum": 3,
          "answer": "02-3665-7947",
          "answer_wordNum": 1,
          "fact": [
            "토담곤드레밥,연락처,02-3665-7947"
          ]
        },
        {
          "question_id": 2,
          "question_type": "정보",
          "question": "휴무일은 어떻게 되나요?",
          "question_wordNum": 3,
          "answer": "없음",
          "answer_wordNum": 1,
          "fact": [
            "토담곤드레밥,휴무일,없음"
          ]
        },
        {
          "question_id": 3,
          "question_type": "정보",
          "question": "이 곳에 인접한 시설이 있나요?",
          "question_wordNum": 5,
          "answer": "양천향교역 1번 출구, 카페공간, 양천곱창",
          "answer_wordNum": 5,
          "fact": [
            "토담곤드레밥,인접,양천향교역 1번 출구, 카페공간, 양천곱창"
          ]
        }
      ]
    },
    {
      "image_id": 4,
      "question": [
        {
          "question_id": 0,
          "question_type": "탐색",
          "question": "주차시설이 있는지 알 수 있나요?",
          "question_wordNum": 5,
          "answer": "없음",
          "answer_wordNum": 1,
          "fact": [
            "토담곤드레밥,주차시설,없음"
          ]
        },
        {
          "question_id": 1,
          "question_type": "정보",
          "question": "영업시간은 어떻게 되나요?",
          "question_wordNum": 3,
          "answer": "10:00 - 21:30",
          "answer_wordNum": 3,
          "fact": [
            "토담곤드레밥,영업시간,10:00 - 21:30"
          ]
        },
        {
          "question_id": 2,
          "question_type": "정보",
          "question": "휴무일은 어떻게 되나요?",
          "question_wordNum": 3,
          "answer": "없음",
          "answer_wordNum": 1,
          "fact": [
            "토담곤드레밥,휴무일,없음"
          ]
        },
        {
          "question_id": 3,
          "question_type": "정보",
          "question": "이 곳에 인접한 시설이 있나요?",
          "question_wordNum": 5,
          "answer": "양천향교역 1번 출구, 카페공간, 양천곱창",
          "answer_wordNum": 5,
          "fact": [
            "토담곤드레밥,인접,양천향교역 1번 출구, 카페공간, 양천곱창"
          ]
        }
      ]
    }
  ]
}