{
  "data": {
    "dataset": "2-083-219",
    "POI_id": "561590",
    "travelType": "음식점",
    "place": "도화림 발산점",
    "area": "서울"
  },
  "imageInfo": [
    {
      "image_id": 0,
      "filename": "561590_0_su_5_도화림 발산점_1_001.png",
      "mapx": 37.5605448342463,
      "mapy": 126.838427628497,
      "width": 3840,
      "height": 2160,
      "caption_info": [
        "도화림 발산점(강서구)",
        "간판"
      ]
    },
    {
      "image_id": 1,
      "filename": "561590_0_su_5_도화림 발산점_1_002.png",
      "mapx": 37.5605448342463,
      "mapy": 126.838427628497,
      "width": 3840,
      "height": 2160,
      "caption_info": [
        "도화림 발산점(강서구)",
        "간판"
      ]
    },
    {
      "image_id": 2,
      "filename": "561590_0_su_5_도화림 발산점_1_003.png",
      "mapx": 37.5605448342463,
      "mapy": 126.838427628497,
      "width": 3840,
      "height": 2160,
      "caption_info": [
        "도화림 발산점(강서구)",
        "등받이 의자"
      ]
    },
    {
      "image_id": 3,
      "filename": "561590_0_su_5_도화림 발산점_1_004.png",
      "mapx": 37.5605448342463,
      "mapy": 126.838427628497,
      "width": 3840,
      "height": 2160,
      "caption_info": [
        "도화림 발산점(강서구)",
        "메뉴판 "
      ]
    },
    {
      "image_id": 4,
      "filename": "561590_0_su_5_도화림 발산점_1_005.png",
      "mapx": 37.5605448342463,
      "mapy": 126.838427628497,
      "width": 3840,
      "height": 2160,
      "caption_info": [
        "도화림 발산점(강서구)",
        "그릇 "
      ]
    }
  ],
  "annotations": [
    {
      "image_id": 0,
      "question": [
        {
          "question_id": 0,
          "question_type": "정보",
          "question": "연락처가 어떻게 되나요?",
          "question_wordNum": 3,
          "answer": "0507-1433-8779",
          "answer_wordNum": 1,
          "fact": [
            "도화림 발산점,연락처,0507-1433-8779"
          ]
        },
        {
          "question_id": 1,
          "question_type": "정보",
          "question": "대표 메뉴가 무엇인가요?",
          "question_wordNum": 3,
          "answer": "짜장면, 양장피",
          "answer_wordNum": 2,
          "fact": [
            "도화림 발산점,메뉴,짜장면, 양장피"
          ]
        },
        {
          "question_id": 2,
          "question_type": "정보",
          "question": "영업시간을 알 수 있나요?",
          "question_wordNum": 4,
          "answer": "11:00~21:30",
          "answer_wordNum": 1,
          "fact": [
            "도화림 발산점,영업시간,11:00~21:30"
          ]
        },
        {
          "question_id": 3,
          "question_type": "정보",
          "question": "이 곳의 주소를 알 수 있나요?",
          "question_wordNum": 6,
          "answer": "서울 강서구 강서로 391",
          "answer_wordNum": 4,
          "fact": [
            "도화림 발산점,주소,서울 강서구 강서로 391"
          ]
        }
      ]
    },
    {
      "image_id": 1,
      "question": [
        {
          "question_id": 0,
          "question_type": "정보",
          "question": "이 곳의 주소는 어떻게 되나요?",
          "question_wordNum": 5,
          "answer": "서울 강서구 강서로 391",
          "answer_wordNum": 4,
          "fact": [
            "도화림 발산점,주소,서울 강서구 강서로 391"
          ]
        },
        {
          "question_id": 1,
          "question_type": "정보",
          "question": "영업시간을 알 수 있나요?",
          "question_wordNum": 4,
          "answer": "11:00~21:30",
          "answer_wordNum": 1,
          "fact": [
            "도화림 발산점,영업시간,11:00~21:30"
          ]
        },
        {
          "question_id": 2,
          "question_type": "정보",
          "question": "이 곳의 메뉴를 알 수 있나요?",
          "question_wordNum": 6,
          "answer": "짜장면, 양장피",
          "answer_wordNum": 2,
          "fact": [
            "도화림 발산점,메뉴,짜장면, 양장피"
          ]
        },
        {
          "question_id": 3,
          "question_type": "정보",
          "question": "연락처를 알 수 있나요?",
          "question_wordNum": 4,
          "answer": "0507-1433-8779",
          "answer_wordNum": 1,
          "fact": [
            "도화림 발산점,연락처,0507-1433-8779"
          ]
        }
      ]
    },
    {
      "image_id": 2,
      "question": [
        {
          "question_id": 0,
          "question_type": "정보",
          "question": "영업시간을 알 수 있나요?",
          "question_wordNum": 4,
          "answer": "11:00~21:30",
          "answer_wordNum": 1,
          "fact": [
            "도화림 발산점,영업시간,11:00~21:30"
          ]
        },
        {
          "question_id": 1,
          "question_type": "관계",
          "question": "이 곳에 인접한 시설이 있나요?",
          "question_wordNum": 5,
          "answer": "발산역 2번 출구, 문영비즈웍스, 머구리, 월화식당",
          "answer_wordNum": 6,
          "fact": [
            "도화림 발산점,인접,발산역 2번 출구, 문영비즈웍스, 머구리, 월화식당"
          ]
        },
        {
          "question_id": 2,
          "question_type": "정보",
          "question": "연락처가 어떻게 되나요?",
          "question_wordNum": 3,
          "answer": "0507-1433-8779",
          "answer_wordNum": 1,
          "fact": [
            "도화림 발산점,연락처,0507-1433-8779"
          ]
        },
        {
          "question_id": 3,
          "question_type": "정보",
          "question": "이 곳의 주소를 알 수 있나요?",
          "question_wordNum": 6,
          "answer": "서울 강서구 강서로 391",
          "answer_wordNum": 4,
          "fact": [
            "도화림 발산점,주소,서울 강서구 강서로 391"
          ]
        }
      ]
    },
    {
      "image_id": 3,
      "question": [
        {
          "question_id": 0,
          "question_type": "탐색",
          "question": "주차시설이 있는지 알 수 있나요?",
          "question_wordNum": 5,
          "answer": "있음",
          "answer_wordNum": 1,
          "fact": [
            "도화림 발산점,주차시설,있음"
          ]
        },
        {
          "question_id": 1,
          "question_type": "관계",
          "question": "이 곳에 인접한 시설을 알 수 있나요?",
          "question_wordNum": 7,
          "answer": "발산역 2번 출구, 문영비즈웍스, 머구리, 월화식당",
          "answer_wordNum": 6,
          "fact": [
            "도화림 발산점,인접,발산역 2번 출구, 문영비즈웍스, 머구리, 월화식당"
          ]
        },
        {
          "question_id": 2,
          "question_type": "정보",
          "question": "이 곳의 주소를 알 수 있나요?",
          "question_wordNum": 6,
          "answer": "서울 강서구 강서로 391",
          "answer_wordNum": 4,
          "fact": [
            "도화림 발산점,주소,서울 강서구 강서로 391"
          ]
        },
        {
          "question_id": 3,
          "question_type": "정보",
          "question": "이 곳의 메뉴를 알 수 있나요?",
          "question_wordNum": 6,
          "answer": "짜장면, 양장피",
          "answer_wordNum": 2,
          "fact": [
            "도화림 발산점,메뉴,짜장면, 양장피"
          ]
        }
      ]
    },
    {
      "image_id": 4,
      "question": [
        {
          "question_id": 0,
          "question_type": "정보",
          "question": "이 곳의 메뉴를 알 수 있나요?",
          "question_wordNum": 6,
          "answer": "짜장면, 양장피",
          "answer_wordNum": 2,
          "fact": [
            "도화림 발산점,메뉴,짜장면, 양장피"
          ]
        },
        {
          "question_id": 1,
          "question_type": "정보",
          "question": "영업시간을 알 수 있나요?",
          "question_wordNum": 4,
          "answer": "11:00~21:30",
          "answer_wordNum": 1,
          "fact": [
            "도화림 발산점,영업시간,11:00~21:30"
          ]
        },
        {
          "question_id": 2,
          "question_type": "탐색",
          "question": "주차시설이 있는지 알 수 있나요?",
          "question_wordNum": 5,
          "answer": "있음",
          "answer_wordNum": 1,
          "fact": [
            "도화림 발산점,주차시설,있음"
          ]
        },
        {
          "question_id": 3,
          "question_type": "정보",
          "question": "이 곳의 주소를 알 수 있나요?",
          "question_wordNum": 6,
          "answer": "서울 강서구 강서로 391",
          "answer_wordNum": 4,
          "fact": [
            "도화림 발산점,주소,서울 강서구 강서로 391"
          ]
        }
      ]
    }
  ]
}