{
  "data": {
    "dataset": "2-083-219",
    "POI_id": "561649",
    "travelType": "음식점",
    "place": "사미식당 ",
    "area": "서울"
  },
  "imageInfo": [
    {
      "image_id": 0,
      "filename": "561649_0_su_5_사미식당 _1_001.png",
      "mapx": 37.5582829549403,
      "mapy": 126.829009917866,
      "width": 3840,
      "height": 2160,
      "caption_info": [
        "사미식당(마곡동)",
        "간판, 여닫이문, 화분"
      ]
    },
    {
      "image_id": 1,
      "filename": "561649_0_su_5_사미식당 _1_002.png",
      "mapx": 37.5582829549403,
      "mapy": 126.829009917866,
      "width": 3840,
      "height": 2160,
      "caption_info": [
        "사미식당(마곡동)",
        "간판, 여닫이문"
      ]
    },
    {
      "image_id": 2,
      "filename": "561649_0_su_5_사미식당 _1_003.png",
      "mapx": 37.5582829549403,
      "mapy": 126.829009917866,
      "width": 3840,
      "height": 2160,
      "caption_info": [
        "사미식당(마곡동)",
        "커튼, 테이블, 등받이의자"
      ]
    },
    {
      "image_id": 3,
      "filename": "561649_0_su_5_사미식당 _1_004.png",
      "mapx": 37.5582829549403,
      "mapy": 126.829009917866,
      "width": 3840,
      "height": 2160,
      "caption_info": [
        "사미식당(마곡동)",
        "메뉴판"
      ]
    },
    {
      "image_id": 4,
      "filename": "561649_0_su_5_사미식당 _1_005.png",
      "mapx": 37.5582829549403,
      "mapy": 126.829009917866,
      "width": 3840,
      "height": 2160,
      "caption_info": [
        "사미식당(마곡동)",
        "칼국수"
      ]
    }
  ],
  "annotations": [
    {
      "image_id": 0,
      "question": [
        {
          "question_id": 0,
          "question_type": "정보",
          "question": "이 곳의 주요 메뉴는 무엇이 있나요?",
          "question_wordNum": 6,
          "answer": "닭개장, 닭곰탕",
          "answer_wordNum": 2,
          "fact": [
            "사미식당,메뉴,닭개장, 닭곰탕"
          ]
        },
        {
          "question_id": 1,
          "question_type": "관계",
          "question": "이 곳에 인접한 시설이 있나요?",
          "question_wordNum": 5,
          "answer": "마곡역 4번 출구, 유미카츠, 컴포즈커피",
          "answer_wordNum": 5,
          "fact": [
            "사미식당,인접,마곡역 4번 출구, 유미카츠, 컴포즈커피"
          ]
        },
        {
          "question_id": 2,
          "question_type": "정보",
          "question": "휴무일은 어떻게 되나요?",
          "question_wordNum": 3,
          "answer": "없음",
          "answer_wordNum": 1,
          "fact": [
            "사미식당,휴무일,없음"
          ]
        },
        {
          "question_id": 3,
          "question_type": "정보",
          "question": "영업시간은 어떻게 되나요?",
          "question_wordNum": 3,
          "answer": "11:00~21:00/22:00",
          "answer_wordNum": 1,
          "fact": [
            "사미식당,영업시간,11:00~21:00/22:00"
          ]
        }
      ]
    },
    {
      "image_id": 1,
      "question": [
        {
          "question_id": 0,
          "question_type": "정보",
          "question": "영업시간은 어떻게 되나요?",
          "question_wordNum": 3,
          "answer": "11:00~21:00/22:00",
          "answer_wordNum": 1,
          "fact": [
            "사미식당,영업시간,11:00~21:00/22:00"
          ]
        },
        {
          "question_id": 1,
          "question_type": "정보",
          "question": "연락처가 어떻게 되나요?",
          "question_wordNum": 3,
          "answer": "02-6953-2710",
          "answer_wordNum": 1,
          "fact": [
            "사미식당,연락처,02-6953-2710"
          ]
        },
        {
          "question_id": 2,
          "question_type": "정보",
          "question": "이 곳의 주소는 어떻게 되나요?",
          "question_wordNum": 5,
          "answer": "서울 강서구 마곡중앙4로 22 파인스퀘어 A동 107호 본관 119호 배달관",
          "answer_wordNum": 10,
          "fact": [
            "사미식당,주소,서울 강서구 마곡중앙4로 22 파인스퀘어 A동 107호 본관 119호 배달관"
          ]
        },
        {
          "question_id": 3,
          "question_type": "관계",
          "question": "이 곳에 인접한 시설이 있나요?",
          "question_wordNum": 5,
          "answer": "마곡역 4번 출구, 유미카츠, 컴포즈커피",
          "answer_wordNum": 5,
          "fact": [
            "사미식당,인접,마곡역 4번 출구, 유미카츠, 컴포즈커피"
          ]
        }
      ]
    },
    {
      "image_id": 2,
      "question": [
        {
          "question_id": 0,
          "question_type": "관계",
          "question": "이 곳에 인접한 시설이 있나요?",
          "question_wordNum": 5,
          "answer": "마곡역 4번 출구, 유미카츠, 컴포즈커피",
          "answer_wordNum": 5,
          "fact": [
            "사미식당,인접,마곡역 4번 출구, 유미카츠, 컴포즈커피"
          ]
        },
        {
          "question_id": 1,
          "question_type": "정보",
          "question": "이 곳의 대표적인 메뉴는 무엇이 있나요?",
          "question_wordNum": 6,
          "answer": "닭개장, 닭곰탕",
          "answer_wordNum": 2,
          "fact": [
            "사미식당,메뉴,닭개장, 닭곰탕"
          ]
        },
        {
          "question_id": 2,
          "question_type": "탐색",
          "question": "주차시설이 있나요?",
          "question_wordNum": 2,
          "answer": "있음",
          "answer_wordNum": 1,
          "fact": [
            "사미식당,주차시설,있음"
          ]
        },
        {
          "question_id": 3,
          "question_type": "정보",
          "question": "이곳은 무엇을 사용하나요?",
          "question_wordNum": 3,
          "answer": "하림 유통 닭",
          "answer_wordNum": 3,
          "fact": [
            "사미식당,사용,하림 유통 닭"
          ]
        }
      ]
    },
    {
      "image_id": 3,
      "question": [
        {
          "question_id": 0,
          "question_type": "정보",
          "question": "영업시간은 어떻게 되나요?",
          "question_wordNum": 3,
          "answer": "11:00~21:00/22:00",
          "answer_wordNum": 1,
          "fact": [
            "사미식당,영업시간,11:00~21:00/22:00"
          ]
        },
        {
          "question_id": 1,
          "question_type": "관계",
          "question": "이 곳에 인접한 시설이 있나요?",
          "question_wordNum": 5,
          "answer": "마곡역 4번 출구, 유미카츠, 컴포즈커피",
          "answer_wordNum": 5,
          "fact": [
            "사미식당,인접,마곡역 4번 출구, 유미카츠, 컴포즈커피"
          ]
        },
        {
          "question_id": 2,
          "question_type": "정보",
          "question": "연락처가 어떻게 되나요?",
          "question_wordNum": 3,
          "answer": "02-6953-2710",
          "answer_wordNum": 1,
          "fact": [
            "사미식당,연락처,02-6953-2710"
          ]
        },
        {
          "question_id": 3,
          "question_type": "정보",
          "question": "휴무일은 어떻게 되나요?",
          "question_wordNum": 3,
          "answer": "없음",
          "answer_wordNum": 1,
          "fact": [
            "사미식당,휴무일,없음"
          ]
        }
      ]
    },
    {
      "image_id": 4,
      "question": [
        {
          "question_id": 0,
          "question_type": "정보",
          "question": "이 곳의 대표적인 메뉴는 무엇이 있나요?",
          "question_wordNum": 6,
          "answer": "닭개장, 닭곰탕",
          "answer_wordNum": 2,
          "fact": [
            "사미식당,메뉴,닭개장, 닭곰탕"
          ]
        },
        {
          "question_id": 1,
          "question_type": "탐색",
          "question": "주차시설이 있나요?",
          "question_wordNum": 2,
          "answer": "있음",
          "answer_wordNum": 1,
          "fact": [
            "사미식당,주차시설,있음"
          ]
        },
        {
          "question_id": 2,
          "question_type": "관계",
          "question": "이 곳에 인접한 시설이 있나요?",
          "question_wordNum": 5,
          "answer": "마곡역 4번 출구, 유미카츠, 컴포즈커피",
          "answer_wordNum": 5,
          "fact": [
            "사미식당,인접,마곡역 4번 출구, 유미카츠, 컴포즈커피"
          ]
        },
        {
          "question_id": 3,
          "question_type": "정보",
          "question": "이 곳의 주소는 어떻게 되나요?",
          "question_wordNum": 5,
          "answer": "서울 강서구 마곡중앙4로 22 파인스퀘어 A동 107호 본관 119호 배달관",
          "answer_wordNum": 10,
          "fact": [
            "사미식당,주소,서울 강서구 마곡중앙4로 22 파인스퀘어 A동 107호 본관 119호 배달관"
          ]
        }
      ]
    }
  ]
}