{
  "data": {
    "dataset": "2-083-219",
    "POI_id": "561727",
    "travelType": "음식점",
    "place": "돈&오리 발산점",
    "area": "서울"
  },
  "imageInfo": [
    {
      "image_id": 0,
      "filename": "561727_0_su_5_돈&오리 발산점_1_001.png",
      "mapx": 37.5522964793753,
      "mapy": 126.826550185758,
      "width": 3840,
      "height": 2160,
      "caption_info": [
        "돈&오리 발산점(강서구)",
        "메뉴판 "
      ]
    },
    {
      "image_id": 1,
      "filename": "561727_0_su_5_돈&오리 발산점_1_002.png",
      "mapx": 37.5522964793753,
      "mapy": 126.826550185758,
      "width": 3840,
      "height": 2160,
      "caption_info": [
        "돈&오리 발산점(강서구)",
        "간판"
      ]
    },
    {
      "image_id": 2,
      "filename": "561727_0_su_5_돈&오리 발산점_1_003.png",
      "mapx": 37.5522964793753,
      "mapy": 126.826550185758,
      "width": 3840,
      "height": 2160,
      "caption_info": [
        "돈&오리 발산점(강서구)",
        "등받이 의자"
      ]
    },
    {
      "image_id": 3,
      "filename": "561727_0_su_5_돈&오리 발산점_1_004.png",
      "mapx": 37.5522964793753,
      "mapy": 126.826550185758,
      "width": 3840,
      "height": 2160,
      "caption_info": [
        "돈&오리 발산점(강서구)",
        "메뉴판 "
      ]
    },
    {
      "image_id": 4,
      "filename": "561727_0_su_5_돈&오리 발산점_1_005.png",
      "mapx": 37.5522964793753,
      "mapy": 126.826550185758,
      "width": 3840,
      "height": 2160,
      "caption_info": [
        "돈&오리 발산점(강서구)",
        "고기"
      ]
    }
  ],
  "annotations": [
    {
      "image_id": 0,
      "question": [
        {
          "question_id": 0,
          "question_type": "정보",
          "question": "연락처를 알 수 있나요?",
          "question_wordNum": 4,
          "answer": "02-2667-8855",
          "answer_wordNum": 1,
          "fact": [
            "돈&오리 발산점,연락처,02-2667-8855"
          ]
        },
        {
          "question_id": 1,
          "question_type": "관계",
          "question": "이 곳에 인접한 시설을 알 수 있나요?",
          "question_wordNum": 7,
          "answer": "마곡역 5번 출구, 리트웨이, GS25",
          "answer_wordNum": 5,
          "fact": [
            "돈&오리 발산점,인접,마곡역 5번 출구, 리트웨이, GS25"
          ]
        },
        {
          "question_id": 2,
          "question_type": "정보",
          "question": "영업시간은 어떻게 되나요?",
          "question_wordNum": 3,
          "answer": "11:00/17:00~22:00",
          "answer_wordNum": 1,
          "fact": [
            "돈&오리 발산점,영업시간,11:00/17:00~22:00"
          ]
        },
        {
          "question_id": 3,
          "question_type": "정보",
          "question": "휴무일은 어떻게 되나요?",
          "question_wordNum": 3,
          "answer": "알수없음",
          "answer_wordNum": 1,
          "fact": [
            "돈&오리 발산점,휴무일,알수없음"
          ]
        }
      ]
    },
    {
      "image_id": 1,
      "question": [
        {
          "question_id": 0,
          "question_type": "관계",
          "question": "이 곳에 인접한 시설이 있나요?",
          "question_wordNum": 5,
          "answer": "마곡역 5번 출구, 리트웨이, GS25",
          "answer_wordNum": 5,
          "fact": [
            "돈&오리 발산점,인접,마곡역 5번 출구, 리트웨이, GS25"
          ]
        },
        {
          "question_id": 1,
          "question_type": "정보",
          "question": "대표 메뉴가 무엇인가요?",
          "question_wordNum": 3,
          "answer": "오리로스, 오리주물럭",
          "answer_wordNum": 2,
          "fact": [
            "돈&오리 발산점,메뉴,오리로스, 오리주물럭"
          ]
        },
        {
          "question_id": 2,
          "question_type": "정보",
          "question": "영업시간은 어떻게 되나요?",
          "question_wordNum": 3,
          "answer": "11:00/17:00~22:00",
          "answer_wordNum": 1,
          "fact": [
            "돈&오리 발산점,영업시간,11:00/17:00~22:00"
          ]
        },
        {
          "question_id": 3,
          "question_type": "탐색",
          "question": "주차시설이 있는지 알 수 있나요?",
          "question_wordNum": 5,
          "answer": "있음",
          "answer_wordNum": 1,
          "fact": [
            "돈&오리 발산점,주차시설,있음"
          ]
        }
      ]
    },
    {
      "image_id": 2,
      "question": [
        {
          "question_id": 0,
          "question_type": "관계",
          "question": "이 곳에 인접한 시설이 있나요?",
          "question_wordNum": 5,
          "answer": "마곡역 5번 출구, 리트웨이, GS25",
          "answer_wordNum": 5,
          "fact": [
            "돈&오리 발산점,인접,마곡역 5번 출구, 리트웨이, GS25"
          ]
        },
        {
          "question_id": 1,
          "question_type": "정보",
          "question": "이 곳의 주소는 어떻게 되나요?",
          "question_wordNum": 5,
          "answer": "서울 강서구 수명로 68-11",
          "answer_wordNum": 4,
          "fact": [
            "돈&오리 발산점,주소,서울 강서구 수명로 68-11"
          ]
        },
        {
          "question_id": 2,
          "question_type": "탐색",
          "question": "주차시설이 있는지 알 수 있나요?",
          "question_wordNum": 5,
          "answer": "있음",
          "answer_wordNum": 1,
          "fact": [
            "돈&오리 발산점,주차시설,있음"
          ]
        },
        {
          "question_id": 3,
          "question_type": "정보",
          "question": "연락처가 어떻게 되나요?",
          "question_wordNum": 3,
          "answer": "02-2667-8855",
          "answer_wordNum": 1,
          "fact": [
            "돈&오리 발산점,연락처,02-2667-8855"
          ]
        }
      ]
    },
    {
      "image_id": 3,
      "question": [
        {
          "question_id": 0,
          "question_type": "정보",
          "question": "영업시간은 어떻게 되나요?",
          "question_wordNum": 3,
          "answer": "11:00/17:00~22:00",
          "answer_wordNum": 1,
          "fact": [
            "돈&오리 발산점,영업시간,11:00/17:00~22:00"
          ]
        },
        {
          "question_id": 1,
          "question_type": "정보",
          "question": "이 곳의 메뉴를 알 수 있나요?",
          "question_wordNum": 6,
          "answer": "오리로스, 오리주물럭",
          "answer_wordNum": 2,
          "fact": [
            "돈&오리 발산점,메뉴,오리로스, 오리주물럭"
          ]
        },
        {
          "question_id": 2,
          "question_type": "정보",
          "question": "연락처가 어떻게 되나요?",
          "question_wordNum": 3,
          "answer": "02-2667-8855",
          "answer_wordNum": 1,
          "fact": [
            "돈&오리 발산점,연락처,02-2667-8855"
          ]
        },
        {
          "question_id": 3,
          "question_type": "관계",
          "question": "이 곳에 인접한 시설을 알 수 있나요?",
          "question_wordNum": 7,
          "answer": "마곡역 5번 출구, 리트웨이, GS25",
          "answer_wordNum": 5,
          "fact": [
            "돈&오리 발산점,인접,마곡역 5번 출구, 리트웨이, GS25"
          ]
        }
      ]
    },
    {
      "image_id": 4,
      "question": [
        {
          "question_id": 0,
          "question_type": "정보",
          "question": "대표 메뉴가 무엇인가요?",
          "question_wordNum": 3,
          "answer": "오리로스, 오리주물럭",
          "answer_wordNum": 2,
          "fact": [
            "돈&오리 발산점,메뉴,오리로스, 오리주물럭"
          ]
        },
        {
          "question_id": 1,
          "question_type": "정보",
          "question": "연락처를 알 수 있나요?",
          "question_wordNum": 4,
          "answer": "02-2667-8855",
          "answer_wordNum": 1,
          "fact": [
            "돈&오리 발산점,연락처,02-2667-8855"
          ]
        },
        {
          "question_id": 2,
          "question_type": "정보",
          "question": "휴무일을 알 수 있나요?",
          "question_wordNum": 4,
          "answer": "알수없음",
          "answer_wordNum": 1,
          "fact": [
            "돈&오리 발산점,휴무일,알수없음"
          ]
        },
        {
          "question_id": 3,
          "question_type": "관계",
          "question": "이 곳에 인접한 시설을 알 수 있나요?",
          "question_wordNum": 7,
          "answer": "마곡역 5번 출구, 리트웨이, GS25",
          "answer_wordNum": 5,
          "fact": [
            "돈&오리 발산점,인접,마곡역 5번 출구, 리트웨이, GS25"
          ]
        }
      ]
    }
  ]
}