{
  "data": {
    "dataset": "2-083-219",
    "POI_id": "561740",
    "travelType": "음식점",
    "place": "국민낙곱새 강서점",
    "area": "서울"
  },
  "imageInfo": [
    {
      "image_id": 0,
      "filename": "561740_0_su_5_국민낙곱새 강서점_1_001.png",
      "mapx": 37.55547171758,
      "mapy": 126.83694435541,
      "width": 3840,
      "height": 2160,
      "caption_info": [
        "국민낙곱새 강서점(내발산동)",
        "간판, 여닫이문"
      ]
    },
    {
      "image_id": 1,
      "filename": "561740_0_su_5_국민낙곱새 강서점_1_002.png",
      "mapx": 37.55547171758,
      "mapy": 126.83694435541,
      "width": 3840,
      "height": 2160,
      "caption_info": [
        "국민낙곱새 강서점(내발산동)",
        "간판, 여닫이문"
      ]
    },
    {
      "image_id": 2,
      "filename": "561740_0_su_5_국민낙곱새 강서점_1_003.png",
      "mapx": 37.55547171758,
      "mapy": 126.83694435541,
      "width": 3840,
      "height": 2160,
      "caption_info": [
        "국민낙곱새 강서점(내발산동)",
        "메뉴판, 게단"
      ]
    },
    {
      "image_id": 3,
      "filename": "561740_0_su_5_국민낙곱새 강서점_1_004.png",
      "mapx": 37.55547171758,
      "mapy": 126.83694435541,
      "width": 3840,
      "height": 2160,
      "caption_info": [
        "국민낙곱새 강서점(내발산동)",
        "메뉴판"
      ]
    },
    {
      "image_id": 4,
      "filename": "561740_0_su_5_국민낙곱새 강서점_1_005.png",
      "mapx": 37.55547171758,
      "mapy": 126.83694435541,
      "width": 3840,
      "height": 2160,
      "caption_info": [
        "국민낙곱새 강서점(내발산동)",
        "낙곱새, 수저"
      ]
    }
  ],
  "annotations": [
    {
      "image_id": 0,
      "question": [
        {
          "question_id": 0,
          "question_type": "정보",
          "question": "휴무일은 어떻게 되나요?",
          "question_wordNum": 3,
          "answer": "없음",
          "answer_wordNum": 1,
          "fact": [
            "국민낙곱새 강서점,휴무일,없음"
          ]
        },
        {
          "question_id": 1,
          "question_type": "탐색",
          "question": "주차시설이 있는지 알 수 있나요?",
          "question_wordNum": 5,
          "answer": "있음",
          "answer_wordNum": 1,
          "fact": [
            "국민낙곱새 강서점,주차시설,있음"
          ]
        },
        {
          "question_id": 2,
          "question_type": "정보",
          "question": "이 곳의 대표적인 메뉴를 알 수 있나요?",
          "question_wordNum": 7,
          "answer": "낙곱새, 낙우새",
          "answer_wordNum": 2,
          "fact": [
            "국민낙곱새 강서점,메뉴,낙곱새, 낙우새"
          ]
        },
        {
          "question_id": 3,
          "question_type": "정보",
          "question": "연락처를 알 수 있나요?",
          "question_wordNum": 4,
          "answer": "0507-1480-8879",
          "answer_wordNum": 1,
          "fact": [
            "국민낙곱새 강서점,연락처,0507-1480-8879"
          ]
        }
      ]
    },
    {
      "image_id": 1,
      "question": [
        {
          "question_id": 0,
          "question_type": "정보",
          "question": "휴무일을 알 수 있나요?",
          "question_wordNum": 4,
          "answer": "없음",
          "answer_wordNum": 1,
          "fact": [
            "국민낙곱새 강서점,휴무일,없음"
          ]
        },
        {
          "question_id": 1,
          "question_type": "정보",
          "question": "이 곳의 주소는 어떻게 되나요?",
          "question_wordNum": 5,
          "answer": "서울 강서구 강서로 333",
          "answer_wordNum": 4,
          "fact": [
            "국민낙곱새 강서점,주소,서울 강서구 강서로 333"
          ]
        },
        {
          "question_id": 2,
          "question_type": "정보",
          "question": "이 곳의 대표적인 메뉴는 무엇이 있나요?",
          "question_wordNum": 6,
          "answer": "낙곱새, 낙우새",
          "answer_wordNum": 2,
          "fact": [
            "국민낙곱새 강서점,메뉴,낙곱새, 낙우새"
          ]
        },
        {
          "question_id": 3,
          "question_type": "정보",
          "question": "인접한 시설이 있나요?",
          "question_wordNum": 3,
          "answer": "발산역 7번 출구, 한우리교회, 명지각",
          "answer_wordNum": 5,
          "fact": [
            "국민낙곱새 강서점,인접,발산역 7번 출구, 한우리교회, 명지각"
          ]
        }
      ]
    },
    {
      "image_id": 2,
      "question": [
        {
          "question_id": 0,
          "question_type": "정보",
          "question": "이 곳의 대표적인 메뉴를 알 수 있나요?",
          "question_wordNum": 7,
          "answer": "낙곱새, 낙우새",
          "answer_wordNum": 2,
          "fact": [
            "국민낙곱새 강서점,메뉴,낙곱새, 낙우새"
          ]
        },
        {
          "question_id": 1,
          "question_type": "탐색",
          "question": "주차시설이 있는지 알 수 있나요?",
          "question_wordNum": 5,
          "answer": "있음",
          "answer_wordNum": 1,
          "fact": [
            "국민낙곱새 강서점,주차시설,있음"
          ]
        },
        {
          "question_id": 2,
          "question_type": "정보",
          "question": "휴무일을 알 수 있나요?",
          "question_wordNum": 4,
          "answer": "없음",
          "answer_wordNum": 1,
          "fact": [
            "국민낙곱새 강서점,휴무일,없음"
          ]
        },
        {
          "question_id": 3,
          "question_type": "정보",
          "question": "영업시간을 알 수 있나요?",
          "question_wordNum": 4,
          "answer": "11:00 - 23:30",
          "answer_wordNum": 3,
          "fact": [
            "국민낙곱새 강서점,영업시간,11:00 - 23:30"
          ]
        }
      ]
    },
    {
      "image_id": 3,
      "question": [
        {
          "question_id": 0,
          "question_type": "정보",
          "question": "휴무일을 알 수 있나요?",
          "question_wordNum": 4,
          "answer": "없음",
          "answer_wordNum": 1,
          "fact": [
            "국민낙곱새 강서점,휴무일,없음"
          ]
        },
        {
          "question_id": 1,
          "question_type": "정보",
          "question": "영업시간은 몇시부터 몇시까지로 기재되어 있나요?",
          "question_wordNum": 5,
          "answer": "11:00 - 23:30",
          "answer_wordNum": 3,
          "fact": [
            "국민낙곱새 강서점,영업시간,11:00 - 23:30"
          ]
        },
        {
          "question_id": 2,
          "question_type": "정보",
          "question": "이 곳의 대표적인 메뉴를 알 수 있나요?",
          "question_wordNum": 7,
          "answer": "낙곱새, 낙우새",
          "answer_wordNum": 2,
          "fact": [
            "국민낙곱새 강서점,메뉴,낙곱새, 낙우새"
          ]
        },
        {
          "question_id": 3,
          "question_type": "정보",
          "question": "주소는 어떻게 되나요?",
          "question_wordNum": 3,
          "answer": "서울 강서구 강서로 333",
          "answer_wordNum": 4,
          "fact": [
            "국민낙곱새 강서점,주소,서울 강서구 강서로 333"
          ]
        }
      ]
    },
    {
      "image_id": 4,
      "question": [
        {
          "question_id": 0,
          "question_type": "정보",
          "question": "영업시간은 몇시부터 몇시까지로 기재되어 있나요?",
          "question_wordNum": 5,
          "answer": "11:00 - 23:30",
          "answer_wordNum": 3,
          "fact": [
            "국민낙곱새 강서점,영업시간,11:00 - 23:30"
          ]
        },
        {
          "question_id": 1,
          "question_type": "정보",
          "question": "이 곳의 주요 메뉴를 알 수 있나요?",
          "question_wordNum": 7,
          "answer": "낙곱새, 낙우새",
          "answer_wordNum": 2,
          "fact": [
            "국민낙곱새 강서점,메뉴,낙곱새, 낙우새"
          ]
        },
        {
          "question_id": 2,
          "question_type": "탐색",
          "question": "주차시설이 있는지 알 수 있나요?",
          "question_wordNum": 5,
          "answer": "있음",
          "answer_wordNum": 1,
          "fact": [
            "국민낙곱새 강서점,주차시설,있음"
          ]
        },
        {
          "question_id": 3,
          "question_type": "정보",
          "question": "인접한 시설이 있나요?",
          "question_wordNum": 3,
          "answer": "발산역 7번 출구, 한우리교회, 명지각",
          "answer_wordNum": 5,
          "fact": [
            "국민낙곱새 강서점,인접,발산역 7번 출구, 한우리교회, 명지각"
          ]
        }
      ]
    }
  ]
}