{
  "data": {
    "dataset": "2-083-219",
    "POI_id": "561542",
    "travelType": "음식점",
    "place": "김삼구 김치삼겹살 ",
    "area": "서울"
  },
  "imageInfo": [
    {
      "image_id": 0,
      "filename": "561542_0_su_5_김삼구 김치삼겹살 _1_001.png",
      "mapx": 37.5604628413112,
      "mapy": 126.83439426731,
      "width": 3840,
      "height": 2160,
      "caption_info": [
        "김삼구 김치삼겹살(강서구) ",
        "간판"
      ]
    },
    {
      "image_id": 1,
      "filename": "561542_0_su_5_김삼구 김치삼겹살 _1_002.png",
      "mapx": 37.5604628413112,
      "mapy": 126.83439426731,
      "width": 3840,
      "height": 2160,
      "caption_info": [
        "김삼구 김치삼겹살(강서구) ",
        "간판"
      ]
    },
    {
      "image_id": 2,
      "filename": "561542_0_su_5_김삼구 김치삼겹살 _1_003.png",
      "mapx": 37.5604628413112,
      "mapy": 126.83439426731,
      "width": 3840,
      "height": 2160,
      "caption_info": [
        "김삼구 김치삼겹살(강서구) ",
        "의자 "
      ]
    },
    {
      "image_id": 3,
      "filename": "561542_0_su_5_김삼구 김치삼겹살 _1_004.png",
      "mapx": 37.5604628413112,
      "mapy": 126.83439426731,
      "width": 3840,
      "height": 2160,
      "caption_info": [
        "김삼구 김치삼겹살(강서구) ",
        "메뉴판 "
      ]
    },
    {
      "image_id": 4,
      "filename": "561542_0_su_5_김삼구 김치삼겹살 _1_005.png",
      "mapx": 37.5604628413112,
      "mapy": 126.83439426731,
      "width": 3840,
      "height": 2160,
      "caption_info": [
        "김삼구 김치삼겹살(강서구) ",
        "고기 "
      ]
    }
  ],
  "annotations": [
    {
      "image_id": 0,
      "question": [
        {
          "question_id": 0,
          "question_type": "정보",
          "question": "휴무일을 알 수 있나요?",
          "question_wordNum": 4,
          "answer": "알수없음",
          "answer_wordNum": 1,
          "fact": [
            "김삼구 김치삼겹살,휴무일,알수없음"
          ]
        },
        {
          "question_id": 1,
          "question_type": "정보",
          "question": "대표 메뉴가 무엇인가요?",
          "question_wordNum": 3,
          "answer": "생삼겹살, 생목살",
          "answer_wordNum": 2,
          "fact": [
            "김삼구 김치삼겹살,메뉴,생삼겹살, 생목살"
          ]
        },
        {
          "question_id": 2,
          "question_type": "정보",
          "question": "이 곳의 주소는 어떻게 되나요?",
          "question_wordNum": 5,
          "answer": "서울 강서구 마곡중앙6로 63",
          "answer_wordNum": 4,
          "fact": [
            "김삼구 김치삼겹살,주소,서울 강서구 마곡중앙6로 63"
          ]
        },
        {
          "question_id": 3,
          "question_type": "정보",
          "question": "연락처를 알 수 있나요?",
          "question_wordNum": 4,
          "answer": "02-3663-0239",
          "answer_wordNum": 1,
          "fact": [
            "김삼구 김치삼겹살,연락처,02-3663-0239"
          ]
        }
      ]
    },
    {
      "image_id": 1,
      "question": [
        {
          "question_id": 0,
          "question_type": "정보",
          "question": "휴무일을 알 수 있나요?",
          "question_wordNum": 4,
          "answer": "알수없음",
          "answer_wordNum": 1,
          "fact": [
            "김삼구 김치삼겹살,휴무일,알수없음"
          ]
        },
        {
          "question_id": 1,
          "question_type": "정보",
          "question": "이 곳의 주소는 어떻게 되나요?",
          "question_wordNum": 5,
          "answer": "서울 강서구 마곡중앙6로 63",
          "answer_wordNum": 4,
          "fact": [
            "김삼구 김치삼겹살,주소,서울 강서구 마곡중앙6로 63"
          ]
        },
        {
          "question_id": 2,
          "question_type": "정보",
          "question": "연락처가 어떻게 되나요?",
          "question_wordNum": 3,
          "answer": "02-3663-0239",
          "answer_wordNum": 1,
          "fact": [
            "김삼구 김치삼겹살,연락처,02-3663-0239"
          ]
        },
        {
          "question_id": 3,
          "question_type": "관계",
          "question": "이 곳에 인접한 시설이 있나요?",
          "question_wordNum": 5,
          "answer": "발산역 9번 출구, 동굴, 김치옥",
          "answer_wordNum": 5,
          "fact": [
            "김삼구 김치삼겹살,인접,발산역 9번 출구, 동굴, 김치옥"
          ]
        }
      ]
    },
    {
      "image_id": 2,
      "question": [
        {
          "question_id": 0,
          "question_type": "정보",
          "question": "이 곳의 메뉴를 알 수 있나요?",
          "question_wordNum": 6,
          "answer": "생삼겹살, 생목살",
          "answer_wordNum": 2,
          "fact": [
            "김삼구 김치삼겹살,메뉴,생삼겹살, 생목살"
          ]
        },
        {
          "question_id": 1,
          "question_type": "정보",
          "question": "이 곳의 주소를 알 수 있나요?",
          "question_wordNum": 6,
          "answer": "서울 강서구 마곡중앙6로 63",
          "answer_wordNum": 4,
          "fact": [
            "김삼구 김치삼겹살,주소,서울 강서구 마곡중앙6로 63"
          ]
        },
        {
          "question_id": 2,
          "question_type": "정보",
          "question": "연락처가 어떻게 되나요?",
          "question_wordNum": 3,
          "answer": "02-3663-0239",
          "answer_wordNum": 1,
          "fact": [
            "김삼구 김치삼겹살,연락처,02-3663-0239"
          ]
        },
        {
          "question_id": 3,
          "question_type": "관계",
          "question": "이 곳에 인접한 시설을 알 수 있나요?",
          "question_wordNum": 7,
          "answer": "발산역 9번 출구, 동굴, 김치옥",
          "answer_wordNum": 5,
          "fact": [
            "김삼구 김치삼겹살,인접,발산역 9번 출구, 동굴, 김치옥"
          ]
        }
      ]
    },
    {
      "image_id": 3,
      "question": [
        {
          "question_id": 0,
          "question_type": "정보",
          "question": "휴무일은 어떻게 되나요?",
          "question_wordNum": 3,
          "answer": "알수없음",
          "answer_wordNum": 1,
          "fact": [
            "김삼구 김치삼겹살,휴무일,알수없음"
          ]
        },
        {
          "question_id": 1,
          "question_type": "탐색",
          "question": "주차시설이 있는지 알 수 있나요?",
          "question_wordNum": 5,
          "answer": "있음",
          "answer_wordNum": 1,
          "fact": [
            "김삼구 김치삼겹살,주차시설,있음"
          ]
        },
        {
          "question_id": 2,
          "question_type": "관계",
          "question": "이 곳에 인접한 시설을 알 수 있나요?",
          "question_wordNum": 7,
          "answer": "발산역 9번 출구, 동굴, 김치옥",
          "answer_wordNum": 5,
          "fact": [
            "김삼구 김치삼겹살,인접,발산역 9번 출구, 동굴, 김치옥"
          ]
        },
        {
          "question_id": 3,
          "question_type": "정보",
          "question": "이 곳의 메뉴를 알 수 있나요?",
          "question_wordNum": 6,
          "answer": "생삼겹살, 생목살",
          "answer_wordNum": 2,
          "fact": [
            "김삼구 김치삼겹살,메뉴,생삼겹살, 생목살"
          ]
        }
      ]
    },
    {
      "image_id": 4,
      "question": [
        {
          "question_id": 0,
          "question_type": "정보",
          "question": "대표 메뉴가 무엇인가요?",
          "question_wordNum": 3,
          "answer": "생삼겹살, 생목살",
          "answer_wordNum": 2,
          "fact": [
            "김삼구 김치삼겹살,메뉴,생삼겹살, 생목살"
          ]
        },
        {
          "question_id": 1,
          "question_type": "정보",
          "question": "영업시간은 어떻게 되나요?",
          "question_wordNum": 3,
          "answer": "11:00~22:00/24:00/02:00",
          "answer_wordNum": 1,
          "fact": [
            "김삼구 김치삼겹살,영업시간,11:00~22:00/24:00/02:00"
          ]
        },
        {
          "question_id": 2,
          "question_type": "관계",
          "question": "이 곳에 인접한 시설을 알 수 있나요?",
          "question_wordNum": 7,
          "answer": "발산역 9번 출구, 동굴, 김치옥",
          "answer_wordNum": 5,
          "fact": [
            "김삼구 김치삼겹살,인접,발산역 9번 출구, 동굴, 김치옥"
          ]
        },
        {
          "question_id": 3,
          "question_type": "탐색",
          "question": "주차시설이 있는지 알 수 있나요?",
          "question_wordNum": 5,
          "answer": "있음",
          "answer_wordNum": 1,
          "fact": [
            "김삼구 김치삼겹살,주차시설,있음"
          ]
        }
      ]
    }
  ]
}