{
  "data": {
    "dataset": "2-083-219",
    "POI_id": "561696",
    "travelType": "음식점",
    "place": "다이아몬드치킨",
    "area": "서울"
  },
  "imageInfo": [
    {
      "image_id": 0,
      "filename": "561696_0_su_5_다이아몬드치킨_1_001.png",
      "mapx": 37.552953373962,
      "mapy": 126.834185904309,
      "width": 3840,
      "height": 2160,
      "caption_info": [
        "다이아몬드치킨(내발산동)",
        "간판, 현수막, 입간판"
      ]
    },
    {
      "image_id": 1,
      "filename": "561696_0_su_5_다이아몬드치킨_1_002.png",
      "mapx": 37.552953373962,
      "mapy": 126.834185904309,
      "width": 3840,
      "height": 2160,
      "caption_info": [
        "다이아몬드치킨(내발산동)",
        "간판,입간판"
      ]
    },
    {
      "image_id": 2,
      "filename": "561696_0_su_5_다이아몬드치킨_1_003.png",
      "mapx": 37.552953373962,
      "mapy": 126.834185904309,
      "width": 3840,
      "height": 2160,
      "caption_info": [
        "다이아몬드치킨(내발산동)",
        "테이블, 등받이 의자"
      ]
    },
    {
      "image_id": 3,
      "filename": "561696_0_su_5_다이아몬드치킨_1_004.png",
      "mapx": 37.552953373962,
      "mapy": 126.834185904309,
      "width": 3840,
      "height": 2160,
      "caption_info": [
        "다이아몬드치킨(내발산동)",
        "메뉴판"
      ]
    },
    {
      "image_id": 4,
      "filename": "561696_0_su_5_다이아몬드치킨_1_005.png",
      "mapx": 37.552953373962,
      "mapy": 126.834185904309,
      "width": 3840,
      "height": 2160,
      "caption_info": [
        "다이아몬드치킨(내발산동)",
        "치킨"
      ]
    }
  ],
  "annotations": [
    {
      "image_id": 0,
      "question": [
        {
          "question_id": 0,
          "question_type": "탐색",
          "question": "주차시설이 있나요?",
          "question_wordNum": 2,
          "answer": "있음",
          "answer_wordNum": 1,
          "fact": [
            "다이아몬드치킨,주차시설,있음"
          ]
        },
        {
          "question_id": 1,
          "question_type": "정보",
          "question": "이 곳의 주요 메뉴는 무엇이 있나요?",
          "question_wordNum": 6,
          "answer": "다이아몬드닭강정, 호텔숙성치킨",
          "answer_wordNum": 2,
          "fact": [
            "다이아몬드치킨,메뉴,다이아몬드닭강정, 호텔숙성치킨"
          ]
        },
        {
          "question_id": 2,
          "question_type": "관계",
          "question": "이 곳에 인접한 시설이 있나요?",
          "question_wordNum": 5,
          "answer": "우장산역 4번 출구, GS25, 충칭마라탕",
          "answer_wordNum": 5,
          "fact": [
            "다이아몬드치킨,인접,우장산역 4번 출구, GS25, 충칭마라탕"
          ]
        },
        {
          "question_id": 3,
          "question_type": "정보",
          "question": "이 곳의 주소는 어떻게 되나요?",
          "question_wordNum": 5,
          "answer": "서울 강서구 강서로47길 36",
          "answer_wordNum": 4,
          "fact": [
            "다이아몬드치킨,주소,서울 강서구 강서로47길 36"
          ]
        }
      ]
    },
    {
      "image_id": 1,
      "question": [
        {
          "question_id": 0,
          "question_type": "정보",
          "question": "연락처가 어떻게 되나요?",
          "question_wordNum": 3,
          "answer": "0507-1438-8281",
          "answer_wordNum": 1,
          "fact": [
            "다이아몬드치킨,연락처,0507-1438-8281"
          ]
        },
        {
          "question_id": 1,
          "question_type": "정보",
          "question": "영업시간은 어떻게 되나요?",
          "question_wordNum": 3,
          "answer": "12:00 - 24:00",
          "answer_wordNum": 3,
          "fact": [
            "다이아몬드치킨,영업시간,12:00 - 24:00"
          ]
        },
        {
          "question_id": 2,
          "question_type": "정보",
          "question": "휴무일은 어떻게 되나요?",
          "question_wordNum": 3,
          "answer": "없음",
          "answer_wordNum": 1,
          "fact": [
            "다이아몬드치킨,휴무일,없음"
          ]
        },
        {
          "question_id": 3,
          "question_type": "정보",
          "question": "이 곳의 주요 메뉴는 무엇이 있나요?",
          "question_wordNum": 6,
          "answer": "다이아몬드닭강정, 호텔숙성치킨",
          "answer_wordNum": 2,
          "fact": [
            "다이아몬드치킨,메뉴,다이아몬드닭강정, 호텔숙성치킨"
          ]
        }
      ]
    },
    {
      "image_id": 2,
      "question": [
        {
          "question_id": 0,
          "question_type": "탐색",
          "question": "주차시설이 있나요?",
          "question_wordNum": 2,
          "answer": "있음",
          "answer_wordNum": 1,
          "fact": [
            "다이아몬드치킨,주차시설,있음"
          ]
        },
        {
          "question_id": 1,
          "question_type": "정보",
          "question": "휴무일은 어떻게 되나요?",
          "question_wordNum": 3,
          "answer": "없음",
          "answer_wordNum": 1,
          "fact": [
            "다이아몬드치킨,휴무일,없음"
          ]
        },
        {
          "question_id": 2,
          "question_type": "관계",
          "question": "이 곳에 인접한 시설이 있나요?",
          "question_wordNum": 5,
          "answer": "우장산역 4번 출구, GS25, 충칭마라탕",
          "answer_wordNum": 5,
          "fact": [
            "다이아몬드치킨,인접,우장산역 4번 출구, GS25, 충칭마라탕"
          ]
        },
        {
          "question_id": 3,
          "question_type": "정보",
          "question": "이 곳의 주소는 어떻게 되나요?",
          "question_wordNum": 5,
          "answer": "서울 강서구 강서로47길 36",
          "answer_wordNum": 4,
          "fact": [
            "다이아몬드치킨,주소,서울 강서구 강서로47길 36"
          ]
        }
      ]
    },
    {
      "image_id": 3,
      "question": [
        {
          "question_id": 0,
          "question_type": "정보",
          "question": "연락처가 어떻게 되나요?",
          "question_wordNum": 3,
          "answer": "0507-1438-8281",
          "answer_wordNum": 1,
          "fact": [
            "다이아몬드치킨,연락처,0507-1438-8281"
          ]
        },
        {
          "question_id": 1,
          "question_type": "정보",
          "question": "영업시간은 몇시부터 몇시까지로 기재되어 있나요?",
          "question_wordNum": 5,
          "answer": "12:00 - 24:00",
          "answer_wordNum": 3,
          "fact": [
            "다이아몬드치킨,영업시간,12:00 - 24:00"
          ]
        },
        {
          "question_id": 2,
          "question_type": "탐색",
          "question": "주차시설이 있나요?",
          "question_wordNum": 2,
          "answer": "있음",
          "answer_wordNum": 1,
          "fact": [
            "다이아몬드치킨,주차시설,있음"
          ]
        },
        {
          "question_id": 3,
          "question_type": "정보",
          "question": "휴무일은 어떻게 되나요?",
          "question_wordNum": 3,
          "answer": "없음",
          "answer_wordNum": 1,
          "fact": [
            "다이아몬드치킨,휴무일,없음"
          ]
        }
      ]
    },
    {
      "image_id": 4,
      "question": [
        {
          "question_id": 0,
          "question_type": "관계",
          "question": "이 곳에 인접한 시설이 있나요?",
          "question_wordNum": 5,
          "answer": "우장산역 4번 출구, GS25, 충칭마라탕",
          "answer_wordNum": 5,
          "fact": [
            "다이아몬드치킨,인접,우장산역 4번 출구, GS25, 충칭마라탕"
          ]
        },
        {
          "question_id": 1,
          "question_type": "정보",
          "question": "이 곳의 주소는 어떻게 되나요?",
          "question_wordNum": 5,
          "answer": "서울 강서구 강서로47길 36",
          "answer_wordNum": 4,
          "fact": [
            "다이아몬드치킨,주소,서울 강서구 강서로47길 36"
          ]
        },
        {
          "question_id": 2,
          "question_type": "정보",
          "question": "영업시간은 몇시부터 몇시까지로 기재되어 있나요?",
          "question_wordNum": 5,
          "answer": "12:00 - 24:00",
          "answer_wordNum": 3,
          "fact": [
            "다이아몬드치킨,영업시간,12:00 - 24:00"
          ]
        },
        {
          "question_id": 3,
          "question_type": "정보",
          "question": "연락처가 어떻게 되나요?",
          "question_wordNum": 3,
          "answer": "0507-1438-8281",
          "answer_wordNum": 1,
          "fact": [
            "다이아몬드치킨,연락처,0507-1438-8281"
          ]
        }
      ]
    }
  ]
}