{
  "data": {
    "dataset": "2-083-219",
    "POI_id": "561788",
    "travelType": "음식점",
    "place": "쌈신냉면 발산점",
    "area": "서울"
  },
  "imageInfo": [
    {
      "image_id": 0,
      "filename": "561788_0_su_5_쌈신냉면 발산점_1_001.png",
      "mapx": 37.5524117213142,
      "mapy": 126.834783503098,
      "width": 3840,
      "height": 2160,
      "caption_info": [
        "쌈신냉면 발산점(내발산동)",
        "간판, 여닫이문"
      ]
    },
    {
      "image_id": 1,
      "filename": "561788_0_su_5_쌈신냉면 발산점_1_002.png",
      "mapx": 37.5524117213142,
      "mapy": 126.834783503098,
      "width": 3840,
      "height": 2160,
      "caption_info": [
        "쌈신냉면 발산점(내발산동)",
        "간판, 여닫이문"
      ]
    },
    {
      "image_id": 2,
      "filename": "561788_0_su_5_쌈신냉면 발산점_1_003.png",
      "mapx": 37.5524117213142,
      "mapy": 126.834783503098,
      "width": 3840,
      "height": 2160,
      "caption_info": [
        "쌈신냉면 발산점(내발산동)",
        "테이블, 등받이 의자"
      ]
    },
    {
      "image_id": 3,
      "filename": "561788_0_su_5_쌈신냉면 발산점_1_004.png",
      "mapx": 37.5524117213142,
      "mapy": 126.834783503098,
      "width": 3840,
      "height": 2160,
      "caption_info": [
        "쌈신냉면 발산점(내발산동)",
        "메뉴판"
      ]
    },
    {
      "image_id": 4,
      "filename": "561788_0_su_5_쌈신냉면 발산점_1_005.png",
      "mapx": 37.5524117213142,
      "mapy": 126.834783503098,
      "width": 3840,
      "height": 2160,
      "caption_info": [
        "쌈신냉면 발산점(내발산동)",
        "물냉면"
      ]
    }
  ],
  "annotations": [
    {
      "image_id": 0,
      "question": [
        {
          "question_id": 0,
          "question_type": "정보",
          "question": "연락처가 어떻게 되나요?",
          "question_wordNum": 3,
          "answer": "0507-1448-4889",
          "answer_wordNum": 1,
          "fact": [
            "쌈신냉면 발산점,연락처,0507-1448-4889"
          ]
        },
        {
          "question_id": 1,
          "question_type": "관계",
          "question": "이 곳에 인접한 시설을 알 수 있나요?",
          "question_wordNum": 7,
          "answer": "우장산역 4번 출구, 대박곱창, 세븐일레븐",
          "answer_wordNum": 5,
          "fact": [
            "쌈신냉면 발산점,인접,우장산역 4번 출구, 대박곱창, 세븐일레븐"
          ]
        },
        {
          "question_id": 2,
          "question_type": "탐색",
          "question": "주차시설이 있나요?",
          "question_wordNum": 2,
          "answer": "있음",
          "answer_wordNum": 1,
          "fact": [
            "쌈신냉면 발산점,주차시설,있음"
          ]
        },
        {
          "question_id": 3,
          "question_type": "정보",
          "question": "휴무일은 어떻게 되나요?",
          "question_wordNum": 3,
          "answer": "없음",
          "answer_wordNum": 1,
          "fact": [
            "쌈신냉면 발산점,휴무일,없음"
          ]
        }
      ]
    },
    {
      "image_id": 1,
      "question": [
        {
          "question_id": 0,
          "question_type": "정보",
          "question": "이 곳의 대표적인 메뉴를 알 수 있나요?",
          "question_wordNum": 7,
          "answer": "매운갈비찜, 간장갈비찜",
          "answer_wordNum": 2,
          "fact": [
            "쌈신냉면 발산점,메뉴,매운갈비찜, 간장갈비찜"
          ]
        },
        {
          "question_id": 1,
          "question_type": "정보",
          "question": "이 곳의 주소를 알 수 있나요?",
          "question_wordNum": 6,
          "answer": "서울 강서구 강서로47나길 8",
          "answer_wordNum": 4,
          "fact": [
            "쌈신냉면 발산점,주소,서울 강서구 강서로47나길 8"
          ]
        },
        {
          "question_id": 2,
          "question_type": "정보",
          "question": "영업시간은 몇시부터 몇시까지로 기재되어 있나요?",
          "question_wordNum": 5,
          "answer": "11:00~23:50",
          "answer_wordNum": 1,
          "fact": [
            "쌈신냉면 발산점,영업시간,11:00~23:50"
          ]
        },
        {
          "question_id": 3,
          "question_type": "정보",
          "question": "이 곳은 무엇이 있나요?",
          "question_wordNum": 4,
          "answer": "사이드메뉴",
          "answer_wordNum": 1,
          "fact": [
            "쌈신냉면 발산점,있다,사이드메뉴"
          ]
        }
      ]
    },
    {
      "image_id": 2,
      "question": [
        {
          "question_id": 0,
          "question_type": "정보",
          "question": "이 곳은 무엇이 있나요?",
          "question_wordNum": 4,
          "answer": "사이드메뉴",
          "answer_wordNum": 1,
          "fact": [
            "쌈신냉면 발산점,있다,사이드메뉴"
          ]
        },
        {
          "question_id": 1,
          "question_type": "정보",
          "question": "이 곳은 무엇을 전문으로 하나요?",
          "question_wordNum": 5,
          "answer": "냉면",
          "answer_wordNum": 1,
          "fact": [
            "쌈신냉면 발산점,전문,냉면"
          ]
        },
        {
          "question_id": 2,
          "question_type": "정보",
          "question": "이 곳의 주소를 알 수 있나요?",
          "question_wordNum": 6,
          "answer": "서울 강서구 강서로47나길 8",
          "answer_wordNum": 4,
          "fact": [
            "쌈신냉면 발산점,주소,서울 강서구 강서로47나길 8"
          ]
        },
        {
          "question_id": 3,
          "question_type": "정보",
          "question": "이 곳은 무엇이 가능하나요?",
          "question_wordNum": 4,
          "answer": "맵기 조절, 테이크아웃, 홀 식사",
          "answer_wordNum": 5,
          "fact": [
            "쌈신냉면 발산점,가능,맵기 조절, 테이크아웃, 홀 식사"
          ]
        }
      ]
    },
    {
      "image_id": 3,
      "question": [
        {
          "question_id": 0,
          "question_type": "관계",
          "question": "이 곳에 인접한 시설이 있나요?",
          "question_wordNum": 5,
          "answer": "우장산역 4번 출구, 대박곱창, 세븐일레븐",
          "answer_wordNum": 5,
          "fact": [
            "쌈신냉면 발산점,인접,우장산역 4번 출구, 대박곱창, 세븐일레븐"
          ]
        },
        {
          "question_id": 1,
          "question_type": "정보",
          "question": "연락처가 어떻게 되나요?",
          "question_wordNum": 3,
          "answer": "0507-1448-4889",
          "answer_wordNum": 1,
          "fact": [
            "쌈신냉면 발산점,연락처,0507-1448-4889"
          ]
        },
        {
          "question_id": 2,
          "question_type": "정보",
          "question": "이 곳의 대표적인 메뉴는 무엇이 있나요?",
          "question_wordNum": 6,
          "answer": "매운갈비찜, 간장갈비찜",
          "answer_wordNum": 2,
          "fact": [
            "쌈신냉면 발산점,메뉴,매운갈비찜, 간장갈비찜"
          ]
        },
        {
          "question_id": 3,
          "question_type": "정보",
          "question": "이 곳의 주소는 어떻게 되나요?",
          "question_wordNum": 5,
          "answer": "서울 강서구 강서로47나길 8",
          "answer_wordNum": 4,
          "fact": [
            "쌈신냉면 발산점,주소,서울 강서구 강서로47나길 8"
          ]
        }
      ]
    },
    {
      "image_id": 4,
      "question": [
        {
          "question_id": 0,
          "question_type": "정보",
          "question": "영업시간은 어떻게 되나요?",
          "question_wordNum": 3,
          "answer": "11:00~23:50",
          "answer_wordNum": 1,
          "fact": [
            "쌈신냉면 발산점,영업시간,11:00~23:50"
          ]
        },
        {
          "question_id": 1,
          "question_type": "관계",
          "question": "이 곳은 무엇이 가능하나요?",
          "question_wordNum": 4,
          "answer": "맵기 조절, 테이크아웃, 홀 식사",
          "answer_wordNum": 5,
          "fact": [
            "쌈신냉면 발산점,가능,맵기 조절, 테이크아웃, 홀 식사"
          ]
        },
        {
          "question_id": 2,
          "question_type": "정보",
          "question": "휴무일은 어떻게 되나요?",
          "question_wordNum": 3,
          "answer": "없음",
          "answer_wordNum": 1,
          "fact": [
            "쌈신냉면 발산점,휴무일,없음"
          ]
        },
        {
          "question_id": 3,
          "question_type": "탐색",
          "question": "주차시설이 있는지 알 수 있나요?",
          "question_wordNum": 5,
          "answer": "있음",
          "answer_wordNum": 1,
          "fact": [
            "쌈신냉면 발산점,주차시설,있음"
          ]
        }
      ]
    }
  ]
}