{
  "data": {
    "dataset": "2-083-219",
    "POI_id": "561515",
    "travelType": "음식점",
    "place": "스시사라 ",
    "area": "서울"
  },
  "imageInfo": [
    {
      "image_id": 0,
      "filename": "561515_0_su_5_스시사라 _1_001.png",
      "mapx": 37.5600682769751,
      "mapy": 126.833037883356,
      "width": 3840,
      "height": 2160,
      "caption_info": [
        "스시사라(강서구) ",
        "의자"
      ]
    },
    {
      "image_id": 1,
      "filename": "561515_0_su_5_스시사라 _1_002.png",
      "mapx": 37.5600682769751,
      "mapy": 126.833037883356,
      "width": 3840,
      "height": 2160,
      "caption_info": [
        "스시사라(강서구) ",
        "간판"
      ]
    },
    {
      "image_id": 2,
      "filename": "561515_0_su_5_스시사라 _1_003.png",
      "mapx": 37.5600682769751,
      "mapy": 126.833037883356,
      "width": 3840,
      "height": 2160,
      "caption_info": [
        "스시사라(강서구) ",
        "사각 테이블"
      ]
    },
    {
      "image_id": 3,
      "filename": "561515_0_su_5_스시사라 _1_004.png",
      "mapx": 37.5600682769751,
      "mapy": 126.833037883356,
      "width": 3840,
      "height": 2160,
      "caption_info": [
        "스시사라(강서구) ",
        "안내문 "
      ]
    },
    {
      "image_id": 4,
      "filename": "561515_0_su_5_스시사라 _1_005.png",
      "mapx": 37.5600682769751,
      "mapy": 126.833037883356,
      "width": 3840,
      "height": 2160,
      "caption_info": [
        "스시사라(강서구) ",
        "회 "
      ]
    }
  ],
  "annotations": [
    {
      "image_id": 0,
      "question": [
        {
          "question_id": 0,
          "question_type": "정보",
          "question": "이 곳의 메뉴를 알 수 있나요?",
          "question_wordNum": 6,
          "answer": "청어 회, 고등어회",
          "answer_wordNum": 3,
          "fact": [
            "스시사라,메뉴,청어 회, 고등어회"
          ]
        },
        {
          "question_id": 1,
          "question_type": "정보",
          "question": "이 곳의 주소는 어떻게 되나요?",
          "question_wordNum": 5,
          "answer": "서울 강서구 마곡동로 55",
          "answer_wordNum": 4,
          "fact": [
            "스시사라,주소,서울 강서구 마곡동로 55"
          ]
        },
        {
          "question_id": 2,
          "question_type": "정보",
          "question": "휴무일은 어떻게 되나요?",
          "question_wordNum": 3,
          "answer": "없음",
          "answer_wordNum": 1,
          "fact": [
            "스시사라,휴무일,없음"
          ]
        },
        {
          "question_id": 3,
          "question_type": "탐색",
          "question": "주차시설이 있나요?",
          "question_wordNum": 2,
          "answer": "있음",
          "answer_wordNum": 1,
          "fact": [
            "스시사라,주차시설,있음"
          ]
        }
      ]
    },
    {
      "image_id": 1,
      "question": [
        {
          "question_id": 0,
          "question_type": "탐색",
          "question": "주차시설이 있나요?",
          "question_wordNum": 2,
          "answer": "있음",
          "answer_wordNum": 1,
          "fact": [
            "스시사라,주차시설,있음"
          ]
        },
        {
          "question_id": 1,
          "question_type": "정보",
          "question": "휴무일을 알 수 있나요?",
          "question_wordNum": 4,
          "answer": "없음",
          "answer_wordNum": 1,
          "fact": [
            "스시사라,휴무일,없음"
          ]
        },
        {
          "question_id": 2,
          "question_type": "정보",
          "question": "이 곳의 메뉴를 알 수 있나요?",
          "question_wordNum": 6,
          "answer": "청어 회, 고등어회",
          "answer_wordNum": 3,
          "fact": [
            "스시사라,메뉴,청어 회, 고등어회"
          ]
        },
        {
          "question_id": 3,
          "question_type": "정보",
          "question": "영업시간을 알 수 있나요?",
          "question_wordNum": 4,
          "answer": "11:30~21:30",
          "answer_wordNum": 1,
          "fact": [
            "스시사라,영업시간,11:30~21:30"
          ]
        }
      ]
    },
    {
      "image_id": 2,
      "question": [
        {
          "question_id": 0,
          "question_type": "정보",
          "question": "연락처를 알 수 있나요?",
          "question_wordNum": 4,
          "answer": "02-2084-7036",
          "answer_wordNum": 1,
          "fact": [
            "스시사라,연락처,02-2084-7036"
          ]
        },
        {
          "question_id": 1,
          "question_type": "관계",
          "question": "이 곳에 인접한 시설을 알 수 있나요?",
          "question_wordNum": 7,
          "answer": "발산역 9번 출구, 서가앤쿡, 커피빈",
          "answer_wordNum": 5,
          "fact": [
            "스시사라,인접,발산역 9번 출구, 서가앤쿡, 커피빈"
          ]
        },
        {
          "question_id": 2,
          "question_type": "탐색",
          "question": "주차시설이 있는지 알 수 있나요?",
          "question_wordNum": 5,
          "answer": "있음",
          "answer_wordNum": 1,
          "fact": [
            "스시사라,주차시설,있음"
          ]
        },
        {
          "question_id": 3,
          "question_type": "정보",
          "question": "이 곳의 주소는 어떻게 되나요?",
          "question_wordNum": 5,
          "answer": "서울 강서구 마곡동로 55",
          "answer_wordNum": 4,
          "fact": [
            "스시사라,주소,서울 강서구 마곡동로 55"
          ]
        }
      ]
    },
    {
      "image_id": 3,
      "question": [
        {
          "question_id": 0,
          "question_type": "정보",
          "question": "연락처를 알 수 있나요?",
          "question_wordNum": 4,
          "answer": "02-2084-7036",
          "answer_wordNum": 1,
          "fact": [
            "스시사라,연락처,02-2084-7036"
          ]
        },
        {
          "question_id": 1,
          "question_type": "정보",
          "question": "이 곳의 주소는 어떻게 되나요?",
          "question_wordNum": 5,
          "answer": "서울 강서구 마곡동로 55",
          "answer_wordNum": 4,
          "fact": [
            "스시사라,주소,서울 강서구 마곡동로 55"
          ]
        },
        {
          "question_id": 2,
          "question_type": "관계",
          "question": "이 곳에 인접한 시설을 알 수 있나요?",
          "question_wordNum": 7,
          "answer": "발산역 9번 출구, 서가앤쿡, 커피빈",
          "answer_wordNum": 5,
          "fact": [
            "스시사라,인접,발산역 9번 출구, 서가앤쿡, 커피빈"
          ]
        },
        {
          "question_id": 3,
          "question_type": "정보",
          "question": "대표 메뉴가 무엇인가요?",
          "question_wordNum": 3,
          "answer": "청어 회, 고등어회",
          "answer_wordNum": 3,
          "fact": [
            "스시사라,메뉴,청어 회, 고등어회"
          ]
        }
      ]
    },
    {
      "image_id": 4,
      "question": [
        {
          "question_id": 0,
          "question_type": "정보",
          "question": "이 곳의 주소를 알 수 있나요?",
          "question_wordNum": 6,
          "answer": "서울 강서구 마곡동로 55",
          "answer_wordNum": 4,
          "fact": [
            "스시사라,주소,서울 강서구 마곡동로 55"
          ]
        },
        {
          "question_id": 1,
          "question_type": "정보",
          "question": "연락처가 어떻게 되나요?",
          "question_wordNum": 3,
          "answer": "02-2084-7036",
          "answer_wordNum": 1,
          "fact": [
            "스시사라,연락처,02-2084-7036"
          ]
        },
        {
          "question_id": 2,
          "question_type": "정보",
          "question": "대표 메뉴가 무엇인가요?",
          "question_wordNum": 3,
          "answer": "청어 회, 고등어회",
          "answer_wordNum": 3,
          "fact": [
            "스시사라,메뉴,청어 회, 고등어회"
          ]
        },
        {
          "question_id": 3,
          "question_type": "정보",
          "question": "휴무일은 어떻게 되나요?",
          "question_wordNum": 3,
          "answer": "없음",
          "answer_wordNum": 1,
          "fact": [
            "스시사라,휴무일,없음"
          ]
        }
      ]
    }
  ]
}