{
  "data": {
    "dataset": "2-083-219",
    "POI_id": "561514",
    "travelType": "음식점",
    "place": "맛찬들왕소금구이 발산역점",
    "area": "서울"
  },
  "imageInfo": [
    {
      "image_id": 0,
      "filename": "561514_0_su_5_맛찬들왕소금구이 발산역점_1_001.png",
      "mapx": 37.5591119121105,
      "mapy": 126.837852152748,
      "width": 3840,
      "height": 2160,
      "caption_info": [
        "맛찬들왕소금구이 발산역점(강서구)",
        "자동문 "
      ]
    },
    {
      "image_id": 1,
      "filename": "561514_0_su_5_맛찬들왕소금구이 발산역점_1_002.png",
      "mapx": 37.5591119121105,
      "mapy": 126.837852152748,
      "width": 3840,
      "height": 2160,
      "caption_info": [
        "맛찬들왕소금구이 발산역점(강서구)",
        "간판"
      ]
    },
    {
      "image_id": 2,
      "filename": "561514_0_su_5_맛찬들왕소금구이 발산역점_1_003.png",
      "mapx": 37.5591119121105,
      "mapy": 126.837852152748,
      "width": 3840,
      "height": 2160,
      "caption_info": [
        "맛찬들왕소금구이 발산역점(강서구)",
        "사각 테이블"
      ]
    },
    {
      "image_id": 3,
      "filename": "561514_0_su_5_맛찬들왕소금구이 발산역점_1_004.png",
      "mapx": 37.5591119121105,
      "mapy": 126.837852152748,
      "width": 3840,
      "height": 2160,
      "caption_info": [
        "맛찬들왕소금구이 발산역점(강서구)",
        "메뉴판 "
      ]
    },
    {
      "image_id": 4,
      "filename": "561514_0_su_5_맛찬들왕소금구이 발산역점_1_005.png",
      "mapx": 37.5591119121105,
      "mapy": 126.837852152748,
      "width": 3840,
      "height": 2160,
      "caption_info": [
        "맛찬들왕소금구이 발산역점(강서구)",
        "고기"
      ]
    }
  ],
  "annotations": [
    {
      "image_id": 0,
      "question": [
        {
          "question_id": 0,
          "question_type": "정보",
          "question": "영업시간은 어떻게 되나요?",
          "question_wordNum": 3,
          "answer": "11:30 - 22:30",
          "answer_wordNum": 3,
          "fact": [
            "맛찬들왕소금구이 발산역점,영업시간,11:30 - 22:30"
          ]
        },
        {
          "question_id": 1,
          "question_type": "정보",
          "question": "이 곳의 주소는 어떻게 되나요?",
          "question_wordNum": 5,
          "answer": "서울 강서구 강서로 375-7",
          "answer_wordNum": 4,
          "fact": [
            "맛찬들왕소금구이 발산역점,주소,서울 강서구 강서로 375-7"
          ]
        },
        {
          "question_id": 2,
          "question_type": "관계",
          "question": "이 곳에 인접한 시설이 있나요?",
          "question_wordNum": 5,
          "answer": "발산역 2번 출구, KFC, 더나은약국",
          "answer_wordNum": 5,
          "fact": [
            "맛찬들왕소금구이 발산역점,인접,발산역 2번 출구, KFC, 더나은약국"
          ]
        },
        {
          "question_id": 3,
          "question_type": "정보",
          "question": "휴무일을 알 수 있나요?",
          "question_wordNum": 4,
          "answer": "없음",
          "answer_wordNum": 1,
          "fact": [
            "맛찬들왕소금구이 발산역점,휴무일,없음"
          ]
        }
      ]
    },
    {
      "image_id": 1,
      "question": [
        {
          "question_id": 0,
          "question_type": "정보",
          "question": "연락처가 어떻게 되나요?",
          "question_wordNum": 3,
          "answer": "02-3661-5026",
          "answer_wordNum": 1,
          "fact": [
            "맛찬들왕소금구이 발산역점,연락처,02-3661-5026"
          ]
        },
        {
          "question_id": 1,
          "question_type": "정보",
          "question": "영업시간은 어떻게 되나요?",
          "question_wordNum": 3,
          "answer": "11:30 - 22:30",
          "answer_wordNum": 3,
          "fact": [
            "맛찬들왕소금구이 발산역점,영업시간,11:30 - 22:30"
          ]
        },
        {
          "question_id": 2,
          "question_type": "정보",
          "question": "이 곳의 주소를 알 수 있나요?",
          "question_wordNum": 6,
          "answer": "서울 강서구 강서로 375-7",
          "answer_wordNum": 4,
          "fact": [
            "맛찬들왕소금구이 발산역점,주소,서울 강서구 강서로 375-7"
          ]
        },
        {
          "question_id": 3,
          "question_type": "정보",
          "question": "휴무일은 어떻게 되나요?",
          "question_wordNum": 3,
          "answer": "없음",
          "answer_wordNum": 1,
          "fact": [
            "맛찬들왕소금구이 발산역점,휴무일,없음"
          ]
        }
      ]
    },
    {
      "image_id": 2,
      "question": [
        {
          "question_id": 0,
          "question_type": "정보",
          "question": "휴무일을 알 수 있나요?",
          "question_wordNum": 4,
          "answer": "없음",
          "answer_wordNum": 1,
          "fact": [
            "맛찬들왕소금구이 발산역점,휴무일,없음"
          ]
        },
        {
          "question_id": 1,
          "question_type": "정보",
          "question": "연락처를 알 수 있나요?",
          "question_wordNum": 4,
          "answer": "02-3661-5026",
          "answer_wordNum": 1,
          "fact": [
            "맛찬들왕소금구이 발산역점,연락처,02-3661-5026"
          ]
        },
        {
          "question_id": 2,
          "question_type": "정보",
          "question": "영업시간을 알 수 있나요?",
          "question_wordNum": 4,
          "answer": "11:30 - 22:30",
          "answer_wordNum": 3,
          "fact": [
            "맛찬들왕소금구이 발산역점,영업시간,11:30 - 22:30"
          ]
        },
        {
          "question_id": 3,
          "question_type": "정보",
          "question": "이 곳의 메뉴를 알 수 있나요?",
          "question_wordNum": 6,
          "answer": "숙성삼겹살, 숙성목살",
          "answer_wordNum": 2,
          "fact": [
            "맛찬들왕소금구이 발산역점,메뉴,숙성삼겹살, 숙성목살"
          ]
        }
      ]
    },
    {
      "image_id": 3,
      "question": [
        {
          "question_id": 0,
          "question_type": "관계",
          "question": "이 곳에 인접한 시설이 있나요?",
          "question_wordNum": 5,
          "answer": "발산역 2번 출구, KFC, 더나은약국",
          "answer_wordNum": 5,
          "fact": [
            "맛찬들왕소금구이 발산역점,인접,발산역 2번 출구, KFC, 더나은약국"
          ]
        },
        {
          "question_id": 1,
          "question_type": "정보",
          "question": "이 곳의 주소를 알 수 있나요?",
          "question_wordNum": 6,
          "answer": "서울 강서구 강서로 375-7",
          "answer_wordNum": 4,
          "fact": [
            "맛찬들왕소금구이 발산역점,주소,서울 강서구 강서로 375-7"
          ]
        },
        {
          "question_id": 2,
          "question_type": "정보",
          "question": "영업시간은 어떻게 되나요?",
          "question_wordNum": 3,
          "answer": "11:30 - 22:30",
          "answer_wordNum": 3,
          "fact": [
            "맛찬들왕소금구이 발산역점,영업시간,11:30 - 22:30"
          ]
        },
        {
          "question_id": 3,
          "question_type": "정보",
          "question": "휴무일은 어떻게 되나요?",
          "question_wordNum": 3,
          "answer": "없음",
          "answer_wordNum": 1,
          "fact": [
            "맛찬들왕소금구이 발산역점,휴무일,없음"
          ]
        }
      ]
    },
    {
      "image_id": 4,
      "question": [
        {
          "question_id": 0,
          "question_type": "정보",
          "question": "휴무일은 어떻게 되나요?",
          "question_wordNum": 3,
          "answer": "없음",
          "answer_wordNum": 1,
          "fact": [
            "맛찬들왕소금구이 발산역점,휴무일,없음"
          ]
        },
        {
          "question_id": 1,
          "question_type": "관계",
          "question": "이 곳에 인접한 시설을 알 수 있나요?",
          "question_wordNum": 7,
          "answer": "발산역 2번 출구, KFC, 더나은약국",
          "answer_wordNum": 5,
          "fact": [
            "맛찬들왕소금구이 발산역점,인접,발산역 2번 출구, KFC, 더나은약국"
          ]
        },
        {
          "question_id": 2,
          "question_type": "정보",
          "question": "이 곳의 주소를 알 수 있나요?",
          "question_wordNum": 6,
          "answer": "서울 강서구 강서로 375-7",
          "answer_wordNum": 4,
          "fact": [
            "맛찬들왕소금구이 발산역점,주소,서울 강서구 강서로 375-7"
          ]
        },
        {
          "question_id": 3,
          "question_type": "정보",
          "question": "연락처가 어떻게 되나요?",
          "question_wordNum": 3,
          "answer": "02-3661-5026",
          "answer_wordNum": 1,
          "fact": [
            "맛찬들왕소금구이 발산역점,연락처,02-3661-5026"
          ]
        }
      ]
    }
  ]
}