{
  "data": {
    "dataset": "2-083-219",
    "POI_id": "561783",
    "travelType": "음식점",
    "place": "미친돈까스 발산점",
    "area": "서울"
  },
  "imageInfo": [
    {
      "image_id": 0,
      "filename": "561783_0_su_5_미친돈까스 발산점_1_001.png",
      "mapx": 37.5519801678556,
      "mapy": 126.835446035834,
      "width": 3840,
      "height": 2160,
      "caption_info": [
        "미친돈까스 발산점(강서구)",
        "간판"
      ]
    },
    {
      "image_id": 1,
      "filename": "561783_0_su_5_미친돈까스 발산점_1_002.png",
      "mapx": 37.5519801678556,
      "mapy": 126.835446035834,
      "width": 3840,
      "height": 2160,
      "caption_info": [
        "미친돈까스 발산점(강서구)",
        "간판"
      ]
    },
    {
      "image_id": 2,
      "filename": "561783_0_su_5_미친돈까스 발산점_1_003.png",
      "mapx": 37.5519801678556,
      "mapy": 126.835446035834,
      "width": 3840,
      "height": 2160,
      "caption_info": [
        "미친돈까스 발산점(강서구)",
        "사각 테이블"
      ]
    },
    {
      "image_id": 3,
      "filename": "561783_0_su_5_미친돈까스 발산점_1_004.png",
      "mapx": 37.5519801678556,
      "mapy": 126.835446035834,
      "width": 3840,
      "height": 2160,
      "caption_info": [
        "미친돈까스 발산점(강서구)",
        "메뉴판 "
      ]
    },
    {
      "image_id": 4,
      "filename": "561783_0_su_5_미친돈까스 발산점_1_005.png",
      "mapx": 37.5519801678556,
      "mapy": 126.835446035834,
      "width": 3840,
      "height": 2160,
      "caption_info": [
        "미친돈까스 발산점(강서구)",
        "돈까스 "
      ]
    }
  ],
  "annotations": [
    {
      "image_id": 0,
      "question": [
        {
          "question_id": 0,
          "question_type": "정보",
          "question": "연락처가 어떻게 되나요?",
          "question_wordNum": 3,
          "answer": "0507-1476-0407",
          "answer_wordNum": 1,
          "fact": [
            "미친돈까스 발산점,연락처,0507-1476-0407"
          ]
        },
        {
          "question_id": 1,
          "question_type": "정보",
          "question": "이 곳의 주소를 알 수 있나요?",
          "question_wordNum": 6,
          "answer": "서울 강서구 강서로47가길 16",
          "answer_wordNum": 4,
          "fact": [
            "미친돈까스 발산점,주소,서울 강서구 강서로47가길 16"
          ]
        },
        {
          "question_id": 2,
          "question_type": "탐색",
          "question": "주차시설이 있는지 알 수 있나요?",
          "question_wordNum": 5,
          "answer": "없음",
          "answer_wordNum": 1,
          "fact": [
            "미친돈까스 발산점,주차시설,없음"
          ]
        },
        {
          "question_id": 3,
          "question_type": "정보",
          "question": "휴무일을 알 수 있나요?",
          "question_wordNum": 4,
          "answer": "없음",
          "answer_wordNum": 1,
          "fact": [
            "미친돈까스 발산점,휴무일,없음"
          ]
        }
      ]
    },
    {
      "image_id": 1,
      "question": [
        {
          "question_id": 0,
          "question_type": "관계",
          "question": "이 곳에 인접한 시설이 있나요?",
          "question_wordNum": 5,
          "answer": "우장산역 4번 출구, 미즈약국, 엔피닛이",
          "answer_wordNum": 5,
          "fact": [
            "미친돈까스 발산점,인접,우장산역 4번 출구, 미즈약국, 엔피닛이"
          ]
        },
        {
          "question_id": 1,
          "question_type": "정보",
          "question": "영업시간을 알 수 있나요?",
          "question_wordNum": 4,
          "answer": "11:00 - 21:00",
          "answer_wordNum": 3,
          "fact": [
            "미친돈까스 발산점,영업시간,11:00 - 21:00"
          ]
        },
        {
          "question_id": 2,
          "question_type": "정보",
          "question": "대표 메뉴가 무엇인가요?",
          "question_wordNum": 3,
          "answer": "등심돈까스 정식, 모짜렐라치즈롤돈까스 정식",
          "answer_wordNum": 4,
          "fact": [
            "미친돈까스 발산점,메뉴,등심돈까스 정식, 모짜렐라치즈롤돈까스 정식"
          ]
        },
        {
          "question_id": 3,
          "question_type": "탐색",
          "question": "주차시설이 있나요?",
          "question_wordNum": 2,
          "answer": "없음",
          "answer_wordNum": 1,
          "fact": [
            "미친돈까스 발산점,주차시설,없음"
          ]
        }
      ]
    },
    {
      "image_id": 2,
      "question": [
        {
          "question_id": 0,
          "question_type": "정보",
          "question": "영업시간은 어떻게 되나요?",
          "question_wordNum": 3,
          "answer": "11:00 - 21:00",
          "answer_wordNum": 3,
          "fact": [
            "미친돈까스 발산점,영업시간,11:00 - 21:00"
          ]
        },
        {
          "question_id": 1,
          "question_type": "정보",
          "question": "이 곳의 주소는 어떻게 되나요?",
          "question_wordNum": 5,
          "answer": "서울 강서구 강서로47가길 16",
          "answer_wordNum": 4,
          "fact": [
            "미친돈까스 발산점,주소,서울 강서구 강서로47가길 16"
          ]
        },
        {
          "question_id": 2,
          "question_type": "관계",
          "question": "이 곳에 인접한 시설이 있나요?",
          "question_wordNum": 5,
          "answer": "우장산역 4번 출구, 미즈약국, 엔피닛이",
          "answer_wordNum": 5,
          "fact": [
            "미친돈까스 발산점,인접,우장산역 4번 출구, 미즈약국, 엔피닛이"
          ]
        },
        {
          "question_id": 3,
          "question_type": "탐색",
          "question": "주차시설이 있나요?",
          "question_wordNum": 2,
          "answer": "없음",
          "answer_wordNum": 1,
          "fact": [
            "미친돈까스 발산점,주차시설,없음"
          ]
        }
      ]
    },
    {
      "image_id": 3,
      "question": [
        {
          "question_id": 0,
          "question_type": "관계",
          "question": "이 곳에 인접한 시설을 알 수 있나요?",
          "question_wordNum": 7,
          "answer": "우장산역 4번 출구, 미즈약국, 엔피닛이",
          "answer_wordNum": 5,
          "fact": [
            "미친돈까스 발산점,인접,우장산역 4번 출구, 미즈약국, 엔피닛이"
          ]
        },
        {
          "question_id": 1,
          "question_type": "정보",
          "question": "이 곳의 메뉴를 알 수 있나요?",
          "question_wordNum": 6,
          "answer": "등심돈까스 정식, 모짜렐라치즈롤돈까스 정식",
          "answer_wordNum": 4,
          "fact": [
            "미친돈까스 발산점,메뉴,등심돈까스 정식, 모짜렐라치즈롤돈까스 정식"
          ]
        },
        {
          "question_id": 2,
          "question_type": "정보",
          "question": "연락처가 어떻게 되나요?",
          "question_wordNum": 3,
          "answer": "0507-1476-0407",
          "answer_wordNum": 1,
          "fact": [
            "미친돈까스 발산점,연락처,0507-1476-0407"
          ]
        },
        {
          "question_id": 3,
          "question_type": "정보",
          "question": "이 곳의 주소는 어떻게 되나요?",
          "question_wordNum": 5,
          "answer": "서울 강서구 강서로47가길 16",
          "answer_wordNum": 4,
          "fact": [
            "미친돈까스 발산점,주소,서울 강서구 강서로47가길 16"
          ]
        }
      ]
    },
    {
      "image_id": 4,
      "question": [
        {
          "question_id": 0,
          "question_type": "정보",
          "question": "연락처가 어떻게 되나요?",
          "question_wordNum": 3,
          "answer": "0507-1476-0407",
          "answer_wordNum": 1,
          "fact": [
            "미친돈까스 발산점,연락처,0507-1476-0407"
          ]
        },
        {
          "question_id": 1,
          "question_type": "탐색",
          "question": "주차시설이 있는지 알 수 있나요?",
          "question_wordNum": 5,
          "answer": "없음",
          "answer_wordNum": 1,
          "fact": [
            "미친돈까스 발산점,주차시설,없음"
          ]
        },
        {
          "question_id": 2,
          "question_type": "정보",
          "question": "영업시간을 알 수 있나요?",
          "question_wordNum": 4,
          "answer": "11:00 - 21:00",
          "answer_wordNum": 3,
          "fact": [
            "미친돈까스 발산점,영업시간,11:00 - 21:00"
          ]
        },
        {
          "question_id": 3,
          "question_type": "정보",
          "question": "휴무일은 어떻게 되나요?",
          "question_wordNum": 3,
          "answer": "없음",
          "answer_wordNum": 1,
          "fact": [
            "미친돈까스 발산점,휴무일,없음"
          ]
        }
      ]
    }
  ]
}