{
  "data": {
    "dataset": "2-083-219",
    "POI_id": "561482",
    "travelType": "음식점",
    "place": "할리스코 ",
    "area": "서울"
  },
  "imageInfo": [
    {
      "image_id": 0,
      "filename": "561482_0_su_5_할리스코 _1_001.png",
      "mapx": 37.5604015515818,
      "mapy": 126.829006208171,
      "width": 3840,
      "height": 2160,
      "caption_info": [
        "할리스코(마곡동)",
        "화분, 여닫이문"
      ]
    },
    {
      "image_id": 1,
      "filename": "561482_0_su_5_할리스코 _1_002.png",
      "mapx": 37.5604015515818,
      "mapy": 126.829006208171,
      "width": 3840,
      "height": 2160,
      "caption_info": [
        "할리스코(마곡동)",
        "간판, 어닝"
      ]
    },
    {
      "image_id": 2,
      "filename": "561482_0_su_5_할리스코 _1_003.png",
      "mapx": 37.5604015515818,
      "mapy": 126.829006208171,
      "width": 3840,
      "height": 2160,
      "caption_info": [
        "할리스코(마곡동)",
        "메뉴판"
      ]
    },
    {
      "image_id": 3,
      "filename": "561482_0_su_5_할리스코 _1_004.png",
      "mapx": 37.5604015515818,
      "mapy": 126.829006208171,
      "width": 3840,
      "height": 2160,
      "caption_info": [
        "할리스코(마곡동)",
        "메뉴판"
      ]
    },
    {
      "image_id": 4,
      "filename": "561482_0_su_5_할리스코 _1_005.png",
      "mapx": 37.5604015515818,
      "mapy": 126.829006208171,
      "width": 3840,
      "height": 2160,
      "caption_info": [
        "할리스코(마곡동)",
        "감자튀김, 콜라"
      ]
    }
  ],
  "annotations": [
    {
      "image_id": 0,
      "question": [
        {
          "question_id": 0,
          "question_type": "정보",
          "question": "연락처를 알 수 있나요?",
          "question_wordNum": 4,
          "answer": "0507-1372-2767",
          "answer_wordNum": 1,
          "fact": [
            "할리스코,연락처,0507-1372-2767"
          ]
        },
        {
          "question_id": 1,
          "question_type": "정보",
          "question": "휴무일을 알 수 있나요?",
          "question_wordNum": 4,
          "answer": "첫째 토요일",
          "answer_wordNum": 2,
          "fact": [
            "할리스코,휴무일,첫째 토요일"
          ]
        },
        {
          "question_id": 2,
          "question_type": "정보",
          "question": "이 곳의 주소는 어떻게 되나요?",
          "question_wordNum": 5,
          "answer": "서울 강서구 마곡중앙6로 16",
          "answer_wordNum": 4,
          "fact": [
            "할리스코,주소,서울 강서구 마곡중앙6로 16"
          ]
        },
        {
          "question_id": 3,
          "question_type": "관계",
          "question": "이 곳에 인접한 시설을 알 수 있나요?",
          "question_wordNum": 7,
          "answer": "마곡역 3번 출구, GMG타워, 스타벅스, 제이커피, 세븐일레븐",
          "answer_wordNum": 7,
          "fact": [
            "할리스코,인접,마곡역 3번 출구, GMG타워, 스타벅스, 제이커피, 세븐일레븐"
          ]
        }
      ]
    },
    {
      "image_id": 1,
      "question": [
        {
          "question_id": 0,
          "question_type": "정보",
          "question": "휴무일을 알 수 있나요?",
          "question_wordNum": 4,
          "answer": "첫째 토요일",
          "answer_wordNum": 2,
          "fact": [
            "할리스코,휴무일,첫째 토요일"
          ]
        },
        {
          "question_id": 1,
          "question_type": "정보",
          "question": "영업시간을 알 수 있나요?",
          "question_wordNum": 4,
          "answer": "11:00/11:30~21:30",
          "answer_wordNum": 1,
          "fact": [
            "할리스코,영업시간,11:00/11:30~21:30"
          ]
        },
        {
          "question_id": 2,
          "question_type": "정보",
          "question": "이 곳의 대표적인 메뉴를 알 수 있나요?",
          "question_wordNum": 7,
          "answer": "내슈빌 핫치킨 타코, 까르니따스 퀘사디아",
          "answer_wordNum": 5,
          "fact": [
            "할리스코,메뉴,내슈빌 핫치킨 타코, 까르니따스 퀘사디아"
          ]
        },
        {
          "question_id": 3,
          "question_type": "정보",
          "question": "연락처를 알 수 있나요?",
          "question_wordNum": 4,
          "answer": "0507-1372-2767",
          "answer_wordNum": 1,
          "fact": [
            "할리스코,연락처,0507-1372-2767"
          ]
        }
      ]
    },
    {
      "image_id": 2,
      "question": [
        {
          "question_id": 0,
          "question_type": "정보",
          "question": "영업시간은 어떻게 되나요?",
          "question_wordNum": 3,
          "answer": "11:00/11:30~21:30",
          "answer_wordNum": 1,
          "fact": [
            "할리스코,영업시간,11:00/11:30~21:30"
          ]
        },
        {
          "question_id": 1,
          "question_type": "탐색",
          "question": "주차시설이 있나요?",
          "question_wordNum": 2,
          "answer": "있음",
          "answer_wordNum": 1,
          "fact": [
            "할리스코,주차시설,있음"
          ]
        },
        {
          "question_id": 2,
          "question_type": "정보",
          "question": "연락처를 알 수 있나요?",
          "question_wordNum": 4,
          "answer": "0507-1372-2767",
          "answer_wordNum": 1,
          "fact": [
            "할리스코,연락처,0507-1372-2767"
          ]
        },
        {
          "question_id": 3,
          "question_type": "정보",
          "question": "휴무일을 알 수 있나요?",
          "question_wordNum": 4,
          "answer": "첫째 토요일",
          "answer_wordNum": 2,
          "fact": [
            "할리스코,휴무일,첫째 토요일"
          ]
        }
      ]
    },
    {
      "image_id": 3,
      "question": [
        {
          "question_id": 0,
          "question_type": "탐색",
          "question": "주차시설이 있나요?",
          "question_wordNum": 2,
          "answer": "있음",
          "answer_wordNum": 1,
          "fact": [
            "할리스코,주차시설,있음"
          ]
        },
        {
          "question_id": 1,
          "question_type": "관계",
          "question": "이 곳에 인접한 시설을 알 수 있나요?",
          "question_wordNum": 7,
          "answer": "마곡역 3번 출구, GMG타워, 스타벅스, 제이커피, 세븐일레븐",
          "answer_wordNum": 7,
          "fact": [
            "할리스코,인접,마곡역 3번 출구, GMG타워, 스타벅스, 제이커피, 세븐일레븐"
          ]
        },
        {
          "question_id": 2,
          "question_type": "정보",
          "question": "이 곳의 주소를 알 수 있나요?",
          "question_wordNum": 6,
          "answer": "서울 강서구 마곡중앙6로 16",
          "answer_wordNum": 4,
          "fact": [
            "할리스코,주소,서울 강서구 마곡중앙6로 16"
          ]
        },
        {
          "question_id": 3,
          "question_type": "정보",
          "question": "연락처를 알 수 있나요?",
          "question_wordNum": 4,
          "answer": "0507-1372-2767",
          "answer_wordNum": 1,
          "fact": [
            "할리스코,연락처,0507-1372-2767"
          ]
        }
      ]
    },
    {
      "image_id": 4,
      "question": [
        {
          "question_id": 0,
          "question_type": "관계",
          "question": "이 곳에 인접한 시설을 알 수 있나요?",
          "question_wordNum": 7,
          "answer": "마곡역 3번 출구, GMG타워, 스타벅스, 제이커피, 세븐일레븐",
          "answer_wordNum": 7,
          "fact": [
            "할리스코,인접,마곡역 3번 출구, GMG타워, 스타벅스, 제이커피, 세븐일레븐"
          ]
        },
        {
          "question_id": 1,
          "question_type": "탐색",
          "question": "주차시설이 있나요?",
          "question_wordNum": 2,
          "answer": "있음",
          "answer_wordNum": 1,
          "fact": [
            "할리스코,주차시설,있음"
          ]
        },
        {
          "question_id": 2,
          "question_type": "정보",
          "question": "이 곳의 주소는 어떻게 되나요?",
          "question_wordNum": 5,
          "answer": "서울 강서구 마곡중앙6로 16",
          "answer_wordNum": 4,
          "fact": [
            "할리스코,주소,서울 강서구 마곡중앙6로 16"
          ]
        },
        {
          "question_id": 3,
          "question_type": "정보",
          "question": "휴무일을 알 수 있나요?",
          "question_wordNum": 4,
          "answer": "첫째 토요일",
          "answer_wordNum": 2,
          "fact": [
            "할리스코,휴무일,첫째 토요일"
          ]
        }
      ]
    }
  ]
}