{
  "data": {
    "dataset": "2-083-219",
    "POI_id": "561477",
    "travelType": "음식점",
    "place": "프레베리 케이크 ",
    "area": "서울"
  },
  "imageInfo": [
    {
      "image_id": 0,
      "filename": "561477_0_su_5_프레베리 케이크 _1_001.png",
      "mapx": 37.5596431100254,
      "mapy": 126.836199032381,
      "width": 3840,
      "height": 2160,
      "caption_info": [
        "프레베리 케이크(강서구) ",
        "간판"
      ]
    },
    {
      "image_id": 1,
      "filename": "561477_0_su_5_프레베리 케이크 _1_002.png",
      "mapx": 37.5596431100254,
      "mapy": 126.836199032381,
      "width": 3840,
      "height": 2160,
      "caption_info": [
        "프레베리 케이크(강서구) ",
        "간판"
      ]
    },
    {
      "image_id": 2,
      "filename": "561477_0_su_5_프레베리 케이크 _1_003.png",
      "mapx": 37.5596431100254,
      "mapy": 126.836199032381,
      "width": 3840,
      "height": 2160,
      "caption_info": [
        "프레베리 케이크(강서구) ",
        "등받이 의자"
      ]
    },
    {
      "image_id": 3,
      "filename": "561477_0_su_5_프레베리 케이크 _1_004.png",
      "mapx": 37.5596431100254,
      "mapy": 126.836199032381,
      "width": 3840,
      "height": 2160,
      "caption_info": [
        "프레베리 케이크(강서구) ",
        "메뉴판 "
      ]
    },
    {
      "image_id": 4,
      "filename": "561477_0_su_5_프레베리 케이크 _1_005.png",
      "mapx": 37.5596431100254,
      "mapy": 126.836199032381,
      "width": 3840,
      "height": 2160,
      "caption_info": [
        "프레베리 케이크(강서구) ",
        "포크"
      ]
    }
  ],
  "annotations": [
    {
      "image_id": 0,
      "question": [
        {
          "question_id": 0,
          "question_type": "정보",
          "question": "이 곳의 주소를 알 수 있나요?",
          "question_wordNum": 6,
          "answer": "서울 강서구 마곡동로4길 23",
          "answer_wordNum": 4,
          "fact": [
            "프레베리 케이크,주소,서울 강서구 마곡동로4길 23"
          ]
        },
        {
          "question_id": 1,
          "question_type": "관계",
          "question": "이 곳에 인접한 시설이 있나요?",
          "question_wordNum": 5,
          "answer": "발산역 1번 출구, 오복집, 게장게장게장",
          "answer_wordNum": 5,
          "fact": [
            "프레베리 케이크,인접,발산역 1번 출구, 오복집, 게장게장게장"
          ]
        },
        {
          "question_id": 2,
          "question_type": "정보",
          "question": "연락처를 알 수 있나요?",
          "question_wordNum": 4,
          "answer": "02-2668-7999",
          "answer_wordNum": 1,
          "fact": [
            "프레베리 케이크,연락처,02-2668-7999"
          ]
        },
        {
          "question_id": 3,
          "question_type": "정보",
          "question": "영업시간을 알 수 있나요?",
          "question_wordNum": 4,
          "answer": "10:00~22:00",
          "answer_wordNum": 1,
          "fact": [
            "프레베리 케이크,영업시간,10:00~22:00"
          ]
        }
      ]
    },
    {
      "image_id": 1,
      "question": [
        {
          "question_id": 0,
          "question_type": "정보",
          "question": "연락처가 어떻게 되나요?",
          "question_wordNum": 3,
          "answer": "02-2668-7999",
          "answer_wordNum": 1,
          "fact": [
            "프레베리 케이크,연락처,02-2668-7999"
          ]
        },
        {
          "question_id": 1,
          "question_type": "관계",
          "question": "이 곳에 인접한 시설이 있나요?",
          "question_wordNum": 5,
          "answer": "발산역 1번 출구, 오복집, 게장게장게장",
          "answer_wordNum": 5,
          "fact": [
            "프레베리 케이크,인접,발산역 1번 출구, 오복집, 게장게장게장"
          ]
        },
        {
          "question_id": 2,
          "question_type": "정보",
          "question": "이 곳의 메뉴를 알 수 있나요?",
          "question_wordNum": 6,
          "answer": "딸기 생크림, 딸기 프레지에 1호",
          "answer_wordNum": 5,
          "fact": [
            "프레베리 케이크,메뉴,딸기 생크림, 딸기 프레지에 1호"
          ]
        },
        {
          "question_id": 3,
          "question_type": "정보",
          "question": "휴무일을 알 수 있나요?",
          "question_wordNum": 4,
          "answer": "없음",
          "answer_wordNum": 1,
          "fact": [
            "프레베리 케이크,휴무일,없음"
          ]
        }
      ]
    },
    {
      "image_id": 2,
      "question": [
        {
          "question_id": 0,
          "question_type": "정보",
          "question": "대표 메뉴가 무엇인가요?",
          "question_wordNum": 3,
          "answer": "딸기 생크림, 딸기 프레지에 1호",
          "answer_wordNum": 5,
          "fact": [
            "프레베리 케이크,메뉴,딸기 생크림, 딸기 프레지에 1호"
          ]
        },
        {
          "question_id": 1,
          "question_type": "관계",
          "question": "이 곳에 인접한 시설이 있나요?",
          "question_wordNum": 5,
          "answer": "발산역 1번 출구, 오복집, 게장게장게장",
          "answer_wordNum": 5,
          "fact": [
            "프레베리 케이크,인접,발산역 1번 출구, 오복집, 게장게장게장"
          ]
        },
        {
          "question_id": 2,
          "question_type": "정보",
          "question": "영업시간은 어떻게 되나요?",
          "question_wordNum": 3,
          "answer": "10:00~22:00",
          "answer_wordNum": 1,
          "fact": [
            "프레베리 케이크,영업시간,10:00~22:00"
          ]
        },
        {
          "question_id": 3,
          "question_type": "정보",
          "question": "이 곳의 주소를 알 수 있나요?",
          "question_wordNum": 6,
          "answer": "서울 강서구 마곡동로4길 23",
          "answer_wordNum": 4,
          "fact": [
            "프레베리 케이크,주소,서울 강서구 마곡동로4길 23"
          ]
        }
      ]
    },
    {
      "image_id": 3,
      "question": [
        {
          "question_id": 0,
          "question_type": "정보",
          "question": "연락처를 알 수 있나요?",
          "question_wordNum": 4,
          "answer": "02-2668-7999",
          "answer_wordNum": 1,
          "fact": [
            "프레베리 케이크,연락처,02-2668-7999"
          ]
        },
        {
          "question_id": 1,
          "question_type": "탐색",
          "question": "주차시설이 있나요?",
          "question_wordNum": 2,
          "answer": "있음",
          "answer_wordNum": 1,
          "fact": [
            "프레베리 케이크,주차시설,있음"
          ]
        },
        {
          "question_id": 2,
          "question_type": "관계",
          "question": "이 곳에 인접한 시설이 있나요?",
          "question_wordNum": 5,
          "answer": "발산역 1번 출구, 오복집, 게장게장게장",
          "answer_wordNum": 5,
          "fact": [
            "프레베리 케이크,인접,발산역 1번 출구, 오복집, 게장게장게장"
          ]
        },
        {
          "question_id": 3,
          "question_type": "정보",
          "question": "이 곳의 주소는 어떻게 되나요?",
          "question_wordNum": 5,
          "answer": "서울 강서구 마곡동로4길 23",
          "answer_wordNum": 4,
          "fact": [
            "프레베리 케이크,주소,서울 강서구 마곡동로4길 23"
          ]
        }
      ]
    },
    {
      "image_id": 4,
      "question": [
        {
          "question_id": 0,
          "question_type": "정보",
          "question": "이 곳의 주소를 알 수 있나요?",
          "question_wordNum": 6,
          "answer": "서울 강서구 마곡동로4길 23",
          "answer_wordNum": 4,
          "fact": [
            "프레베리 케이크,주소,서울 강서구 마곡동로4길 23"
          ]
        },
        {
          "question_id": 1,
          "question_type": "관계",
          "question": "이 곳에 인접한 시설이 있나요?",
          "question_wordNum": 5,
          "answer": "발산역 1번 출구, 오복집, 게장게장게장",
          "answer_wordNum": 5,
          "fact": [
            "프레베리 케이크,인접,발산역 1번 출구, 오복집, 게장게장게장"
          ]
        },
        {
          "question_id": 2,
          "question_type": "정보",
          "question": "영업시간을 알 수 있나요?",
          "question_wordNum": 4,
          "answer": "10:00~22:00",
          "answer_wordNum": 1,
          "fact": [
            "프레베리 케이크,영업시간,10:00~22:00"
          ]
        },
        {
          "question_id": 3,
          "question_type": "정보",
          "question": "연락처가 어떻게 되나요?",
          "question_wordNum": 3,
          "answer": "02-2668-7999",
          "answer_wordNum": 1,
          "fact": [
            "프레베리 케이크,연락처,02-2668-7999"
          ]
        }
      ]
    }
  ]
}