{
  "data": {
    "dataset": "2-083-219",
    "POI_id": "561548",
    "travelType": "음식점",
    "place": "피슈마라홍탕 마곡중앙점",
    "area": "서울"
  },
  "imageInfo": [
    {
      "image_id": 0,
      "filename": "561548_0_su_5_피슈마라홍탕 마곡중앙점_1_001.png",
      "mapx": 37.5606236765156,
      "mapy": 126.836924074085,
      "width": 3840,
      "height": 2160,
      "caption_info": [
        "피슈마라홍탕 마곡중앙점(강서구)",
        "여닫이문 "
      ]
    },
    {
      "image_id": 1,
      "filename": "561548_0_su_5_피슈마라홍탕 마곡중앙점_1_002.png",
      "mapx": 37.5606236765156,
      "mapy": 126.836924074085,
      "width": 3840,
      "height": 2160,
      "caption_info": [
        "피슈마라홍탕 마곡중앙점(강서구)",
        "간판"
      ]
    },
    {
      "image_id": 2,
      "filename": "561548_0_su_5_피슈마라홍탕 마곡중앙점_1_003.png",
      "mapx": 37.5606236765156,
      "mapy": 126.836924074085,
      "width": 3840,
      "height": 2160,
      "caption_info": [
        "피슈마라홍탕 마곡중앙점(강서구)",
        "사각 테이블"
      ]
    },
    {
      "image_id": 3,
      "filename": "561548_0_su_5_피슈마라홍탕 마곡중앙점_1_004.png",
      "mapx": 37.5606236765156,
      "mapy": 126.836924074085,
      "width": 3840,
      "height": 2160,
      "caption_info": [
        "피슈마라홍탕 마곡중앙점(강서구)",
        "안내문 "
      ]
    },
    {
      "image_id": 4,
      "filename": "561548_0_su_5_피슈마라홍탕 마곡중앙점_1_005.png",
      "mapx": 37.5606236765156,
      "mapy": 126.836924074085,
      "width": 3840,
      "height": 2160,
      "caption_info": [
        "피슈마라홍탕 마곡중앙점(강서구)",
        "접시 "
      ]
    }
  ],
  "annotations": [
    {
      "image_id": 0,
      "question": [
        {
          "question_id": 0,
          "question_type": "정보",
          "question": "연락처가 어떻게 되나요?",
          "question_wordNum": 3,
          "answer": "02-2658-7778",
          "answer_wordNum": 1,
          "fact": [
            "피슈마라홍탕 마곡중앙점,연락처,02-2658-7778"
          ]
        },
        {
          "question_id": 1,
          "question_type": "정보",
          "question": "휴무일은 어떻게 되나요?",
          "question_wordNum": 3,
          "answer": "매주 일요일",
          "answer_wordNum": 2,
          "fact": [
            "피슈마라홍탕 마곡중앙점,휴무일,매주 일요일"
          ]
        },
        {
          "question_id": 2,
          "question_type": "탐색",
          "question": "주차시설이 있는지 알 수 있나요?",
          "question_wordNum": 5,
          "answer": "있음",
          "answer_wordNum": 1,
          "fact": [
            "피슈마라홍탕 마곡중앙점,주차시설,있음"
          ]
        },
        {
          "question_id": 3,
          "question_type": "정보",
          "question": "영업시간은 어떻게 되나요?",
          "question_wordNum": 3,
          "answer": "11:00~21:00",
          "answer_wordNum": 1,
          "fact": [
            "피슈마라홍탕 마곡중앙점,영업시간,11:00~21:00"
          ]
        }
      ]
    },
    {
      "image_id": 1,
      "question": [
        {
          "question_id": 0,
          "question_type": "정보",
          "question": "이 곳의 주소는 어떻게 되나요?",
          "question_wordNum": 5,
          "answer": "서울 강서구 마곡중앙8로 86",
          "answer_wordNum": 4,
          "fact": [
            "피슈마라홍탕 마곡중앙점,주소,서울 강서구 마곡중앙8로 86"
          ]
        },
        {
          "question_id": 1,
          "question_type": "관계",
          "question": "이 곳에 인접한 시설을 알 수 있나요?",
          "question_wordNum": 7,
          "answer": "발산역 2번 출구, 커디, 국보집",
          "answer_wordNum": 5,
          "fact": [
            "피슈마라홍탕 마곡중앙점,인접,발산역 2번 출구, 커디, 국보집"
          ]
        },
        {
          "question_id": 2,
          "question_type": "정보",
          "question": "이 곳의 메뉴를 알 수 있나요?",
          "question_wordNum": 6,
          "answer": "마라홍탕, 마라샹궈",
          "answer_wordNum": 2,
          "fact": [
            "피슈마라홍탕 마곡중앙점,메뉴,마라홍탕, 마라샹궈"
          ]
        },
        {
          "question_id": 3,
          "question_type": "정보",
          "question": "영업시간을 알 수 있나요?",
          "question_wordNum": 4,
          "answer": "11:00~21:00",
          "answer_wordNum": 1,
          "fact": [
            "피슈마라홍탕 마곡중앙점,영업시간,11:00~21:00"
          ]
        }
      ]
    },
    {
      "image_id": 2,
      "question": [
        {
          "question_id": 0,
          "question_type": "정보",
          "question": "연락처가 어떻게 되나요?",
          "question_wordNum": 3,
          "answer": "02-2658-7778",
          "answer_wordNum": 1,
          "fact": [
            "피슈마라홍탕 마곡중앙점,연락처,02-2658-7778"
          ]
        },
        {
          "question_id": 1,
          "question_type": "정보",
          "question": "영업시간을 알 수 있나요?",
          "question_wordNum": 4,
          "answer": "11:00~21:00",
          "answer_wordNum": 1,
          "fact": [
            "피슈마라홍탕 마곡중앙점,영업시간,11:00~21:00"
          ]
        },
        {
          "question_id": 2,
          "question_type": "정보",
          "question": "휴무일을 알 수 있나요?",
          "question_wordNum": 4,
          "answer": "매주 일요일",
          "answer_wordNum": 2,
          "fact": [
            "피슈마라홍탕 마곡중앙점,휴무일,매주 일요일"
          ]
        },
        {
          "question_id": 3,
          "question_type": "탐색",
          "question": "주차시설이 있나요?",
          "question_wordNum": 2,
          "answer": "있음",
          "answer_wordNum": 1,
          "fact": [
            "피슈마라홍탕 마곡중앙점,주차시설,있음"
          ]
        }
      ]
    },
    {
      "image_id": 3,
      "question": [
        {
          "question_id": 0,
          "question_type": "정보",
          "question": "연락처가 어떻게 되나요?",
          "question_wordNum": 3,
          "answer": "02-2658-7778",
          "answer_wordNum": 1,
          "fact": [
            "피슈마라홍탕 마곡중앙점,연락처,02-2658-7778"
          ]
        },
        {
          "question_id": 1,
          "question_type": "정보",
          "question": "영업시간을 알 수 있나요?",
          "question_wordNum": 4,
          "answer": "11:00~21:00",
          "answer_wordNum": 1,
          "fact": [
            "피슈마라홍탕 마곡중앙점,영업시간,11:00~21:00"
          ]
        },
        {
          "question_id": 2,
          "question_type": "정보",
          "question": "휴무일은 어떻게 되나요?",
          "question_wordNum": 3,
          "answer": "매주 일요일",
          "answer_wordNum": 2,
          "fact": [
            "피슈마라홍탕 마곡중앙점,휴무일,매주 일요일"
          ]
        },
        {
          "question_id": 3,
          "question_type": "탐색",
          "question": "주차시설이 있나요?",
          "question_wordNum": 2,
          "answer": "있음",
          "answer_wordNum": 1,
          "fact": [
            "피슈마라홍탕 마곡중앙점,주차시설,있음"
          ]
        }
      ]
    },
    {
      "image_id": 4,
      "question": [
        {
          "question_id": 0,
          "question_type": "정보",
          "question": "이 곳의 주소를 알 수 있나요?",
          "question_wordNum": 6,
          "answer": "서울 강서구 마곡중앙8로 86",
          "answer_wordNum": 4,
          "fact": [
            "피슈마라홍탕 마곡중앙점,주소,서울 강서구 마곡중앙8로 86"
          ]
        },
        {
          "question_id": 1,
          "question_type": "정보",
          "question": "영업시간을 알 수 있나요?",
          "question_wordNum": 4,
          "answer": "11:00~21:00",
          "answer_wordNum": 1,
          "fact": [
            "피슈마라홍탕 마곡중앙점,영업시간,11:00~21:00"
          ]
        },
        {
          "question_id": 2,
          "question_type": "정보",
          "question": "연락처를 알 수 있나요?",
          "question_wordNum": 4,
          "answer": "02-2658-7778",
          "answer_wordNum": 1,
          "fact": [
            "피슈마라홍탕 마곡중앙점,연락처,02-2658-7778"
          ]
        },
        {
          "question_id": 3,
          "question_type": "정보",
          "question": "이 곳의 메뉴를 알 수 있나요?",
          "question_wordNum": 6,
          "answer": "마라홍탕, 마라샹궈",
          "answer_wordNum": 2,
          "fact": [
            "피슈마라홍탕 마곡중앙점,메뉴,마라홍탕, 마라샹궈"
          ]
        }
      ]
    }
  ]
}