{
  "data": {
    "dataset": "2-083-219",
    "POI_id": "561438",
    "travelType": "음식점",
    "place": "제주통돼지촌 가양점",
    "area": "서울"
  },
  "imageInfo": [
    {
      "image_id": 0,
      "filename": "561438_0_su_5_제주통돼지촌 가양점_1_001.png",
      "mapx": 37.5631717283618,
      "mapy": 126.852934754398,
      "width": 3840,
      "height": 2160,
      "caption_info": [
        "제주통돼지촌 가양점(가양동)",
        "간판, 여닫이문, 조명, 업소용 냉장고"
      ]
    },
    {
      "image_id": 1,
      "filename": "561438_0_su_5_제주통돼지촌 가양점_1_002.png",
      "mapx": 37.5631717283618,
      "mapy": 126.852934754398,
      "width": 3840,
      "height": 2160,
      "caption_info": [
        "제주통돼지촌 가양점(가양동)",
        "간판, 여닫이문, 건물, 어닝"
      ]
    },
    {
      "image_id": 2,
      "filename": "561438_0_su_5_제주통돼지촌 가양점_1_003.png",
      "mapx": 37.5631717283618,
      "mapy": 126.852934754398,
      "width": 3840,
      "height": 2160,
      "caption_info": [
        "제주통돼지촌 가양점(가양동)",
        "테이블, 등받이의자, 조명"
      ]
    },
    {
      "image_id": 3,
      "filename": "561438_0_su_5_제주통돼지촌 가양점_1_004.png",
      "mapx": 37.5631717283618,
      "mapy": 126.852934754398,
      "width": 3840,
      "height": 2160,
      "caption_info": [
        "제주통돼지촌 가양점(가양동)",
        "메뉴판"
      ]
    },
    {
      "image_id": 4,
      "filename": "561438_0_su_5_제주통돼지촌 가양점_1_005.png",
      "mapx": 37.5631717283618,
      "mapy": 126.852934754398,
      "width": 3840,
      "height": 2160,
      "caption_info": [
        "제주통돼지촌 가양점(가양동)",
        "삼겹살"
      ]
    }
  ],
  "annotations": [
    {
      "image_id": 0,
      "question": [
        {
          "question_id": 0,
          "question_type": "정보",
          "question": "휴무일은 어떻게 되나요?",
          "question_wordNum": 3,
          "answer": "알수없음",
          "answer_wordNum": 1,
          "fact": [
            "제주통돼지촌 가양점,휴무일,알수없음"
          ]
        },
        {
          "question_id": 1,
          "question_type": "탐색",
          "question": "주차시설이 있나요?",
          "question_wordNum": 2,
          "answer": "있음",
          "answer_wordNum": 1,
          "fact": [
            "제주통돼지촌 가양점,주차시설,있음"
          ]
        },
        {
          "question_id": 2,
          "question_type": "정보",
          "question": "이 곳의 주소는 어떻게 되나요?",
          "question_wordNum": 5,
          "answer": "서울 강서구 양천로57길 10-11",
          "answer_wordNum": 4,
          "fact": [
            "제주통돼지촌 가양점,주소,서울 강서구 양천로57길 10-11"
          ]
        },
        {
          "question_id": 3,
          "question_type": "정보",
          "question": "이 곳에 인접한 시설이 있나요?",
          "question_wordNum": 5,
          "answer": "가양역 1번 출구, 가양육회, 투다리",
          "answer_wordNum": 5,
          "fact": [
            "제주통돼지촌 가양점,인접,가양역 1번 출구, 가양육회, 투다리"
          ]
        }
      ]
    },
    {
      "image_id": 1,
      "question": [
        {
          "question_id": 0,
          "question_type": "정보",
          "question": "이 곳의 대표적인 메뉴를 알 수 있나요?",
          "question_wordNum": 7,
          "answer": "삼겹살, 오겹살",
          "answer_wordNum": 2,
          "fact": [
            "제주통돼지촌 가양점,메뉴,삼겹살, 오겹살"
          ]
        },
        {
          "question_id": 1,
          "question_type": "탐색",
          "question": "주차시설이 있나요?",
          "question_wordNum": 2,
          "answer": "있음",
          "answer_wordNum": 1,
          "fact": [
            "제주통돼지촌 가양점,주차시설,있음"
          ]
        },
        {
          "question_id": 2,
          "question_type": "정보",
          "question": "이 곳의 주소는 어떻게 되나요?",
          "question_wordNum": 5,
          "answer": "서울 강서구 양천로57길 10-11",
          "answer_wordNum": 4,
          "fact": [
            "제주통돼지촌 가양점,주소,서울 강서구 양천로57길 10-11"
          ]
        },
        {
          "question_id": 3,
          "question_type": "정보",
          "question": "이 곳에 인접한 시설이 있나요?",
          "question_wordNum": 5,
          "answer": "가양역 1번 출구, 가양육회, 투다리",
          "answer_wordNum": 5,
          "fact": [
            "제주통돼지촌 가양점,인접,가양역 1번 출구, 가양육회, 투다리"
          ]
        }
      ]
    },
    {
      "image_id": 2,
      "question": [
        {
          "question_id": 0,
          "question_type": "정보",
          "question": "휴무일을 알 수 있나요?",
          "question_wordNum": 4,
          "answer": "알수없음",
          "answer_wordNum": 1,
          "fact": [
            "제주통돼지촌 가양점,휴무일,알수없음"
          ]
        },
        {
          "question_id": 1,
          "question_type": "정보",
          "question": "영업시간은 어떻게 되나요?",
          "question_wordNum": 3,
          "answer": "알수없음",
          "answer_wordNum": 1,
          "fact": [
            "제주통돼지촌 가양점,영업시간,알수없음"
          ]
        },
        {
          "question_id": 2,
          "question_type": "정보",
          "question": "연락처가 어떻게 되나요?",
          "question_wordNum": 3,
          "answer": "0507-1311-6384",
          "answer_wordNum": 1,
          "fact": [
            "제주통돼지촌 가양점,연락처,0507-1311-6384"
          ]
        },
        {
          "question_id": 3,
          "question_type": "정보",
          "question": "이 곳에 인접한 시설이 있나요?",
          "question_wordNum": 5,
          "answer": "가양역 1번 출구, 가양육회, 투다리",
          "answer_wordNum": 5,
          "fact": [
            "제주통돼지촌 가양점,인접,가양역 1번 출구, 가양육회, 투다리"
          ]
        }
      ]
    },
    {
      "image_id": 3,
      "question": [
        {
          "question_id": 0,
          "question_type": "탐색",
          "question": "주차시설이 있나요?",
          "question_wordNum": 2,
          "answer": "있음",
          "answer_wordNum": 1,
          "fact": [
            "제주통돼지촌 가양점,주차시설,있음"
          ]
        },
        {
          "question_id": 1,
          "question_type": "정보",
          "question": "휴무일을 알 수 있나요?",
          "question_wordNum": 4,
          "answer": "알수없음",
          "answer_wordNum": 1,
          "fact": [
            "제주통돼지촌 가양점,휴무일,알수없음"
          ]
        },
        {
          "question_id": 2,
          "question_type": "정보",
          "question": "이 곳의 주소를 알 수 있나요?",
          "question_wordNum": 6,
          "answer": "서울 강서구 양천로57길 10-11",
          "answer_wordNum": 4,
          "fact": [
            "제주통돼지촌 가양점,주소,서울 강서구 양천로57길 10-11"
          ]
        },
        {
          "question_id": 3,
          "question_type": "정보",
          "question": "이 곳에 인접한 시설이 있나요?",
          "question_wordNum": 5,
          "answer": "가양역 1번 출구, 가양육회, 투다리",
          "answer_wordNum": 5,
          "fact": [
            "제주통돼지촌 가양점,인접,가양역 1번 출구, 가양육회, 투다리"
          ]
        }
      ]
    },
    {
      "image_id": 4,
      "question": [
        {
          "question_id": 0,
          "question_type": "정보",
          "question": "휴무일을 알 수 있나요?",
          "question_wordNum": 4,
          "answer": "알수없음",
          "answer_wordNum": 1,
          "fact": [
            "제주통돼지촌 가양점,휴무일,알수없음"
          ]
        },
        {
          "question_id": 1,
          "question_type": "정보",
          "question": "이 곳의 주요 메뉴를 알 수 있나요?",
          "question_wordNum": 7,
          "answer": "삼겹살, 오겹살",
          "answer_wordNum": 2,
          "fact": [
            "제주통돼지촌 가양점,메뉴,삼겹살, 오겹살"
          ]
        },
        {
          "question_id": 2,
          "question_type": "탐색",
          "question": "주차시설이 있나요?",
          "question_wordNum": 2,
          "answer": "있음",
          "answer_wordNum": 1,
          "fact": [
            "제주통돼지촌 가양점,주차시설,있음"
          ]
        },
        {
          "question_id": 3,
          "question_type": "정보",
          "question": "이 곳에 인접한 시설이 있나요?",
          "question_wordNum": 5,
          "answer": "가양역 1번 출구, 가양육회, 투다리",
          "answer_wordNum": 5,
          "fact": [
            "제주통돼지촌 가양점,인접,가양역 1번 출구, 가양육회, 투다리"
          ]
        }
      ]
    }
  ]
}