{
  "data": {
    "dataset": "2-083-219",
    "POI_id": "561830",
    "travelType": "음식점",
    "place": "응봉할매 ",
    "area": "서울"
  },
  "imageInfo": [
    {
      "image_id": 0,
      "filename": "561830_0_su_5_응봉할매 _2_001.png",
      "mapx": 37.5609595311681,
      "mapy": 126.809129234237,
      "width": 3840,
      "height": 2160,
      "caption_info": [
        "응봉할매 (강서구)",
        "간판"
      ]
    },
    {
      "image_id": 1,
      "filename": "561830_0_su_5_응봉할매 _2_002.png",
      "mapx": 37.5609595311681,
      "mapy": 126.809129234237,
      "width": 3840,
      "height": 2160,
      "caption_info": [
        "응봉할매 (강서구)",
        "간판"
      ]
    },
    {
      "image_id": 2,
      "filename": "561830_0_su_5_응봉할매 _2_003.png",
      "mapx": 37.5609595311681,
      "mapy": 126.809129234237,
      "width": 3840,
      "height": 2160,
      "caption_info": [
        "응봉할매 (강서구)",
        "사각 테이블"
      ]
    },
    {
      "image_id": 3,
      "filename": "561830_0_su_5_응봉할매 _2_004.png",
      "mapx": 37.5609595311681,
      "mapy": 126.809129234237,
      "width": 3840,
      "height": 2160,
      "caption_info": [
        "응봉할매 (강서구)",
        "베너 "
      ]
    },
    {
      "image_id": 4,
      "filename": "561830_0_su_5_응봉할매 _2_005.png",
      "mapx": 37.5609595311681,
      "mapy": 126.809129234237,
      "width": 3840,
      "height": 2160,
      "caption_info": [
        "응봉할매 (강서구)",
        "설렁탕 "
      ]
    }
  ],
  "annotations": [
    {
      "image_id": 0,
      "question": [
        {
          "question_id": 0,
          "question_type": "정보",
          "question": "영업시간을 알 수 있나요?",
          "question_wordNum": 4,
          "answer": "10:00 - 22:00",
          "answer_wordNum": 3,
          "fact": [
            "응봉할매,영업시간,10:00 - 22:00"
          ]
        },
        {
          "question_id": 1,
          "question_type": "정보",
          "question": "연락처가 어떻게 되나요?",
          "question_wordNum": 3,
          "answer": "0507-1358-0485",
          "answer_wordNum": 1,
          "fact": [
            "응봉할매,연락처,0507-1358-0485"
          ]
        },
        {
          "question_id": 2,
          "question_type": "정보",
          "question": "이 곳의 주소는 어떻게 되나요?",
          "question_wordNum": 5,
          "answer": "서울 강서구 공항대로 18-1",
          "answer_wordNum": 4,
          "fact": [
            "응봉할매,주소,서울 강서구 공항대로 18-1"
          ]
        },
        {
          "question_id": 3,
          "question_type": "정보",
          "question": "대표 메뉴가 무엇인가요?",
          "question_wordNum": 3,
          "answer": "설렁탕, 곰탕",
          "answer_wordNum": 2,
          "fact": [
            "응봉할매,메뉴,설렁탕, 곰탕"
          ]
        }
      ]
    },
    {
      "image_id": 1,
      "question": [
        {
          "question_id": 0,
          "question_type": "정보",
          "question": "연락처가 어떻게 되나요?",
          "question_wordNum": 3,
          "answer": "0507-1358-0485",
          "answer_wordNum": 1,
          "fact": [
            "응봉할매,연락처,0507-1358-0485"
          ]
        },
        {
          "question_id": 1,
          "question_type": "정보",
          "question": "휴무일을 알 수 있나요?",
          "question_wordNum": 4,
          "answer": "없음",
          "answer_wordNum": 1,
          "fact": [
            "응봉할매,휴무일,없음"
          ]
        },
        {
          "question_id": 2,
          "question_type": "정보",
          "question": "대표 메뉴가 무엇인가요?",
          "question_wordNum": 3,
          "answer": "설렁탕, 곰탕",
          "answer_wordNum": 2,
          "fact": [
            "응봉할매,메뉴,설렁탕, 곰탕"
          ]
        },
        {
          "question_id": 3,
          "question_type": "관계",
          "question": "이 곳에 인접한 시설이 있나요?",
          "question_wordNum": 5,
          "answer": "송정역 4번 출구, 또이네, 현대족발",
          "answer_wordNum": 5,
          "fact": [
            "응봉할매,인접,송정역 4번 출구, 또이네, 현대족발"
          ]
        }
      ]
    },
    {
      "image_id": 2,
      "question": [
        {
          "question_id": 0,
          "question_type": "정보",
          "question": "연락처가 어떻게 되나요?",
          "question_wordNum": 3,
          "answer": "0507-1358-0485",
          "answer_wordNum": 1,
          "fact": [
            "응봉할매,연락처,0507-1358-0485"
          ]
        },
        {
          "question_id": 1,
          "question_type": "탐색",
          "question": "주차시설이 있는지 알 수 있나요?",
          "question_wordNum": 5,
          "answer": "있음",
          "answer_wordNum": 1,
          "fact": [
            "응봉할매,주차시설,있음"
          ]
        },
        {
          "question_id": 2,
          "question_type": "정보",
          "question": "이 곳의 주소는 어떻게 되나요?",
          "question_wordNum": 5,
          "answer": "서울 강서구 공항대로 18-1",
          "answer_wordNum": 4,
          "fact": [
            "응봉할매,주소,서울 강서구 공항대로 18-1"
          ]
        },
        {
          "question_id": 3,
          "question_type": "정보",
          "question": "휴무일을 알 수 있나요?",
          "question_wordNum": 4,
          "answer": "없음",
          "answer_wordNum": 1,
          "fact": [
            "응봉할매,휴무일,없음"
          ]
        }
      ]
    },
    {
      "image_id": 3,
      "question": [
        {
          "question_id": 0,
          "question_type": "탐색",
          "question": "주차시설이 있는지 알 수 있나요?",
          "question_wordNum": 5,
          "answer": "있음",
          "answer_wordNum": 1,
          "fact": [
            "응봉할매,주차시설,있음"
          ]
        },
        {
          "question_id": 1,
          "question_type": "정보",
          "question": "이 곳의 주소는 어떻게 되나요?",
          "question_wordNum": 5,
          "answer": "서울 강서구 공항대로 18-1",
          "answer_wordNum": 4,
          "fact": [
            "응봉할매,주소,서울 강서구 공항대로 18-1"
          ]
        },
        {
          "question_id": 2,
          "question_type": "정보",
          "question": "영업시간을 알 수 있나요?",
          "question_wordNum": 4,
          "answer": "10:00 - 22:00",
          "answer_wordNum": 3,
          "fact": [
            "응봉할매,영업시간,10:00 - 22:00"
          ]
        },
        {
          "question_id": 3,
          "question_type": "정보",
          "question": "휴무일은 어떻게 되나요?",
          "question_wordNum": 3,
          "answer": "없음",
          "answer_wordNum": 1,
          "fact": [
            "응봉할매,휴무일,없음"
          ]
        }
      ]
    },
    {
      "image_id": 4,
      "question": [
        {
          "question_id": 0,
          "question_type": "탐색",
          "question": "주차시설이 있나요?",
          "question_wordNum": 2,
          "answer": "있음",
          "answer_wordNum": 1,
          "fact": [
            "응봉할매,주차시설,있음"
          ]
        },
        {
          "question_id": 1,
          "question_type": "정보",
          "question": "이 곳의 주소를 알 수 있나요?",
          "question_wordNum": 6,
          "answer": "서울 강서구 공항대로 18-1",
          "answer_wordNum": 4,
          "fact": [
            "응봉할매,주소,서울 강서구 공항대로 18-1"
          ]
        },
        {
          "question_id": 2,
          "question_type": "정보",
          "question": "연락처를 알 수 있나요?",
          "question_wordNum": 4,
          "answer": "0507-1358-0485",
          "answer_wordNum": 1,
          "fact": [
            "응봉할매,연락처,0507-1358-0485"
          ]
        },
        {
          "question_id": 3,
          "question_type": "정보",
          "question": "영업시간은 어떻게 되나요?",
          "question_wordNum": 3,
          "answer": "10:00 - 22:00",
          "answer_wordNum": 3,
          "fact": [
            "응봉할매,영업시간,10:00 - 22:00"
          ]
        }
      ]
    }
  ]
}