{
  "data": {
    "dataset": "2-083-219",
    "POI_id": "561636",
    "travelType": "음식점",
    "place": "김치옥",
    "area": "서울"
  },
  "imageInfo": [
    {
      "image_id": 0,
      "filename": "561636_0_su_5_김치옥_1_001.png",
      "mapx": 37.5604252748897,
      "mapy": 126.834719405616,
      "width": 3840,
      "height": 2160,
      "caption_info": [
        "김치옥(마곡동)",
        "간판, 나무, 파라솔"
      ]
    },
    {
      "image_id": 1,
      "filename": "561636_0_su_5_김치옥_1_002.png",
      "mapx": 37.5604252748897,
      "mapy": 126.834719405616,
      "width": 3840,
      "height": 2160,
      "caption_info": [
        "김치옥(마곡동)",
        "간판"
      ]
    },
    {
      "image_id": 2,
      "filename": "561636_0_su_5_김치옥_1_003.png",
      "mapx": 37.5604252748897,
      "mapy": 126.834719405616,
      "width": 3840,
      "height": 2160,
      "caption_info": [
        "김치옥(마곡동)",
        "테이블, 등받이의자"
      ]
    },
    {
      "image_id": 3,
      "filename": "561636_0_su_5_김치옥_1_004.png",
      "mapx": 37.5604252748897,
      "mapy": 126.834719405616,
      "width": 3840,
      "height": 2160,
      "caption_info": [
        "김치옥(마곡동)",
        "메뉴판"
      ]
    },
    {
      "image_id": 4,
      "filename": "561636_0_su_5_김치옥_1_005.png",
      "mapx": 37.5604252748897,
      "mapy": 126.834719405616,
      "width": 3840,
      "height": 2160,
      "caption_info": [
        "김치옥(마곡동)",
        "삼겹살"
      ]
    }
  ],
  "annotations": [
    {
      "image_id": 0,
      "question": [
        {
          "question_id": 0,
          "question_type": "정보",
          "question": "휴무일을 알 수 있나요?",
          "question_wordNum": 4,
          "answer": "알수없음",
          "answer_wordNum": 1,
          "fact": [
            "김치옥,휴무일,알수없음"
          ]
        },
        {
          "question_id": 1,
          "question_type": "관계",
          "question": "이 곳에 인접한 시설이 있나요?",
          "question_wordNum": 5,
          "answer": "발산역 9번 출구, 동굴, 고망고",
          "answer_wordNum": 5,
          "fact": [
            "김치옥,인접,발산역 9번 출구, 동굴, 고망고"
          ]
        },
        {
          "question_id": 2,
          "question_type": "탐색",
          "question": "주차시설이 있나요?",
          "question_wordNum": 2,
          "answer": "있음",
          "answer_wordNum": 1,
          "fact": [
            "김치옥,주차시설,있음"
          ]
        },
        {
          "question_id": 3,
          "question_type": "정보",
          "question": "이 곳의 주요 메뉴는 무엇이 있나요?",
          "question_wordNum": 6,
          "answer": "솥뚜껑 한돈 김치찜 점심 특선, 김치옥 한판세트",
          "answer_wordNum": 7,
          "fact": [
            "김치옥,메뉴,솥뚜껑 한돈 김치찜 점심 특선, 김치옥 한판세트"
          ]
        }
      ]
    },
    {
      "image_id": 1,
      "question": [
        {
          "question_id": 0,
          "question_type": "관계",
          "question": "이 곳에 인접한 시설이 있나요?",
          "question_wordNum": 5,
          "answer": "발산역 9번 출구, 동굴, 고망고",
          "answer_wordNum": 5,
          "fact": [
            "김치옥,인접,발산역 9번 출구, 동굴, 고망고"
          ]
        },
        {
          "question_id": 1,
          "question_type": "정보",
          "question": "휴무일을 알 수 있나요?",
          "question_wordNum": 4,
          "answer": "알수없음",
          "answer_wordNum": 1,
          "fact": [
            "김치옥,휴무일,알수없음"
          ]
        },
        {
          "question_id": 2,
          "question_type": "정보",
          "question": "이 곳의 주소는 어떻게 되나요?",
          "question_wordNum": 5,
          "answer": "서울 강서구 마곡중앙6로 65 지투프라자 2층",
          "answer_wordNum": 6,
          "fact": [
            "김치옥,주소,서울 강서구 마곡중앙6로 65 지투프라자 2층"
          ]
        },
        {
          "question_id": 3,
          "question_type": "정보",
          "question": "연락처가 어떻게 되나요?",
          "question_wordNum": 3,
          "answer": "0507-1443-2029",
          "answer_wordNum": 1,
          "fact": [
            "김치옥,연락처,0507-1443-2029"
          ]
        }
      ]
    },
    {
      "image_id": 2,
      "question": [
        {
          "question_id": 0,
          "question_type": "정보",
          "question": "이 곳의 주요 메뉴는 무엇이 있나요?",
          "question_wordNum": 6,
          "answer": "솥뚜껑 한돈 김치찜 점심 특선, 김치옥 한판세트",
          "answer_wordNum": 7,
          "fact": [
            "김치옥,메뉴,솥뚜껑 한돈 김치찜 점심 특선, 김치옥 한판세트"
          ]
        },
        {
          "question_id": 1,
          "question_type": "정보",
          "question": "연락처가 어떻게 되나요?",
          "question_wordNum": 3,
          "answer": "0507-1443-2029",
          "answer_wordNum": 1,
          "fact": [
            "김치옥,연락처,0507-1443-2029"
          ]
        },
        {
          "question_id": 2,
          "question_type": "관계",
          "question": "이 곳에 인접한 시설이 있나요?",
          "question_wordNum": 5,
          "answer": "발산역 9번 출구, 동굴, 고망고",
          "answer_wordNum": 5,
          "fact": [
            "김치옥,인접,발산역 9번 출구, 동굴, 고망고"
          ]
        },
        {
          "question_id": 3,
          "question_type": "정보",
          "question": "영업시간은 어떻게 되나요?",
          "question_wordNum": 3,
          "answer": "11:00~22:00",
          "answer_wordNum": 1,
          "fact": [
            "김치옥,영업시간,11:00~22:00"
          ]
        }
      ]
    },
    {
      "image_id": 3,
      "question": [
        {
          "question_id": 0,
          "question_type": "정보",
          "question": "연락처가 어떻게 되나요?",
          "question_wordNum": 3,
          "answer": "0507-1443-2029",
          "answer_wordNum": 1,
          "fact": [
            "김치옥,연락처,0507-1443-2029"
          ]
        },
        {
          "question_id": 1,
          "question_type": "정보",
          "question": "영업시간은 어떻게 되나요?",
          "question_wordNum": 3,
          "answer": "11:00~22:00",
          "answer_wordNum": 1,
          "fact": [
            "김치옥,영업시간,11:00~22:00"
          ]
        },
        {
          "question_id": 2,
          "question_type": "정보",
          "question": "이 곳의 주요 메뉴는 무엇이 있나요?",
          "question_wordNum": 6,
          "answer": "솥뚜껑 한돈 김치찜 점심 특선, 김치옥 한판세트",
          "answer_wordNum": 7,
          "fact": [
            "김치옥,메뉴,솥뚜껑 한돈 김치찜 점심 특선, 김치옥 한판세트"
          ]
        },
        {
          "question_id": 3,
          "question_type": "탐색",
          "question": "주차시설이 있나요?",
          "question_wordNum": 2,
          "answer": "있음",
          "answer_wordNum": 1,
          "fact": [
            "김치옥,주차시설,있음"
          ]
        }
      ]
    },
    {
      "image_id": 4,
      "question": [
        {
          "question_id": 0,
          "question_type": "정보",
          "question": "이 곳의 대표적인 메뉴는 무엇이 있나요?",
          "question_wordNum": 6,
          "answer": "솥뚜껑 한돈 김치찜 점심 특선, 김치옥 한판세트",
          "answer_wordNum": 7,
          "fact": [
            "김치옥,메뉴,솥뚜껑 한돈 김치찜 점심 특선, 김치옥 한판세트"
          ]
        },
        {
          "question_id": 1,
          "question_type": "탐색",
          "question": "주차시설이 있나요?",
          "question_wordNum": 2,
          "answer": "있음",
          "answer_wordNum": 1,
          "fact": [
            "김치옥,주차시설,있음"
          ]
        },
        {
          "question_id": 2,
          "question_type": "정보",
          "question": "이 곳의 주소는 어떻게 되나요?",
          "question_wordNum": 5,
          "answer": "서울 강서구 마곡중앙6로 65 지투프라자 2층",
          "answer_wordNum": 6,
          "fact": [
            "김치옥,주소,서울 강서구 마곡중앙6로 65 지투프라자 2층"
          ]
        },
        {
          "question_id": 3,
          "question_type": "관계",
          "question": "이 곳에 인접한 시설이 있나요?",
          "question_wordNum": 5,
          "answer": "발산역 9번 출구, 동굴, 고망고",
          "answer_wordNum": 5,
          "fact": [
            "김치옥,인접,발산역 9번 출구, 동굴, 고망고"
          ]
        }
      ]
    }
  ]
}