{
  "data": {
    "dataset": "2-083-219",
    "POI_id": "561725",
    "travelType": "음식점",
    "place": "밀동",
    "area": "서울"
  },
  "imageInfo": [
    {
      "image_id": 0,
      "filename": "561725_0_su_5_밀동_1_001.png",
      "mapx": 37.5576845042108,
      "mapy": 126.838934950863,
      "width": 3840,
      "height": 2160,
      "caption_info": [
        "밀동(강서구)",
        "간판"
      ]
    },
    {
      "image_id": 1,
      "filename": "561725_0_su_5_밀동_1_002.png",
      "mapx": 37.5576845042108,
      "mapy": 126.838934950863,
      "width": 3840,
      "height": 2160,
      "caption_info": [
        "밀동(강서구)",
        "간판"
      ]
    },
    {
      "image_id": 2,
      "filename": "561725_0_su_5_밀동_1_003.png",
      "mapx": 37.5576845042108,
      "mapy": 126.838934950863,
      "width": 3840,
      "height": 2160,
      "caption_info": [
        "밀동(강서구)",
        "사각 테이블"
      ]
    },
    {
      "image_id": 3,
      "filename": "561725_0_su_5_밀동_1_004.png",
      "mapx": 37.5576845042108,
      "mapy": 126.838934950863,
      "width": 3840,
      "height": 2160,
      "caption_info": [
        "밀동(강서구)",
        "메뉴판 "
      ]
    },
    {
      "image_id": 4,
      "filename": "561725_0_su_5_밀동_1_005.png",
      "mapx": 37.5576845042108,
      "mapy": 126.838934950863,
      "width": 3840,
      "height": 2160,
      "caption_info": [
        "밀동(강서구)",
        "접시"
      ]
    }
  ],
  "annotations": [
    {
      "image_id": 0,
      "question": [
        {
          "question_id": 0,
          "question_type": "탐색",
          "question": "주차시설이 있는지 알 수 있나요?",
          "question_wordNum": 5,
          "answer": "있음",
          "answer_wordNum": 1,
          "fact": [
            "밀동,주차시설,있음"
          ]
        },
        {
          "question_id": 1,
          "question_type": "정보",
          "question": "영업시간을 알 수 있나요?",
          "question_wordNum": 4,
          "answer": "11:00~15:00/21:00",
          "answer_wordNum": 1,
          "fact": [
            "밀동,영업시간,11:00~15:00/21:00"
          ]
        },
        {
          "question_id": 2,
          "question_type": "관계",
          "question": "이 곳에 인접한 시설이 있나요?",
          "question_wordNum": 5,
          "answer": "발산역 5번 출구, 세븐일레븐, 브루클린커피",
          "answer_wordNum": 5,
          "fact": [
            "밀동,인접,발산역 5번 출구, 세븐일레븐, 브루클린커피"
          ]
        },
        {
          "question_id": 3,
          "question_type": "정보",
          "question": "휴무일을 알 수 있나요?",
          "question_wordNum": 4,
          "answer": "매주 일요일",
          "answer_wordNum": 2,
          "fact": [
            "밀동,휴무일,매주 일요일"
          ]
        }
      ]
    },
    {
      "image_id": 1,
      "question": [
        {
          "question_id": 0,
          "question_type": "정보",
          "question": "이 곳의 주소는 어떻게 되나요?",
          "question_wordNum": 5,
          "answer": "서울 강서구 강서로52길 16",
          "answer_wordNum": 4,
          "fact": [
            "밀동,주소,서울 강서구 강서로52길 16"
          ]
        },
        {
          "question_id": 1,
          "question_type": "정보",
          "question": "휴무일을 알 수 있나요?",
          "question_wordNum": 4,
          "answer": "매주 일요일",
          "answer_wordNum": 2,
          "fact": [
            "밀동,휴무일,매주 일요일"
          ]
        },
        {
          "question_id": 2,
          "question_type": "관계",
          "question": "이 곳에 인접한 시설이 있나요?",
          "question_wordNum": 5,
          "answer": "발산역 5번 출구, 세븐일레븐, 브루클린커피",
          "answer_wordNum": 5,
          "fact": [
            "밀동,인접,발산역 5번 출구, 세븐일레븐, 브루클린커피"
          ]
        },
        {
          "question_id": 3,
          "question_type": "정보",
          "question": "영업시간을 알 수 있나요?",
          "question_wordNum": 4,
          "answer": "11:00~15:00/21:00",
          "answer_wordNum": 1,
          "fact": [
            "밀동,영업시간,11:00~15:00/21:00"
          ]
        }
      ]
    },
    {
      "image_id": 2,
      "question": [
        {
          "question_id": 0,
          "question_type": "정보",
          "question": "이 곳의 주소는 어떻게 되나요?",
          "question_wordNum": 5,
          "answer": "서울 강서구 강서로52길 16",
          "answer_wordNum": 4,
          "fact": [
            "밀동,주소,서울 강서구 강서로52길 16"
          ]
        },
        {
          "question_id": 1,
          "question_type": "탐색",
          "question": "주차시설이 있나요?",
          "question_wordNum": 2,
          "answer": "있음",
          "answer_wordNum": 1,
          "fact": [
            "밀동,주차시설,있음"
          ]
        },
        {
          "question_id": 2,
          "question_type": "정보",
          "question": "대표 메뉴가 무엇인가요?",
          "question_wordNum": 3,
          "answer": "돈가스, 눈꽃치즈돈가스",
          "answer_wordNum": 2,
          "fact": [
            "밀동,메뉴,돈가스, 눈꽃치즈돈가스"
          ]
        },
        {
          "question_id": 3,
          "question_type": "정보",
          "question": "영업시간은 어떻게 되나요?",
          "question_wordNum": 3,
          "answer": "11:00~15:00/21:00",
          "answer_wordNum": 1,
          "fact": [
            "밀동,영업시간,11:00~15:00/21:00"
          ]
        }
      ]
    },
    {
      "image_id": 3,
      "question": [
        {
          "question_id": 0,
          "question_type": "정보",
          "question": "연락처가 어떻게 되나요?",
          "question_wordNum": 3,
          "answer": "02-2659-4171",
          "answer_wordNum": 1,
          "fact": [
            "밀동,연락처,02-2659-4171"
          ]
        },
        {
          "question_id": 1,
          "question_type": "정보",
          "question": "영업시간을 알 수 있나요?",
          "question_wordNum": 4,
          "answer": "11:00~15:00/21:00",
          "answer_wordNum": 1,
          "fact": [
            "밀동,영업시간,11:00~15:00/21:00"
          ]
        },
        {
          "question_id": 2,
          "question_type": "관계",
          "question": "이 곳에 인접한 시설을 알 수 있나요?",
          "question_wordNum": 7,
          "answer": "발산역 5번 출구, 세븐일레븐, 브루클린커피",
          "answer_wordNum": 5,
          "fact": [
            "밀동,인접,발산역 5번 출구, 세븐일레븐, 브루클린커피"
          ]
        },
        {
          "question_id": 3,
          "question_type": "정보",
          "question": "휴무일을 알 수 있나요?",
          "question_wordNum": 4,
          "answer": "매주 일요일",
          "answer_wordNum": 2,
          "fact": [
            "밀동,휴무일,매주 일요일"
          ]
        }
      ]
    },
    {
      "image_id": 4,
      "question": [
        {
          "question_id": 0,
          "question_type": "정보",
          "question": "대표 메뉴가 무엇인가요?",
          "question_wordNum": 3,
          "answer": "돈가스, 눈꽃치즈돈가스",
          "answer_wordNum": 2,
          "fact": [
            "밀동,메뉴,돈가스, 눈꽃치즈돈가스"
          ]
        },
        {
          "question_id": 1,
          "question_type": "정보",
          "question": "이 곳의 주소를 알 수 있나요?",
          "question_wordNum": 6,
          "answer": "서울 강서구 강서로52길 16",
          "answer_wordNum": 4,
          "fact": [
            "밀동,주소,서울 강서구 강서로52길 16"
          ]
        },
        {
          "question_id": 2,
          "question_type": "정보",
          "question": "휴무일을 알 수 있나요?",
          "question_wordNum": 4,
          "answer": "매주 일요일",
          "answer_wordNum": 2,
          "fact": [
            "밀동,휴무일,매주 일요일"
          ]
        },
        {
          "question_id": 3,
          "question_type": "관계",
          "question": "이 곳에 인접한 시설이 있나요?",
          "question_wordNum": 5,
          "answer": "발산역 5번 출구, 세븐일레븐, 브루클린커피",
          "answer_wordNum": 5,
          "fact": [
            "밀동,인접,발산역 5번 출구, 세븐일레븐, 브루클린커피"
          ]
        }
      ]
    }
  ]
}