{
  "data": {
    "dataset": "2-083-219",
    "POI_id": "561537",
    "travelType": "음식점",
    "place": "화양연화 ",
    "area": "서울"
  },
  "imageInfo": [
    {
      "image_id": 0,
      "filename": "561537_0_su_5_화양연화 _14_001.png",
      "mapx": 37.5598562142859,
      "mapy": 126.834854214935,
      "width": 3840,
      "height": 2160,
      "caption_info": [
        "화양연화(마곡동)",
        "입간판, 미닫이문"
      ]
    },
    {
      "image_id": 1,
      "filename": "561537_0_su_5_화양연화 _14_002.png",
      "mapx": 37.5598562142859,
      "mapy": 126.834854214935,
      "width": 3840,
      "height": 2160,
      "caption_info": [
        "화양연화(마곡동)",
        "간판"
      ]
    },
    {
      "image_id": 2,
      "filename": "561537_0_su_5_화양연화 _14_003.png",
      "mapx": 37.5598562142859,
      "mapy": 126.834854214935,
      "width": 3840,
      "height": 2160,
      "caption_info": [
        "화양연화(마곡동)",
        "가림막, 테이블"
      ]
    },
    {
      "image_id": 3,
      "filename": "561537_0_su_5_화양연화 _14_004.png",
      "mapx": 37.5598562142859,
      "mapy": 126.834854214935,
      "width": 3840,
      "height": 2160,
      "caption_info": [
        "화양연화(마곡동)",
        "메뉴판"
      ]
    },
    {
      "image_id": 4,
      "filename": "561537_0_su_5_화양연화 _14_005.png",
      "mapx": 37.5598562142859,
      "mapy": 126.834854214935,
      "width": 3840,
      "height": 2160,
      "caption_info": [
        "화양연화(마곡동)",
        "몽골리안비프"
      ]
    }
  ],
  "annotations": [
    {
      "image_id": 0,
      "question": [
        {
          "question_id": 0,
          "question_type": "탐색",
          "question": "주차시설이 있는지 알 수 있나요?",
          "question_wordNum": 5,
          "answer": "있음",
          "answer_wordNum": 1,
          "fact": [
            "화양연화,주차시설,있음"
          ]
        },
        {
          "question_id": 1,
          "question_type": "관계",
          "question": "이 곳에 인접한 시설을 알 수 있나요?",
          "question_wordNum": 7,
          "answer": "발산역 9번 출구, 매그넘797, 꾸꾸케이크, 청계",
          "answer_wordNum": 6,
          "fact": [
            "화양연화,인접,발산역 9번 출구, 매그넘797, 꾸꾸케이크, 청계"
          ]
        },
        {
          "question_id": 2,
          "question_type": "정보",
          "question": "영업시간은 몇시부터 몇시까지로 기재되어 있나요?",
          "question_wordNum": 5,
          "answer": "11:30/16:00~22:00",
          "answer_wordNum": 1,
          "fact": [
            "화양연화,영업시간,11:30/16:00~22:00"
          ]
        },
        {
          "question_id": 3,
          "question_type": "정보",
          "question": "이 곳의 대표적인 메뉴를 알 수 있나요?",
          "question_wordNum": 7,
          "answer": "몽골리안비프, 목화솜탕수육",
          "answer_wordNum": 2,
          "fact": [
            "화양연화,메뉴,몽골리안비프, 목화솜탕수육"
          ]
        }
      ]
    },
    {
      "image_id": 1,
      "question": [
        {
          "question_id": 0,
          "question_type": "정보",
          "question": "영업시간을 알 수 있나요?",
          "question_wordNum": 4,
          "answer": "11:30/16:00~22:00",
          "answer_wordNum": 1,
          "fact": [
            "화양연화,영업시간,11:30/16:00~22:00"
          ]
        },
        {
          "question_id": 1,
          "question_type": "정보",
          "question": "이 곳의 대표적인 메뉴를 알 수 있나요?",
          "question_wordNum": 7,
          "answer": "몽골리안비프, 목화솜탕수육",
          "answer_wordNum": 2,
          "fact": [
            "화양연화,메뉴,몽골리안비프, 목화솜탕수육"
          ]
        },
        {
          "question_id": 2,
          "question_type": "정보",
          "question": "연락처가 어떻게 되나요?",
          "question_wordNum": 3,
          "answer": "02-3662-3545",
          "answer_wordNum": 1,
          "fact": [
            "화양연화,연락처,02-3662-3545"
          ]
        },
        {
          "question_id": 3,
          "question_type": "정보",
          "question": "휴무일을 알 수 있나요?",
          "question_wordNum": 4,
          "answer": "알수없음",
          "answer_wordNum": 1,
          "fact": [
            "화양연화,휴무일,알수없음"
          ]
        }
      ]
    },
    {
      "image_id": 2,
      "question": [
        {
          "question_id": 0,
          "question_type": "정보",
          "question": "연락처를 알 수 있나요?",
          "question_wordNum": 4,
          "answer": "02-3662-3545",
          "answer_wordNum": 1,
          "fact": [
            "화양연화,연락처,02-3662-3545"
          ]
        },
        {
          "question_id": 1,
          "question_type": "탐색",
          "question": "주차시설이 있는지 알 수 있나요?",
          "question_wordNum": 5,
          "answer": "있음",
          "answer_wordNum": 1,
          "fact": [
            "화양연화,주차시설,있음"
          ]
        },
        {
          "question_id": 2,
          "question_type": "관계",
          "question": "이 곳에 인접한 시설이 있나요?",
          "question_wordNum": 5,
          "answer": "발산역 9번 출구, 매그넘797, 꾸꾸케이크, 청계",
          "answer_wordNum": 6,
          "fact": [
            "화양연화,인접,발산역 9번 출구, 매그넘797, 꾸꾸케이크, 청계"
          ]
        },
        {
          "question_id": 3,
          "question_type": "정보",
          "question": "휴무일을 알 수 있나요?",
          "question_wordNum": 4,
          "answer": "알수없음",
          "answer_wordNum": 1,
          "fact": [
            "화양연화,휴무일,알수없음"
          ]
        }
      ]
    },
    {
      "image_id": 3,
      "question": [
        {
          "question_id": 0,
          "question_type": "정보",
          "question": "이 곳의 주소는 어떻게 되나요?",
          "question_wordNum": 5,
          "answer": "서울 강서구 마곡중앙6로 70",
          "answer_wordNum": 4,
          "fact": [
            "화양연화,주소,서울 강서구 마곡중앙6로 70"
          ]
        },
        {
          "question_id": 1,
          "question_type": "정보",
          "question": "이 곳의 대표적인 메뉴를 알 수 있나요?",
          "question_wordNum": 7,
          "answer": "몽골리안비프, 목화솜탕수육",
          "answer_wordNum": 2,
          "fact": [
            "화양연화,메뉴,몽골리안비프, 목화솜탕수육"
          ]
        },
        {
          "question_id": 2,
          "question_type": "탐색",
          "question": "주차시설이 있는지 알 수 있나요?",
          "question_wordNum": 5,
          "answer": "있음",
          "answer_wordNum": 1,
          "fact": [
            "화양연화,주차시설,있음"
          ]
        },
        {
          "question_id": 3,
          "question_type": "정보",
          "question": "연락처를 알 수 있나요?",
          "question_wordNum": 4,
          "answer": "02-3662-3545",
          "answer_wordNum": 1,
          "fact": [
            "화양연화,연락처,02-3662-3545"
          ]
        }
      ]
    },
    {
      "image_id": 4,
      "question": [
        {
          "question_id": 0,
          "question_type": "정보",
          "question": "휴무일은 어떻게 되나요?",
          "question_wordNum": 3,
          "answer": "알수없음",
          "answer_wordNum": 1,
          "fact": [
            "화양연화,휴무일,알수없음"
          ]
        },
        {
          "question_id": 1,
          "question_type": "정보",
          "question": "이 곳의 주소를 알 수 있나요?",
          "question_wordNum": 6,
          "answer": "서울 강서구 마곡중앙6로 70",
          "answer_wordNum": 4,
          "fact": [
            "화양연화,주소,서울 강서구 마곡중앙6로 70"
          ]
        },
        {
          "question_id": 2,
          "question_type": "정보",
          "question": "영업시간은 어떻게 되나요?",
          "question_wordNum": 3,
          "answer": "11:30/16:00~22:00",
          "answer_wordNum": 1,
          "fact": [
            "화양연화,영업시간,11:30/16:00~22:00"
          ]
        },
        {
          "question_id": 3,
          "question_type": "관계",
          "question": "이 곳에 인접한 시설을 알 수 있나요?",
          "question_wordNum": 7,
          "answer": "발산역 9번 출구, 매그넘797, 꾸꾸케이크, 청계",
          "answer_wordNum": 6,
          "fact": [
            "화양연화,인접,발산역 9번 출구, 매그넘797, 꾸꾸케이크, 청계"
          ]
        }
      ]
    }
  ]
}