{
  "data": {
    "dataset": "2-083-219",
    "POI_id": "561797",
    "travelType": "음식점",
    "place": "크레파스 ",
    "area": "서울"
  },
  "imageInfo": [
    {
      "image_id": 0,
      "filename": "561797_0_su_5_크레파스 _3_001.png",
      "mapx": 37.5471854885291,
      "mapy": 126.821476925273,
      "width": 3840,
      "height": 2160,
      "caption_info": [
        "크레파스(강서구) ",
        "간판"
      ]
    },
    {
      "image_id": 1,
      "filename": "561797_0_su_5_크레파스 _3_002.png",
      "mapx": 37.5471854885291,
      "mapy": 126.821476925273,
      "width": 3840,
      "height": 2160,
      "caption_info": [
        "크레파스(강서구) ",
        "건물, 간판 "
      ]
    },
    {
      "image_id": 2,
      "filename": "561797_0_su_5_크레파스 _3_003.png",
      "mapx": 37.5471854885291,
      "mapy": 126.821476925273,
      "width": 3840,
      "height": 2160,
      "caption_info": [
        "크레파스(강서구) ",
        "사각 테이블"
      ]
    },
    {
      "image_id": 3,
      "filename": "561797_0_su_5_크레파스 _3_004.png",
      "mapx": 37.5471854885291,
      "mapy": 126.821476925273,
      "width": 3840,
      "height": 2160,
      "caption_info": [
        "크레파스(강서구) ",
        "메뉴판 "
      ]
    },
    {
      "image_id": 4,
      "filename": "561797_0_su_5_크레파스 _3_005.png",
      "mapx": 37.5471854885291,
      "mapy": 126.821476925273,
      "width": 3840,
      "height": 2160,
      "caption_info": [
        "크레파스(강서구) ",
        "돈까스 "
      ]
    }
  ],
  "annotations": [
    {
      "image_id": 0,
      "question": [
        {
          "question_id": 0,
          "question_type": "정보",
          "question": "휴무일은 어떻게 되나요?",
          "question_wordNum": 3,
          "answer": "매주 월요일",
          "answer_wordNum": 2,
          "fact": [
            "크레파스,휴무일,매주 월요일"
          ]
        },
        {
          "question_id": 1,
          "question_type": "관계",
          "question": "이 곳에 인접한 시설이 있나요?",
          "question_wordNum": 5,
          "answer": "까치울, 살구나무집",
          "answer_wordNum": 2,
          "fact": [
            "크레파스,인접,까치울, 살구나무집"
          ]
        },
        {
          "question_id": 2,
          "question_type": "정보",
          "question": "이 곳의 주소는 어떻게 되나요?",
          "question_wordNum": 5,
          "answer": "서울 강서구 남부순환로17길 6",
          "answer_wordNum": 4,
          "fact": [
            "크레파스,주소,서울 강서구 남부순환로17길 6"
          ]
        },
        {
          "question_id": 3,
          "question_type": "탐색",
          "question": "주차시설이 있는지 알 수 있나요?",
          "question_wordNum": 5,
          "answer": "있음",
          "answer_wordNum": 1,
          "fact": [
            "크레파스,주차시설,있음"
          ]
        }
      ]
    },
    {
      "image_id": 1,
      "question": [
        {
          "question_id": 0,
          "question_type": "탐색",
          "question": "주차시설이 있나요?",
          "question_wordNum": 2,
          "answer": "있음",
          "answer_wordNum": 1,
          "fact": [
            "크레파스,주차시설,있음"
          ]
        },
        {
          "question_id": 1,
          "question_type": "관계",
          "question": "이 곳에 인접한 시설을 알 수 있나요?",
          "question_wordNum": 7,
          "answer": "까치울, 살구나무집",
          "answer_wordNum": 2,
          "fact": [
            "크레파스,인접,까치울, 살구나무집"
          ]
        },
        {
          "question_id": 2,
          "question_type": "정보",
          "question": "이 곳의 주소를 알 수 있나요?",
          "question_wordNum": 6,
          "answer": "서울 강서구 남부순환로17길 6",
          "answer_wordNum": 4,
          "fact": [
            "크레파스,주소,서울 강서구 남부순환로17길 6"
          ]
        },
        {
          "question_id": 3,
          "question_type": "정보",
          "question": "영업시간은 어떻게 되나요?",
          "question_wordNum": 3,
          "answer": "11:00~22:00",
          "answer_wordNum": 1,
          "fact": [
            "크레파스,영업시간,11:00~22:00"
          ]
        }
      ]
    },
    {
      "image_id": 2,
      "question": [
        {
          "question_id": 0,
          "question_type": "정보",
          "question": "영업시간을 알 수 있나요?",
          "question_wordNum": 4,
          "answer": "11:00~22:00",
          "answer_wordNum": 1,
          "fact": [
            "크레파스,영업시간,11:00~22:00"
          ]
        },
        {
          "question_id": 1,
          "question_type": "정보",
          "question": "휴무일은 어떻게 되나요?",
          "question_wordNum": 3,
          "answer": "매주 월요일",
          "answer_wordNum": 2,
          "fact": [
            "크레파스,휴무일,매주 월요일"
          ]
        },
        {
          "question_id": 2,
          "question_type": "정보",
          "question": "이 곳의 메뉴를 알 수 있나요?",
          "question_wordNum": 6,
          "answer": "등심돈까스, 고르곤졸라",
          "answer_wordNum": 2,
          "fact": [
            "크레파스,메뉴,등심돈까스, 고르곤졸라"
          ]
        },
        {
          "question_id": 3,
          "question_type": "정보",
          "question": "연락처를 알 수 있나요?",
          "question_wordNum": 4,
          "answer": "02-2661-5003",
          "answer_wordNum": 1,
          "fact": [
            "크레파스,연락처,02-2661-5003"
          ]
        }
      ]
    },
    {
      "image_id": 3,
      "question": [
        {
          "question_id": 0,
          "question_type": "정보",
          "question": "휴무일을 알 수 있나요?",
          "question_wordNum": 4,
          "answer": "매주 월요일",
          "answer_wordNum": 2,
          "fact": [
            "크레파스,휴무일,매주 월요일"
          ]
        },
        {
          "question_id": 1,
          "question_type": "관계",
          "question": "이 곳에 인접한 시설이 있나요?",
          "question_wordNum": 5,
          "answer": "까치울, 살구나무집",
          "answer_wordNum": 2,
          "fact": [
            "크레파스,인접,까치울, 살구나무집"
          ]
        },
        {
          "question_id": 2,
          "question_type": "정보",
          "question": "이 곳의 주소는 어떻게 되나요?",
          "question_wordNum": 5,
          "answer": "서울 강서구 남부순환로17길 6",
          "answer_wordNum": 4,
          "fact": [
            "크레파스,주소,서울 강서구 남부순환로17길 6"
          ]
        },
        {
          "question_id": 3,
          "question_type": "정보",
          "question": "대표 메뉴가 무엇인가요?",
          "question_wordNum": 3,
          "answer": "등심돈까스, 고르곤졸라",
          "answer_wordNum": 2,
          "fact": [
            "크레파스,메뉴,등심돈까스, 고르곤졸라"
          ]
        }
      ]
    },
    {
      "image_id": 4,
      "question": [
        {
          "question_id": 0,
          "question_type": "정보",
          "question": "이 곳의 메뉴를 알 수 있나요?",
          "question_wordNum": 6,
          "answer": "등심돈까스, 고르곤졸라",
          "answer_wordNum": 2,
          "fact": [
            "크레파스,메뉴,등심돈까스, 고르곤졸라"
          ]
        },
        {
          "question_id": 1,
          "question_type": "정보",
          "question": "이 곳의 주소는 어떻게 되나요?",
          "question_wordNum": 5,
          "answer": "서울 강서구 남부순환로17길 6",
          "answer_wordNum": 4,
          "fact": [
            "크레파스,주소,서울 강서구 남부순환로17길 6"
          ]
        },
        {
          "question_id": 2,
          "question_type": "탐색",
          "question": "주차시설이 있는지 알 수 있나요?",
          "question_wordNum": 5,
          "answer": "있음",
          "answer_wordNum": 1,
          "fact": [
            "크레파스,주차시설,있음"
          ]
        },
        {
          "question_id": 3,
          "question_type": "정보",
          "question": "영업시간을 알 수 있나요?",
          "question_wordNum": 4,
          "answer": "11:00~22:00",
          "answer_wordNum": 1,
          "fact": [
            "크레파스,영업시간,11:00~22:00"
          ]
        }
      ]
    }
  ]
}