{
  "data": {
    "dataset": "2-083-219",
    "POI_id": "561769",
    "travelType": "음식점",
    "place": "시타이시베이커리 ",
    "area": "서울"
  },
  "imageInfo": [
    {
      "image_id": 0,
      "filename": "561769_0_su_5_시타이시베이커리 _1_001.png",
      "mapx": 37.547790569435,
      "mapy": 126.832971913548,
      "width": 3840,
      "height": 2160,
      "caption_info": [
        "시타이시베이커리(강서구) ",
        "간판"
      ]
    },
    {
      "image_id": 1,
      "filename": "561769_0_su_5_시타이시베이커리 _1_002.png",
      "mapx": 37.547790569435,
      "mapy": 126.832971913548,
      "width": 3840,
      "height": 2160,
      "caption_info": [
        "시타이시베이커리(강서구) ",
        "간판"
      ]
    },
    {
      "image_id": 2,
      "filename": "561769_0_su_5_시타이시베이커리 _1_003.png",
      "mapx": 37.547790569435,
      "mapy": 126.832971913548,
      "width": 3840,
      "height": 2160,
      "caption_info": [
        "시타이시베이커리(강서구) ",
        "빵 "
      ]
    },
    {
      "image_id": 3,
      "filename": "561769_0_su_5_시타이시베이커리 _1_004.png",
      "mapx": 37.547790569435,
      "mapy": 126.832971913548,
      "width": 3840,
      "height": 2160,
      "caption_info": [
        "시타이시베이커리(강서구) ",
        "빵 "
      ]
    },
    {
      "image_id": 4,
      "filename": "561769_0_su_5_시타이시베이커리 _1_005.png",
      "mapx": 37.547790569435,
      "mapy": 126.832971913548,
      "width": 3840,
      "height": 2160,
      "caption_info": [
        "시타이시베이커리(강서구) ",
        "빵 "
      ]
    }
  ],
  "annotations": [
    {
      "image_id": 0,
      "question": [
        {
          "question_id": 0,
          "question_type": "정보",
          "question": "휴무일을 알 수 있나요?",
          "question_wordNum": 4,
          "answer": "매주 일요일",
          "answer_wordNum": 2,
          "fact": [
            "시타이시베이커리,휴무일,매주 일요일"
          ]
        },
        {
          "question_id": 1,
          "question_type": "관계",
          "question": "이 곳에 인접한 시설이 있나요?",
          "question_wordNum": 5,
          "answer": "우장산역 3번 출구, 요거프레소, 카페드렌",
          "answer_wordNum": 5,
          "fact": [
            "시타이시베이커리,인접,우장산역 3번 출구, 요거프레소, 카페드렌"
          ]
        },
        {
          "question_id": 2,
          "question_type": "정보",
          "question": "이 곳의 주소는 어떻게 되나요?",
          "question_wordNum": 5,
          "answer": "서울 강서구 강서로45길 49-4",
          "answer_wordNum": 4,
          "fact": [
            "시타이시베이커리,주소,서울 강서구 강서로45길 49-4"
          ]
        },
        {
          "question_id": 3,
          "question_type": "탐색",
          "question": "주차시설이 있는지 알 수 있나요?",
          "question_wordNum": 5,
          "answer": "있음",
          "answer_wordNum": 1,
          "fact": [
            "시타이시베이커리,주차시설,있음"
          ]
        }
      ]
    },
    {
      "image_id": 1,
      "question": [
        {
          "question_id": 0,
          "question_type": "탐색",
          "question": "주차시설이 있는지 알 수 있나요?",
          "question_wordNum": 5,
          "answer": "있음",
          "answer_wordNum": 1,
          "fact": [
            "시타이시베이커리,주차시설,있음"
          ]
        },
        {
          "question_id": 1,
          "question_type": "정보",
          "question": "영업시간은 어떻게 되나요?",
          "question_wordNum": 3,
          "answer": "09:30~21:00",
          "answer_wordNum": 1,
          "fact": [
            "시타이시베이커리,영업시간,09:30~21:00"
          ]
        },
        {
          "question_id": 2,
          "question_type": "정보",
          "question": "휴무일은 어떻게 되나요?",
          "question_wordNum": 3,
          "answer": "매주 일요일",
          "answer_wordNum": 2,
          "fact": [
            "시타이시베이커리,휴무일,매주 일요일"
          ]
        },
        {
          "question_id": 3,
          "question_type": "정보",
          "question": "연락처를 알 수 있나요?",
          "question_wordNum": 4,
          "answer": "02-2693-9748",
          "answer_wordNum": 1,
          "fact": [
            "시타이시베이커리,연락처,02-2693-9748"
          ]
        }
      ]
    },
    {
      "image_id": 2,
      "question": [
        {
          "question_id": 0,
          "question_type": "정보",
          "question": "휴무일을 알 수 있나요?",
          "question_wordNum": 4,
          "answer": "매주 일요일",
          "answer_wordNum": 2,
          "fact": [
            "시타이시베이커리,휴무일,매주 일요일"
          ]
        },
        {
          "question_id": 1,
          "question_type": "정보",
          "question": "이 곳의 메뉴를 알 수 있나요?",
          "question_wordNum": 6,
          "answer": "블루베리 케이크, 초코머핀",
          "answer_wordNum": 3,
          "fact": [
            "시타이시베이커리,메뉴,블루베리 케이크, 초코머핀"
          ]
        },
        {
          "question_id": 2,
          "question_type": "관계",
          "question": "이 곳에 인접한 시설이 있나요?",
          "question_wordNum": 5,
          "answer": "우장산역 3번 출구, 요거프레소, 카페드렌",
          "answer_wordNum": 5,
          "fact": [
            "시타이시베이커리,인접,우장산역 3번 출구, 요거프레소, 카페드렌"
          ]
        },
        {
          "question_id": 3,
          "question_type": "탐색",
          "question": "주차시설이 있나요?",
          "question_wordNum": 2,
          "answer": "있음",
          "answer_wordNum": 1,
          "fact": [
            "시타이시베이커리,주차시설,있음"
          ]
        }
      ]
    },
    {
      "image_id": 3,
      "question": [
        {
          "question_id": 0,
          "question_type": "정보",
          "question": "영업시간은 어떻게 되나요?",
          "question_wordNum": 3,
          "answer": "09:30~21:00",
          "answer_wordNum": 1,
          "fact": [
            "시타이시베이커리,영업시간,09:30~21:00"
          ]
        },
        {
          "question_id": 1,
          "question_type": "정보",
          "question": "대표 메뉴가 무엇인가요?",
          "question_wordNum": 3,
          "answer": "블루베리 케이크, 초코머핀",
          "answer_wordNum": 3,
          "fact": [
            "시타이시베이커리,메뉴,블루베리 케이크, 초코머핀"
          ]
        },
        {
          "question_id": 2,
          "question_type": "관계",
          "question": "이 곳에 인접한 시설이 있나요?",
          "question_wordNum": 5,
          "answer": "우장산역 3번 출구, 요거프레소, 카페드렌",
          "answer_wordNum": 5,
          "fact": [
            "시타이시베이커리,인접,우장산역 3번 출구, 요거프레소, 카페드렌"
          ]
        },
        {
          "question_id": 3,
          "question_type": "탐색",
          "question": "주차시설이 있는지 알 수 있나요?",
          "question_wordNum": 5,
          "answer": "있음",
          "answer_wordNum": 1,
          "fact": [
            "시타이시베이커리,주차시설,있음"
          ]
        }
      ]
    },
    {
      "image_id": 4,
      "question": [
        {
          "question_id": 0,
          "question_type": "관계",
          "question": "이 곳에 인접한 시설이 있나요?",
          "question_wordNum": 5,
          "answer": "우장산역 3번 출구, 요거프레소, 카페드렌",
          "answer_wordNum": 5,
          "fact": [
            "시타이시베이커리,인접,우장산역 3번 출구, 요거프레소, 카페드렌"
          ]
        },
        {
          "question_id": 1,
          "question_type": "정보",
          "question": "연락처가 어떻게 되나요?",
          "question_wordNum": 3,
          "answer": "02-2693-9748",
          "answer_wordNum": 1,
          "fact": [
            "시타이시베이커리,연락처,02-2693-9748"
          ]
        },
        {
          "question_id": 2,
          "question_type": "정보",
          "question": "영업시간을 알 수 있나요?",
          "question_wordNum": 4,
          "answer": "09:30~21:00",
          "answer_wordNum": 1,
          "fact": [
            "시타이시베이커리,영업시간,09:30~21:00"
          ]
        },
        {
          "question_id": 3,
          "question_type": "탐색",
          "question": "주차시설이 있나요?",
          "question_wordNum": 2,
          "answer": "있음",
          "answer_wordNum": 1,
          "fact": [
            "시타이시베이커리,주차시설,있음"
          ]
        }
      ]
    }
  ]
}