{
  "data": {
    "dataset": "2-083-219",
    "POI_id": "561811",
    "travelType": "음식점",
    "place": "비행기탄꼬꼬 누룽지통닭 ",
    "area": "서울"
  },
  "imageInfo": [
    {
      "image_id": 0,
      "filename": "561811_0_su_5_비행기탄꼬꼬 누룽지통닭 _1_001.png",
      "mapx": 37.5612758930621,
      "mapy": 126.808864599905,
      "width": 3840,
      "height": 2160,
      "caption_info": [
        "비행기탄꼬꼬 누룽지통닭(공항동)",
        "간판"
      ]
    },
    {
      "image_id": 1,
      "filename": "561811_0_su_5_비행기탄꼬꼬 누룽지통닭 _1_002.png",
      "mapx": 37.5612758930621,
      "mapy": 126.808864599905,
      "width": 3840,
      "height": 2160,
      "caption_info": [
        "비행기탄꼬꼬 누룽지통닭(공항동)",
        "장작, 간판"
      ]
    },
    {
      "image_id": 2,
      "filename": "561811_0_su_5_비행기탄꼬꼬 누룽지통닭 _1_003.png",
      "mapx": 37.5612758930621,
      "mapy": 126.808864599905,
      "width": 3840,
      "height": 2160,
      "caption_info": [
        "비행기탄꼬꼬 누룽지통닭(공항동)",
        "테이블, 등받이 의자"
      ]
    },
    {
      "image_id": 3,
      "filename": "561811_0_su_5_비행기탄꼬꼬 누룽지통닭 _1_004.png",
      "mapx": 37.5612758930621,
      "mapy": 126.808864599905,
      "width": 3840,
      "height": 2160,
      "caption_info": [
        "비행기탄꼬꼬 누룽지통닭(공항동)",
        "메뉴판"
      ]
    },
    {
      "image_id": 4,
      "filename": "561811_0_su_5_비행기탄꼬꼬 누룽지통닭 _1_005.png",
      "mapx": 37.5612758930621,
      "mapy": 126.808864599905,
      "width": 3840,
      "height": 2160,
      "caption_info": [
        "비행기탄꼬꼬 누룽지통닭(공항동)",
        "누룽지통닭"
      ]
    }
  ],
  "annotations": [
    {
      "image_id": 0,
      "question": [
        {
          "question_id": 0,
          "question_type": "정보",
          "question": "휴무일을 알 수 있나요?",
          "question_wordNum": 4,
          "answer": "둘째, 넷째 일요일",
          "answer_wordNum": 3,
          "fact": [
            "비행기탄꼬꼬 누룽지통닭,휴무일,둘째, 넷째 일요일"
          ]
        },
        {
          "question_id": 1,
          "question_type": "탐색",
          "question": "주차시설이 있나요?",
          "question_wordNum": 2,
          "answer": "없음",
          "answer_wordNum": 1,
          "fact": [
            "비행기탄꼬꼬 누룽지통닭,주차시설,없음"
          ]
        },
        {
          "question_id": 2,
          "question_type": "관계",
          "question": "이 곳에 인접한 시설이 있나요?",
          "question_wordNum": 5,
          "answer": "송정역 4번 출구, 현대족발, 또이네",
          "answer_wordNum": 5,
          "fact": [
            "비행기탄꼬꼬 누룽지통닭,인접,송정역 4번 출구, 현대족발, 또이네"
          ]
        },
        {
          "question_id": 3,
          "question_type": "정보",
          "question": "연락처를 알 수 있나요?",
          "question_wordNum": 4,
          "answer": "010-5323-8118",
          "answer_wordNum": 1,
          "fact": [
            "비행기탄꼬꼬 누룽지통닭,연락처,010-5323-8118"
          ]
        }
      ]
    },
    {
      "image_id": 1,
      "question": [
        {
          "question_id": 0,
          "question_type": "탐색",
          "question": "주차시설이 있나요?",
          "question_wordNum": 2,
          "answer": "없음",
          "answer_wordNum": 1,
          "fact": [
            "비행기탄꼬꼬 누룽지통닭,주차시설,없음"
          ]
        },
        {
          "question_id": 1,
          "question_type": "정보",
          "question": "이 곳의 주요 메뉴를 알 수 있나요?",
          "question_wordNum": 7,
          "answer": "영양밥 통닭, 누룽지 통닭",
          "answer_wordNum": 4,
          "fact": [
            "비행기탄꼬꼬 누룽지통닭,메뉴,영양밥 통닭, 누룽지 통닭"
          ]
        },
        {
          "question_id": 2,
          "question_type": "정보",
          "question": "영업시간을 알 수 있나요?",
          "question_wordNum": 4,
          "answer": "16:00~02:00",
          "answer_wordNum": 1,
          "fact": [
            "비행기탄꼬꼬 누룽지통닭,영업시간,16:00~02:00"
          ]
        },
        {
          "question_id": 3,
          "question_type": "관계",
          "question": "이 곳에 인접한 시설이 있나요?",
          "question_wordNum": 5,
          "answer": "송정역 4번 출구, 현대족발, 또이네",
          "answer_wordNum": 5,
          "fact": [
            "비행기탄꼬꼬 누룽지통닭,인접,송정역 4번 출구, 현대족발, 또이네"
          ]
        }
      ]
    },
    {
      "image_id": 2,
      "question": [
        {
          "question_id": 0,
          "question_type": "정보",
          "question": "연락처가 어떻게 되나요?",
          "question_wordNum": 3,
          "answer": "010-5323-8118",
          "answer_wordNum": 1,
          "fact": [
            "비행기탄꼬꼬 누룽지통닭,연락처,010-5323-8118"
          ]
        },
        {
          "question_id": 1,
          "question_type": "정보",
          "question": "영업시간은 몇시부터 몇시까지로 기재되어 있나요?",
          "question_wordNum": 5,
          "answer": "16:00~02:00",
          "answer_wordNum": 1,
          "fact": [
            "비행기탄꼬꼬 누룽지통닭,영업시간,16:00~02:00"
          ]
        },
        {
          "question_id": 2,
          "question_type": "정보",
          "question": "휴무일은 어떻게 되나요?",
          "question_wordNum": 3,
          "answer": "둘째, 넷째 일요일",
          "answer_wordNum": 3,
          "fact": [
            "비행기탄꼬꼬 누룽지통닭,휴무일,둘째, 넷째 일요일"
          ]
        },
        {
          "question_id": 3,
          "question_type": "정보",
          "question": "이 곳의 대표적인 메뉴를 알 수 있나요?",
          "question_wordNum": 7,
          "answer": "영양밥 통닭, 누룽지 통닭",
          "answer_wordNum": 4,
          "fact": [
            "비행기탄꼬꼬 누룽지통닭,메뉴,영양밥 통닭, 누룽지 통닭"
          ]
        }
      ]
    },
    {
      "image_id": 3,
      "question": [
        {
          "question_id": 0,
          "question_type": "정보",
          "question": "이 곳의 주요 메뉴는 무엇이 있나요?",
          "question_wordNum": 6,
          "answer": "영양밥 통닭, 누룽지 통닭",
          "answer_wordNum": 4,
          "fact": [
            "비행기탄꼬꼬 누룽지통닭,메뉴,영양밥 통닭, 누룽지 통닭"
          ]
        },
        {
          "question_id": 1,
          "question_type": "탐색",
          "question": "주차시설이 있나요?",
          "question_wordNum": 2,
          "answer": "없음",
          "answer_wordNum": 1,
          "fact": [
            "비행기탄꼬꼬 누룽지통닭,주차시설,없음"
          ]
        },
        {
          "question_id": 2,
          "question_type": "관계",
          "question": "이 곳은 무엇이 있나요?",
          "question_wordNum": 4,
          "answer": "단체석",
          "answer_wordNum": 1,
          "fact": [
            "비행기탄꼬꼬 누룽지통닭,있다,단체석"
          ]
        },
        {
          "question_id": 3,
          "question_type": "정보",
          "question": "이 곳의 주소를 알 수 있나요?",
          "question_wordNum": 6,
          "answer": "서울 강서구 공항대로 14-1",
          "answer_wordNum": 4,
          "fact": [
            "비행기탄꼬꼬 누룽지통닭,주소,서울 강서구 공항대로 14-1"
          ]
        }
      ]
    },
    {
      "image_id": 4,
      "question": [
        {
          "question_id": 0,
          "question_type": "정보",
          "question": "이 곳의 주소는 어떻게 되나요?",
          "question_wordNum": 5,
          "answer": "서울 강서구 공항대로 14-1",
          "answer_wordNum": 4,
          "fact": [
            "비행기탄꼬꼬 누룽지통닭,주소,서울 강서구 공항대로 14-1"
          ]
        },
        {
          "question_id": 1,
          "question_type": "관계",
          "question": "이 곳에 인접한 시설이 있나요?",
          "question_wordNum": 5,
          "answer": "송정역 4번 출구, 현대족발, 또이네",
          "answer_wordNum": 5,
          "fact": [
            "비행기탄꼬꼬 누룽지통닭,인접,송정역 4번 출구, 현대족발, 또이네"
          ]
        },
        {
          "question_id": 2,
          "question_type": "탐색",
          "question": "이 곳은 무엇이 있나요?",
          "question_wordNum": 4,
          "answer": "단체석",
          "answer_wordNum": 1,
          "fact": [
            "비행기탄꼬꼬 누룽지통닭,있다,단체석"
          ]
        },
        {
          "question_id": 3,
          "question_type": "정보",
          "question": "영업시간은 어떻게 되나요?",
          "question_wordNum": 3,
          "answer": "16:00~02:00",
          "answer_wordNum": 1,
          "fact": [
            "비행기탄꼬꼬 누룽지통닭,영업시간,16:00~02:00"
          ]
        }
      ]
    }
  ]
}