{
  "data": {
    "dataset": "2-083-219",
    "POI_id": "561367",
    "travelType": "음식점",
    "place": "뚜띠에",
    "area": "서울"
  },
  "imageInfo": [
    {
      "image_id": 0,
      "filename": "561367_0_su_5_뚜띠에_1_001.png",
      "mapx": 37.5698567347736,
      "mapy": 126.841302139033,
      "width": 3840,
      "height": 2160,
      "caption_info": [
        "뚜띠에(가양동)",
        "간판, 여닫이문"
      ]
    },
    {
      "image_id": 1,
      "filename": "561367_0_su_5_뚜띠에_1_002.png",
      "mapx": 37.5698567347736,
      "mapy": 126.841302139033,
      "width": 3840,
      "height": 2160,
      "caption_info": [
        "뚜띠에(가양동)",
        "간판, 나무"
      ]
    },
    {
      "image_id": 2,
      "filename": "561367_0_su_5_뚜띠에_1_003.png",
      "mapx": 37.5698567347736,
      "mapy": 126.841302139033,
      "width": 3840,
      "height": 2160,
      "caption_info": [
        "뚜띠에(가양동)",
        "의자"
      ]
    },
    {
      "image_id": 3,
      "filename": "561367_0_su_5_뚜띠에_1_004.png",
      "mapx": 37.5698567347736,
      "mapy": 126.841302139033,
      "width": 3840,
      "height": 2160,
      "caption_info": [
        "뚜띠에(가양동)",
        "메뉴판"
      ]
    },
    {
      "image_id": 4,
      "filename": "561367_0_su_5_뚜띠에_1_005.png",
      "mapx": 37.5698567347736,
      "mapy": 126.841302139033,
      "width": 3840,
      "height": 2160,
      "caption_info": [
        "뚜띠에(가양동)",
        "말린오렌지, 아이스크림"
      ]
    }
  ],
  "annotations": [
    {
      "image_id": 0,
      "question": [
        {
          "question_id": 0,
          "question_type": "정보",
          "question": "연락처가 어떻게 되나요?",
          "question_wordNum": 3,
          "answer": "0507-1377-5153",
          "answer_wordNum": 1,
          "fact": [
            "뚜띠에,연락처,0507-1377-5153"
          ]
        },
        {
          "question_id": 1,
          "question_type": "정보",
          "question": "영업시간은 어떻게 되나요?",
          "question_wordNum": 3,
          "answer": "12:00/13:00~21:30",
          "answer_wordNum": 1,
          "fact": [
            "뚜띠에,영업시간,12:00/13:00~21:30"
          ]
        },
        {
          "question_id": 2,
          "question_type": "정보",
          "question": "휴무일은 어떻게 되나요?",
          "question_wordNum": 3,
          "answer": "매주 월요일",
          "answer_wordNum": 2,
          "fact": [
            "뚜띠에,휴무일,매주 월요일"
          ]
        },
        {
          "question_id": 3,
          "question_type": "정보",
          "question": "이 곳의 대표적인 메뉴는 무엇이 있나요?",
          "question_wordNum": 6,
          "answer": "흑미, 피스타치오",
          "answer_wordNum": 2,
          "fact": [
            "뚜띠에,메뉴,흑미, 피스타치오"
          ]
        }
      ]
    },
    {
      "image_id": 1,
      "question": [
        {
          "question_id": 0,
          "question_type": "정보",
          "question": "이 곳의 대표적인 메뉴는 무엇이 있나요?",
          "question_wordNum": 6,
          "answer": "매주 월요일",
          "answer_wordNum": 2,
          "fact": [
            "뚜띠에,휴무일,매주 월요일"
          ]
        },
        {
          "question_id": 1,
          "question_type": "탐색",
          "question": "주차시설이 있나요?",
          "question_wordNum": 2,
          "answer": "있음",
          "answer_wordNum": 1,
          "fact": [
            "뚜띠에,주차시설,있음"
          ]
        },
        {
          "question_id": 2,
          "question_type": "관계",
          "question": "이 곳에 인접한 시설이 있나요?",
          "question_wordNum": 5,
          "answer": "양천향교역 2번 출구, 양천골, 대박집",
          "answer_wordNum": 5,
          "fact": [
            "뚜띠에,인접,양천향교역 2번 출구, 양천골, 대박집"
          ]
        },
        {
          "question_id": 3,
          "question_type": "정보",
          "question": "이 곳의 주소는 어떻게 되나요?",
          "question_wordNum": 5,
          "answer": "서울 강서구 강서로 497 1층2호",
          "answer_wordNum": 5,
          "fact": [
            "뚜띠에,주소,서울 강서구 강서로 497 1층2호"
          ]
        }
      ]
    },
    {
      "image_id": 2,
      "question": [
        {
          "question_id": 0,
          "question_type": "정보",
          "question": "영업시간은 어떻게 되나요?",
          "question_wordNum": 3,
          "answer": "12:00/13:00~21:30",
          "answer_wordNum": 1,
          "fact": [
            "뚜띠에,영업시간,12:00/13:00~21:30"
          ]
        },
        {
          "question_id": 1,
          "question_type": "관계",
          "question": "이 곳에 인접한 시설이 있나요?",
          "question_wordNum": 5,
          "answer": "양천향교역 2번 출구, 양천골, 대박집",
          "answer_wordNum": 5,
          "fact": [
            "뚜띠에,인접,양천향교역 2번 출구, 양천골, 대박집"
          ]
        },
        {
          "question_id": 2,
          "question_type": "정보",
          "question": "연락처가 어떻게 되나요?",
          "question_wordNum": 3,
          "answer": "0507-1377-5153",
          "answer_wordNum": 1,
          "fact": [
            "뚜띠에,연락처,0507-1377-5153"
          ]
        },
        {
          "question_id": 3,
          "question_type": "정보",
          "question": "휴무일은 어떻게 되나요?",
          "question_wordNum": 3,
          "answer": "매주 월요일",
          "answer_wordNum": 2,
          "fact": [
            "뚜띠에,휴무일,매주 월요일"
          ]
        }
      ]
    },
    {
      "image_id": 3,
      "question": [
        {
          "question_id": 0,
          "question_type": "정보",
          "question": "이 곳의 대표적인 메뉴는 무엇이 있나요?",
          "question_wordNum": 6,
          "answer": "흑미, 피스타치오",
          "answer_wordNum": 2,
          "fact": [
            "뚜띠에,메뉴,흑미, 피스타치오"
          ]
        },
        {
          "question_id": 1,
          "question_type": "정보",
          "question": "연락처가 어떻게 되나요?",
          "question_wordNum": 3,
          "answer": "0507-1377-5153",
          "answer_wordNum": 1,
          "fact": [
            "뚜띠에,연락처,0507-1377-5153"
          ]
        },
        {
          "question_id": 2,
          "question_type": "탐색",
          "question": "주차시설이 있나요?",
          "question_wordNum": 2,
          "answer": "있음",
          "answer_wordNum": 1,
          "fact": [
            "뚜띠에,주차시설,있음"
          ]
        },
        {
          "question_id": 3,
          "question_type": "정보",
          "question": "영업시간은 어떻게 되나요?",
          "question_wordNum": 3,
          "answer": "12:00/13:00~21:30",
          "answer_wordNum": 1,
          "fact": [
            "뚜띠에,영업시간,12:00/13:00~21:30"
          ]
        }
      ]
    },
    {
      "image_id": 4,
      "question": [
        {
          "question_id": 0,
          "question_type": "정보",
          "question": "이 곳의 주요 메뉴는 무엇이 있나요?",
          "question_wordNum": 6,
          "answer": "흑미, 피스타치오",
          "answer_wordNum": 2,
          "fact": [
            "뚜띠에,메뉴,흑미, 피스타치오"
          ]
        },
        {
          "question_id": 1,
          "question_type": "정보",
          "question": "휴무일은 어떻게 되나요?",
          "question_wordNum": 3,
          "answer": "매주 월요일",
          "answer_wordNum": 2,
          "fact": [
            "뚜띠에,휴무일,매주 월요일"
          ]
        },
        {
          "question_id": 2,
          "question_type": "탐색",
          "question": "주차시설이 있나요?",
          "question_wordNum": 2,
          "answer": "있음",
          "answer_wordNum": 1,
          "fact": [
            "뚜띠에,주차시설,있음"
          ]
        },
        {
          "question_id": 3,
          "question_type": "관계",
          "question": "이 곳에 인접한 시설이 있나요?",
          "question_wordNum": 5,
          "answer": "양천향교역 2번 출구, 양천골, 대박집",
          "answer_wordNum": 5,
          "fact": [
            "뚜띠에,인접,양천향교역 2번 출구, 양천골, 대박집"
          ]
        }
      ]
    }
  ]
}