{
  "data": {
    "dataset": "2-083-219",
    "POI_id": "553166",
    "travelType": "음식점",
    "place": "골목참치",
    "area": "서울"
  },
  "imageInfo": [
    {
      "image_id": 0,
      "filename": "553166_0_su_5_골목참치_1_001.png",
      "mapx": 37.5414638502604,
      "mapy": 126.841268422565,
      "width": 3840,
      "height": 2160,
      "caption_info": [
        "골목참치(화곡동)",
        "간판, 입간판"
      ]
    },
    {
      "image_id": 1,
      "filename": "553166_0_su_5_골목참치_1_002.png",
      "mapx": 37.5414638502604,
      "mapy": 126.841268422565,
      "width": 3840,
      "height": 2160,
      "caption_info": [
        "골목참치(화곡동)",
        "간판"
      ]
    },
    {
      "image_id": 2,
      "filename": "553166_0_su_5_골목참치_1_003.png",
      "mapx": 37.5414638502604,
      "mapy": 126.841268422565,
      "width": 3840,
      "height": 2160,
      "caption_info": [
        "골목참치(화곡동)",
        "테이블, 등받이의자"
      ]
    },
    {
      "image_id": 3,
      "filename": "553166_0_su_5_골목참치_1_004.png",
      "mapx": 37.5414638502604,
      "mapy": 126.841268422565,
      "width": 3840,
      "height": 2160,
      "caption_info": [
        "골목참치(화곡동)",
        "메뉴판"
      ]
    },
    {
      "image_id": 4,
      "filename": "553166_0_su_5_골목참치_1_005.png",
      "mapx": 37.5414638502604,
      "mapy": 126.841268422565,
      "width": 3840,
      "height": 2160,
      "caption_info": [
        "골목참치(화곡동)",
        "회"
      ]
    }
  ],
  "annotations": [
    {
      "image_id": 0,
      "question": [
        {
          "question_id": 0,
          "question_type": "정보",
          "question": "휴무일은 어떻게 되나요?",
          "question_wordNum": 3,
          "answer": "첫째, 셋째 일요일",
          "answer_wordNum": 3,
          "fact": [
            "골목참치,휴무일,첫째, 셋째 일요일"
          ]
        },
        {
          "question_id": 1,
          "question_type": "관계",
          "question": "이 곳에 인접한 시설이 있나요?",
          "question_wordNum": 5,
          "answer": "화곡역 3번 출구, 체르보, 오라클피부과의원",
          "answer_wordNum": 5,
          "fact": [
            "골목참치,인접,화곡역 3번 출구, 체르보, 오라클피부과의원"
          ]
        },
        {
          "question_id": 2,
          "question_type": "정보",
          "question": "영업시간을 알 수 있나요?",
          "question_wordNum": 4,
          "answer": "11:30~24:00",
          "answer_wordNum": 1,
          "fact": [
            "골목참치,영업시간,11:30~24:00"
          ]
        },
        {
          "question_id": 3,
          "question_type": "탐색",
          "question": "주차시설이 있는지 알 수 있나요?",
          "question_wordNum": 5,
          "answer": "있음",
          "answer_wordNum": 1,
          "fact": [
            "골목참치,주차시설,있음"
          ]
        }
      ]
    },
    {
      "image_id": 1,
      "question": [
        {
          "question_id": 0,
          "question_type": "정보",
          "question": "이 곳의 주요 메뉴를 알 수 있나요?",
          "question_wordNum": 7,
          "answer": "골목특급참치, 골목오도로참치",
          "answer_wordNum": 2,
          "fact": [
            "골목참치,메뉴,골목특급참치, 골목오도로참치"
          ]
        },
        {
          "question_id": 1,
          "question_type": "정보",
          "question": "영업시간은 어떻게 되나요?",
          "question_wordNum": 3,
          "answer": "11:30~24:00",
          "answer_wordNum": 1,
          "fact": [
            "골목참치,영업시간,11:30~24:00"
          ]
        },
        {
          "question_id": 2,
          "question_type": "탐색",
          "question": "주차시설이 있나요?",
          "question_wordNum": 2,
          "answer": "있음",
          "answer_wordNum": 1,
          "fact": [
            "골목참치,주차시설,있음"
          ]
        },
        {
          "question_id": 3,
          "question_type": "관계",
          "question": "이 곳에 인접한 시설이 있나요?",
          "question_wordNum": 5,
          "answer": "화곡역 3번 출구, 체르보, 오라클피부과의원",
          "answer_wordNum": 5,
          "fact": [
            "골목참치,인접,화곡역 3번 출구, 체르보, 오라클피부과의원"
          ]
        }
      ]
    },
    {
      "image_id": 2,
      "question": [
        {
          "question_id": 0,
          "question_type": "관계",
          "question": "이 곳에 인접한 시설이 있나요?",
          "question_wordNum": 5,
          "answer": "화곡역 3번 출구, 체르보, 오라클피부과의원",
          "answer_wordNum": 5,
          "fact": [
            "골목참치,인접,화곡역 3번 출구, 체르보, 오라클피부과의원"
          ]
        },
        {
          "question_id": 1,
          "question_type": "정보",
          "question": "연락처가 어떻게 되나요?",
          "question_wordNum": 3,
          "answer": "02-6465-4777",
          "answer_wordNum": 1,
          "fact": [
            "골목참치,연락처,02-6465-4777"
          ]
        },
        {
          "question_id": 2,
          "question_type": "정보",
          "question": "이 곳의 주요 메뉴는 무엇이 있나요?",
          "question_wordNum": 6,
          "answer": "골목특급참치, 골목오도로참치",
          "answer_wordNum": 2,
          "fact": [
            "골목참치,메뉴,골목특급참치, 골목오도로참치"
          ]
        },
        {
          "question_id": 3,
          "question_type": "정보",
          "question": "이 곳의 주소를 알 수 있나요?",
          "question_wordNum": 6,
          "answer": "서울 강서구 화곡로 176-8",
          "answer_wordNum": 4,
          "fact": [
            "골목참치,주소,서울 강서구 화곡로 176-8"
          ]
        }
      ]
    },
    {
      "image_id": 3,
      "question": [
        {
          "question_id": 0,
          "question_type": "정보",
          "question": "영업시간은 어떻게 되나요?",
          "question_wordNum": 3,
          "answer": "11:30~24:00",
          "answer_wordNum": 1,
          "fact": [
            "골목참치,영업시간,11:30~24:00"
          ]
        },
        {
          "question_id": 1,
          "question_type": "정보",
          "question": "이 곳의 대표적인 메뉴는 무엇이 있나요?",
          "question_wordNum": 6,
          "answer": "골목특급참치, 골목오도로참치",
          "answer_wordNum": 2,
          "fact": [
            "골목참치,메뉴,골목특급참치, 골목오도로참치"
          ]
        },
        {
          "question_id": 2,
          "question_type": "탐색",
          "question": "주차시설이 있는지 알 수 있나요?",
          "question_wordNum": 5,
          "answer": "있음",
          "answer_wordNum": 1,
          "fact": [
            "골목참치,주차시설,있음"
          ]
        },
        {
          "question_id": 3,
          "question_type": "관계",
          "question": "이 곳에 인접한 시설을 알 수 있나요?",
          "question_wordNum": 7,
          "answer": "화곡역 3번 출구, 체르보, 오라클피부과의원",
          "answer_wordNum": 5,
          "fact": [
            "골목참치,인접,화곡역 3번 출구, 체르보, 오라클피부과의원"
          ]
        }
      ]
    },
    {
      "image_id": 4,
      "question": [
        {
          "question_id": 0,
          "question_type": "정보",
          "question": "이 곳의 주요 메뉴를 알 수 있나요?",
          "question_wordNum": 7,
          "answer": "골목특급참치, 골목오도로참치",
          "answer_wordNum": 2,
          "fact": [
            "골목참치,메뉴,골목특급참치, 골목오도로참치"
          ]
        },
        {
          "question_id": 1,
          "question_type": "탐색",
          "question": "주차시설이 있는지 알 수 있나요?",
          "question_wordNum": 5,
          "answer": "있음",
          "answer_wordNum": 1,
          "fact": [
            "골목참치,주차시설,있음"
          ]
        },
        {
          "question_id": 2,
          "question_type": "정보",
          "question": "휴무일을 알 수 있나요?",
          "question_wordNum": 4,
          "answer": "첫째, 셋째 일요일",
          "answer_wordNum": 3,
          "fact": [
            "골목참치,휴무일,첫째, 셋째 일요일"
          ]
        },
        {
          "question_id": 3,
          "question_type": "정보",
          "question": "영업시간은 몇시부터 몇시까지로 기재되어 있나요?",
          "question_wordNum": 5,
          "answer": "11:30~24:00",
          "answer_wordNum": 1,
          "fact": [
            "골목참치,영업시간,11:30~24:00"
          ]
        }
      ]
    }
  ]
}