{
  "data": {
    "dataset": "2-083-219",
    "POI_id": "553173",
    "travelType": "음식점",
    "place": "장가네 춘천닭갈비",
    "area": "서울"
  },
  "imageInfo": [
    {
      "image_id": 0,
      "filename": "553173_0_su_5_장가네 춘천닭갈비_1_001.png",
      "mapx": 37.5411203113312,
      "mapy": 126.840008755345,
      "width": 3840,
      "height": 2160,
      "caption_info": [
        "장가네 춘천닭갈비(화곡동)",
        "건물, 간판, 화분"
      ]
    },
    {
      "image_id": 1,
      "filename": "553173_0_su_5_장가네 춘천닭갈비_1_002.png",
      "mapx": 37.5411203113312,
      "mapy": 126.840008755345,
      "width": 3840,
      "height": 2160,
      "caption_info": [
        "장가네 춘천닭갈비(화곡동)",
        "간판"
      ]
    },
    {
      "image_id": 2,
      "filename": "553173_0_su_5_장가네 춘천닭갈비_1_003.png",
      "mapx": 37.5411203113312,
      "mapy": 126.840008755345,
      "width": 3840,
      "height": 2160,
      "caption_info": [
        "장가네 춘천닭갈비(화곡동)",
        "테이블, 긴의자, 화분"
      ]
    },
    {
      "image_id": 3,
      "filename": "553173_0_su_5_장가네 춘천닭갈비_1_004.png",
      "mapx": 37.5411203113312,
      "mapy": 126.840008755345,
      "width": 3840,
      "height": 2160,
      "caption_info": [
        "장가네 춘천닭갈비(화곡동)",
        "메뉴판 "
      ]
    },
    {
      "image_id": 4,
      "filename": "553173_0_su_5_장가네 춘천닭갈비_1_005.png",
      "mapx": 37.5411203113312,
      "mapy": 126.840008755345,
      "width": 3840,
      "height": 2160,
      "caption_info": [
        "장가네 춘천닭갈비(화곡동)",
        "닭갈비"
      ]
    }
  ],
  "annotations": [
    {
      "image_id": 0,
      "question": [
        {
          "question_id": 0,
          "question_type": "탐색",
          "question": "주차시설이 있나요?",
          "question_wordNum": 2,
          "answer": "없음",
          "answer_wordNum": 1,
          "fact": [
            "장가네 춘천닭갈비,주차시설,없음"
          ]
        },
        {
          "question_id": 1,
          "question_type": "정보",
          "question": "이 곳의 대표적인 메뉴를 알 수 있나요?",
          "question_wordNum": 7,
          "answer": "춘천닭갈비, 치즈닭갈비",
          "answer_wordNum": 2,
          "fact": [
            "장가네 춘천닭갈비,메뉴,춘천닭갈비, 치즈닭갈비"
          ]
        },
        {
          "question_id": 2,
          "question_type": "관계",
          "question": "이 곳에 인접한 시설을 알 수 있나요?",
          "question_wordNum": 7,
          "answer": "화곡역 5번 출구, 루시댄스스포츠, 로브빈스커피",
          "answer_wordNum": 5,
          "fact": [
            "장가네 춘천닭갈비,인접,화곡역 5번 출구, 루시댄스스포츠, 로브빈스커피"
          ]
        },
        {
          "question_id": 3,
          "question_type": "정보",
          "question": "이 곳의 주소를 알 수 있나요?",
          "question_wordNum": 6,
          "answer": "서울 강서구 강서로 161-10",
          "answer_wordNum": 4,
          "fact": [
            "장가네 춘천닭갈비,주소,서울 강서구 강서로 161-10"
          ]
        }
      ]
    },
    {
      "image_id": 1,
      "question": [
        {
          "question_id": 0,
          "question_type": "정보",
          "question": "휴무일을 알 수 있나요?",
          "question_wordNum": 4,
          "answer": "없음",
          "answer_wordNum": 1,
          "fact": [
            "장가네 춘천닭갈비,휴무일,없음"
          ]
        },
        {
          "question_id": 1,
          "question_type": "정보",
          "question": "영업시간을 알 수 있나요?",
          "question_wordNum": 4,
          "answer": "11:00~23:00",
          "answer_wordNum": 1,
          "fact": [
            "장가네 춘천닭갈비,영업시간,11:00~23:00"
          ]
        },
        {
          "question_id": 2,
          "question_type": "정보",
          "question": "이 곳의 주요 메뉴는 무엇이 있나요?",
          "question_wordNum": 6,
          "answer": "춘천닭갈비, 치즈닭갈비",
          "answer_wordNum": 2,
          "fact": [
            "장가네 춘천닭갈비,메뉴,춘천닭갈비, 치즈닭갈비"
          ]
        },
        {
          "question_id": 3,
          "question_type": "관계",
          "question": "이 곳에 인접한 시설이 있나요?",
          "question_wordNum": 5,
          "answer": "화곡역 5번 출구, 루시댄스스포츠, 로브빈스커피",
          "answer_wordNum": 5,
          "fact": [
            "장가네 춘천닭갈비,인접,화곡역 5번 출구, 루시댄스스포츠, 로브빈스커피"
          ]
        }
      ]
    },
    {
      "image_id": 2,
      "question": [
        {
          "question_id": 0,
          "question_type": "정보",
          "question": "이 곳의 주소는 어떻게 되나요?",
          "question_wordNum": 5,
          "answer": "서울 강서구 강서로 161-10",
          "answer_wordNum": 4,
          "fact": [
            "장가네 춘천닭갈비,주소,서울 강서구 강서로 161-10"
          ]
        },
        {
          "question_id": 1,
          "question_type": "정보",
          "question": "영업시간을 알 수 있나요?",
          "question_wordNum": 4,
          "answer": "11:00~23:00",
          "answer_wordNum": 1,
          "fact": [
            "장가네 춘천닭갈비,영업시간,11:00~23:00"
          ]
        },
        {
          "question_id": 2,
          "question_type": "정보",
          "question": "이 곳의 대표적인 메뉴는 무엇이 있나요?",
          "question_wordNum": 6,
          "answer": "춘천닭갈비, 치즈닭갈비",
          "answer_wordNum": 2,
          "fact": [
            "장가네 춘천닭갈비,메뉴,춘천닭갈비, 치즈닭갈비"
          ]
        },
        {
          "question_id": 3,
          "question_type": "정보",
          "question": "연락처가 어떻게 되나요?",
          "question_wordNum": 3,
          "answer": "0507-1371-8823",
          "answer_wordNum": 1,
          "fact": [
            "장가네 춘천닭갈비,연락처,0507-1371-8823"
          ]
        }
      ]
    },
    {
      "image_id": 3,
      "question": [
        {
          "question_id": 0,
          "question_type": "관계",
          "question": "이 곳에 인접한 시설이 있나요?",
          "question_wordNum": 5,
          "answer": "화곡역 5번 출구, 루시댄스스포츠, 로브빈스커피",
          "answer_wordNum": 5,
          "fact": [
            "장가네 춘천닭갈비,인접,화곡역 5번 출구, 루시댄스스포츠, 로브빈스커피"
          ]
        },
        {
          "question_id": 1,
          "question_type": "탐색",
          "question": "주차시설이 있는지 알 수 있나요?",
          "question_wordNum": 5,
          "answer": "없음",
          "answer_wordNum": 1,
          "fact": [
            "장가네 춘천닭갈비,주차시설,없음"
          ]
        },
        {
          "question_id": 2,
          "question_type": "정보",
          "question": "연락처를 알 수 있나요?",
          "question_wordNum": 4,
          "answer": "0507-1371-8823",
          "answer_wordNum": 1,
          "fact": [
            "장가네 춘천닭갈비,연락처,0507-1371-8823"
          ]
        },
        {
          "question_id": 3,
          "question_type": "정보",
          "question": "영업시간은 어떻게 되나요?",
          "question_wordNum": 3,
          "answer": "11:00~23:00",
          "answer_wordNum": 1,
          "fact": [
            "장가네 춘천닭갈비,영업시간,11:00~23:00"
          ]
        }
      ]
    },
    {
      "image_id": 4,
      "question": [
        {
          "question_id": 0,
          "question_type": "정보",
          "question": "영업시간을 알 수 있나요?",
          "question_wordNum": 4,
          "answer": "11:00~23:00",
          "answer_wordNum": 1,
          "fact": [
            "장가네 춘천닭갈비,영업시간,11:00~23:00"
          ]
        },
        {
          "question_id": 1,
          "question_type": "관계",
          "question": "이 곳에 인접한 시설을 알 수 있나요?",
          "question_wordNum": 7,
          "answer": "화곡역 5번 출구, 루시댄스스포츠, 로브빈스커피",
          "answer_wordNum": 5,
          "fact": [
            "장가네 춘천닭갈비,인접,화곡역 5번 출구, 루시댄스스포츠, 로브빈스커피"
          ]
        },
        {
          "question_id": 2,
          "question_type": "정보",
          "question": "이 곳의 주소는 어떻게 되나요?",
          "question_wordNum": 5,
          "answer": "서울 강서구 강서로 161-10",
          "answer_wordNum": 4,
          "fact": [
            "장가네 춘천닭갈비,주소,서울 강서구 강서로 161-10"
          ]
        },
        {
          "question_id": 3,
          "question_type": "정보",
          "question": "휴무일을 알 수 있나요?",
          "question_wordNum": 4,
          "answer": "없음",
          "answer_wordNum": 1,
          "fact": [
            "장가네 춘천닭갈비,휴무일,없음"
          ]
        }
      ]
    }
  ]
}