{
  "data": {
    "dataset": "2-083-219",
    "POI_id": "561651",
    "travelType": "음식점",
    "place": "무한야끼 ",
    "area": "서울"
  },
  "imageInfo": [
    {
      "image_id": 0,
      "filename": "561651_0_su_5_무한야끼 _1_001.png",
      "mapx": 37.5601077371065,
      "mapy": 126.832082440541,
      "width": 3840,
      "height": 2160,
      "caption_info": [
        "무한야끼(마곡동)",
        "간판, 의자"
      ]
    },
    {
      "image_id": 1,
      "filename": "561651_0_su_5_무한야끼 _1_002.png",
      "mapx": 37.5601077371065,
      "mapy": 126.832082440541,
      "width": 3840,
      "height": 2160,
      "caption_info": [
        "무한야끼(마곡동)",
        "주차장차단기, 간판"
      ]
    },
    {
      "image_id": 2,
      "filename": "561651_0_su_5_무한야끼 _1_003.png",
      "mapx": 37.5601077371065,
      "mapy": 126.832082440541,
      "width": 3840,
      "height": 2160,
      "caption_info": [
        "무한야끼(마곡동)",
        "의자"
      ]
    },
    {
      "image_id": 3,
      "filename": "561651_0_su_5_무한야끼 _1_004.png",
      "mapx": 37.5601077371065,
      "mapy": 126.832082440541,
      "width": 3840,
      "height": 2160,
      "caption_info": [
        "무한야끼(마곡동)",
        "메뉴판"
      ]
    },
    {
      "image_id": 4,
      "filename": "561651_0_su_5_무한야끼 _1_005.png",
      "mapx": 37.5601077371065,
      "mapy": 126.832082440541,
      "width": 3840,
      "height": 2160,
      "caption_info": [
        "무한야끼(마곡동)",
        "소고기"
      ]
    }
  ],
  "annotations": [
    {
      "image_id": 0,
      "question": [
        {
          "question_id": 0,
          "question_type": "정보",
          "question": "영업시간은 어떻게 되나요?",
          "question_wordNum": 3,
          "answer": "13:00/16:00-22:00/23:00",
          "answer_wordNum": 1,
          "fact": [
            "무한야끼,영업시간,13:00/16:00-22:00/23:00"
          ]
        },
        {
          "question_id": 1,
          "question_type": "관계",
          "question": "이 곳에 인접한 시설이 있나요?",
          "question_wordNum": 5,
          "answer": "마곡역 3번 출구, 미도인, 푸라닭",
          "answer_wordNum": 5,
          "fact": [
            "무한야끼,인접,마곡역 3번 출구, 미도인, 푸라닭"
          ]
        },
        {
          "question_id": 2,
          "question_type": "정보",
          "question": "이 곳의 대표적인 메뉴를 알 수 있나요?",
          "question_wordNum": 7,
          "answer": "와규육회, 잔치국수",
          "answer_wordNum": 2,
          "fact": [
            "무한야끼,메뉴,와규육회, 잔치국수"
          ]
        },
        {
          "question_id": 3,
          "question_type": "정보",
          "question": "휴무일을 알 수 있나요?",
          "question_wordNum": 4,
          "answer": "알수없음",
          "answer_wordNum": 1,
          "fact": [
            "무한야끼,휴무일,알수없음"
          ]
        }
      ]
    },
    {
      "image_id": 1,
      "question": [
        {
          "question_id": 0,
          "question_type": "관계",
          "question": "이 곳에 인접한 시설을 알 수 있나요?",
          "question_wordNum": 7,
          "answer": "마곡역 3번 출구, 미도인, 푸라닭",
          "answer_wordNum": 5,
          "fact": [
            "무한야끼,인접,마곡역 3번 출구, 미도인, 푸라닭"
          ]
        },
        {
          "question_id": 1,
          "question_type": "정보",
          "question": "이 곳의 주소를 알 수 있나요?",
          "question_wordNum": 6,
          "answer": "서울 강서구 마곡중앙6로 42 사이언스타 2층 212 213호",
          "answer_wordNum": 8,
          "fact": [
            "무한야끼,주소,서울 강서구 마곡중앙6로 42 사이언스타 2층 212 213호"
          ]
        },
        {
          "question_id": 2,
          "question_type": "정보",
          "question": "연락처를 알 수 있나요?",
          "question_wordNum": 4,
          "answer": "02-3663-9252",
          "answer_wordNum": 1,
          "fact": [
            "무한야끼,연락처,02-3663-9252"
          ]
        },
        {
          "question_id": 3,
          "question_type": "정보",
          "question": "이 곳의 대표적인 메뉴를 알 수 있나요?",
          "question_wordNum": 7,
          "answer": "와규육회, 잔치국수",
          "answer_wordNum": 2,
          "fact": [
            "무한야끼,메뉴,와규육회, 잔치국수"
          ]
        }
      ]
    },
    {
      "image_id": 2,
      "question": [
        {
          "question_id": 0,
          "question_type": "정보",
          "question": "이 곳의 대표적인 메뉴를 알 수 있나요?",
          "question_wordNum": 7,
          "answer": "와규육회, 잔치국수",
          "answer_wordNum": 2,
          "fact": [
            "무한야끼,메뉴,와규육회, 잔치국수"
          ]
        },
        {
          "question_id": 1,
          "question_type": "관계",
          "question": "이 곳에 인접한 시설을 알 수 있나요?",
          "question_wordNum": 7,
          "answer": "마곡역 3번 출구, 미도인, 푸라닭",
          "answer_wordNum": 5,
          "fact": [
            "무한야끼,인접,마곡역 3번 출구, 미도인, 푸라닭"
          ]
        },
        {
          "question_id": 2,
          "question_type": "정보",
          "question": "휴무일은 어떻게 되나요?",
          "question_wordNum": 3,
          "answer": "알수없음",
          "answer_wordNum": 1,
          "fact": [
            "무한야끼,휴무일,알수없음"
          ]
        },
        {
          "question_id": 3,
          "question_type": "탐색",
          "question": "주차시설이 있나요?",
          "question_wordNum": 2,
          "answer": "있음",
          "answer_wordNum": 1,
          "fact": [
            "무한야끼,주차시설,있음"
          ]
        }
      ]
    },
    {
      "image_id": 3,
      "question": [
        {
          "question_id": 0,
          "question_type": "정보",
          "question": "이 곳의 주요 메뉴는 무엇이 있나요?",
          "question_wordNum": 6,
          "answer": "와규육회, 잔치국수",
          "answer_wordNum": 2,
          "fact": [
            "무한야끼,메뉴,와규육회, 잔치국수"
          ]
        },
        {
          "question_id": 1,
          "question_type": "정보",
          "question": "휴무일은 어떻게 되나요?",
          "question_wordNum": 3,
          "answer": "알수없음",
          "answer_wordNum": 1,
          "fact": [
            "무한야끼,휴무일,알수없음"
          ]
        },
        {
          "question_id": 2,
          "question_type": "정보",
          "question": "연락처를 알 수 있나요?",
          "question_wordNum": 4,
          "answer": "02-3663-9252",
          "answer_wordNum": 1,
          "fact": [
            "무한야끼,연락처,02-3663-9252"
          ]
        },
        {
          "question_id": 3,
          "question_type": "정보",
          "question": "이 곳의 주소를 알 수 있나요?",
          "question_wordNum": 6,
          "answer": "서울 강서구 마곡중앙6로 42 사이언스타 2층 212 213호",
          "answer_wordNum": 8,
          "fact": [
            "무한야끼,주소,서울 강서구 마곡중앙6로 42 사이언스타 2층 212 213호"
          ]
        }
      ]
    },
    {
      "image_id": 4,
      "question": [
        {
          "question_id": 0,
          "question_type": "정보",
          "question": "이 곳의 대표적인 메뉴는 무엇이 있나요?",
          "question_wordNum": 6,
          "answer": "와규육회, 잔치국수",
          "answer_wordNum": 2,
          "fact": [
            "무한야끼,메뉴,와규육회, 잔치국수"
          ]
        },
        {
          "question_id": 1,
          "question_type": "정보",
          "question": "영업시간은 몇시부터 몇시까지로 기재되어 있나요?",
          "question_wordNum": 5,
          "answer": "13:00/16:00-22:00/23:00",
          "answer_wordNum": 1,
          "fact": [
            "무한야끼,영업시간,13:00/16:00-22:00/23:00"
          ]
        },
        {
          "question_id": 2,
          "question_type": "정보",
          "question": "연락처를 알 수 있나요?",
          "question_wordNum": 4,
          "answer": "02-3663-9252",
          "answer_wordNum": 1,
          "fact": [
            "무한야끼,연락처,02-3663-9252"
          ]
        },
        {
          "question_id": 3,
          "question_type": "정보",
          "question": "이 곳의 주소를 알 수 있나요?",
          "question_wordNum": 6,
          "answer": "서울 강서구 마곡중앙6로 42 사이언스타 2층 212 213호",
          "answer_wordNum": 8,
          "fact": [
            "무한야끼,주소,서울 강서구 마곡중앙6로 42 사이언스타 2층 212 213호"
          ]
        }
      ]
    }
  ]
}