{
  "data": {
    "dataset": "2-083-219",
    "POI_id": "561416",
    "travelType": "음식점",
    "place": "킹콩부대찌개 가양역점",
    "area": "서울"
  },
  "imageInfo": [
    {
      "image_id": 0,
      "filename": "561416_0_su_5_킹콩부대찌개 가양역점_1_001.png",
      "mapx": 37.5657010514328,
      "mapy": 126.84764409296,
      "width": 3840,
      "height": 2160,
      "caption_info": [
        "킹콩부대찌개 가양역점(가양동)",
        "테이블, 등받이의자"
      ]
    },
    {
      "image_id": 1,
      "filename": "561416_0_su_5_킹콩부대찌개 가양역점_1_002.png",
      "mapx": 37.5657010514328,
      "mapy": 126.84764409296,
      "width": 3840,
      "height": 2160,
      "caption_info": [
        "킹콩부대찌개 가양역점(가양동)",
        "건물"
      ]
    },
    {
      "image_id": 2,
      "filename": "561416_0_su_5_킹콩부대찌개 가양역점_1_003.png",
      "mapx": 37.5657010514328,
      "mapy": 126.84764409296,
      "width": 3840,
      "height": 2160,
      "caption_info": [
        "킹콩부대찌개 가양역점(가양동)",
        "테이블, 등받이의자"
      ]
    },
    {
      "image_id": 3,
      "filename": "561416_0_su_5_킹콩부대찌개 가양역점_1_004.png",
      "mapx": 37.5657010514328,
      "mapy": 126.84764409296,
      "width": 3840,
      "height": 2160,
      "caption_info": [
        "킹콩부대찌개 가양역점(가양동)",
        "메뉴판"
      ]
    },
    {
      "image_id": 4,
      "filename": "561416_0_su_5_킹콩부대찌개 가양역점_1_005.png",
      "mapx": 37.5657010514328,
      "mapy": 126.84764409296,
      "width": 3840,
      "height": 2160,
      "caption_info": [
        "킹콩부대찌개 가양역점(가양동)",
        "부대찌개"
      ]
    }
  ],
  "annotations": [
    {
      "image_id": 0,
      "question": [
        {
          "question_id": 0,
          "question_type": "정보",
          "question": "영업시간은 몇시부터 몇시까지로 기재되어 있나요?",
          "question_wordNum": 5,
          "answer": "11:00~21:00",
          "answer_wordNum": 1,
          "fact": [
            "킹콩부대찌개 가양역점,영업시간,11:00~21:00"
          ]
        },
        {
          "question_id": 1,
          "question_type": "정보",
          "question": "휴무일은 어떻게 되나요?",
          "question_wordNum": 3,
          "answer": "매주 일요일",
          "answer_wordNum": 2,
          "fact": [
            "킹콩부대찌개 가양역점,휴무일,매주 일요일"
          ]
        },
        {
          "question_id": 2,
          "question_type": "정보",
          "question": "이 곳의 대표적인 메뉴는 무엇이 있나요?",
          "question_wordNum": 6,
          "answer": "우삼겹부대찌개, 우삼겹부대 두루치기",
          "answer_wordNum": 3,
          "fact": [
            "킹콩부대찌개 가양역점,메뉴,우삼겹부대찌개, 우삼겹부대 두루치기"
          ]
        },
        {
          "question_id": 3,
          "question_type": "탐색",
          "question": "주차시설이 있나요?",
          "question_wordNum": 2,
          "answer": "있음",
          "answer_wordNum": 1,
          "fact": [
            "킹콩부대찌개 가양역점,주차시설,있음"
          ]
        }
      ]
    },
    {
      "image_id": 1,
      "question": [
        {
          "question_id": 0,
          "question_type": "탐색",
          "question": "주차시설이 있나요?",
          "question_wordNum": 2,
          "answer": "있음",
          "answer_wordNum": 1,
          "fact": [
            "킹콩부대찌개 가양역점,주차시설,있음"
          ]
        },
        {
          "question_id": 1,
          "question_type": "정보",
          "question": "영업시간은 몇시부터 몇시까지로 기재되어 있나요?",
          "question_wordNum": 5,
          "answer": "11:00~21:00",
          "answer_wordNum": 1,
          "fact": [
            "킹콩부대찌개 가양역점,영업시간,11:00~21:00"
          ]
        },
        {
          "question_id": 2,
          "question_type": "정보",
          "question": "이 곳의 주요 메뉴는 무엇이 있나요?",
          "question_wordNum": 6,
          "answer": "우삼겹부대찌개, 우삼겹부대 두루치기",
          "answer_wordNum": 3,
          "fact": [
            "킹콩부대찌개 가양역점,메뉴,우삼겹부대찌개, 우삼겹부대 두루치기"
          ]
        },
        {
          "question_id": 3,
          "question_type": "관계",
          "question": "이 곳에 인접한 시설이 있나요?",
          "question_wordNum": 5,
          "answer": "양천향교역 4번 출구, 올래김밥, 바른생갈비",
          "answer_wordNum": 5,
          "fact": [
            "킹콩부대찌개 가양역점,인접,양천향교역 4번 출구, 올래김밥, 바른생갈비"
          ]
        }
      ]
    },
    {
      "image_id": 2,
      "question": [
        {
          "question_id": 0,
          "question_type": "정보",
          "question": "이 곳의 주요 메뉴는 무엇이 있나요?",
          "question_wordNum": 6,
          "answer": "우삼겹부대찌개, 우삼겹부대 두루치기",
          "answer_wordNum": 3,
          "fact": [
            "킹콩부대찌개 가양역점,메뉴,우삼겹부대찌개, 우삼겹부대 두루치기"
          ]
        },
        {
          "question_id": 1,
          "question_type": "정보",
          "question": "이 곳의 주소는 어떻게 되나요?",
          "question_wordNum": 5,
          "answer": "서울 강서구 양천로 401",
          "answer_wordNum": 4,
          "fact": [
            "킹콩부대찌개 가양역점,주소,서울 강서구 양천로 401"
          ]
        },
        {
          "question_id": 2,
          "question_type": "정보",
          "question": "연락처가 어떻게 되나요?",
          "question_wordNum": 3,
          "answer": "02-2638-5151",
          "answer_wordNum": 1,
          "fact": [
            "킹콩부대찌개 가양역점,연락처,02-2638-5151"
          ]
        },
        {
          "question_id": 3,
          "question_type": "정보",
          "question": "영업시간은 어떻게 되나요?",
          "question_wordNum": 3,
          "answer": "11:00~21:00",
          "answer_wordNum": 1,
          "fact": [
            "킹콩부대찌개 가양역점,영업시간,11:00~21:00"
          ]
        }
      ]
    },
    {
      "image_id": 3,
      "question": [
        {
          "question_id": 0,
          "question_type": "정보",
          "question": "이 곳의 주요 메뉴는 무엇이 있나요?",
          "question_wordNum": 6,
          "answer": "우삼겹부대찌개, 우삼겹부대 두루치기",
          "answer_wordNum": 3,
          "fact": [
            "킹콩부대찌개 가양역점,메뉴,우삼겹부대찌개, 우삼겹부대 두루치기"
          ]
        },
        {
          "question_id": 1,
          "question_type": "정보",
          "question": "연락처가 어떻게 되나요?",
          "question_wordNum": 3,
          "answer": "02-2638-5151",
          "answer_wordNum": 1,
          "fact": [
            "킹콩부대찌개 가양역점,연락처,02-2638-5151"
          ]
        },
        {
          "question_id": 2,
          "question_type": "탐색",
          "question": "주차시설이 있나요?",
          "question_wordNum": 2,
          "answer": "있음",
          "answer_wordNum": 1,
          "fact": [
            "킹콩부대찌개 가양역점,주차시설,있음"
          ]
        },
        {
          "question_id": 3,
          "question_type": "정보",
          "question": "이 곳의 주소는 어떻게 되나요?",
          "question_wordNum": 5,
          "answer": "서울 강서구 양천로 401",
          "answer_wordNum": 4,
          "fact": [
            "킹콩부대찌개 가양역점,주소,서울 강서구 양천로 401"
          ]
        }
      ]
    },
    {
      "image_id": 4,
      "question": [
        {
          "question_id": 0,
          "question_type": "탐색",
          "question": "주차시설이 있나요?",
          "question_wordNum": 2,
          "answer": "있음",
          "answer_wordNum": 1,
          "fact": [
            "킹콩부대찌개 가양역점,주차시설,있음"
          ]
        },
        {
          "question_id": 1,
          "question_type": "정보",
          "question": "영업시간은 몇시부터 몇시까지로 기재되어 있나요?",
          "question_wordNum": 5,
          "answer": "11:00~21:00",
          "answer_wordNum": 1,
          "fact": [
            "킹콩부대찌개 가양역점,영업시간,11:00~21:00"
          ]
        },
        {
          "question_id": 2,
          "question_type": "정보",
          "question": "이 곳의 대표적인 메뉴는 무엇이 있나요?",
          "question_wordNum": 6,
          "answer": "우삼겹부대찌개, 우삼겹부대 두루치기",
          "answer_wordNum": 3,
          "fact": [
            "킹콩부대찌개 가양역점,메뉴,우삼겹부대찌개, 우삼겹부대 두루치기"
          ]
        },
        {
          "question_id": 3,
          "question_type": "정보",
          "question": "이곳은 어떤 요리가 전문인가요?",
          "question_wordNum": 4,
          "answer": "부대찌개",
          "answer_wordNum": 1,
          "fact": [
            "킹콩부대찌개 가양역점,전문,부대찌개"
          ]
        }
      ]
    }
  ]
}