{
  "data": {
    "dataset": "2-083-219",
    "POI_id": "561539",
    "travelType": "음식점",
    "place": "마곡회포차 싱싱수산 마곡본점",
    "area": "서울"
  },
  "imageInfo": [
    {
      "image_id": 0,
      "filename": "561539_0_su_5_마곡회포차 싱싱수산 마곡본점_1_001.png",
      "mapx": 37.5689599870746,
      "mapy": 126.825538652732,
      "width": 3840,
      "height": 2160,
      "caption_info": [
        "마곡회포차 싱싱수산 마곡본점(강서구)",
        "수족관 "
      ]
    },
    {
      "image_id": 1,
      "filename": "561539_0_su_5_마곡회포차 싱싱수산 마곡본점_1_002.png",
      "mapx": 37.5689599870746,
      "mapy": 126.825538652732,
      "width": 3840,
      "height": 2160,
      "caption_info": [
        "마곡회포차 싱싱수산 마곡본점(강서구)",
        "간판"
      ]
    },
    {
      "image_id": 2,
      "filename": "561539_0_su_5_마곡회포차 싱싱수산 마곡본점_1_003.png",
      "mapx": 37.5689599870746,
      "mapy": 126.825538652732,
      "width": 3840,
      "height": 2160,
      "caption_info": [
        "마곡회포차 싱싱수산 마곡본점(강서구)",
        "등받이 의자"
      ]
    },
    {
      "image_id": 3,
      "filename": "561539_0_su_5_마곡회포차 싱싱수산 마곡본점_1_004.png",
      "mapx": 37.5689599870746,
      "mapy": 126.825538652732,
      "width": 3840,
      "height": 2160,
      "caption_info": [
        "마곡회포차 싱싱수산 마곡본점(강서구)",
        "메뉴판 "
      ]
    },
    {
      "image_id": 4,
      "filename": "561539_0_su_5_마곡회포차 싱싱수산 마곡본점_1_005.png",
      "mapx": 37.5689599870746,
      "mapy": 126.825538652732,
      "width": 3840,
      "height": 2160,
      "caption_info": [
        "마곡회포차 싱싱수산 마곡본점(강서구)",
        "회 "
      ]
    }
  ],
  "annotations": [
    {
      "image_id": 0,
      "question": [
        {
          "question_id": 0,
          "question_type": "정보",
          "question": "휴무일은 어떻게 되나요?",
          "question_wordNum": 3,
          "answer": "없음",
          "answer_wordNum": 1,
          "fact": [
            "마곡회포차 싱싱수산 마곡본점,휴무일,없음"
          ]
        },
        {
          "question_id": 1,
          "question_type": "정보",
          "question": "영업시간을 알 수 있나요?",
          "question_wordNum": 4,
          "answer": "14:00 - 02:00",
          "answer_wordNum": 3,
          "fact": [
            "마곡회포차 싱싱수산 마곡본점,영업시간,14:00 - 02:00"
          ]
        },
        {
          "question_id": 2,
          "question_type": "탐색",
          "question": "주차시설이 있는지 알 수 있나요?",
          "question_wordNum": 5,
          "answer": "있음",
          "answer_wordNum": 1,
          "fact": [
            "마곡회포차 싱싱수산 마곡본점,주차시설,있음"
          ]
        },
        {
          "question_id": 3,
          "question_type": "정보",
          "question": "이 곳의 주소를 알 수 있나요?",
          "question_wordNum": 6,
          "answer": "서울 강서구 마곡서로 168",
          "answer_wordNum": 4,
          "fact": [
            "마곡회포차 싱싱수산 마곡본점,주소,서울 강서구 마곡서로 168"
          ]
        }
      ]
    },
    {
      "image_id": 1,
      "question": [
        {
          "question_id": 0,
          "question_type": "정보",
          "question": "연락처가 어떻게 되나요?",
          "question_wordNum": 3,
          "answer": "02-2659-5858",
          "answer_wordNum": 1,
          "fact": [
            "마곡회포차 싱싱수산 마곡본점,연락처,02-2659-5858"
          ]
        },
        {
          "question_id": 1,
          "question_type": "정보",
          "question": "휴무일은 어떻게 되나요?",
          "question_wordNum": 3,
          "answer": "없음",
          "answer_wordNum": 1,
          "fact": [
            "마곡회포차 싱싱수산 마곡본점,휴무일,없음"
          ]
        },
        {
          "question_id": 2,
          "question_type": "관계",
          "question": "이 곳에 인접한 시설을 알 수 있나요?",
          "question_wordNum": 7,
          "answer": "마곡나루역 1번 출구, 마곡엠밸리4단지아파트, 마곡럭스나인오피스텔, 본도시락, 죠스떡볶이",
          "answer_wordNum": 7,
          "fact": [
            "마곡회포차 싱싱수산 마곡본점,인접,마곡나루역 1번 출구, 마곡엠밸리4단지아파트, 마곡럭스나인오피스텔, 본도시락, 죠스떡볶이"
          ]
        },
        {
          "question_id": 3,
          "question_type": "탐색",
          "question": "주차시설이 있는지 알 수 있나요?",
          "question_wordNum": 5,
          "answer": "있음",
          "answer_wordNum": 1,
          "fact": [
            "마곡회포차 싱싱수산 마곡본점,주차시설,있음"
          ]
        }
      ]
    },
    {
      "image_id": 2,
      "question": [
        {
          "question_id": 0,
          "question_type": "정보",
          "question": "휴무일을 알 수 있나요?",
          "question_wordNum": 4,
          "answer": "없음",
          "answer_wordNum": 1,
          "fact": [
            "마곡회포차 싱싱수산 마곡본점,휴무일,없음"
          ]
        },
        {
          "question_id": 1,
          "question_type": "정보",
          "question": "이 곳의 메뉴를 알 수 있나요?",
          "question_wordNum": 6,
          "answer": "모듬회, 연어",
          "answer_wordNum": 2,
          "fact": [
            "마곡회포차 싱싱수산 마곡본점,메뉴,모듬회, 연어"
          ]
        },
        {
          "question_id": 2,
          "question_type": "탐색",
          "question": "주차시설이 있나요?",
          "question_wordNum": 2,
          "answer": "있음",
          "answer_wordNum": 1,
          "fact": [
            "마곡회포차 싱싱수산 마곡본점,주차시설,있음"
          ]
        },
        {
          "question_id": 3,
          "question_type": "정보",
          "question": "이 곳의 주소는 어떻게 되나요?",
          "question_wordNum": 5,
          "answer": "서울 강서구 마곡서로 168",
          "answer_wordNum": 4,
          "fact": [
            "마곡회포차 싱싱수산 마곡본점,주소,서울 강서구 마곡서로 168"
          ]
        }
      ]
    },
    {
      "image_id": 3,
      "question": [
        {
          "question_id": 0,
          "question_type": "탐색",
          "question": "주차시설이 있는지 알 수 있나요?",
          "question_wordNum": 5,
          "answer": "있음",
          "answer_wordNum": 1,
          "fact": [
            "마곡회포차 싱싱수산 마곡본점,주차시설,있음"
          ]
        },
        {
          "question_id": 1,
          "question_type": "정보",
          "question": "연락처를 알 수 있나요?",
          "question_wordNum": 4,
          "answer": "02-2659-5858",
          "answer_wordNum": 1,
          "fact": [
            "마곡회포차 싱싱수산 마곡본점,연락처,02-2659-5858"
          ]
        },
        {
          "question_id": 2,
          "question_type": "정보",
          "question": "휴무일은 어떻게 되나요?",
          "question_wordNum": 3,
          "answer": "없음",
          "answer_wordNum": 1,
          "fact": [
            "마곡회포차 싱싱수산 마곡본점,휴무일,없음"
          ]
        },
        {
          "question_id": 3,
          "question_type": "정보",
          "question": "대표 메뉴가 무엇인가요?",
          "question_wordNum": 3,
          "answer": "모듬회, 연어",
          "answer_wordNum": 2,
          "fact": [
            "마곡회포차 싱싱수산 마곡본점,메뉴,모듬회, 연어"
          ]
        }
      ]
    },
    {
      "image_id": 4,
      "question": [
        {
          "question_id": 0,
          "question_type": "정보",
          "question": "휴무일은 어떻게 되나요?",
          "question_wordNum": 3,
          "answer": "없음",
          "answer_wordNum": 1,
          "fact": [
            "마곡회포차 싱싱수산 마곡본점,휴무일,없음"
          ]
        },
        {
          "question_id": 1,
          "question_type": "정보",
          "question": "이 곳의 메뉴를 알 수 있나요?",
          "question_wordNum": 6,
          "answer": "모듬회, 연어",
          "answer_wordNum": 2,
          "fact": [
            "마곡회포차 싱싱수산 마곡본점,메뉴,모듬회, 연어"
          ]
        },
        {
          "question_id": 2,
          "question_type": "관계",
          "question": "이 곳에 인접한 시설이 있나요?",
          "question_wordNum": 5,
          "answer": "마곡나루역 1번 출구, 마곡엠밸리4단지아파트, 마곡럭스나인오피스텔, 본도시락, 죠스떡볶이",
          "answer_wordNum": 7,
          "fact": [
            "마곡회포차 싱싱수산 마곡본점,인접,마곡나루역 1번 출구, 마곡엠밸리4단지아파트, 마곡럭스나인오피스텔, 본도시락, 죠스떡볶이"
          ]
        },
        {
          "question_id": 3,
          "question_type": "정보",
          "question": "영업시간은 어떻게 되나요?",
          "question_wordNum": 3,
          "answer": "14:00 - 02:00",
          "answer_wordNum": 3,
          "fact": [
            "마곡회포차 싱싱수산 마곡본점,영업시간,14:00 - 02:00"
          ]
        }
      ]
    }
  ]
}