{
  "data": {
    "dataset": "2-083-219",
    "POI_id": "561476",
    "travelType": "음식점",
    "place": "특삼겹 ",
    "area": "서울"
  },
  "imageInfo": [
    {
      "image_id": 0,
      "filename": "561476_0_su_5_특삼겹 _1_001.png",
      "mapx": 37.559915259194,
      "mapy": 126.8343608462,
      "width": 3840,
      "height": 2160,
      "caption_info": [
        "특삼겹(마곡동)",
        "간판"
      ]
    },
    {
      "image_id": 1,
      "filename": "561476_0_su_5_특삼겹 _1_002.png",
      "mapx": 37.559915259194,
      "mapy": 126.8343608462,
      "width": 3840,
      "height": 2160,
      "caption_info": [
        "특삼겹(마곡동)",
        "간판"
      ]
    },
    {
      "image_id": 2,
      "filename": "561476_0_su_5_특삼겹 _1_003.png",
      "mapx": 37.559915259194,
      "mapy": 126.8343608462,
      "width": 3840,
      "height": 2160,
      "caption_info": [
        "특삼겹(마곡동)",
        "의자, 테이블"
      ]
    },
    {
      "image_id": 3,
      "filename": "561476_0_su_5_특삼겹 _1_004.png",
      "mapx": 37.559915259194,
      "mapy": 126.8343608462,
      "width": 3840,
      "height": 2160,
      "caption_info": [
        "특삼겹(마곡동)",
        "메뉴판"
      ]
    },
    {
      "image_id": 4,
      "filename": "561476_0_su_5_특삼겹 _1_005.png",
      "mapx": 37.559915259194,
      "mapy": 126.8343608462,
      "width": 3840,
      "height": 2160,
      "caption_info": [
        "특삼겹(마곡동)",
        "된장찌개"
      ]
    }
  ],
  "annotations": [
    {
      "image_id": 0,
      "question": [
        {
          "question_id": 0,
          "question_type": "정보",
          "question": "이 곳의 주요 메뉴는 무엇이 있나요?",
          "question_wordNum": 6,
          "answer": "숙성삼겹살, 숙성목살",
          "answer_wordNum": 2,
          "fact": [
            "특삼겹,메뉴,숙성삼겹살, 숙성목살"
          ]
        },
        {
          "question_id": 1,
          "question_type": "정보",
          "question": "영업시간은 몇시부터 몇시까지로 기재되어 있나요?",
          "question_wordNum": 5,
          "answer": "11:30~23:00",
          "answer_wordNum": 1,
          "fact": [
            "특삼겹,영업시간,11:30~23:00"
          ]
        },
        {
          "question_id": 2,
          "question_type": "정보",
          "question": "휴무일을 알 수 있나요?",
          "question_wordNum": 4,
          "answer": "첫째, 셋째 일요일",
          "answer_wordNum": 3,
          "fact": [
            "특삼겹,휴무일,첫째, 셋째 일요일"
          ]
        },
        {
          "question_id": 3,
          "question_type": "관계",
          "question": "이 곳에 인접한 시설이 있나요?",
          "question_wordNum": 5,
          "answer": "발산역 9번 출구, 필돈, 소시민",
          "answer_wordNum": 5,
          "fact": [
            "특삼겹,인접,발산역 9번 출구, 필돈, 소시민"
          ]
        }
      ]
    },
    {
      "image_id": 1,
      "question": [
        {
          "question_id": 0,
          "question_type": "관계",
          "question": "이 곳에 인접한 시설을 알 수 있나요?",
          "question_wordNum": 7,
          "answer": "발산역 9번 출구, 필돈, 소시민",
          "answer_wordNum": 5,
          "fact": [
            "특삼겹,인접,발산역 9번 출구, 필돈, 소시민"
          ]
        },
        {
          "question_id": 1,
          "question_type": "정보",
          "question": "이 곳의 주소를 알 수 있나요?",
          "question_wordNum": 6,
          "answer": "서울 강서구 마곡중앙6로 66",
          "answer_wordNum": 4,
          "fact": [
            "특삼겹,주소,서울 강서구 마곡중앙6로 66"
          ]
        },
        {
          "question_id": 2,
          "question_type": "정보",
          "question": "이 곳의 대표적인 메뉴는 무엇이 있나요?",
          "question_wordNum": 6,
          "answer": "숙성삼겹살, 숙성목살",
          "answer_wordNum": 2,
          "fact": [
            "특삼겹,메뉴,숙성삼겹살, 숙성목살"
          ]
        },
        {
          "question_id": 3,
          "question_type": "정보",
          "question": "휴무일은 어떻게 되나요?",
          "question_wordNum": 3,
          "answer": "첫째, 셋째 일요일",
          "answer_wordNum": 3,
          "fact": [
            "특삼겹,휴무일,첫째, 셋째 일요일"
          ]
        }
      ]
    },
    {
      "image_id": 2,
      "question": [
        {
          "question_id": 0,
          "question_type": "탐색",
          "question": "주차시설이 있는지 알 수 있나요?",
          "question_wordNum": 5,
          "answer": "있음",
          "answer_wordNum": 1,
          "fact": [
            "특삼겹,주차시설,있음"
          ]
        },
        {
          "question_id": 1,
          "question_type": "정보",
          "question": "연락처를 알 수 있나요?",
          "question_wordNum": 4,
          "answer": "0507-1421-9922",
          "answer_wordNum": 1,
          "fact": [
            "특삼겹,연락처,0507-1421-9922"
          ]
        },
        {
          "question_id": 2,
          "question_type": "정보",
          "question": "영업시간은 어떻게 되나요?",
          "question_wordNum": 3,
          "answer": "11:30~23:00",
          "answer_wordNum": 1,
          "fact": [
            "특삼겹,영업시간,11:30~23:00"
          ]
        },
        {
          "question_id": 3,
          "question_type": "정보",
          "question": "이 곳의 주소는 어떻게 되나요?",
          "question_wordNum": 5,
          "answer": "서울 강서구 마곡중앙6로 66",
          "answer_wordNum": 4,
          "fact": [
            "특삼겹,주소,서울 강서구 마곡중앙6로 66"
          ]
        }
      ]
    },
    {
      "image_id": 3,
      "question": [
        {
          "question_id": 0,
          "question_type": "정보",
          "question": "이 곳의 주소를 알 수 있나요?",
          "question_wordNum": 6,
          "answer": "서울 강서구 마곡중앙6로 66",
          "answer_wordNum": 4,
          "fact": [
            "특삼겹,주소,서울 강서구 마곡중앙6로 66"
          ]
        },
        {
          "question_id": 1,
          "question_type": "정보",
          "question": "이 곳의 주요 메뉴를 알 수 있나요?",
          "question_wordNum": 7,
          "answer": "숙성삼겹살, 숙성목살",
          "answer_wordNum": 2,
          "fact": [
            "특삼겹,메뉴,숙성삼겹살, 숙성목살"
          ]
        },
        {
          "question_id": 2,
          "question_type": "정보",
          "question": "휴무일을 알 수 있나요?",
          "question_wordNum": 4,
          "answer": "첫째, 셋째 일요일",
          "answer_wordNum": 3,
          "fact": [
            "특삼겹,휴무일,첫째, 셋째 일요일"
          ]
        },
        {
          "question_id": 3,
          "question_type": "정보",
          "question": "영업시간은 어떻게 되나요?",
          "question_wordNum": 3,
          "answer": "11:30~23:00",
          "answer_wordNum": 1,
          "fact": [
            "특삼겹,영업시간,11:30~23:00"
          ]
        }
      ]
    },
    {
      "image_id": 4,
      "question": [
        {
          "question_id": 0,
          "question_type": "정보",
          "question": "이 곳의 주요 메뉴를 알 수 있나요?",
          "question_wordNum": 7,
          "answer": "숙성삼겹살, 숙성목살",
          "answer_wordNum": 2,
          "fact": [
            "특삼겹,메뉴,숙성삼겹살, 숙성목살"
          ]
        },
        {
          "question_id": 1,
          "question_type": "정보",
          "question": "연락처가 어떻게 되나요?",
          "question_wordNum": 3,
          "answer": "0507-1421-9922",
          "answer_wordNum": 1,
          "fact": [
            "특삼겹,연락처,0507-1421-9922"
          ]
        },
        {
          "question_id": 2,
          "question_type": "관계",
          "question": "이 곳에 인접한 시설이 있나요?",
          "question_wordNum": 5,
          "answer": "발산역 9번 출구, 필돈, 소시민",
          "answer_wordNum": 5,
          "fact": [
            "특삼겹,인접,발산역 9번 출구, 필돈, 소시민"
          ]
        },
        {
          "question_id": 3,
          "question_type": "정보",
          "question": "이 곳의 주소는 어떻게 되나요?",
          "question_wordNum": 5,
          "answer": "서울 강서구 마곡중앙6로 66",
          "answer_wordNum": 4,
          "fact": [
            "특삼겹,주소,서울 강서구 마곡중앙6로 66"
          ]
        }
      ]
    }
  ]
}