{
  "data": {
    "dataset": "2-083-219",
    "POI_id": "561656",
    "travelType": "음식점",
    "place": "마곡닭한마리 ",
    "area": "서울"
  },
  "imageInfo": [
    {
      "image_id": 0,
      "filename": "561656_0_su_5_마곡닭한마리 _1_001.png",
      "mapx": 37.5605448342463,
      "mapy": 126.838427628497,
      "width": 3840,
      "height": 2160,
      "caption_info": [
        "마곡닭한마리(강서구) ",
        "자동문 "
      ]
    },
    {
      "image_id": 1,
      "filename": "561656_0_su_5_마곡닭한마리 _1_002.png",
      "mapx": 37.5605448342463,
      "mapy": 126.838427628497,
      "width": 3840,
      "height": 2160,
      "caption_info": [
        "마곡닭한마리(강서구) ",
        "간판"
      ]
    },
    {
      "image_id": 2,
      "filename": "561656_0_su_5_마곡닭한마리 _1_003.png",
      "mapx": 37.5605448342463,
      "mapy": 126.838427628497,
      "width": 3840,
      "height": 2160,
      "caption_info": [
        "마곡닭한마리(강서구) ",
        "사각 테이블"
      ]
    },
    {
      "image_id": 3,
      "filename": "561656_0_su_5_마곡닭한마리 _1_004.png",
      "mapx": 37.5605448342463,
      "mapy": 126.838427628497,
      "width": 3840,
      "height": 2160,
      "caption_info": [
        "마곡닭한마리(강서구) ",
        "메뉴판 "
      ]
    },
    {
      "image_id": 4,
      "filename": "561656_0_su_5_마곡닭한마리 _1_005.png",
      "mapx": 37.5605448342463,
      "mapy": 126.838427628497,
      "width": 3840,
      "height": 2160,
      "caption_info": [
        "마곡닭한마리(강서구) ",
        "냄비 "
      ]
    }
  ],
  "annotations": [
    {
      "image_id": 0,
      "question": [
        {
          "question_id": 0,
          "question_type": "정보",
          "question": "휴무일을 알 수 있나요?",
          "question_wordNum": 4,
          "answer": "없음",
          "answer_wordNum": 1,
          "fact": [
            "마곡닭한마리,휴무일,없음"
          ]
        },
        {
          "question_id": 1,
          "question_type": "탐색",
          "question": "주차시설이 있는지 알 수 있나요?",
          "question_wordNum": 5,
          "answer": "있음",
          "answer_wordNum": 1,
          "fact": [
            "마곡닭한마리,주차시설,있음"
          ]
        },
        {
          "question_id": 2,
          "question_type": "정보",
          "question": "연락처를 알 수 있나요?",
          "question_wordNum": 4,
          "answer": "0507-1428-3588",
          "answer_wordNum": 1,
          "fact": [
            "마곡닭한마리,연락처,0507-1428-3588"
          ]
        },
        {
          "question_id": 3,
          "question_type": "정보",
          "question": "영업시간은 어떻게 되나요?",
          "question_wordNum": 3,
          "answer": "11:00 - 23:00",
          "answer_wordNum": 3,
          "fact": [
            "마곡닭한마리,영업시간,11:00 - 23:00"
          ]
        }
      ]
    },
    {
      "image_id": 1,
      "question": [
        {
          "question_id": 0,
          "question_type": "정보",
          "question": "휴무일을 알 수 있나요?",
          "question_wordNum": 4,
          "answer": "없음",
          "answer_wordNum": 1,
          "fact": [
            "마곡닭한마리,휴무일,없음"
          ]
        },
        {
          "question_id": 1,
          "question_type": "관계",
          "question": "이 곳에 인접한 시설을 알 수 있나요?",
          "question_wordNum": 7,
          "answer": "발산역 2번 출구, 머구리, 월화식당",
          "answer_wordNum": 5,
          "fact": [
            "마곡닭한마리,인접,발산역 2번 출구, 머구리, 월화식당"
          ]
        },
        {
          "question_id": 2,
          "question_type": "탐색",
          "question": "주차시설이 있나요?",
          "question_wordNum": 2,
          "answer": "있음",
          "answer_wordNum": 1,
          "fact": [
            "마곡닭한마리,주차시설,있음"
          ]
        },
        {
          "question_id": 3,
          "question_type": "정보",
          "question": "영업시간은 어떻게 되나요?",
          "question_wordNum": 3,
          "answer": "11:00 - 23:00",
          "answer_wordNum": 3,
          "fact": [
            "마곡닭한마리,영업시간,11:00 - 23:00"
          ]
        }
      ]
    },
    {
      "image_id": 2,
      "question": [
        {
          "question_id": 0,
          "question_type": "정보",
          "question": "영업시간을 알 수 있나요?",
          "question_wordNum": 4,
          "answer": "11:00 - 23:00",
          "answer_wordNum": 3,
          "fact": [
            "마곡닭한마리,영업시간,11:00 - 23:00"
          ]
        },
        {
          "question_id": 1,
          "question_type": "관계",
          "question": "이 곳에 인접한 시설이 있나요?",
          "question_wordNum": 5,
          "answer": "발산역 2번 출구, 머구리, 월화식당",
          "answer_wordNum": 5,
          "fact": [
            "마곡닭한마리,인접,발산역 2번 출구, 머구리, 월화식당"
          ]
        },
        {
          "question_id": 2,
          "question_type": "정보",
          "question": "이 곳의 메뉴를 알 수 있나요?",
          "question_wordNum": 6,
          "answer": "닭한마리, 닭개장",
          "answer_wordNum": 2,
          "fact": [
            "마곡닭한마리,메뉴,닭한마리, 닭개장"
          ]
        },
        {
          "question_id": 3,
          "question_type": "정보",
          "question": "휴무일은 어떻게 되나요?",
          "question_wordNum": 3,
          "answer": "없음",
          "answer_wordNum": 1,
          "fact": [
            "마곡닭한마리,휴무일,없음"
          ]
        }
      ]
    },
    {
      "image_id": 3,
      "question": [
        {
          "question_id": 0,
          "question_type": "정보",
          "question": "영업시간은 어떻게 되나요?",
          "question_wordNum": 3,
          "answer": "11:00 - 23:00",
          "answer_wordNum": 3,
          "fact": [
            "마곡닭한마리,영업시간,11:00 - 23:00"
          ]
        },
        {
          "question_id": 1,
          "question_type": "정보",
          "question": "휴무일은 어떻게 되나요?",
          "question_wordNum": 3,
          "answer": "없음",
          "answer_wordNum": 1,
          "fact": [
            "마곡닭한마리,휴무일,없음"
          ]
        },
        {
          "question_id": 2,
          "question_type": "정보",
          "question": "이 곳의 메뉴를 알 수 있나요?",
          "question_wordNum": 6,
          "answer": "닭한마리, 닭개장",
          "answer_wordNum": 2,
          "fact": [
            "마곡닭한마리,메뉴,닭한마리, 닭개장"
          ]
        },
        {
          "question_id": 3,
          "question_type": "탐색",
          "question": "주차시설이 있는지 알 수 있나요?",
          "question_wordNum": 5,
          "answer": "있음",
          "answer_wordNum": 1,
          "fact": [
            "마곡닭한마리,주차시설,있음"
          ]
        }
      ]
    },
    {
      "image_id": 4,
      "question": [
        {
          "question_id": 0,
          "question_type": "정보",
          "question": "연락처가 어떻게 되나요?",
          "question_wordNum": 3,
          "answer": "0507-1428-3588",
          "answer_wordNum": 1,
          "fact": [
            "마곡닭한마리,연락처,0507-1428-3588"
          ]
        },
        {
          "question_id": 1,
          "question_type": "탐색",
          "question": "주차시설이 있나요?",
          "question_wordNum": 2,
          "answer": "있음",
          "answer_wordNum": 1,
          "fact": [
            "마곡닭한마리,주차시설,있음"
          ]
        },
        {
          "question_id": 2,
          "question_type": "관계",
          "question": "이 곳에 인접한 시설이 있나요?",
          "question_wordNum": 5,
          "answer": "발산역 2번 출구, 머구리, 월화식당",
          "answer_wordNum": 5,
          "fact": [
            "마곡닭한마리,인접,발산역 2번 출구, 머구리, 월화식당"
          ]
        },
        {
          "question_id": 3,
          "question_type": "정보",
          "question": "대표 메뉴가 무엇인가요?",
          "question_wordNum": 3,
          "answer": "닭한마리, 닭개장",
          "answer_wordNum": 2,
          "fact": [
            "마곡닭한마리,메뉴,닭한마리, 닭개장"
          ]
        }
      ]
    }
  ]
}