{
  "data": {
    "dataset": "2-083-219",
    "POI_id": "561817",
    "travelType": "음식점",
    "place": "조아라 황소곱창",
    "area": "서울"
  },
  "imageInfo": [
    {
      "image_id": 0,
      "filename": "561817_0_su_5_조아라 황소곱창_1_001.png",
      "mapx": 37.5606594661742,
      "mapy": 126.812141861483,
      "width": 3840,
      "height": 2160,
      "caption_info": [
        "조아라 황소곱창(강서구)",
        "여닫이문 "
      ]
    },
    {
      "image_id": 1,
      "filename": "561817_0_su_5_조아라 황소곱창_1_002.png",
      "mapx": 37.5606594661742,
      "mapy": 126.812141861483,
      "width": 3840,
      "height": 2160,
      "caption_info": [
        "조아라 황소곱창(강서구)",
        "여닫이문 "
      ]
    },
    {
      "image_id": 2,
      "filename": "561817_0_su_5_조아라 황소곱창_1_003.png",
      "mapx": 37.5606594661742,
      "mapy": 126.812141861483,
      "width": 3840,
      "height": 2160,
      "caption_info": [
        "조아라 황소곱창(강서구)",
        "사각 테이블"
      ]
    },
    {
      "image_id": 3,
      "filename": "561817_0_su_5_조아라 황소곱창_1_004.png",
      "mapx": 37.5606594661742,
      "mapy": 126.812141861483,
      "width": 3840,
      "height": 2160,
      "caption_info": [
        "조아라 황소곱창(강서구)",
        "메뉴판 "
      ]
    },
    {
      "image_id": 4,
      "filename": "561817_0_su_5_조아라 황소곱창_1_005.png",
      "mapx": 37.5606594661742,
      "mapy": 126.812141861483,
      "width": 3840,
      "height": 2160,
      "caption_info": [
        "조아라 황소곱창(강서구)",
        "곱창 "
      ]
    }
  ],
  "annotations": [
    {
      "image_id": 0,
      "question": [
        {
          "question_id": 0,
          "question_type": "탐색",
          "question": "주차시설이 있는지 알 수 있나요?",
          "question_wordNum": 5,
          "answer": "있음",
          "answer_wordNum": 1,
          "fact": [
            "조아라 황소곱창,주차시설,있음"
          ]
        },
        {
          "question_id": 1,
          "question_type": "정보",
          "question": "이 곳의 주소는 어떻게 되나요?",
          "question_wordNum": 5,
          "answer": "서울 강서구 공항대로8길 8",
          "answer_wordNum": 4,
          "fact": [
            "조아라 황소곱창,주소,서울 강서구 공항대로8길 8"
          ]
        },
        {
          "question_id": 2,
          "question_type": "정보",
          "question": "휴무일은 어떻게 되나요?",
          "question_wordNum": 3,
          "answer": "넷째 일요일",
          "answer_wordNum": 2,
          "fact": [
            "조아라 황소곱창,휴무일,넷째 일요일"
          ]
        },
        {
          "question_id": 3,
          "question_type": "정보",
          "question": "대표 메뉴가 무엇인가요?",
          "question_wordNum": 3,
          "answer": "한우곱창모듬, 한우곱창전골",
          "answer_wordNum": 2,
          "fact": [
            "조아라 황소곱창,메뉴,한우곱창모듬, 한우곱창전골"
          ]
        }
      ]
    },
    {
      "image_id": 1,
      "question": [
        {
          "question_id": 0,
          "question_type": "정보",
          "question": "연락처를 알 수 있나요?",
          "question_wordNum": 4,
          "answer": "0507-1322-1326",
          "answer_wordNum": 1,
          "fact": [
            "조아라 황소곱창,연락처,0507-1322-1326"
          ]
        },
        {
          "question_id": 1,
          "question_type": "정보",
          "question": "영업시간을 알 수 있나요?",
          "question_wordNum": 4,
          "answer": "11:00/14:00~01:00",
          "answer_wordNum": 1,
          "fact": [
            "조아라 황소곱창,영업시간,11:00/14:00~01:00"
          ]
        },
        {
          "question_id": 2,
          "question_type": "탐색",
          "question": "주차시설이 있나요?",
          "question_wordNum": 2,
          "answer": "있음",
          "answer_wordNum": 1,
          "fact": [
            "조아라 황소곱창,주차시설,있음"
          ]
        },
        {
          "question_id": 3,
          "question_type": "관계",
          "question": "이 곳에 인접한 시설이 있나요?",
          "question_wordNum": 5,
          "answer": "송정역 3번 출구, 트립커피, 들녘",
          "answer_wordNum": 5,
          "fact": [
            "조아라 황소곱창,인접,송정역 3번 출구, 트립커피, 들녘"
          ]
        }
      ]
    },
    {
      "image_id": 2,
      "question": [
        {
          "question_id": 0,
          "question_type": "정보",
          "question": "대표 메뉴가 무엇인가요?",
          "question_wordNum": 3,
          "answer": "한우곱창모듬, 한우곱창전골",
          "answer_wordNum": 2,
          "fact": [
            "조아라 황소곱창,메뉴,한우곱창모듬, 한우곱창전골"
          ]
        },
        {
          "question_id": 1,
          "question_type": "정보",
          "question": "영업시간을 알 수 있나요?",
          "question_wordNum": 4,
          "answer": "11:00/14:00~01:00",
          "answer_wordNum": 1,
          "fact": [
            "조아라 황소곱창,영업시간,11:00/14:00~01:00"
          ]
        },
        {
          "question_id": 2,
          "question_type": "정보",
          "question": "연락처를 알 수 있나요?",
          "question_wordNum": 4,
          "answer": "0507-1322-1326",
          "answer_wordNum": 1,
          "fact": [
            "조아라 황소곱창,연락처,0507-1322-1326"
          ]
        },
        {
          "question_id": 3,
          "question_type": "정보",
          "question": "휴무일은 어떻게 되나요?",
          "question_wordNum": 3,
          "answer": "넷째 일요일",
          "answer_wordNum": 2,
          "fact": [
            "조아라 황소곱창,휴무일,넷째 일요일"
          ]
        }
      ]
    },
    {
      "image_id": 3,
      "question": [
        {
          "question_id": 0,
          "question_type": "정보",
          "question": "영업시간은 어떻게 되나요?",
          "question_wordNum": 3,
          "answer": "11:00/14:00~01:00",
          "answer_wordNum": 1,
          "fact": [
            "조아라 황소곱창,영업시간,11:00/14:00~01:00"
          ]
        },
        {
          "question_id": 1,
          "question_type": "탐색",
          "question": "주차시설이 있는지 알 수 있나요?",
          "question_wordNum": 5,
          "answer": "있음",
          "answer_wordNum": 1,
          "fact": [
            "조아라 황소곱창,주차시설,있음"
          ]
        },
        {
          "question_id": 2,
          "question_type": "정보",
          "question": "이 곳의 주소를 알 수 있나요?",
          "question_wordNum": 6,
          "answer": "서울 강서구 공항대로8길 8",
          "answer_wordNum": 4,
          "fact": [
            "조아라 황소곱창,주소,서울 강서구 공항대로8길 8"
          ]
        },
        {
          "question_id": 3,
          "question_type": "정보",
          "question": "연락처를 알 수 있나요?",
          "question_wordNum": 4,
          "answer": "0507-1322-1326",
          "answer_wordNum": 1,
          "fact": [
            "조아라 황소곱창,연락처,0507-1322-1326"
          ]
        }
      ]
    },
    {
      "image_id": 4,
      "question": [
        {
          "question_id": 0,
          "question_type": "탐색",
          "question": "주차시설이 있나요?",
          "question_wordNum": 2,
          "answer": "있음",
          "answer_wordNum": 1,
          "fact": [
            "조아라 황소곱창,주차시설,있음"
          ]
        },
        {
          "question_id": 1,
          "question_type": "정보",
          "question": "이 곳의 주소를 알 수 있나요?",
          "question_wordNum": 6,
          "answer": "서울 강서구 공항대로8길 8",
          "answer_wordNum": 4,
          "fact": [
            "조아라 황소곱창,주소,서울 강서구 공항대로8길 8"
          ]
        },
        {
          "question_id": 2,
          "question_type": "정보",
          "question": "휴무일을 알 수 있나요?",
          "question_wordNum": 4,
          "answer": "넷째 일요일",
          "answer_wordNum": 2,
          "fact": [
            "조아라 황소곱창,휴무일,넷째 일요일"
          ]
        },
        {
          "question_id": 3,
          "question_type": "정보",
          "question": "영업시간을 알 수 있나요?",
          "question_wordNum": 4,
          "answer": "11:00/14:00~01:00",
          "answer_wordNum": 1,
          "fact": [
            "조아라 황소곱창,영업시간,11:00/14:00~01:00"
          ]
        }
      ]
    }
  ]
}