{
  "data": {
    "dataset": "2-083-219",
    "POI_id": "561413",
    "travelType": "음식점",
    "place": "갯마을회전문점",
    "area": "서울"
  },
  "imageInfo": [
    {
      "image_id": 0,
      "filename": "561413_0_su_5_갯마을회전문점_1_001.png",
      "mapx": 37.5675315444152,
      "mapy": 126.84245075938,
      "width": 3840,
      "height": 2160,
      "caption_info": [
        "갯마을회전문점(가양동)",
        "간판"
      ]
    },
    {
      "image_id": 1,
      "filename": "561413_0_su_5_갯마을회전문점_1_002.png",
      "mapx": 37.5675315444152,
      "mapy": 126.84245075938,
      "width": 3840,
      "height": 2160,
      "caption_info": [
        "갯마을회전문점(가양동)",
        "간판"
      ]
    },
    {
      "image_id": 2,
      "filename": "561413_0_su_5_갯마을회전문점_1_003.png",
      "mapx": 37.5675315444152,
      "mapy": 126.84245075938,
      "width": 3840,
      "height": 2160,
      "caption_info": [
        "갯마을회전문점(가양동)",
        "테이블, 등받이의자, 냉장고"
      ]
    },
    {
      "image_id": 3,
      "filename": "561413_0_su_5_갯마을회전문점_1_004.png",
      "mapx": 37.5675315444152,
      "mapy": 126.84245075938,
      "width": 3840,
      "height": 2160,
      "caption_info": [
        "갯마을회전문점(가양동)",
        "메뉴판"
      ]
    },
    {
      "image_id": 4,
      "filename": "561413_0_su_5_갯마을회전문점_1_005.png",
      "mapx": 37.5675315444152,
      "mapy": 126.84245075938,
      "width": 3840,
      "height": 2160,
      "caption_info": [
        "갯마을회전문점(가양동)",
        "전복"
      ]
    }
  ],
  "annotations": [
    {
      "image_id": 0,
      "question": [
        {
          "question_id": 0,
          "question_type": "정보",
          "question": "이 곳의 주요 메뉴는 무엇이 있나요?",
          "question_wordNum": 6,
          "answer": "갯마을 특사시미, 전복사시미",
          "answer_wordNum": 3,
          "fact": [
            "갯마을회전문점,메뉴,갯마을 특사시미, 전복사시미"
          ]
        },
        {
          "question_id": 1,
          "question_type": "탐색",
          "question": "주차시설이 있나요?",
          "question_wordNum": 2,
          "answer": "있음",
          "answer_wordNum": 1,
          "fact": [
            "갯마을회전문점,주차시설,있음"
          ]
        },
        {
          "question_id": 2,
          "question_type": "정보",
          "question": "영업시간은 어떻게 되나요?",
          "question_wordNum": 3,
          "answer": "알수없음",
          "answer_wordNum": 1,
          "fact": [
            "갯마을회전문점,영업시간,알수없음"
          ]
        },
        {
          "question_id": 3,
          "question_type": "정보",
          "question": "이 곳에 인접한 시설이 있나요?",
          "question_wordNum": 5,
          "answer": "이타순대국, CU, 양천향교역 5번 출구",
          "answer_wordNum": 5,
          "fact": [
            "갯마을회전문점,인접,이타순대국, CU, 양천향교역 5번 출구"
          ]
        }
      ]
    },
    {
      "image_id": 1,
      "question": [
        {
          "question_id": 0,
          "question_type": "정보",
          "question": "이 곳의 주소는 어떻게 되나요?",
          "question_wordNum": 5,
          "answer": "서울 강서구 양천로 362",
          "answer_wordNum": 4,
          "fact": [
            "갯마을회전문점,주소,서울 강서구 양천로 362"
          ]
        },
        {
          "question_id": 1,
          "question_type": "탐색",
          "question": "주차시설이 있나요?",
          "question_wordNum": 2,
          "answer": "있음",
          "answer_wordNum": 1,
          "fact": [
            "갯마을회전문점,주차시설,있음"
          ]
        },
        {
          "question_id": 2,
          "question_type": "정보",
          "question": "영업시간은 어떻게 되나요?",
          "question_wordNum": 3,
          "answer": "알수없음",
          "answer_wordNum": 1,
          "fact": [
            "갯마을회전문점,영업시간,알수없음"
          ]
        },
        {
          "question_id": 3,
          "question_type": "정보",
          "question": "이 곳에 인접한 시설이 있나요?",
          "question_wordNum": 5,
          "answer": "이타순대국, CU, 양천향교역 5번 출구",
          "answer_wordNum": 5,
          "fact": [
            "갯마을회전문점,인접,이타순대국, CU, 양천향교역 5번 출구"
          ]
        }
      ]
    },
    {
      "image_id": 2,
      "question": [
        {
          "question_id": 0,
          "question_type": "정보",
          "question": "영업시간은 어떻게 되나요?",
          "question_wordNum": 3,
          "answer": "알수없음",
          "answer_wordNum": 1,
          "fact": [
            "갯마을회전문점,영업시간,알수없음"
          ]
        },
        {
          "question_id": 1,
          "question_type": "정보",
          "question": "이 곳의 주소를 알 수 있나요?",
          "question_wordNum": 6,
          "answer": "서울 강서구 양천로 362",
          "answer_wordNum": 4,
          "fact": [
            "갯마을회전문점,주소,서울 강서구 양천로 362"
          ]
        },
        {
          "question_id": 2,
          "question_type": "정보",
          "question": "이 곳의 주요 메뉴는 무엇이 있나요?",
          "question_wordNum": 6,
          "answer": "갯마을 특사시미, 전복사시미",
          "answer_wordNum": 3,
          "fact": [
            "갯마을회전문점,메뉴,갯마을 특사시미, 전복사시미"
          ]
        },
        {
          "question_id": 3,
          "question_type": "정보",
          "question": "이 곳에 인접한 시설이 있나요?",
          "question_wordNum": 5,
          "answer": "이타순대국, CU, 양천향교역 5번 출구",
          "answer_wordNum": 5,
          "fact": [
            "갯마을회전문점,인접,이타순대국, CU, 양천향교역 5번 출구"
          ]
        }
      ]
    },
    {
      "image_id": 3,
      "question": [
        {
          "question_id": 0,
          "question_type": "탐색",
          "question": "주차시설이 있나요?",
          "question_wordNum": 2,
          "answer": "있음",
          "answer_wordNum": 1,
          "fact": [
            "갯마을회전문점,주차시설,있음"
          ]
        },
        {
          "question_id": 1,
          "question_type": "정보",
          "question": "이 곳의 주소를 알 수 있나요?",
          "question_wordNum": 6,
          "answer": "서울 강서구 양천로 362",
          "answer_wordNum": 4,
          "fact": [
            "갯마을회전문점,주소,서울 강서구 양천로 362"
          ]
        },
        {
          "question_id": 2,
          "question_type": "정보",
          "question": "이 곳의 대표적인 메뉴는 무엇이 있나요?",
          "question_wordNum": 6,
          "answer": "갯마을 특사시미, 전복사시미",
          "answer_wordNum": 3,
          "fact": [
            "갯마을회전문점,메뉴,갯마을 특사시미, 전복사시미"
          ]
        },
        {
          "question_id": 3,
          "question_type": "정보",
          "question": "이 곳에 인접한 시설이 있나요?",
          "question_wordNum": 5,
          "answer": "이타순대국, CU, 양천향교역 5번 출구",
          "answer_wordNum": 5,
          "fact": [
            "갯마을회전문점,인접,이타순대국, CU, 양천향교역 5번 출구"
          ]
        }
      ]
    },
    {
      "image_id": 4,
      "question": [
        {
          "question_id": 0,
          "question_type": "정보",
          "question": "휴무일을 알 수 있나요?",
          "question_wordNum": 4,
          "answer": "알수없음",
          "answer_wordNum": 1,
          "fact": [
            "갯마을회전문점,휴무일,알수없음"
          ]
        },
        {
          "question_id": 1,
          "question_type": "정보",
          "question": "이 곳의 주요 메뉴를 알 수 있나요?",
          "question_wordNum": 7,
          "answer": "갯마을 특사시미, 전복사시미",
          "answer_wordNum": 3,
          "fact": [
            "갯마을회전문점,메뉴,갯마을 특사시미, 전복사시미"
          ]
        },
        {
          "question_id": 2,
          "question_type": "정보",
          "question": "영업시간은 어떻게 되나요?",
          "question_wordNum": 3,
          "answer": "알수없음",
          "answer_wordNum": 1,
          "fact": [
            "갯마을회전문점,영업시간,알수없음"
          ]
        },
        {
          "question_id": 3,
          "question_type": "정보",
          "question": "이 곳에 인접한 시설이 있나요?",
          "question_wordNum": 5,
          "answer": "이타순대국, CU, 양천향교역 5번 출구",
          "answer_wordNum": 5,
          "fact": [
            "갯마을회전문점,인접,이타순대국, CU, 양천향교역 5번 출구"
          ]
        }
      ]
    }
  ]
}