{
  "data": {
    "dataset": "2-083-219",
    "POI_id": "561380",
    "travelType": "음식점",
    "place": "새벽집",
    "area": "서울"
  },
  "imageInfo": [
    {
      "image_id": 0,
      "filename": "561380_0_su_5_새벽집_12_001.png",
      "mapx": 37.5657010514328,
      "mapy": 126.84764409296,
      "width": 3840,
      "height": 2160,
      "caption_info": [
        "새벽집(가양동)",
        "여닫이문, 등받이 의자"
      ]
    },
    {
      "image_id": 1,
      "filename": "561380_0_su_5_새벽집_12_002.png",
      "mapx": 37.5657010514328,
      "mapy": 126.84764409296,
      "width": 3840,
      "height": 2160,
      "caption_info": [
        "새벽집(가양동)",
        "건물"
      ]
    },
    {
      "image_id": 2,
      "filename": "561380_0_su_5_새벽집_12_003.png",
      "mapx": 37.5657010514328,
      "mapy": 126.84764409296,
      "width": 3840,
      "height": 2160,
      "caption_info": [
        "새벽집(가양동)",
        "테이블, 벤치 의자"
      ]
    },
    {
      "image_id": 3,
      "filename": "561380_0_su_5_새벽집_12_004.png",
      "mapx": 37.5657010514328,
      "mapy": 126.84764409296,
      "width": 3840,
      "height": 2160,
      "caption_info": [
        "새벽집(가양동)",
        "메뉴판"
      ]
    },
    {
      "image_id": 4,
      "filename": "561380_0_su_5_새벽집_12_005.png",
      "mapx": 37.5657010514328,
      "mapy": 126.84764409296,
      "width": 3840,
      "height": 2160,
      "caption_info": [
        "새벽집(가양동)",
        "비빔밥, 제육볶음"
      ]
    }
  ],
  "annotations": [
    {
      "image_id": 0,
      "question": [
        {
          "question_id": 0,
          "question_type": "관계",
          "question": "이 곳에 인접한 시설이 있나요?",
          "question_wordNum": 5,
          "answer": "양천향교역 4번 출구, 홈플러스, CU, 감성커피",
          "answer_wordNum": 6,
          "fact": [
            "새벽집,인접,양천향교역 4번 출구, 홈플러스, CU, 감성커피"
          ]
        },
        {
          "question_id": 1,
          "question_type": "정보",
          "question": "이 곳의 메뉴를 알 수 있나요?",
          "question_wordNum": 6,
          "answer": "해물굴짬뽕탕, 수제모두부",
          "answer_wordNum": 2,
          "fact": [
            "새벽집,메뉴,해물굴짬뽕탕, 수제모두부"
          ]
        },
        {
          "question_id": 2,
          "question_type": "정보",
          "question": "휴무일은 어떻게 되나요?",
          "question_wordNum": 3,
          "answer": "매주 일요일",
          "answer_wordNum": 2,
          "fact": [
            "새벽집,휴무일,매주 일요일"
          ]
        },
        {
          "question_id": 3,
          "question_type": "탐색",
          "question": "주차시설이 있나요?",
          "question_wordNum": 2,
          "answer": "있음",
          "answer_wordNum": 1,
          "fact": [
            "새벽집,주차시설,있음"
          ]
        }
      ]
    },
    {
      "image_id": 1,
      "question": [
        {
          "question_id": 0,
          "question_type": "정보",
          "question": "이 곳의 메뉴를 알 수 있나요?",
          "question_wordNum": 6,
          "answer": "해물굴짬뽕탕, 수제모두부",
          "answer_wordNum": 2,
          "fact": [
            "새벽집,메뉴,해물굴짬뽕탕, 수제모두부"
          ]
        },
        {
          "question_id": 1,
          "question_type": "정보",
          "question": "휴무일을 알 수 있나요?",
          "question_wordNum": 4,
          "answer": "매주 일요일",
          "answer_wordNum": 2,
          "fact": [
            "새벽집,휴무일,매주 일요일"
          ]
        },
        {
          "question_id": 2,
          "question_type": "정보",
          "question": "이 곳의 주소를 알 수 있나요?",
          "question_wordNum": 6,
          "answer": "서울 강서구 양천로 401 강서한강자이타워 A동 206호",
          "answer_wordNum": 7,
          "fact": [
            "새벽집,주소,서울 강서구 양천로 401 강서한강자이타워 A동 206호"
          ]
        },
        {
          "question_id": 3,
          "question_type": "정보",
          "question": "연락처를 알 수 있나요?",
          "question_wordNum": 4,
          "answer": "02-2638-5787",
          "answer_wordNum": 1,
          "fact": [
            "새벽집,연락처,02-2638-5787"
          ]
        }
      ]
    },
    {
      "image_id": 2,
      "question": [
        {
          "question_id": 0,
          "question_type": "정보",
          "question": "이 곳의 주소는 어떻게 되나요?",
          "question_wordNum": 5,
          "answer": "서울 강서구 양천로 401 강서한강자이타워 A동 206호",
          "answer_wordNum": 7,
          "fact": [
            "새벽집,주소,서울 강서구 양천로 401 강서한강자이타워 A동 206호"
          ]
        },
        {
          "question_id": 1,
          "question_type": "정보",
          "question": "휴무일을 알 수 있나요?",
          "question_wordNum": 4,
          "answer": "매주 일요일",
          "answer_wordNum": 2,
          "fact": [
            "새벽집,휴무일,매주 일요일"
          ]
        },
        {
          "question_id": 2,
          "question_type": "관계",
          "question": "이 곳에 인접한 시설을 알 수 있나요?",
          "question_wordNum": 7,
          "answer": "양천향교역 4번 출구, 홈플러스, CU, 감성커피",
          "answer_wordNum": 6,
          "fact": [
            "새벽집,인접,양천향교역 4번 출구, 홈플러스, CU, 감성커피"
          ]
        },
        {
          "question_id": 3,
          "question_type": "정보",
          "question": "연락처를 알 수 있나요?",
          "question_wordNum": 4,
          "answer": "02-2638-5787",
          "answer_wordNum": 1,
          "fact": [
            "새벽집,연락처,02-2638-5787"
          ]
        }
      ]
    },
    {
      "image_id": 3,
      "question": [
        {
          "question_id": 0,
          "question_type": "정보",
          "question": "이 곳의 주소는 어떻게 되나요?",
          "question_wordNum": 5,
          "answer": "서울 강서구 양천로 401 강서한강자이타워 A동 206호",
          "answer_wordNum": 7,
          "fact": [
            "새벽집,주소,서울 강서구 양천로 401 강서한강자이타워 A동 206호"
          ]
        },
        {
          "question_id": 1,
          "question_type": "탐색",
          "question": "주차시설이 있나요?",
          "question_wordNum": 2,
          "answer": "있음",
          "answer_wordNum": 1,
          "fact": [
            "새벽집,주차시설,있음"
          ]
        },
        {
          "question_id": 2,
          "question_type": "정보",
          "question": "이 곳의 메뉴를 알 수 있나요?",
          "question_wordNum": 6,
          "answer": "해물굴짬뽕탕, 수제모두부",
          "answer_wordNum": 2,
          "fact": [
            "새벽집,메뉴,해물굴짬뽕탕, 수제모두부"
          ]
        },
        {
          "question_id": 3,
          "question_type": "정보",
          "question": "연락처를 알 수 있나요?",
          "question_wordNum": 4,
          "answer": "02-2638-5787",
          "answer_wordNum": 1,
          "fact": [
            "새벽집,연락처,02-2638-5787"
          ]
        }
      ]
    },
    {
      "image_id": 4,
      "question": [
        {
          "question_id": 0,
          "question_type": "탐색",
          "question": "주차시설이 있는지 알 수 있나요?",
          "question_wordNum": 5,
          "answer": "있음",
          "answer_wordNum": 1,
          "fact": [
            "새벽집,주차시설,있음"
          ]
        },
        {
          "question_id": 1,
          "question_type": "정보",
          "question": "영업시간은 어떻게 되나요?",
          "question_wordNum": 3,
          "answer": "10:30~21:00",
          "answer_wordNum": 1,
          "fact": [
            "새벽집,영업시간,10:30~21:00"
          ]
        },
        {
          "question_id": 2,
          "question_type": "정보",
          "question": "이 곳의 메뉴를 알 수 있나요?",
          "question_wordNum": 6,
          "answer": "해물굴짬뽕탕, 수제모두부",
          "answer_wordNum": 2,
          "fact": [
            "새벽집,메뉴,해물굴짬뽕탕, 수제모두부"
          ]
        },
        {
          "question_id": 3,
          "question_type": "정보",
          "question": "휴무일을 알 수 있나요?",
          "question_wordNum": 4,
          "answer": "매주 일요일",
          "answer_wordNum": 2,
          "fact": [
            "새벽집,휴무일,매주 일요일"
          ]
        }
      ]
    }
  ]
}