{
  "data": {
    "dataset": "2-083-219",
    "POI_id": "561618",
    "travelType": "음식점",
    "place": "청춘을돌리돈 ",
    "area": "서울"
  },
  "imageInfo": [
    {
      "image_id": 0,
      "filename": "561618_0_su_5_청춘을돌리돈 _1_001.png",
      "mapx": 37.5601717056669,
      "mapy": 126.837293234957,
      "width": 3840,
      "height": 2160,
      "caption_info": [
        "청춘을돌리돈(강서구) ",
        "간판"
      ]
    },
    {
      "image_id": 1,
      "filename": "561618_0_su_5_청춘을돌리돈 _1_002.png",
      "mapx": 37.5601717056669,
      "mapy": 126.837293234957,
      "width": 3840,
      "height": 2160,
      "caption_info": [
        "청춘을돌리돈(강서구) ",
        "간판"
      ]
    },
    {
      "image_id": 2,
      "filename": "561618_0_su_5_청춘을돌리돈 _1_003.png",
      "mapx": 37.5601717056669,
      "mapy": 126.837293234957,
      "width": 3840,
      "height": 2160,
      "caption_info": [
        "청춘을돌리돈(강서구) ",
        "전등 "
      ]
    },
    {
      "image_id": 3,
      "filename": "561618_0_su_5_청춘을돌리돈 _1_004.png",
      "mapx": 37.5601717056669,
      "mapy": 126.837293234957,
      "width": 3840,
      "height": 2160,
      "caption_info": [
        "청춘을돌리돈(강서구) ",
        "메뉴판 "
      ]
    },
    {
      "image_id": 4,
      "filename": "561618_0_su_5_청춘을돌리돈 _1_005.png",
      "mapx": 37.5601717056669,
      "mapy": 126.837293234957,
      "width": 3840,
      "height": 2160,
      "caption_info": [
        "청춘을돌리돈(강서구) ",
        "고기"
      ]
    }
  ],
  "annotations": [
    {
      "image_id": 0,
      "question": [
        {
          "question_id": 0,
          "question_type": "정보",
          "question": "이 곳의 메뉴를 알 수 있나요?",
          "question_wordNum": 6,
          "answer": "키조개 관자, 냉삼삼합",
          "answer_wordNum": 3,
          "fact": [
            "청춘을돌리돈,메뉴,키조개 관자, 냉삼삼합"
          ]
        },
        {
          "question_id": 1,
          "question_type": "탐색",
          "question": "주차시설이 있나요?",
          "question_wordNum": 2,
          "answer": "있음",
          "answer_wordNum": 1,
          "fact": [
            "청춘을돌리돈,주차시설,있음"
          ]
        },
        {
          "question_id": 2,
          "question_type": "정보",
          "question": "휴무일은 어떻게 되나요?",
          "question_wordNum": 3,
          "answer": "없음",
          "answer_wordNum": 1,
          "fact": [
            "청춘을돌리돈,휴무일,없음"
          ]
        },
        {
          "question_id": 3,
          "question_type": "관계",
          "question": "이 곳에 인접한 시설을 알 수 있나요?",
          "question_wordNum": 7,
          "answer": "발산역 2번 출구, 이마트24, 시크릿바",
          "answer_wordNum": 5,
          "fact": [
            "청춘을돌리돈,인접,발산역 2번 출구, 이마트24, 시크릿바"
          ]
        }
      ]
    },
    {
      "image_id": 1,
      "question": [
        {
          "question_id": 0,
          "question_type": "정보",
          "question": "이 곳의 메뉴를 알 수 있나요?",
          "question_wordNum": 6,
          "answer": "키조개 관자, 냉삼삼합",
          "answer_wordNum": 3,
          "fact": [
            "청춘을돌리돈,메뉴,키조개 관자, 냉삼삼합"
          ]
        },
        {
          "question_id": 1,
          "question_type": "관계",
          "question": "이 곳에 인접한 시설을 알 수 있나요?",
          "question_wordNum": 7,
          "answer": "발산역 2번 출구, 이마트24, 시크릿바",
          "answer_wordNum": 5,
          "fact": [
            "청춘을돌리돈,인접,발산역 2번 출구, 이마트24, 시크릿바"
          ]
        },
        {
          "question_id": 2,
          "question_type": "정보",
          "question": "이 곳의 주소는 어떻게 되나요?",
          "question_wordNum": 5,
          "answer": "서울 강서구 마곡중앙6로 89",
          "answer_wordNum": 4,
          "fact": [
            "청춘을돌리돈,주소,서울 강서구 마곡중앙6로 89"
          ]
        },
        {
          "question_id": 3,
          "question_type": "정보",
          "question": "연락처를 알 수 있나요?",
          "question_wordNum": 4,
          "answer": "0507-1371-5737",
          "answer_wordNum": 1,
          "fact": [
            "청춘을돌리돈,연락처,0507-1371-5737"
          ]
        }
      ]
    },
    {
      "image_id": 2,
      "question": [
        {
          "question_id": 0,
          "question_type": "정보",
          "question": "연락처가 어떻게 되나요?",
          "question_wordNum": 3,
          "answer": "0507-1371-5737",
          "answer_wordNum": 1,
          "fact": [
            "청춘을돌리돈,연락처,0507-1371-5737"
          ]
        },
        {
          "question_id": 1,
          "question_type": "관계",
          "question": "이 곳에 인접한 시설이 있나요?",
          "question_wordNum": 5,
          "answer": "발산역 2번 출구, 이마트24, 시크릿바",
          "answer_wordNum": 5,
          "fact": [
            "청춘을돌리돈,인접,발산역 2번 출구, 이마트24, 시크릿바"
          ]
        },
        {
          "question_id": 2,
          "question_type": "탐색",
          "question": "주차시설이 있는지 알 수 있나요?",
          "question_wordNum": 5,
          "answer": "있음",
          "answer_wordNum": 1,
          "fact": [
            "청춘을돌리돈,주차시설,있음"
          ]
        },
        {
          "question_id": 3,
          "question_type": "정보",
          "question": "대표 메뉴가 무엇인가요?",
          "question_wordNum": 3,
          "answer": "키조개 관자, 냉삼삼합",
          "answer_wordNum": 3,
          "fact": [
            "청춘을돌리돈,메뉴,키조개 관자, 냉삼삼합"
          ]
        }
      ]
    },
    {
      "image_id": 3,
      "question": [
        {
          "question_id": 0,
          "question_type": "정보",
          "question": "이 곳의 주소는 어떻게 되나요?",
          "question_wordNum": 5,
          "answer": "서울 강서구 마곡중앙6로 89",
          "answer_wordNum": 4,
          "fact": [
            "청춘을돌리돈,주소,서울 강서구 마곡중앙6로 89"
          ]
        },
        {
          "question_id": 1,
          "question_type": "관계",
          "question": "이 곳에 인접한 시설을 알 수 있나요?",
          "question_wordNum": 7,
          "answer": "발산역 2번 출구, 이마트24, 시크릿바",
          "answer_wordNum": 5,
          "fact": [
            "청춘을돌리돈,인접,발산역 2번 출구, 이마트24, 시크릿바"
          ]
        },
        {
          "question_id": 2,
          "question_type": "정보",
          "question": "대표 메뉴가 무엇인가요?",
          "question_wordNum": 3,
          "answer": "키조개 관자, 냉삼삼합",
          "answer_wordNum": 3,
          "fact": [
            "청춘을돌리돈,메뉴,키조개 관자, 냉삼삼합"
          ]
        },
        {
          "question_id": 3,
          "question_type": "정보",
          "question": "영업시간은 어떻게 되나요?",
          "question_wordNum": 3,
          "answer": "16:00 -  02:00",
          "answer_wordNum": 4,
          "fact": [
            "청춘을돌리돈,영업시간,16:00 -  02:00"
          ]
        }
      ]
    },
    {
      "image_id": 4,
      "question": [
        {
          "question_id": 0,
          "question_type": "정보",
          "question": "이 곳의 주소를 알 수 있나요?",
          "question_wordNum": 6,
          "answer": "서울 강서구 마곡중앙6로 89",
          "answer_wordNum": 4,
          "fact": [
            "청춘을돌리돈,주소,서울 강서구 마곡중앙6로 89"
          ]
        },
        {
          "question_id": 1,
          "question_type": "정보",
          "question": "영업시간을 알 수 있나요?",
          "question_wordNum": 4,
          "answer": "16:00 -  02:00",
          "answer_wordNum": 4,
          "fact": [
            "청춘을돌리돈,영업시간,16:00 -  02:00"
          ]
        },
        {
          "question_id": 2,
          "question_type": "정보",
          "question": "대표 메뉴가 무엇인가요?",
          "question_wordNum": 3,
          "answer": "키조개 관자, 냉삼삼합",
          "answer_wordNum": 3,
          "fact": [
            "청춘을돌리돈,메뉴,키조개 관자, 냉삼삼합"
          ]
        },
        {
          "question_id": 3,
          "question_type": "탐색",
          "question": "주차시설이 있는지 알 수 있나요?",
          "question_wordNum": 5,
          "answer": "있음",
          "answer_wordNum": 1,
          "fact": [
            "청춘을돌리돈,주차시설,있음"
          ]
        }
      ]
    }
  ]
}