{
  "data": {
    "dataset": "2-083-219",
    "POI_id": "561487",
    "travelType": "음식점",
    "place": "육부자 ",
    "area": "서울"
  },
  "imageInfo": [
    {
      "image_id": 0,
      "filename": "561487_0_su_5_육부자 _1_001.png",
      "mapx": 37.5676859104888,
      "mapy": 126.82597944995,
      "width": 3840,
      "height": 2160,
      "caption_info": [
        "육부자(강서구) ",
        "간판"
      ]
    },
    {
      "image_id": 1,
      "filename": "561487_0_su_5_육부자 _1_002.png",
      "mapx": 37.5676859104888,
      "mapy": 126.82597944995,
      "width": 3840,
      "height": 2160,
      "caption_info": [
        "육부자(강서구)",
        "간판"
      ]
    },
    {
      "image_id": 2,
      "filename": "561487_0_su_5_육부자 _1_003.png",
      "mapx": 37.5676859104888,
      "mapy": 126.82597944995,
      "width": 3840,
      "height": 2160,
      "caption_info": [
        "육부자(강서구) ",
        "사각 테이블"
      ]
    },
    {
      "image_id": 3,
      "filename": "561487_0_su_5_육부자 _1_004.png",
      "mapx": 37.5676859104888,
      "mapy": 126.82597944995,
      "width": 3840,
      "height": 2160,
      "caption_info": [
        "육부자(강서구) ",
        "메뉴판 "
      ]
    },
    {
      "image_id": 4,
      "filename": "561487_0_su_5_육부자 _1_005.png",
      "mapx": 37.5676859104888,
      "mapy": 126.82597944995,
      "width": 3840,
      "height": 2160,
      "caption_info": [
        "육부자(강서구) ",
        "치즈 "
      ]
    }
  ],
  "annotations": [
    {
      "image_id": 0,
      "question": [
        {
          "question_id": 0,
          "question_type": "정보",
          "question": "영업시간을 알 수 있나요?",
          "question_wordNum": 4,
          "answer": "11:00 - 24:00",
          "answer_wordNum": 3,
          "fact": [
            "육부자,영업시간,11:00 - 24:00"
          ]
        },
        {
          "question_id": 1,
          "question_type": "관계",
          "question": "이 곳에 인접한 시설이 있나요?",
          "question_wordNum": 5,
          "answer": "마곡나루역 1번 출구, 에머이, 케린시아",
          "answer_wordNum": 5,
          "fact": [
            "육부자,인접,마곡나루역 1번 출구, 에머이, 케린시아"
          ]
        },
        {
          "question_id": 2,
          "question_type": "정보",
          "question": "이 곳의 주소는 어떻게 되나요?",
          "question_wordNum": 5,
          "answer": "서울 강서구 마곡서로 152",
          "answer_wordNum": 4,
          "fact": [
            "육부자,주소,서울 강서구 마곡서로 152"
          ]
        },
        {
          "question_id": 3,
          "question_type": "탐색",
          "question": "주차시설이 있는지 알 수 있나요?",
          "question_wordNum": 5,
          "answer": "있음",
          "answer_wordNum": 1,
          "fact": [
            "육부자,주차시설,있음"
          ]
        }
      ]
    },
    {
      "image_id": 1,
      "question": [
        {
          "question_id": 0,
          "question_type": "정보",
          "question": "대표 메뉴가 무엇인가요?",
          "question_wordNum": 3,
          "answer": "생삼겹살, 갈비살",
          "answer_wordNum": 2,
          "fact": [
            "육부자,메뉴,생삼겹살, 갈비살"
          ]
        },
        {
          "question_id": 1,
          "question_type": "관계",
          "question": "이 곳에 인접한 시설을 알 수 있나요?",
          "question_wordNum": 7,
          "answer": "마곡나루역 1번 출구, 에머이, 케린시아",
          "answer_wordNum": 5,
          "fact": [
            "육부자,인접,마곡나루역 1번 출구, 에머이, 케린시아"
          ]
        },
        {
          "question_id": 2,
          "question_type": "정보",
          "question": "연락처를 알 수 있나요?",
          "question_wordNum": 4,
          "answer": "02-6989-9696",
          "answer_wordNum": 1,
          "fact": [
            "육부자,연락처,02-6989-9696"
          ]
        },
        {
          "question_id": 3,
          "question_type": "정보",
          "question": "영업시간을 알 수 있나요?",
          "question_wordNum": 4,
          "answer": "11:00 - 24:00",
          "answer_wordNum": 3,
          "fact": [
            "육부자,영업시간,11:00 - 24:00"
          ]
        }
      ]
    },
    {
      "image_id": 2,
      "question": [
        {
          "question_id": 0,
          "question_type": "정보",
          "question": "영업시간을 알 수 있나요?",
          "question_wordNum": 4,
          "answer": "11:00 - 24:00",
          "answer_wordNum": 3,
          "fact": [
            "육부자,영업시간,11:00 - 24:00"
          ]
        },
        {
          "question_id": 1,
          "question_type": "탐색",
          "question": "주차시설이 있나요?",
          "question_wordNum": 2,
          "answer": "있음",
          "answer_wordNum": 1,
          "fact": [
            "육부자,주차시설,있음"
          ]
        },
        {
          "question_id": 2,
          "question_type": "정보",
          "question": "이 곳의 주소를 알 수 있나요?",
          "question_wordNum": 6,
          "answer": "서울 강서구 마곡서로 152",
          "answer_wordNum": 4,
          "fact": [
            "육부자,주소,서울 강서구 마곡서로 152"
          ]
        },
        {
          "question_id": 3,
          "question_type": "관계",
          "question": "이 곳에 인접한 시설을 알 수 있나요?",
          "question_wordNum": 7,
          "answer": "마곡나루역 1번 출구, 에머이, 케린시아",
          "answer_wordNum": 5,
          "fact": [
            "육부자,인접,마곡나루역 1번 출구, 에머이, 케린시아"
          ]
        }
      ]
    },
    {
      "image_id": 3,
      "question": [
        {
          "question_id": 0,
          "question_type": "정보",
          "question": "연락처가 어떻게 되나요?",
          "question_wordNum": 3,
          "answer": "02-6989-9696",
          "answer_wordNum": 1,
          "fact": [
            "육부자,연락처,02-6989-9696"
          ]
        },
        {
          "question_id": 1,
          "question_type": "탐색",
          "question": "주차시설이 있는지 알 수 있나요?",
          "question_wordNum": 5,
          "answer": "있음",
          "answer_wordNum": 1,
          "fact": [
            "육부자,주차시설,있음"
          ]
        },
        {
          "question_id": 2,
          "question_type": "정보",
          "question": "영업시간은 어떻게 되나요?",
          "question_wordNum": 3,
          "answer": "11:00 - 24:00",
          "answer_wordNum": 3,
          "fact": [
            "육부자,영업시간,11:00 - 24:00"
          ]
        },
        {
          "question_id": 3,
          "question_type": "정보",
          "question": "휴무일을 알 수 있나요?",
          "question_wordNum": 4,
          "answer": "없음",
          "answer_wordNum": 1,
          "fact": [
            "육부자,휴무일,없음"
          ]
        }
      ]
    },
    {
      "image_id": 4,
      "question": [
        {
          "question_id": 0,
          "question_type": "탐색",
          "question": "주차시설이 있는지 알 수 있나요?",
          "question_wordNum": 5,
          "answer": "있음",
          "answer_wordNum": 1,
          "fact": [
            "육부자,주차시설,있음"
          ]
        },
        {
          "question_id": 1,
          "question_type": "정보",
          "question": "영업시간은 어떻게 되나요?",
          "question_wordNum": 3,
          "answer": "11:00 - 24:00",
          "answer_wordNum": 3,
          "fact": [
            "육부자,영업시간,11:00 - 24:00"
          ]
        },
        {
          "question_id": 2,
          "question_type": "정보",
          "question": "이 곳의 주소를 알 수 있나요?",
          "question_wordNum": 6,
          "answer": "서울 강서구 마곡서로 152",
          "answer_wordNum": 4,
          "fact": [
            "육부자,주소,서울 강서구 마곡서로 152"
          ]
        },
        {
          "question_id": 3,
          "question_type": "정보",
          "question": "휴무일을 알 수 있나요?",
          "question_wordNum": 4,
          "answer": "없음",
          "answer_wordNum": 1,
          "fact": [
            "육부자,휴무일,없음"
          ]
        }
      ]
    }
  ]
}