{
  "data": {
    "dataset": "2-083-219",
    "POI_id": "561580",
    "travelType": "음식점",
    "place": "올라라 ",
    "area": "서울"
  },
  "imageInfo": [
    {
      "image_id": 0,
      "filename": "561580_0_su_5_올라라 _1_001.png",
      "mapx": 37.5581624385834,
      "mapy": 126.828538356954,
      "width": 3840,
      "height": 2160,
      "caption_info": [
        "올라라(마곡동)",
        "여닫이문"
      ]
    },
    {
      "image_id": 1,
      "filename": "561580_0_su_5_올라라 _1_002.png",
      "mapx": 37.5581624385834,
      "mapy": 126.828538356954,
      "width": 3840,
      "height": 2160,
      "caption_info": [
        "올라라(마곡동)",
        "간판"
      ]
    },
    {
      "image_id": 2,
      "filename": "561580_0_su_5_올라라 _1_003.png",
      "mapx": 37.5581624385834,
      "mapy": 126.828538356954,
      "width": 3840,
      "height": 2160,
      "caption_info": [
        "올라라(마곡동)",
        "테이블, 등받이의자, 여닫이문"
      ]
    },
    {
      "image_id": 3,
      "filename": "561580_0_su_5_올라라 _1_004.png",
      "mapx": 37.5581624385834,
      "mapy": 126.828538356954,
      "width": 3840,
      "height": 2160,
      "caption_info": [
        "올라라(마곡동)",
        "메뉴판"
      ]
    },
    {
      "image_id": 4,
      "filename": "561580_0_su_5_올라라 _1_005.png",
      "mapx": 37.5581624385834,
      "mapy": 126.828538356954,
      "width": 3840,
      "height": 2160,
      "caption_info": [
        "올라라(마곡동)",
        "빵, 집게"
      ]
    }
  ],
  "annotations": [
    {
      "image_id": 0,
      "question": [
        {
          "question_id": 0,
          "question_type": "탐색",
          "question": "주차시설이 있나요?",
          "question_wordNum": 2,
          "answer": "있음",
          "answer_wordNum": 1,
          "fact": [
            "올라라,주차시설,있음"
          ]
        },
        {
          "question_id": 1,
          "question_type": "정보",
          "question": "이 곳의 주요 메뉴는 무엇이 있나요?",
          "question_wordNum": 6,
          "answer": "무화과데니쉬, 사과파이",
          "answer_wordNum": 2,
          "fact": [
            "올라라,메뉴,무화과데니쉬, 사과파이"
          ]
        },
        {
          "question_id": 2,
          "question_type": "정보",
          "question": "영업시간은 어떻게 되나요?",
          "question_wordNum": 3,
          "answer": "09:00~20:00",
          "answer_wordNum": 1,
          "fact": [
            "올라라,영업시간,09:00~20:00"
          ]
        },
        {
          "question_id": 3,
          "question_type": "정보",
          "question": "휴무일은 어떻게 되나요?",
          "question_wordNum": 3,
          "answer": "매주 일요일",
          "answer_wordNum": 2,
          "fact": [
            "올라라,휴무일,매주 일요일"
          ]
        }
      ]
    },
    {
      "image_id": 1,
      "question": [
        {
          "question_id": 0,
          "question_type": "정보",
          "question": "영업시간은 몇시부터 몇시까지로 기재되어 있나요?",
          "question_wordNum": 5,
          "answer": "09:00~20:00",
          "answer_wordNum": 1,
          "fact": [
            "올라라,영업시간,09:00~20:00"
          ]
        },
        {
          "question_id": 1,
          "question_type": "정보",
          "question": "휴무일은 어떻게 되나요?",
          "question_wordNum": 3,
          "answer": "매주 일요일",
          "answer_wordNum": 2,
          "fact": [
            "올라라,휴무일,매주 일요일"
          ]
        },
        {
          "question_id": 2,
          "question_type": "정보",
          "question": "이 곳의 주소는 어떻게 되나요?",
          "question_wordNum": 5,
          "answer": "서울 강서구 마곡중앙2로 15 104호",
          "answer_wordNum": 5,
          "fact": [
            "올라라,주소,서울 강서구 마곡중앙2로 15 104호"
          ]
        },
        {
          "question_id": 3,
          "question_type": "정보",
          "question": "연락처가 어떻게 되나요?",
          "question_wordNum": 3,
          "answer": "070-8865-5888",
          "answer_wordNum": 1,
          "fact": [
            "올라라,연락처,070-8865-5888"
          ]
        }
      ]
    },
    {
      "image_id": 2,
      "question": [
        {
          "question_id": 0,
          "question_type": "정보",
          "question": "휴무일은 어떻게 되나요?",
          "question_wordNum": 3,
          "answer": "매주 일요일",
          "answer_wordNum": 2,
          "fact": [
            "올라라,휴무일,매주 일요일"
          ]
        },
        {
          "question_id": 1,
          "question_type": "관계",
          "question": "이 곳에 인접한 시설이 있나요?",
          "question_wordNum": 5,
          "answer": "마곡역 5번 출구, 이마트24, 류길상피자",
          "answer_wordNum": 5,
          "fact": [
            "올라라,인접,마곡역 5번 출구, 이마트24, 류길상피자"
          ]
        },
        {
          "question_id": 2,
          "question_type": "정보",
          "question": "이 곳의 주소는 어떻게 되나요?",
          "question_wordNum": 5,
          "answer": "서울 강서구 마곡중앙2로 15 104호",
          "answer_wordNum": 5,
          "fact": [
            "올라라,주소,서울 강서구 마곡중앙2로 15 104호"
          ]
        },
        {
          "question_id": 3,
          "question_type": "정보",
          "question": "이 곳의 대표적인 메뉴는 무엇이 있나요?",
          "question_wordNum": 6,
          "answer": "무화과데니쉬, 사과파이",
          "answer_wordNum": 2,
          "fact": [
            "올라라,메뉴,무화과데니쉬, 사과파이"
          ]
        }
      ]
    },
    {
      "image_id": 3,
      "question": [
        {
          "question_id": 0,
          "question_type": "정보",
          "question": "이 곳의 대표적인 메뉴는 무엇이 있나요?",
          "question_wordNum": 6,
          "answer": "무화과데니쉬, 사과파이",
          "answer_wordNum": 2,
          "fact": [
            "올라라,메뉴,무화과데니쉬, 사과파이"
          ]
        },
        {
          "question_id": 1,
          "question_type": "탐색",
          "question": "주차시설이 있나요?",
          "question_wordNum": 2,
          "answer": "있음",
          "answer_wordNum": 1,
          "fact": [
            "올라라,주차시설,있음"
          ]
        },
        {
          "question_id": 2,
          "question_type": "정보",
          "question": "이 곳의 주소는 어떻게 되나요?",
          "question_wordNum": 5,
          "answer": "서울 강서구 마곡중앙2로 15 104호",
          "answer_wordNum": 5,
          "fact": [
            "올라라,주소,서울 강서구 마곡중앙2로 15 104호"
          ]
        },
        {
          "question_id": 3,
          "question_type": "정보",
          "question": "이곳은 어떤 재료를 이용하나요?",
          "question_wordNum": 4,
          "answer": "무항생제 계란, AOP 발효버터",
          "answer_wordNum": 4,
          "fact": [
            "올라라,이용,무항생제 계란, AOP 발효버터"
          ]
        }
      ]
    },
    {
      "image_id": 4,
      "question": [
        {
          "question_id": 0,
          "question_type": "정보",
          "question": "이 곳의 주요 메뉴는 무엇이 있나요?",
          "question_wordNum": 6,
          "answer": "무화과데니쉬, 사과파이",
          "answer_wordNum": 2,
          "fact": [
            "올라라,메뉴,무화과데니쉬, 사과파이"
          ]
        },
        {
          "question_id": 1,
          "question_type": "정보",
          "question": "연락처가 어떻게 되나요?",
          "question_wordNum": 3,
          "answer": "070-8865-5888",
          "answer_wordNum": 1,
          "fact": [
            "올라라,연락처,070-8865-5888"
          ]
        },
        {
          "question_id": 2,
          "question_type": "탐색",
          "question": "주차시설이 있나요?",
          "question_wordNum": 2,
          "answer": "있음",
          "answer_wordNum": 1,
          "fact": [
            "올라라,주차시설,있음"
          ]
        },
        {
          "question_id": 3,
          "question_type": "정보",
          "question": "영업시간은 어떻게 되나요?",
          "question_wordNum": 3,
          "answer": "09:00~20:00",
          "answer_wordNum": 1,
          "fact": [
            "올라라,영업시간,09:00~20:00"
          ]
        }
      ]
    }
  ]
}