{
  "data": {
    "dataset": "2-083-219",
    "POI_id": "561526",
    "travelType": "음식점",
    "place": "동야식당 ",
    "area": "서울"
  },
  "imageInfo": [
    {
      "image_id": 0,
      "filename": "561526_0_su_5_동야식당 _1_001.png",
      "mapx": 37.5686664592954,
      "mapy": 126.826712019131,
      "width": 3840,
      "height": 2160,
      "caption_info": [
        "동야식당(강서구) ",
        "입간판 "
      ]
    },
    {
      "image_id": 1,
      "filename": "561526_0_su_5_동야식당 _1_002.png",
      "mapx": 37.5686664592954,
      "mapy": 126.826712019131,
      "width": 3840,
      "height": 2160,
      "caption_info": [
        "동야식당(강서구) ",
        "간판"
      ]
    },
    {
      "image_id": 2,
      "filename": "561526_0_su_5_동야식당 _1_003.png",
      "mapx": 37.5686664592954,
      "mapy": 126.826712019131,
      "width": 3840,
      "height": 2160,
      "caption_info": [
        "동야식당(강서구) ",
        "전등 "
      ]
    },
    {
      "image_id": 3,
      "filename": "561526_0_su_5_동야식당 _1_004.png",
      "mapx": 37.5686664592954,
      "mapy": 126.826712019131,
      "width": 3840,
      "height": 2160,
      "caption_info": [
        "동야식당(강서구) ",
        "메뉴판 "
      ]
    },
    {
      "image_id": 4,
      "filename": "561526_0_su_5_동야식당 _1_005.png",
      "mapx": 37.5686664592954,
      "mapy": 126.826712019131,
      "width": 3840,
      "height": 2160,
      "caption_info": [
        "동야식당(강서구) ",
        "접시 "
      ]
    }
  ],
  "annotations": [
    {
      "image_id": 0,
      "question": [
        {
          "question_id": 0,
          "question_type": "정보",
          "question": "이 곳의 메뉴를 알 수 있나요?",
          "question_wordNum": 6,
          "answer": "와사비비빔국수, 동양짬뽕",
          "answer_wordNum": 2,
          "fact": [
            "동야식당,메뉴,와사비비빔국수, 동양짬뽕"
          ]
        },
        {
          "question_id": 1,
          "question_type": "정보",
          "question": "연락처가 어떻게 되나요?",
          "question_wordNum": 3,
          "answer": "02-2093-6633",
          "answer_wordNum": 1,
          "fact": [
            "동야식당,연락처,02-2093-6633"
          ]
        },
        {
          "question_id": 2,
          "question_type": "정보",
          "question": "이 곳의 주소는 어떻게 되나요?",
          "question_wordNum": 5,
          "answer": "서울 강서구 마곡중앙5로1길 20",
          "answer_wordNum": 4,
          "fact": [
            "동야식당,주소,서울 강서구 마곡중앙5로1길 20"
          ]
        },
        {
          "question_id": 3,
          "question_type": "정보",
          "question": "영업시간은 어떻게 되나요?",
          "question_wordNum": 3,
          "answer": "11:00~21:00",
          "answer_wordNum": 1,
          "fact": [
            "동야식당,영업시간,11:00~21:00"
          ]
        }
      ]
    },
    {
      "image_id": 1,
      "question": [
        {
          "question_id": 0,
          "question_type": "정보",
          "question": "연락처를 알 수 있나요?",
          "question_wordNum": 4,
          "answer": "02-2093-6633",
          "answer_wordNum": 1,
          "fact": [
            "동야식당,연락처,02-2093-6633"
          ]
        },
        {
          "question_id": 1,
          "question_type": "관계",
          "question": "이 곳에 인접한 시설이 있나요?",
          "question_wordNum": 5,
          "answer": "마곡나루역 1번 출구, 카츠, GS25",
          "answer_wordNum": 5,
          "fact": [
            "동야식당,인접,마곡나루역 1번 출구, 카츠, GS25"
          ]
        },
        {
          "question_id": 2,
          "question_type": "정보",
          "question": "영업시간은 어떻게 되나요?",
          "question_wordNum": 3,
          "answer": "11:00~21:00",
          "answer_wordNum": 1,
          "fact": [
            "동야식당,영업시간,11:00~21:00"
          ]
        },
        {
          "question_id": 3,
          "question_type": "정보",
          "question": "대표 메뉴가 무엇인가요?",
          "question_wordNum": 3,
          "answer": "와사비비빔국수, 동양짬뽕",
          "answer_wordNum": 2,
          "fact": [
            "동야식당,메뉴,와사비비빔국수, 동양짬뽕"
          ]
        }
      ]
    },
    {
      "image_id": 2,
      "question": [
        {
          "question_id": 0,
          "question_type": "정보",
          "question": "이 곳의 주소를 알 수 있나요?",
          "question_wordNum": 6,
          "answer": "서울 강서구 마곡중앙5로1길 20",
          "answer_wordNum": 4,
          "fact": [
            "동야식당,주소,서울 강서구 마곡중앙5로1길 20"
          ]
        },
        {
          "question_id": 1,
          "question_type": "정보",
          "question": "영업시간은 어떻게 되나요?",
          "question_wordNum": 3,
          "answer": "11:00~21:00",
          "answer_wordNum": 1,
          "fact": [
            "동야식당,영업시간,11:00~21:00"
          ]
        },
        {
          "question_id": 2,
          "question_type": "정보",
          "question": "연락처가 어떻게 되나요?",
          "question_wordNum": 3,
          "answer": "02-2093-6633",
          "answer_wordNum": 1,
          "fact": [
            "동야식당,연락처,02-2093-6633"
          ]
        },
        {
          "question_id": 3,
          "question_type": "관계",
          "question": "이 곳에 인접한 시설이 있나요?",
          "question_wordNum": 5,
          "answer": "마곡나루역 1번 출구, 카츠, GS25",
          "answer_wordNum": 5,
          "fact": [
            "동야식당,인접,마곡나루역 1번 출구, 카츠, GS25"
          ]
        }
      ]
    },
    {
      "image_id": 3,
      "question": [
        {
          "question_id": 0,
          "question_type": "정보",
          "question": "이 곳의 주소를 알 수 있나요?",
          "question_wordNum": 6,
          "answer": "서울 강서구 마곡중앙5로1길 20",
          "answer_wordNum": 4,
          "fact": [
            "동야식당,주소,서울 강서구 마곡중앙5로1길 20"
          ]
        },
        {
          "question_id": 1,
          "question_type": "탐색",
          "question": "주차시설이 있나요?",
          "question_wordNum": 2,
          "answer": "있음",
          "answer_wordNum": 1,
          "fact": [
            "동야식당,주차시설,있음"
          ]
        },
        {
          "question_id": 2,
          "question_type": "정보",
          "question": "영업시간은 어떻게 되나요?",
          "question_wordNum": 3,
          "answer": "11:00~21:00",
          "answer_wordNum": 1,
          "fact": [
            "동야식당,영업시간,11:00~21:00"
          ]
        },
        {
          "question_id": 3,
          "question_type": "관계",
          "question": "이 곳에 인접한 시설이 있나요?",
          "question_wordNum": 5,
          "answer": "마곡나루역 1번 출구, 카츠, GS25",
          "answer_wordNum": 5,
          "fact": [
            "동야식당,인접,마곡나루역 1번 출구, 카츠, GS25"
          ]
        }
      ]
    },
    {
      "image_id": 4,
      "question": [
        {
          "question_id": 0,
          "question_type": "정보",
          "question": "이 곳의 주소를 알 수 있나요?",
          "question_wordNum": 6,
          "answer": "서울 강서구 마곡중앙5로1길 20",
          "answer_wordNum": 4,
          "fact": [
            "동야식당,주소,서울 강서구 마곡중앙5로1길 20"
          ]
        },
        {
          "question_id": 1,
          "question_type": "탐색",
          "question": "주차시설이 있나요?",
          "question_wordNum": 2,
          "answer": "있음",
          "answer_wordNum": 1,
          "fact": [
            "동야식당,주차시설,있음"
          ]
        },
        {
          "question_id": 2,
          "question_type": "관계",
          "question": "이 곳에 인접한 시설이 있나요?",
          "question_wordNum": 5,
          "answer": "마곡나루역 1번 출구, 카츠, GS25",
          "answer_wordNum": 5,
          "fact": [
            "동야식당,인접,마곡나루역 1번 출구, 카츠, GS25"
          ]
        },
        {
          "question_id": 3,
          "question_type": "정보",
          "question": "연락처가 어떻게 되나요?",
          "question_wordNum": 3,
          "answer": "02-2093-6633",
          "answer_wordNum": 1,
          "fact": [
            "동야식당,연락처,02-2093-6633"
          ]
        }
      ]
    }
  ]
}