{
  "data": {
    "dataset": "2-083-219",
    "POI_id": "561670",
    "travelType": "음식점",
    "place": "맹순이꽃게아구찜 ",
    "area": "서울"
  },
  "imageInfo": [
    {
      "image_id": 0,
      "filename": "561670_0_su_5_맹순이꽃게아구찜 _1_001.png",
      "mapx": 37.5581117670688,
      "mapy": 126.837758006168,
      "width": 3840,
      "height": 2160,
      "caption_info": [
        "맹순이꽃게아구찜(내발산동)",
        "간판, 여닫이문"
      ]
    },
    {
      "image_id": 1,
      "filename": "561670_0_su_5_맹순이꽃게아구찜 _1_002.png",
      "mapx": 37.5581117670688,
      "mapy": 126.837758006168,
      "width": 3840,
      "height": 2160,
      "caption_info": [
        "맹순이꽃게아구찜(내발산동)",
        "간판, 건물"
      ]
    },
    {
      "image_id": 2,
      "filename": "561670_0_su_5_맹순이꽃게아구찜 _1_003.png",
      "mapx": 37.5581117670688,
      "mapy": 126.837758006168,
      "width": 3840,
      "height": 2160,
      "caption_info": [
        "맹순이꽃게아구찜(내발산동)",
        "테이블, 등받이의자"
      ]
    },
    {
      "image_id": 3,
      "filename": "561670_0_su_5_맹순이꽃게아구찜 _1_004.png",
      "mapx": 37.5581117670688,
      "mapy": 126.837758006168,
      "width": 3840,
      "height": 2160,
      "caption_info": [
        "맹순이꽃게아구찜(내발산동)",
        "메뉴판"
      ]
    },
    {
      "image_id": 4,
      "filename": "561670_0_su_5_맹순이꽃게아구찜 _1_005.png",
      "mapx": 37.5581117670688,
      "mapy": 126.837758006168,
      "width": 3840,
      "height": 2160,
      "caption_info": [
        "맹순이꽃게아구찜(내발산동)",
        "해물찜"
      ]
    }
  ],
  "annotations": [
    {
      "image_id": 0,
      "question": [
        {
          "question_id": 0,
          "question_type": "정보",
          "question": "영업시간은 몇시부터 몇시까지로 기재되어 있나요?",
          "question_wordNum": 5,
          "answer": "11:00~22:30",
          "answer_wordNum": 1,
          "fact": [
            "맹순이꽃게아구찜,영업시간,11:00~22:30"
          ]
        },
        {
          "question_id": 1,
          "question_type": "정보",
          "question": "연락처가 어떻게 되나요?",
          "question_wordNum": 3,
          "answer": "02-3661-6570",
          "answer_wordNum": 1,
          "fact": [
            "맹순이꽃게아구찜,연락처,02-3661-6570"
          ]
        },
        {
          "question_id": 2,
          "question_type": "탐색",
          "question": "주차시설이 있나요?",
          "question_wordNum": 2,
          "answer": "있음",
          "answer_wordNum": 1,
          "fact": [
            "맹순이꽃게아구찜,주차시설,있음"
          ]
        },
        {
          "question_id": 3,
          "question_type": "정보",
          "question": "이 곳의 주소는 어떻게 되나요?",
          "question_wordNum": 5,
          "answer": "서울 강서구 공항대로 272 2층",
          "answer_wordNum": 5,
          "fact": [
            "맹순이꽃게아구찜,주소,서울 강서구 공항대로 272 2층"
          ]
        }
      ]
    },
    {
      "image_id": 1,
      "question": [
        {
          "question_id": 0,
          "question_type": "정보",
          "question": "이 곳의 주요 메뉴는 무엇이 있나요?",
          "question_wordNum": 6,
          "answer": "아구찜, 해물찜",
          "answer_wordNum": 2,
          "fact": [
            "맹순이꽃게아구찜,메뉴,아구찜, 해물찜"
          ]
        },
        {
          "question_id": 1,
          "question_type": "정보",
          "question": "이 곳의 주소는 어떻게 되나요?",
          "question_wordNum": 5,
          "answer": "서울 강서구 공항대로 272 2층",
          "answer_wordNum": 5,
          "fact": [
            "맹순이꽃게아구찜,주소,서울 강서구 공항대로 272 2층"
          ]
        },
        {
          "question_id": 2,
          "question_type": "관계",
          "question": "이 곳에 인접한 시설이 있나요?",
          "question_wordNum": 5,
          "answer": "발산역 7번 출구, 훈장골, 아티제",
          "answer_wordNum": 5,
          "fact": [
            "맹순이꽃게아구찜,인접,발산역 7번 출구, 훈장골, 아티제"
          ]
        },
        {
          "question_id": 3,
          "question_type": "정보",
          "question": "연락처가 어떻게 되나요?",
          "question_wordNum": 3,
          "answer": "02-3661-6570",
          "answer_wordNum": 1,
          "fact": [
            "맹순이꽃게아구찜,연락처,02-3661-6570"
          ]
        }
      ]
    },
    {
      "image_id": 2,
      "question": [
        {
          "question_id": 0,
          "question_type": "정보",
          "question": "이 곳의 주요 메뉴는 무엇이 있나요?",
          "question_wordNum": 6,
          "answer": "아구찜, 해물찜",
          "answer_wordNum": 2,
          "fact": [
            "맹순이꽃게아구찜,메뉴,아구찜, 해물찜"
          ]
        },
        {
          "question_id": 1,
          "question_type": "정보",
          "question": "영업시간은 몇시부터 몇시까지로 기재되어 있나요?",
          "question_wordNum": 5,
          "answer": "11:00~22:30",
          "answer_wordNum": 1,
          "fact": [
            "맹순이꽃게아구찜,영업시간,11:00~22:30"
          ]
        },
        {
          "question_id": 2,
          "question_type": "정보",
          "question": "연락처가 어떻게 되나요?",
          "question_wordNum": 3,
          "answer": "02-3661-6570",
          "answer_wordNum": 1,
          "fact": [
            "맹순이꽃게아구찜,연락처,02-3661-6570"
          ]
        },
        {
          "question_id": 3,
          "question_type": "관계",
          "question": "이 곳에 인접한 시설이 있나요?",
          "question_wordNum": 5,
          "answer": "발산역 7번 출구, 훈장골, 아티제",
          "answer_wordNum": 5,
          "fact": [
            "맹순이꽃게아구찜,인접,발산역 7번 출구, 훈장골, 아티제"
          ]
        }
      ]
    },
    {
      "image_id": 3,
      "question": [
        {
          "question_id": 0,
          "question_type": "정보",
          "question": "휴무일을 알 수 있나요?",
          "question_wordNum": 4,
          "answer": "알수없음",
          "answer_wordNum": 1,
          "fact": [
            "맹순이꽃게아구찜,휴무일,알수없음"
          ]
        },
        {
          "question_id": 1,
          "question_type": "관계",
          "question": "이 곳에 인접한 시설이 있나요?",
          "question_wordNum": 5,
          "answer": "발산역 7번 출구, 훈장골, 아티제",
          "answer_wordNum": 5,
          "fact": [
            "맹순이꽃게아구찜,인접,발산역 7번 출구, 훈장골, 아티제"
          ]
        },
        {
          "question_id": 2,
          "question_type": "정보",
          "question": "연락처가 어떻게 되나요?",
          "question_wordNum": 3,
          "answer": "02-3661-6570",
          "answer_wordNum": 1,
          "fact": [
            "맹순이꽃게아구찜,연락처,02-3661-6570"
          ]
        },
        {
          "question_id": 3,
          "question_type": "정보",
          "question": "이 곳의 대표적인 메뉴는 무엇이 있나요?",
          "question_wordNum": 6,
          "answer": "아구찜, 해물찜",
          "answer_wordNum": 2,
          "fact": [
            "맹순이꽃게아구찜,메뉴,아구찜, 해물찜"
          ]
        }
      ]
    },
    {
      "image_id": 4,
      "question": [
        {
          "question_id": 0,
          "question_type": "정보",
          "question": "영업시간은 몇시부터 몇시까지로 기재되어 있나요?",
          "question_wordNum": 5,
          "answer": "11:00~22:30",
          "answer_wordNum": 1,
          "fact": [
            "맹순이꽃게아구찜,영업시간,11:00~22:30"
          ]
        },
        {
          "question_id": 1,
          "question_type": "정보",
          "question": "연락처가 어떻게 되나요?",
          "question_wordNum": 3,
          "answer": "02-3661-6570",
          "answer_wordNum": 1,
          "fact": [
            "맹순이꽃게아구찜,연락처,02-3661-6570"
          ]
        },
        {
          "question_id": 2,
          "question_type": "정보",
          "question": "이 곳의 주소는 어떻게 되나요?",
          "question_wordNum": 5,
          "answer": "서울 강서구 공항대로 272 2층",
          "answer_wordNum": 5,
          "fact": [
            "맹순이꽃게아구찜,주소,서울 강서구 공항대로 272 2층"
          ]
        },
        {
          "question_id": 3,
          "question_type": "정보",
          "question": "이 곳의 주요 메뉴는 무엇이 있나요?",
          "question_wordNum": 6,
          "answer": "아구찜, 해물찜",
          "answer_wordNum": 2,
          "fact": [
            "맹순이꽃게아구찜,메뉴,아구찜, 해물찜"
          ]
        }
      ]
    }
  ]
}