{
  "data": {
    "dataset": "2-083-219",
    "POI_id": "561688",
    "travelType": "음식점",
    "place": "오모우스시 ",
    "area": "서울"
  },
  "imageInfo": [
    {
      "image_id": 0,
      "filename": "561688_0_su_5_오모우스시 _1_001.png",
      "mapx": 37.5525461389729,
      "mapy": 126.836003506086,
      "width": 3840,
      "height": 2160,
      "caption_info": [
        "오모우스시(강서구) ",
        "간판"
      ]
    },
    {
      "image_id": 1,
      "filename": "561688_0_su_5_오모우스시 _1_002.png",
      "mapx": 37.5525461389729,
      "mapy": 126.836003506086,
      "width": 3840,
      "height": 2160,
      "caption_info": [
        "오모우스시(강서구) ",
        "간판"
      ]
    },
    {
      "image_id": 2,
      "filename": "561688_0_su_5_오모우스시 _1_003.png",
      "mapx": 37.5525461389729,
      "mapy": 126.836003506086,
      "width": 3840,
      "height": 2160,
      "caption_info": [
        "오모우스시(강서구) ",
        "포스"
      ]
    },
    {
      "image_id": 3,
      "filename": "561688_0_su_5_오모우스시 _1_004.png",
      "mapx": 37.5525461389729,
      "mapy": 126.836003506086,
      "width": 3840,
      "height": 2160,
      "caption_info": [
        "오모우스시(강서구) ",
        "메뉴판 "
      ]
    },
    {
      "image_id": 4,
      "filename": "561688_0_su_5_오모우스시 _1_005.png",
      "mapx": 37.5525461389729,
      "mapy": 126.836003506086,
      "width": 3840,
      "height": 2160,
      "caption_info": [
        "오모우스시(강서구) ",
        "초밥"
      ]
    }
  ],
  "annotations": [
    {
      "image_id": 0,
      "question": [
        {
          "question_id": 0,
          "question_type": "정보",
          "question": "휴무일은 어떻게 되나요?",
          "question_wordNum": 3,
          "answer": "없음",
          "answer_wordNum": 1,
          "fact": [
            "오모우스시,휴무일,없음"
          ]
        },
        {
          "question_id": 1,
          "question_type": "정보",
          "question": "이 곳의 주소를 알 수 있나요?",
          "question_wordNum": 6,
          "answer": "서울 강서구 강서로 299",
          "answer_wordNum": 4,
          "fact": [
            "오모우스시,주소,서울 강서구 강서로 299"
          ]
        },
        {
          "question_id": 2,
          "question_type": "정보",
          "question": "영업시간은 어떻게 되나요?",
          "question_wordNum": 3,
          "answer": "10:40~22:00",
          "answer_wordNum": 1,
          "fact": [
            "오모우스시,영업시간,10:40~22:00"
          ]
        },
        {
          "question_id": 3,
          "question_type": "관계",
          "question": "이 곳에 인접한 시설을 알 수 있나요?",
          "question_wordNum": 7,
          "answer": "우장산역 4번 출구, 마라명가, 파리바게뜨",
          "answer_wordNum": 5,
          "fact": [
            "오모우스시,인접,우장산역 4번 출구, 마라명가, 파리바게뜨"
          ]
        }
      ]
    },
    {
      "image_id": 1,
      "question": [
        {
          "question_id": 0,
          "question_type": "정보",
          "question": "이 곳의 주소는 어떻게 되나요?",
          "question_wordNum": 5,
          "answer": "서울 강서구 강서로 299",
          "answer_wordNum": 4,
          "fact": [
            "오모우스시,주소,서울 강서구 강서로 299"
          ]
        },
        {
          "question_id": 1,
          "question_type": "정보",
          "question": "이 곳의 메뉴를 알 수 있나요?",
          "question_wordNum": 6,
          "answer": "모듬초밥, 포장모밀",
          "answer_wordNum": 2,
          "fact": [
            "오모우스시,메뉴,모듬초밥, 포장모밀"
          ]
        },
        {
          "question_id": 2,
          "question_type": "정보",
          "question": "휴무일을 알 수 있나요?",
          "question_wordNum": 4,
          "answer": "없음",
          "answer_wordNum": 1,
          "fact": [
            "오모우스시,휴무일,없음"
          ]
        },
        {
          "question_id": 3,
          "question_type": "관계",
          "question": "이 곳에 인접한 시설이 있나요?",
          "question_wordNum": 5,
          "answer": "우장산역 4번 출구, 마라명가, 파리바게뜨",
          "answer_wordNum": 5,
          "fact": [
            "오모우스시,인접,우장산역 4번 출구, 마라명가, 파리바게뜨"
          ]
        }
      ]
    },
    {
      "image_id": 2,
      "question": [
        {
          "question_id": 0,
          "question_type": "관계",
          "question": "이 곳에 인접한 시설을 알 수 있나요?",
          "question_wordNum": 7,
          "answer": "우장산역 4번 출구, 마라명가, 파리바게뜨",
          "answer_wordNum": 5,
          "fact": [
            "오모우스시,인접,우장산역 4번 출구, 마라명가, 파리바게뜨"
          ]
        },
        {
          "question_id": 1,
          "question_type": "정보",
          "question": "연락처를 알 수 있나요?",
          "question_wordNum": 4,
          "answer": "0507-1327-3932",
          "answer_wordNum": 1,
          "fact": [
            "오모우스시,연락처,0507-1327-3932"
          ]
        },
        {
          "question_id": 2,
          "question_type": "정보",
          "question": "이 곳의 메뉴를 알 수 있나요?",
          "question_wordNum": 6,
          "answer": "모듬초밥, 포장모밀",
          "answer_wordNum": 2,
          "fact": [
            "오모우스시,메뉴,모듬초밥, 포장모밀"
          ]
        },
        {
          "question_id": 3,
          "question_type": "탐색",
          "question": "주차시설이 있는지 알 수 있나요?",
          "question_wordNum": 5,
          "answer": "있음",
          "answer_wordNum": 1,
          "fact": [
            "오모우스시,주차시설,있음"
          ]
        }
      ]
    },
    {
      "image_id": 3,
      "question": [
        {
          "question_id": 0,
          "question_type": "탐색",
          "question": "주차시설이 있는지 알 수 있나요?",
          "question_wordNum": 5,
          "answer": "있음",
          "answer_wordNum": 1,
          "fact": [
            "오모우스시,주차시설,있음"
          ]
        },
        {
          "question_id": 1,
          "question_type": "정보",
          "question": "휴무일은 어떻게 되나요?",
          "question_wordNum": 3,
          "answer": "없음",
          "answer_wordNum": 1,
          "fact": [
            "오모우스시,휴무일,없음"
          ]
        },
        {
          "question_id": 2,
          "question_type": "정보",
          "question": "연락처를 알 수 있나요?",
          "question_wordNum": 4,
          "answer": "0507-1327-3932",
          "answer_wordNum": 1,
          "fact": [
            "오모우스시,연락처,0507-1327-3932"
          ]
        },
        {
          "question_id": 3,
          "question_type": "정보",
          "question": "영업시간은 어떻게 되나요?",
          "question_wordNum": 3,
          "answer": "10:40~22:00",
          "answer_wordNum": 1,
          "fact": [
            "오모우스시,영업시간,10:40~22:00"
          ]
        }
      ]
    },
    {
      "image_id": 4,
      "question": [
        {
          "question_id": 0,
          "question_type": "정보",
          "question": "이 곳의 주소를 알 수 있나요?",
          "question_wordNum": 6,
          "answer": "서울 강서구 강서로 299",
          "answer_wordNum": 4,
          "fact": [
            "오모우스시,주소,서울 강서구 강서로 299"
          ]
        },
        {
          "question_id": 1,
          "question_type": "정보",
          "question": "이 곳의 메뉴를 알 수 있나요?",
          "question_wordNum": 6,
          "answer": "모듬초밥, 포장모밀",
          "answer_wordNum": 2,
          "fact": [
            "오모우스시,메뉴,모듬초밥, 포장모밀"
          ]
        },
        {
          "question_id": 2,
          "question_type": "탐색",
          "question": "주차시설이 있는지 알 수 있나요?",
          "question_wordNum": 5,
          "answer": "있음",
          "answer_wordNum": 1,
          "fact": [
            "오모우스시,주차시설,있음"
          ]
        },
        {
          "question_id": 3,
          "question_type": "정보",
          "question": "영업시간은 어떻게 되나요?",
          "question_wordNum": 3,
          "answer": "10:40~22:00",
          "answer_wordNum": 1,
          "fact": [
            "오모우스시,영업시간,10:40~22:00"
          ]
        }
      ]
    }
  ]
}