{
  "data": {
    "dataset": "2-083-219",
    "POI_id": "561523",
    "travelType": "음식점",
    "place": "돈탐구소 ",
    "area": "서울"
  },
  "imageInfo": [
    {
      "image_id": 0,
      "filename": "561523_0_su_5_돈탐구소 _1_001.png",
      "mapx": 37.5609479484261,
      "mapy": 126.828842430746,
      "width": 3840,
      "height": 2160,
      "caption_info": [
        "돈탐구소(강서구) ",
        "여닫이문 "
      ]
    },
    {
      "image_id": 1,
      "filename": "561523_0_su_5_돈탐구소 _1_002.png",
      "mapx": 37.5609479484261,
      "mapy": 126.828842430746,
      "width": 3840,
      "height": 2160,
      "caption_info": [
        "돈탐구소(강서구) ",
        "간판"
      ]
    },
    {
      "image_id": 2,
      "filename": "561523_0_su_5_돈탐구소 _1_003.png",
      "mapx": 37.5609479484261,
      "mapy": 126.828842430746,
      "width": 3840,
      "height": 2160,
      "caption_info": [
        "돈탐구소(강서구) ",
        "와인잔 "
      ]
    },
    {
      "image_id": 3,
      "filename": "561523_0_su_5_돈탐구소 _1_004.png",
      "mapx": 37.5609479484261,
      "mapy": 126.828842430746,
      "width": 3840,
      "height": 2160,
      "caption_info": [
        "돈탐구소(강서구) ",
        "메뉴판 "
      ]
    },
    {
      "image_id": 4,
      "filename": "561523_0_su_5_돈탐구소 _1_005.png",
      "mapx": 37.5609479484261,
      "mapy": 126.828842430746,
      "width": 3840,
      "height": 2160,
      "caption_info": [
        "돈탐구(강서구)소 ",
        "김치 "
      ]
    }
  ],
  "annotations": [
    {
      "image_id": 0,
      "question": [
        {
          "question_id": 0,
          "question_type": "정보",
          "question": "이 곳의 메뉴를 알 수 있나요?",
          "question_wordNum": 6,
          "answer": "메밀국수, 돼지장조림",
          "answer_wordNum": 2,
          "fact": [
            "돈탐구소,메뉴,메밀국수, 돼지장조림"
          ]
        },
        {
          "question_id": 1,
          "question_type": "탐색",
          "question": "주차시설이 있나요?",
          "question_wordNum": 2,
          "answer": "있음",
          "answer_wordNum": 1,
          "fact": [
            "돈탐구소,주차시설,있음"
          ]
        },
        {
          "question_id": 2,
          "question_type": "관계",
          "question": "이 곳에 인접한 시설을 알 수 있나요?",
          "question_wordNum": 7,
          "answer": "마곡역 3번 출구, 힐스테이트에코마곡역, 삼층다방, 마곡식탁",
          "answer_wordNum": 6,
          "fact": [
            "돈탐구소,인접,마곡역 3번 출구, 힐스테이트에코마곡역, 삼층다방, 마곡식탁"
          ]
        },
        {
          "question_id": 3,
          "question_type": "정보",
          "question": "연락처를 알 수 있나요?",
          "question_wordNum": 4,
          "answer": "0507-1311-6837",
          "answer_wordNum": 1,
          "fact": [
            "돈탐구소,연락처,0507-1311-6837"
          ]
        }
      ]
    },
    {
      "image_id": 1,
      "question": [
        {
          "question_id": 0,
          "question_type": "정보",
          "question": "휴무일은 어떻게 되나요?",
          "question_wordNum": 3,
          "answer": "알수없음",
          "answer_wordNum": 1,
          "fact": [
            "돈탐구소,휴무일,알수없음"
          ]
        },
        {
          "question_id": 1,
          "question_type": "정보",
          "question": "이 곳의 주소는 어떻게 되나요?",
          "question_wordNum": 5,
          "answer": "서울 강서구 마곡중앙6로 11",
          "answer_wordNum": 4,
          "fact": [
            "돈탐구소,주소,서울 강서구 마곡중앙6로 11"
          ]
        },
        {
          "question_id": 2,
          "question_type": "정보",
          "question": "영업시간은 어떻게 되나요?",
          "question_wordNum": 3,
          "answer": "11:30/15:00~21:10/21:40",
          "answer_wordNum": 1,
          "fact": [
            "돈탐구소,영업시간,11:30/15:00~21:10/21:40"
          ]
        },
        {
          "question_id": 3,
          "question_type": "탐색",
          "question": "주차시설이 있는지 알 수 있나요?",
          "question_wordNum": 5,
          "answer": "있음",
          "answer_wordNum": 1,
          "fact": [
            "돈탐구소,주차시설,있음"
          ]
        }
      ]
    },
    {
      "image_id": 2,
      "question": [
        {
          "question_id": 0,
          "question_type": "정보",
          "question": "영업시간을 알 수 있나요?",
          "question_wordNum": 4,
          "answer": "11:30/15:00~21:10/21:40",
          "answer_wordNum": 1,
          "fact": [
            "돈탐구소,영업시간,11:30/15:00~21:10/21:40"
          ]
        },
        {
          "question_id": 1,
          "question_type": "정보",
          "question": "휴무일을 알 수 있나요?",
          "question_wordNum": 4,
          "answer": "알수없음",
          "answer_wordNum": 1,
          "fact": [
            "돈탐구소,휴무일,알수없음"
          ]
        },
        {
          "question_id": 2,
          "question_type": "정보",
          "question": "대표 메뉴가 무엇인가요?",
          "question_wordNum": 3,
          "answer": "메밀국수, 돼지장조림",
          "answer_wordNum": 2,
          "fact": [
            "돈탐구소,메뉴,메밀국수, 돼지장조림"
          ]
        },
        {
          "question_id": 3,
          "question_type": "정보",
          "question": "연락처를 알 수 있나요?",
          "question_wordNum": 4,
          "answer": "0507-1311-6837",
          "answer_wordNum": 1,
          "fact": [
            "돈탐구소,연락처,0507-1311-6837"
          ]
        }
      ]
    },
    {
      "image_id": 3,
      "question": [
        {
          "question_id": 0,
          "question_type": "탐색",
          "question": "주차시설이 있는지 알 수 있나요?",
          "question_wordNum": 5,
          "answer": "있음",
          "answer_wordNum": 1,
          "fact": [
            "돈탐구소,주차시설,있음"
          ]
        },
        {
          "question_id": 1,
          "question_type": "정보",
          "question": "영업시간을 알 수 있나요?",
          "question_wordNum": 4,
          "answer": "11:30/15:00~21:10/21:40",
          "answer_wordNum": 1,
          "fact": [
            "돈탐구소,영업시간,11:30/15:00~21:10/21:40"
          ]
        },
        {
          "question_id": 2,
          "question_type": "정보",
          "question": "이 곳의 메뉴를 알 수 있나요?",
          "question_wordNum": 6,
          "answer": "메밀국수, 돼지장조림",
          "answer_wordNum": 2,
          "fact": [
            "돈탐구소,메뉴,메밀국수, 돼지장조림"
          ]
        },
        {
          "question_id": 3,
          "question_type": "정보",
          "question": "이 곳의 주소를 알 수 있나요?",
          "question_wordNum": 6,
          "answer": "서울 강서구 마곡중앙6로 11",
          "answer_wordNum": 4,
          "fact": [
            "돈탐구소,주소,서울 강서구 마곡중앙6로 11"
          ]
        }
      ]
    },
    {
      "image_id": 4,
      "question": [
        {
          "question_id": 0,
          "question_type": "관계",
          "question": "이 곳에 인접한 시설을 알 수 있나요?",
          "question_wordNum": 7,
          "answer": "마곡역 3번 출구, 힐스테이트에코마곡역, 삼층다방, 마곡식탁",
          "answer_wordNum": 6,
          "fact": [
            "돈탐구소,인접,마곡역 3번 출구, 힐스테이트에코마곡역, 삼층다방, 마곡식탁"
          ]
        },
        {
          "question_id": 1,
          "question_type": "정보",
          "question": "연락처를 알 수 있나요?",
          "question_wordNum": 4,
          "answer": "0507-1311-6837",
          "answer_wordNum": 1,
          "fact": [
            "돈탐구소,연락처,0507-1311-6837"
          ]
        },
        {
          "question_id": 2,
          "question_type": "정보",
          "question": "영업시간을 알 수 있나요?",
          "question_wordNum": 4,
          "answer": "11:30/15:00~21:10/21:40",
          "answer_wordNum": 1,
          "fact": [
            "돈탐구소,영업시간,11:30/15:00~21:10/21:40"
          ]
        },
        {
          "question_id": 3,
          "question_type": "정보",
          "question": "이 곳의 메뉴를 알 수 있나요?",
          "question_wordNum": 6,
          "answer": "메밀국수, 돼지장조림",
          "answer_wordNum": 2,
          "fact": [
            "돈탐구소,메뉴,메밀국수, 돼지장조림"
          ]
        }
      ]
    }
  ]
}