{
  "data": {
    "dataset": "2-083-219",
    "POI_id": "561622",
    "travelType": "음식점",
    "place": "란콰이펑누들 마곡본점",
    "area": "서울"
  },
  "imageInfo": [
    {
      "image_id": 0,
      "filename": "561622_0_su_5_란콰이펑누들 마곡본점_1_001.png",
      "mapx": 37.5604628413112,
      "mapy": 126.83439426731,
      "width": 3840,
      "height": 2160,
      "caption_info": [
        "란콰이펑누들 마곡본점(강서구)",
        "간판"
      ]
    },
    {
      "image_id": 1,
      "filename": "561622_0_su_5_란콰이펑누들 마곡본점_1_002.png",
      "mapx": 37.5604628413112,
      "mapy": 126.83439426731,
      "width": 3840,
      "height": 2160,
      "caption_info": [
        "란콰이펑누들 마곡본점(강서구)",
        "간판"
      ]
    },
    {
      "image_id": 2,
      "filename": "561622_0_su_5_란콰이펑누들 마곡본점_1_003.png",
      "mapx": 37.5604628413112,
      "mapy": 126.83439426731,
      "width": 3840,
      "height": 2160,
      "caption_info": [
        "란콰이펑누들 마곡본점(강서구)",
        "사각 테이블"
      ]
    },
    {
      "image_id": 3,
      "filename": "561622_0_su_5_란콰이펑누들 마곡본점_1_004.png",
      "mapx": 37.5604628413112,
      "mapy": 126.83439426731,
      "width": 3840,
      "height": 2160,
      "caption_info": [
        "란콰이펑누들 마곡본점(강서구)",
        "메뉴판 "
      ]
    },
    {
      "image_id": 4,
      "filename": "561622_0_su_5_란콰이펑누들 마곡본점_1_005.png",
      "mapx": 37.5604628413112,
      "mapy": 126.83439426731,
      "width": 3840,
      "height": 2160,
      "caption_info": [
        "란콰이펑누들 마곡본점(강서구)",
        "그릇 "
      ]
    }
  ],
  "annotations": [
    {
      "image_id": 0,
      "question": [
        {
          "question_id": 0,
          "question_type": "정보",
          "question": "휴무일은 어떻게 되나요?",
          "question_wordNum": 3,
          "answer": "없음",
          "answer_wordNum": 1,
          "fact": [
            "란콰이펑누들 마곡본점,휴무일,없음"
          ]
        },
        {
          "question_id": 1,
          "question_type": "정보",
          "question": "이 곳의 메뉴를 알 수 있나요?",
          "question_wordNum": 6,
          "answer": "우육탕면, 군만두",
          "answer_wordNum": 2,
          "fact": [
            "란콰이펑누들 마곡본점,메뉴,우육탕면, 군만두"
          ]
        },
        {
          "question_id": 2,
          "question_type": "정보",
          "question": "이 곳의 주소를 알 수 있나요?",
          "question_wordNum": 6,
          "answer": "서울 강서구 마곡중앙6로 63",
          "answer_wordNum": 4,
          "fact": [
            "란콰이펑누들 마곡본점,주소,서울 강서구 마곡중앙6로 63"
          ]
        },
        {
          "question_id": 3,
          "question_type": "정보",
          "question": "연락처를 알 수 있나요?",
          "question_wordNum": 4,
          "answer": "02-3662-2948",
          "answer_wordNum": 1,
          "fact": [
            "란콰이펑누들 마곡본점,연락처,02-3662-2948"
          ]
        }
      ]
    },
    {
      "image_id": 1,
      "question": [
        {
          "question_id": 0,
          "question_type": "정보",
          "question": "이 곳의 주소는 어떻게 되나요?",
          "question_wordNum": 5,
          "answer": "서울 강서구 마곡중앙6로 63",
          "answer_wordNum": 4,
          "fact": [
            "란콰이펑누들 마곡본점,주소,서울 강서구 마곡중앙6로 63"
          ]
        },
        {
          "question_id": 1,
          "question_type": "정보",
          "question": "휴무일은 어떻게 되나요?",
          "question_wordNum": 3,
          "answer": "없음",
          "answer_wordNum": 1,
          "fact": [
            "란콰이펑누들 마곡본점,휴무일,없음"
          ]
        },
        {
          "question_id": 2,
          "question_type": "정보",
          "question": "연락처를 알 수 있나요?",
          "question_wordNum": 4,
          "answer": "02-3662-2948",
          "answer_wordNum": 1,
          "fact": [
            "란콰이펑누들 마곡본점,연락처,02-3662-2948"
          ]
        },
        {
          "question_id": 3,
          "question_type": "관계",
          "question": "이 곳에 인접한 시설이 있나요?",
          "question_wordNum": 5,
          "answer": "발산역 9번 출구, 스타벅스, 고반식당",
          "answer_wordNum": 5,
          "fact": [
            "란콰이펑누들 마곡본점,인접,발산역 9번 출구, 스타벅스, 고반식당"
          ]
        }
      ]
    },
    {
      "image_id": 2,
      "question": [
        {
          "question_id": 0,
          "question_type": "정보",
          "question": "이 곳의 주소는 어떻게 되나요?",
          "question_wordNum": 5,
          "answer": "서울 강서구 마곡중앙6로 63",
          "answer_wordNum": 4,
          "fact": [
            "란콰이펑누들 마곡본점,주소,서울 강서구 마곡중앙6로 63"
          ]
        },
        {
          "question_id": 1,
          "question_type": "정보",
          "question": "대표 메뉴가 무엇인가요?",
          "question_wordNum": 3,
          "answer": "우육탕면, 군만두",
          "answer_wordNum": 2,
          "fact": [
            "란콰이펑누들 마곡본점,메뉴,우육탕면, 군만두"
          ]
        },
        {
          "question_id": 2,
          "question_type": "관계",
          "question": "이 곳에 인접한 시설이 있나요?",
          "question_wordNum": 5,
          "answer": "발산역 9번 출구, 스타벅스, 고반식당",
          "answer_wordNum": 5,
          "fact": [
            "란콰이펑누들 마곡본점,인접,발산역 9번 출구, 스타벅스, 고반식당"
          ]
        },
        {
          "question_id": 3,
          "question_type": "정보",
          "question": "연락처를 알 수 있나요?",
          "question_wordNum": 4,
          "answer": "02-3662-2948",
          "answer_wordNum": 1,
          "fact": [
            "란콰이펑누들 마곡본점,연락처,02-3662-2948"
          ]
        }
      ]
    },
    {
      "image_id": 3,
      "question": [
        {
          "question_id": 0,
          "question_type": "정보",
          "question": "이 곳의 주소는 어떻게 되나요?",
          "question_wordNum": 5,
          "answer": "서울 강서구 마곡중앙6로 63",
          "answer_wordNum": 4,
          "fact": [
            "란콰이펑누들 마곡본점,주소,서울 강서구 마곡중앙6로 63"
          ]
        },
        {
          "question_id": 1,
          "question_type": "정보",
          "question": "대표 메뉴가 무엇인가요?",
          "question_wordNum": 3,
          "answer": "우육탕면, 군만두",
          "answer_wordNum": 2,
          "fact": [
            "란콰이펑누들 마곡본점,메뉴,우육탕면, 군만두"
          ]
        },
        {
          "question_id": 2,
          "question_type": "정보",
          "question": "영업시간은 어떻게 되나요?",
          "question_wordNum": 3,
          "answer": "11:00 - 22:00",
          "answer_wordNum": 3,
          "fact": [
            "란콰이펑누들 마곡본점,영업시간,11:00 - 22:00"
          ]
        },
        {
          "question_id": 3,
          "question_type": "관계",
          "question": "이 곳에 인접한 시설을 알 수 있나요?",
          "question_wordNum": 7,
          "answer": "발산역 9번 출구, 스타벅스, 고반식당",
          "answer_wordNum": 5,
          "fact": [
            "란콰이펑누들 마곡본점,인접,발산역 9번 출구, 스타벅스, 고반식당"
          ]
        }
      ]
    },
    {
      "image_id": 4,
      "question": [
        {
          "question_id": 0,
          "question_type": "정보",
          "question": "영업시간을 알 수 있나요?",
          "question_wordNum": 4,
          "answer": "11:00 - 22:00",
          "answer_wordNum": 3,
          "fact": [
            "란콰이펑누들 마곡본점,영업시간,11:00 - 22:00"
          ]
        },
        {
          "question_id": 1,
          "question_type": "정보",
          "question": "휴무일은 어떻게 되나요?",
          "question_wordNum": 3,
          "answer": "없음",
          "answer_wordNum": 1,
          "fact": [
            "란콰이펑누들 마곡본점,휴무일,없음"
          ]
        },
        {
          "question_id": 2,
          "question_type": "관계",
          "question": "이 곳에 인접한 시설을 알 수 있나요?",
          "question_wordNum": 7,
          "answer": "발산역 9번 출구, 스타벅스, 고반식당",
          "answer_wordNum": 5,
          "fact": [
            "란콰이펑누들 마곡본점,인접,발산역 9번 출구, 스타벅스, 고반식당"
          ]
        },
        {
          "question_id": 3,
          "question_type": "정보",
          "question": "이 곳의 메뉴를 알 수 있나요?",
          "question_wordNum": 6,
          "answer": "우육탕면, 군만두",
          "answer_wordNum": 2,
          "fact": [
            "란콰이펑누들 마곡본점,메뉴,우육탕면, 군만두"
          ]
        }
      ]
    }
  ]
}