{
  "data": {
    "dataset": "2-083-219",
    "POI_id": "561601",
    "travelType": "음식점",
    "place": "팔각도 발산역점",
    "area": "서울"
  },
  "imageInfo": [
    {
      "image_id": 0,
      "filename": "561601_0_su_5_팔각도 발산역점_1_001.png",
      "mapx": 37.5601356822454,
      "mapy": 126.837697932979,
      "width": 3840,
      "height": 2160,
      "caption_info": [
        "팔각도 발산역점(강서구)",
        "간판"
      ]
    },
    {
      "image_id": 1,
      "filename": "561601_0_su_5_팔각도 발산역점_1_002.png",
      "mapx": 37.5601356822454,
      "mapy": 126.837697932979,
      "width": 3840,
      "height": 2160,
      "caption_info": [
        "팔각도 발산역점(강서구)",
        "간판"
      ]
    },
    {
      "image_id": 2,
      "filename": "561601_0_su_5_팔각도 발산역점_1_003.png",
      "mapx": 37.5601356822454,
      "mapy": 126.837697932979,
      "width": 3840,
      "height": 2160,
      "caption_info": [
        "팔각도 발산역점(강서구)",
        "안내판 "
      ]
    },
    {
      "image_id": 3,
      "filename": "561601_0_su_5_팔각도 발산역점_1_004.png",
      "mapx": 37.5601356822454,
      "mapy": 126.837697932979,
      "width": 3840,
      "height": 2160,
      "caption_info": [
        "팔각도 발산역점(강서구)",
        "메뉴판 "
      ]
    },
    {
      "image_id": 4,
      "filename": "561601_0_su_5_팔각도 발산역점_1_005.png",
      "mapx": 37.5601356822454,
      "mapy": 126.837697932979,
      "width": 3840,
      "height": 2160,
      "caption_info": [
        "팔각도 발산역점(강서구)",
        "닭갈비 "
      ]
    }
  ],
  "annotations": [
    {
      "image_id": 0,
      "question": [
        {
          "question_id": 0,
          "question_type": "정보",
          "question": "이 곳의 주소는 어떻게 되나요?",
          "question_wordNum": 5,
          "answer": "서울 강서구 마곡중앙6로 93",
          "answer_wordNum": 4,
          "fact": [
            "팔각도 발산역점,주소,서울 강서구 마곡중앙6로 93"
          ]
        },
        {
          "question_id": 1,
          "question_type": "정보",
          "question": "영업시간은 어떻게 되나요?",
          "question_wordNum": 3,
          "answer": "12:00~23:00",
          "answer_wordNum": 1,
          "fact": [
            "팔각도 발산역점,영업시간,12:00~23:00"
          ]
        },
        {
          "question_id": 2,
          "question_type": "정보",
          "question": "대표 메뉴가 무엇인가요?",
          "question_wordNum": 3,
          "answer": "숯불 닭갈비, 오독 오독 닭 연골",
          "answer_wordNum": 6,
          "fact": [
            "팔각도 발산역점,메뉴,숯불 닭갈비, 오독 오독 닭 연골"
          ]
        },
        {
          "question_id": 3,
          "question_type": "탐색",
          "question": "주차시설이 있는지 알 수 있나요?",
          "question_wordNum": 5,
          "answer": "있음",
          "answer_wordNum": 1,
          "fact": [
            "팔각도 발산역점,주차시설,있음"
          ]
        }
      ]
    },
    {
      "image_id": 1,
      "question": [
        {
          "question_id": 0,
          "question_type": "정보",
          "question": "연락처를 알 수 있나요?",
          "question_wordNum": 4,
          "answer": "02-3665-7617",
          "answer_wordNum": 1,
          "fact": [
            "팔각도 발산역점,연락처,02-3665-7617"
          ]
        },
        {
          "question_id": 1,
          "question_type": "탐색",
          "question": "주차시설이 있나요?",
          "question_wordNum": 2,
          "answer": "있음",
          "answer_wordNum": 1,
          "fact": [
            "팔각도 발산역점,주차시설,있음"
          ]
        },
        {
          "question_id": 2,
          "question_type": "정보",
          "question": "영업시간을 알 수 있나요?",
          "question_wordNum": 4,
          "answer": "12:00~23:00",
          "answer_wordNum": 1,
          "fact": [
            "팔각도 발산역점,영업시간,12:00~23:00"
          ]
        },
        {
          "question_id": 3,
          "question_type": "정보",
          "question": "이 곳의 주소를 알 수 있나요?",
          "question_wordNum": 6,
          "answer": "서울 강서구 마곡중앙6로 93",
          "answer_wordNum": 4,
          "fact": [
            "팔각도 발산역점,주소,서울 강서구 마곡중앙6로 93"
          ]
        }
      ]
    },
    {
      "image_id": 2,
      "question": [
        {
          "question_id": 0,
          "question_type": "정보",
          "question": "이 곳의 주소를 알 수 있나요?",
          "question_wordNum": 6,
          "answer": "서울 강서구 마곡중앙6로 93",
          "answer_wordNum": 4,
          "fact": [
            "팔각도 발산역점,주소,서울 강서구 마곡중앙6로 93"
          ]
        },
        {
          "question_id": 1,
          "question_type": "관계",
          "question": "이 곳에 인접한 시설이 있나요?",
          "question_wordNum": 5,
          "answer": "발산역 2번 출구, CU, 써브웨이",
          "answer_wordNum": 5,
          "fact": [
            "팔각도 발산역점,인접,발산역 2번 출구, CU, 써브웨이"
          ]
        },
        {
          "question_id": 2,
          "question_type": "정보",
          "question": "연락처를 알 수 있나요?",
          "question_wordNum": 4,
          "answer": "02-3665-7617",
          "answer_wordNum": 1,
          "fact": [
            "팔각도 발산역점,연락처,02-3665-7617"
          ]
        },
        {
          "question_id": 3,
          "question_type": "탐색",
          "question": "주차시설이 있나요?",
          "question_wordNum": 2,
          "answer": "있음",
          "answer_wordNum": 1,
          "fact": [
            "팔각도 발산역점,주차시설,있음"
          ]
        }
      ]
    },
    {
      "image_id": 3,
      "question": [
        {
          "question_id": 0,
          "question_type": "정보",
          "question": "연락처를 알 수 있나요?",
          "question_wordNum": 4,
          "answer": "02-3665-7617",
          "answer_wordNum": 1,
          "fact": [
            "팔각도 발산역점,연락처,02-3665-7617"
          ]
        },
        {
          "question_id": 1,
          "question_type": "정보",
          "question": "이 곳의 주소를 알 수 있나요?",
          "question_wordNum": 6,
          "answer": "서울 강서구 마곡중앙6로 93",
          "answer_wordNum": 4,
          "fact": [
            "팔각도 발산역점,주소,서울 강서구 마곡중앙6로 93"
          ]
        },
        {
          "question_id": 2,
          "question_type": "탐색",
          "question": "주차시설이 있나요?",
          "question_wordNum": 2,
          "answer": "있음",
          "answer_wordNum": 1,
          "fact": [
            "팔각도 발산역점,주차시설,있음"
          ]
        },
        {
          "question_id": 3,
          "question_type": "관계",
          "question": "이 곳에 인접한 시설이 있나요?",
          "question_wordNum": 5,
          "answer": "발산역 2번 출구, CU, 써브웨이",
          "answer_wordNum": 5,
          "fact": [
            "팔각도 발산역점,인접,발산역 2번 출구, CU, 써브웨이"
          ]
        }
      ]
    },
    {
      "image_id": 4,
      "question": [
        {
          "question_id": 0,
          "question_type": "정보",
          "question": "대표 메뉴가 무엇인가요?",
          "question_wordNum": 3,
          "answer": "숯불 닭갈비, 오독 오독 닭 연골",
          "answer_wordNum": 6,
          "fact": [
            "팔각도 발산역점,메뉴,숯불 닭갈비, 오독 오독 닭 연골"
          ]
        },
        {
          "question_id": 1,
          "question_type": "관계",
          "question": "이 곳에 인접한 시설을 알 수 있나요?",
          "question_wordNum": 7,
          "answer": "발산역 2번 출구, CU, 써브웨이",
          "answer_wordNum": 5,
          "fact": [
            "팔각도 발산역점,인접,발산역 2번 출구, CU, 써브웨이"
          ]
        },
        {
          "question_id": 2,
          "question_type": "정보",
          "question": "영업시간을 알 수 있나요?",
          "question_wordNum": 4,
          "answer": "12:00~23:00",
          "answer_wordNum": 1,
          "fact": [
            "팔각도 발산역점,영업시간,12:00~23:00"
          ]
        },
        {
          "question_id": 3,
          "question_type": "탐색",
          "question": "주차시설이 있는지 알 수 있나요?",
          "question_wordNum": 5,
          "answer": "있음",
          "answer_wordNum": 1,
          "fact": [
            "팔각도 발산역점,주차시설,있음"
          ]
        }
      ]
    }
  ]
}