{
  "data": {
    "dataset": "2-083-219",
    "POI_id": "561675",
    "travelType": "음식점",
    "place": "르뺑블랑 ",
    "area": "서울"
  },
  "imageInfo": [
    {
      "image_id": 0,
      "filename": "561675_0_su_5_르뺑블랑 _1_001.png",
      "mapx": 37.5511102446913,
      "mapy": 126.835762212279,
      "width": 3840,
      "height": 2160,
      "caption_info": [
        "르뺑블랑(내발산동)",
        "간판"
      ]
    },
    {
      "image_id": 1,
      "filename": "561675_0_su_5_르뺑블랑 _1_002.png",
      "mapx": 37.5511102446913,
      "mapy": 126.835762212279,
      "width": 3840,
      "height": 2160,
      "caption_info": [
        "르뺑블랑(내발산동)",
        "간판"
      ]
    },
    {
      "image_id": 2,
      "filename": "561675_0_su_5_르뺑블랑 _1_003.png",
      "mapx": 37.5511102446913,
      "mapy": 126.835762212279,
      "width": 3840,
      "height": 2160,
      "caption_info": [
        "르뺑블랑(내발산동)",
        "의자, 진열대"
      ]
    },
    {
      "image_id": 3,
      "filename": "561675_0_su_5_르뺑블랑 _1_004.png",
      "mapx": 37.5511102446913,
      "mapy": 126.835762212279,
      "width": 3840,
      "height": 2160,
      "caption_info": [
        "르뺑블랑(내발산동)",
        "가격표, 빵"
      ]
    },
    {
      "image_id": 4,
      "filename": "561675_0_su_5_르뺑블랑 _1_005.png",
      "mapx": 37.5511102446913,
      "mapy": 126.835762212279,
      "width": 3840,
      "height": 2160,
      "caption_info": [
        "르뺑블랑(내발산동)",
        "빵"
      ]
    }
  ],
  "annotations": [
    {
      "image_id": 0,
      "question": [
        {
          "question_id": 0,
          "question_type": "정보",
          "question": "영업시간은 어떻게 되나요?",
          "question_wordNum": 3,
          "answer": "10:00~20:00",
          "answer_wordNum": 1,
          "fact": [
            "르뺑블랑,영업시간,10:00~20:00"
          ]
        },
        {
          "question_id": 1,
          "question_type": "정보",
          "question": "휴무일을 알 수 있나요?",
          "question_wordNum": 4,
          "answer": "알수없음",
          "answer_wordNum": 1,
          "fact": [
            "르뺑블랑,휴무일,알수없음"
          ]
        },
        {
          "question_id": 2,
          "question_type": "정보",
          "question": "이 곳의 주요 메뉴는 무엇이 있나요?",
          "question_wordNum": 6,
          "answer": "호시노 천연효모식빵, 더블생크림식빵",
          "answer_wordNum": 3,
          "fact": [
            "르뺑블랑,메뉴,호시노 천연효모식빵, 더블생크림식빵"
          ]
        },
        {
          "question_id": 3,
          "question_type": "탐색",
          "question": "주차시설이 있나요?",
          "question_wordNum": 2,
          "answer": "있음",
          "answer_wordNum": 1,
          "fact": [
            "르뺑블랑,주차시설,있음"
          ]
        }
      ]
    },
    {
      "image_id": 1,
      "question": [
        {
          "question_id": 0,
          "question_type": "관계",
          "question": "이 곳에 인접한 시설이 있나요?",
          "question_wordNum": 5,
          "answer": "우장산역 4번 출구, 쿠킹맘, 그빛교회",
          "answer_wordNum": 5,
          "fact": [
            "르뺑블랑,인접,우장산역 4번 출구, 쿠킹맘, 그빛교회"
          ]
        },
        {
          "question_id": 1,
          "question_type": "정보",
          "question": "이 곳의 주소는 어떻게 되나요?",
          "question_wordNum": 5,
          "answer": "서울 강서구 강서로47가길 33 덕산빌딩 103호 르뺑블랑",
          "answer_wordNum": 7,
          "fact": [
            "르뺑블랑,주소,서울 강서구 강서로47가길 33 덕산빌딩 103호 르뺑블랑"
          ]
        },
        {
          "question_id": 2,
          "question_type": "정보",
          "question": "연락처가 어떻게 되나요?",
          "question_wordNum": 3,
          "answer": "02-6439-0155",
          "answer_wordNum": 1,
          "fact": [
            "르뺑블랑,연락처,02-6439-0155"
          ]
        },
        {
          "question_id": 3,
          "question_type": "정보",
          "question": "영업시간은 어떻게 되나요?",
          "question_wordNum": 3,
          "answer": "10:00~20:00",
          "answer_wordNum": 1,
          "fact": [
            "르뺑블랑,영업시간,10:00~20:00"
          ]
        }
      ]
    },
    {
      "image_id": 2,
      "question": [
        {
          "question_id": 0,
          "question_type": "정보",
          "question": "휴무일을 알 수 있나요?",
          "question_wordNum": 4,
          "answer": "알수없음",
          "answer_wordNum": 1,
          "fact": [
            "르뺑블랑,휴무일,알수없음"
          ]
        },
        {
          "question_id": 1,
          "question_type": "정보",
          "question": "연락처가 어떻게 되나요?",
          "question_wordNum": 3,
          "answer": "02-6439-0155",
          "answer_wordNum": 1,
          "fact": [
            "르뺑블랑,연락처,02-6439-0155"
          ]
        },
        {
          "question_id": 2,
          "question_type": "정보",
          "question": "이 곳의 주소는 어떻게 되나요?",
          "question_wordNum": 5,
          "answer": "서울 강서구 강서로47가길 33 덕산빌딩 103호 르뺑블랑",
          "answer_wordNum": 7,
          "fact": [
            "르뺑블랑,주소,서울 강서구 강서로47가길 33 덕산빌딩 103호 르뺑블랑"
          ]
        },
        {
          "question_id": 3,
          "question_type": "정보",
          "question": "이 곳의 주요 메뉴는 무엇이 있나요?",
          "question_wordNum": 6,
          "answer": "호시노 천연효모식빵, 더블생크림식빵",
          "answer_wordNum": 3,
          "fact": [
            "르뺑블랑,메뉴,호시노 천연효모식빵, 더블생크림식빵"
          ]
        }
      ]
    },
    {
      "image_id": 3,
      "question": [
        {
          "question_id": 0,
          "question_type": "탐색",
          "question": "주차시설이 있나요?",
          "question_wordNum": 2,
          "answer": "있음",
          "answer_wordNum": 1,
          "fact": [
            "르뺑블랑,주차시설,있음"
          ]
        },
        {
          "question_id": 1,
          "question_type": "관계",
          "question": "이 곳에 인접한 시설이 있나요?",
          "question_wordNum": 5,
          "answer": "우장산역 4번 출구, 쿠킹맘, 그빛교회",
          "answer_wordNum": 5,
          "fact": [
            "르뺑블랑,인접,우장산역 4번 출구, 쿠킹맘, 그빛교회"
          ]
        },
        {
          "question_id": 2,
          "question_type": "정보",
          "question": "이 곳의 주소는 어떻게 되나요?",
          "question_wordNum": 5,
          "answer": "서울 강서구 강서로47가길 33 덕산빌딩 103호 르뺑블랑",
          "answer_wordNum": 7,
          "fact": [
            "르뺑블랑,주소,서울 강서구 강서로47가길 33 덕산빌딩 103호 르뺑블랑"
          ]
        },
        {
          "question_id": 3,
          "question_type": "정보",
          "question": "영업시간은 어떻게 되나요?",
          "question_wordNum": 3,
          "answer": "10:00~20:00",
          "answer_wordNum": 1,
          "fact": [
            "르뺑블랑,영업시간,10:00~20:00"
          ]
        }
      ]
    },
    {
      "image_id": 4,
      "question": [
        {
          "question_id": 0,
          "question_type": "탐색",
          "question": "주차시설이 있나요?",
          "question_wordNum": 2,
          "answer": "있음",
          "answer_wordNum": 1,
          "fact": [
            "르뺑블랑,주차시설,있음"
          ]
        },
        {
          "question_id": 1,
          "question_type": "정보",
          "question": "이 곳의 주요 메뉴는 무엇이 있나요?",
          "question_wordNum": 6,
          "answer": "호시노 천연효모식빵, 더블생크림식빵",
          "answer_wordNum": 3,
          "fact": [
            "르뺑블랑,메뉴,호시노 천연효모식빵, 더블생크림식빵"
          ]
        },
        {
          "question_id": 2,
          "question_type": "정보",
          "question": "휴무일을 알 수 있나요?",
          "question_wordNum": 4,
          "answer": "알수없음",
          "answer_wordNum": 1,
          "fact": [
            "르뺑블랑,휴무일,알수없음"
          ]
        },
        {
          "question_id": 3,
          "question_type": "정보",
          "question": "연락처가 어떻게 되나요?",
          "question_wordNum": 3,
          "answer": "02-6439-0155",
          "answer_wordNum": 1,
          "fact": [
            "르뺑블랑,연락처,02-6439-0155"
          ]
        }
      ]
    }
  ]
}