{
  "data": {
    "dataset": "2-083-219",
    "POI_id": "561787",
    "travelType": "음식점",
    "place": "화순수만리염소탕 발산점",
    "area": "서울"
  },
  "imageInfo": [
    {
      "image_id": 0,
      "filename": "561787_0_su_5_화순수만리염소탕 발산점_1_001.png",
      "mapx": 37.5575082266816,
      "mapy": 126.839764460303,
      "width": 3840,
      "height": 2160,
      "caption_info": [
        "화순수만리염소탕 발산점(강서구)",
        "간판"
      ]
    },
    {
      "image_id": 1,
      "filename": "561787_0_su_5_화순수만리염소탕 발산점_1_002.png",
      "mapx": 37.5575082266816,
      "mapy": 126.839764460303,
      "width": 3840,
      "height": 2160,
      "caption_info": [
        "화순수만리염소탕 발산점(강서구)",
        "간판"
      ]
    },
    {
      "image_id": 2,
      "filename": "561787_0_su_5_화순수만리염소탕 발산점_1_003.png",
      "mapx": 37.5575082266816,
      "mapy": 126.839764460303,
      "width": 3840,
      "height": 2160,
      "caption_info": [
        "화순수만리염소탕 발산점(강서구)",
        "사각 테이블"
      ]
    },
    {
      "image_id": 3,
      "filename": "561787_0_su_5_화순수만리염소탕 발산점_1_004.png",
      "mapx": 37.5575082266816,
      "mapy": 126.839764460303,
      "width": 3840,
      "height": 2160,
      "caption_info": [
        "화순수만리염소탕 발산점(강서구)",
        "메뉴판 "
      ]
    },
    {
      "image_id": 4,
      "filename": "561787_0_su_5_화순수만리염소탕 발산점_1_005.png",
      "mapx": 37.5575082266816,
      "mapy": 126.839764460303,
      "width": 3840,
      "height": 2160,
      "caption_info": [
        "화순수만리염소탕 발산점(강서구)",
        "고기밥 "
      ]
    }
  ],
  "annotations": [
    {
      "image_id": 0,
      "question": [
        {
          "question_id": 0,
          "question_type": "정보",
          "question": "영업시간은 어떻게 되나요?",
          "question_wordNum": 3,
          "answer": "알수없음",
          "answer_wordNum": 1,
          "fact": [
            "화순수만리염소탕 발산점,영업시간,알수없음"
          ]
        },
        {
          "question_id": 1,
          "question_type": "정보",
          "question": "휴무일을 알 수 있나요?",
          "question_wordNum": 4,
          "answer": "알수없음",
          "answer_wordNum": 1,
          "fact": [
            "화순수만리염소탕 발산점,휴무일,알수없음"
          ]
        },
        {
          "question_id": 2,
          "question_type": "정보",
          "question": "이 곳의 주소를 알 수 있나요?",
          "question_wordNum": 6,
          "answer": "서울 강서구 강서로52길 34",
          "answer_wordNum": 4,
          "fact": [
            "화순수만리염소탕 발산점,주소,서울 강서구 강서로52길 34"
          ]
        },
        {
          "question_id": 3,
          "question_type": "정보",
          "question": "대표 메뉴가 무엇인가요?",
          "question_wordNum": 3,
          "answer": "염소탕, 야채탕",
          "answer_wordNum": 2,
          "fact": [
            "화순수만리염소탕 발산점,메뉴,염소탕, 야채탕"
          ]
        }
      ]
    },
    {
      "image_id": 1,
      "question": [
        {
          "question_id": 0,
          "question_type": "탐색",
          "question": "주차시설이 있는지 알 수 있나요?",
          "question_wordNum": 5,
          "answer": "있음",
          "answer_wordNum": 1,
          "fact": [
            "화순수만리염소탕 발산점,주차시설,있음"
          ]
        },
        {
          "question_id": 1,
          "question_type": "정보",
          "question": "이 곳의 주소를 알 수 있나요?",
          "question_wordNum": 6,
          "answer": "서울 강서구 강서로52길 34",
          "answer_wordNum": 4,
          "fact": [
            "화순수만리염소탕 발산점,주소,서울 강서구 강서로52길 34"
          ]
        },
        {
          "question_id": 2,
          "question_type": "정보",
          "question": "휴무일은 어떻게 되나요?",
          "question_wordNum": 3,
          "answer": "알수없음",
          "answer_wordNum": 1,
          "fact": [
            "화순수만리염소탕 발산점,휴무일,알수없음"
          ]
        },
        {
          "question_id": 3,
          "question_type": "정보",
          "question": "연락처를 알 수 있나요?",
          "question_wordNum": 4,
          "answer": "0507-1399-6767",
          "answer_wordNum": 1,
          "fact": [
            "화순수만리염소탕 발산점,연락처,0507-1399-6767"
          ]
        }
      ]
    },
    {
      "image_id": 2,
      "question": [
        {
          "question_id": 0,
          "question_type": "정보",
          "question": "연락처를 알 수 있나요?",
          "question_wordNum": 4,
          "answer": "0507-1399-6767",
          "answer_wordNum": 1,
          "fact": [
            "화순수만리염소탕 발산점,연락처,0507-1399-6767"
          ]
        },
        {
          "question_id": 1,
          "question_type": "정보",
          "question": "이 곳의 주소를 알 수 있나요?",
          "question_wordNum": 6,
          "answer": "서울 강서구 강서로52길 34",
          "answer_wordNum": 4,
          "fact": [
            "화순수만리염소탕 발산점,주소,서울 강서구 강서로52길 34"
          ]
        },
        {
          "question_id": 2,
          "question_type": "정보",
          "question": "영업시간은 어떻게 되나요?",
          "question_wordNum": 3,
          "answer": "알수없음",
          "answer_wordNum": 1,
          "fact": [
            "화순수만리염소탕 발산점,영업시간,알수없음"
          ]
        },
        {
          "question_id": 3,
          "question_type": "관계",
          "question": "이 곳에 인접한 시설을 알 수 있나요?",
          "question_wordNum": 7,
          "answer": "발산역 6번 출구, 남도명가, 장어촌",
          "answer_wordNum": 5,
          "fact": [
            "화순수만리염소탕 발산점,인접,발산역 6번 출구, 남도명가, 장어촌"
          ]
        }
      ]
    },
    {
      "image_id": 3,
      "question": [
        {
          "question_id": 0,
          "question_type": "정보",
          "question": "영업시간을 알 수 있나요?",
          "question_wordNum": 4,
          "answer": "알수없음",
          "answer_wordNum": 1,
          "fact": [
            "화순수만리염소탕 발산점,영업시간,알수없음"
          ]
        },
        {
          "question_id": 1,
          "question_type": "정보",
          "question": "이 곳의 주소는 어떻게 되나요?",
          "question_wordNum": 5,
          "answer": "서울 강서구 강서로52길 34",
          "answer_wordNum": 4,
          "fact": [
            "화순수만리염소탕 발산점,주소,서울 강서구 강서로52길 34"
          ]
        },
        {
          "question_id": 2,
          "question_type": "관계",
          "question": "이 곳에 인접한 시설이 있나요?",
          "question_wordNum": 5,
          "answer": "발산역 6번 출구, 남도명가, 장어촌",
          "answer_wordNum": 5,
          "fact": [
            "화순수만리염소탕 발산점,인접,발산역 6번 출구, 남도명가, 장어촌"
          ]
        },
        {
          "question_id": 3,
          "question_type": "정보",
          "question": "휴무일을 알 수 있나요?",
          "question_wordNum": 4,
          "answer": "알수없음",
          "answer_wordNum": 1,
          "fact": [
            "화순수만리염소탕 발산점,휴무일,알수없음"
          ]
        }
      ]
    },
    {
      "image_id": 4,
      "question": [
        {
          "question_id": 0,
          "question_type": "정보",
          "question": "이 곳의 주소를 알 수 있나요?",
          "question_wordNum": 6,
          "answer": "서울 강서구 강서로52길 34",
          "answer_wordNum": 4,
          "fact": [
            "화순수만리염소탕 발산점,주소,서울 강서구 강서로52길 34"
          ]
        },
        {
          "question_id": 1,
          "question_type": "정보",
          "question": "대표 메뉴가 무엇인가요?",
          "question_wordNum": 3,
          "answer": "염소탕, 야채탕",
          "answer_wordNum": 2,
          "fact": [
            "화순수만리염소탕 발산점,메뉴,염소탕, 야채탕"
          ]
        },
        {
          "question_id": 2,
          "question_type": "관계",
          "question": "이 곳에 인접한 시설이 있나요?",
          "question_wordNum": 5,
          "answer": "발산역 6번 출구, 남도명가, 장어촌",
          "answer_wordNum": 5,
          "fact": [
            "화순수만리염소탕 발산점,인접,발산역 6번 출구, 남도명가, 장어촌"
          ]
        },
        {
          "question_id": 3,
          "question_type": "탐색",
          "question": "주차시설이 있나요?",
          "question_wordNum": 2,
          "answer": "있음",
          "answer_wordNum": 1,
          "fact": [
            "화순수만리염소탕 발산점,주차시설,있음"
          ]
        }
      ]
    }
  ]
}