{
  "data": {
    "dataset": "2-083-219",
    "POI_id": "561645",
    "travelType": "음식점",
    "place": "잔잔하게 ",
    "area": "서울"
  },
  "imageInfo": [
    {
      "image_id": 0,
      "filename": "561645_0_su_5_잔잔하게 _1_001.png",
      "mapx": 37.5680890965874,
      "mapy": 126.825424095847,
      "width": 3840,
      "height": 2160,
      "caption_info": [
        "잔잔하게(마곡동)",
        "자동문"
      ]
    },
    {
      "image_id": 1,
      "filename": "561645_0_su_5_잔잔하게 _1_002.png",
      "mapx": 37.5680890965874,
      "mapy": 126.825424095847,
      "width": 3840,
      "height": 2160,
      "caption_info": [
        "잔잔하게(마곡동)",
        "간판"
      ]
    },
    {
      "image_id": 2,
      "filename": "561645_0_su_5_잔잔하게 _1_003.png",
      "mapx": 37.5680890965874,
      "mapy": 126.825424095847,
      "width": 3840,
      "height": 2160,
      "caption_info": [
        "잔잔하게(마곡동)",
        "테이블, 등받이의자"
      ]
    },
    {
      "image_id": 3,
      "filename": "561645_0_su_5_잔잔하게 _1_004.png",
      "mapx": 37.5680890965874,
      "mapy": 126.825424095847,
      "width": 3840,
      "height": 2160,
      "caption_info": [
        "잔잔하게(마곡동)",
        "메뉴판"
      ]
    },
    {
      "image_id": 4,
      "filename": "561645_0_su_5_잔잔하게 _1_005.png",
      "mapx": 37.5680890965874,
      "mapy": 126.825424095847,
      "width": 3840,
      "height": 2160,
      "caption_info": [
        "잔잔하게(마곡동)",
        "스테이크"
      ]
    }
  ],
  "annotations": [
    {
      "image_id": 0,
      "question": [
        {
          "question_id": 0,
          "question_type": "관계",
          "question": "이 곳에 인접한 시설이 있나요?",
          "question_wordNum": 5,
          "answer": "마곡나루역 1번 출구, 몽키마라, 긴자료코",
          "answer_wordNum": 5,
          "fact": [
            "잔잔하게,인접,마곡나루역 1번 출구, 몽키마라, 긴자료코"
          ]
        },
        {
          "question_id": 1,
          "question_type": "정보",
          "question": "이 곳의 주소는 어떻게 되나요?",
          "question_wordNum": 5,
          "answer": "서울 강서구 마곡서로 158 센트럴타워2 3층 301호 잔잔하게",
          "answer_wordNum": 8,
          "fact": [
            "잔잔하게,주소,서울 강서구 마곡서로 158 센트럴타워2 3층 301호 잔잔하게"
          ]
        },
        {
          "question_id": 2,
          "question_type": "탐색",
          "question": "주차시설이 있나요?",
          "question_wordNum": 2,
          "answer": "있음",
          "answer_wordNum": 1,
          "fact": [
            "잔잔하게,주차시설,있음"
          ]
        },
        {
          "question_id": 3,
          "question_type": "정보",
          "question": "이 곳의 주요 메뉴는 무엇이 있나요?",
          "question_wordNum": 6,
          "answer": "치킨스테이크, 통삼겹 스테이크",
          "answer_wordNum": 3,
          "fact": [
            "잔잔하게,메뉴,치킨스테이크, 통삼겹 스테이크"
          ]
        }
      ]
    },
    {
      "image_id": 1,
      "question": [
        {
          "question_id": 0,
          "question_type": "정보",
          "question": "이 곳의 주소는 어떻게 되나요?",
          "question_wordNum": 5,
          "answer": "서울 강서구 마곡서로 158 센트럴타워2 3층 301호 잔잔하게",
          "answer_wordNum": 8,
          "fact": [
            "잔잔하게,주소,서울 강서구 마곡서로 158 센트럴타워2 3층 301호 잔잔하게"
          ]
        },
        {
          "question_id": 1,
          "question_type": "정보",
          "question": "영업시간은 어떻게 되나요?",
          "question_wordNum": 3,
          "answer": "17:00~02:00",
          "answer_wordNum": 1,
          "fact": [
            "잔잔하게,영업시간,17:00~02:00"
          ]
        },
        {
          "question_id": 2,
          "question_type": "정보",
          "question": "연락처가 어떻게 되나요?",
          "question_wordNum": 3,
          "answer": "0507-1433-7828",
          "answer_wordNum": 1,
          "fact": [
            "잔잔하게,연락처,0507-1433-7828"
          ]
        },
        {
          "question_id": 3,
          "question_type": "정보",
          "question": "휴무일은 어떻게 되나요?",
          "question_wordNum": 3,
          "answer": "매주 일요일",
          "answer_wordNum": 2,
          "fact": [
            "잔잔하게,휴무일,매주 일요일"
          ]
        }
      ]
    },
    {
      "image_id": 2,
      "question": [
        {
          "question_id": 0,
          "question_type": "탐색",
          "question": "주차시설이 있나요?",
          "question_wordNum": 2,
          "answer": "있음",
          "answer_wordNum": 1,
          "fact": [
            "잔잔하게,주차시설,있음"
          ]
        },
        {
          "question_id": 1,
          "question_type": "정보",
          "question": "이 곳의 주요 메뉴는 무엇이 있나요?",
          "question_wordNum": 6,
          "answer": "치킨스테이크, 통삼겹 스테이크",
          "answer_wordNum": 3,
          "fact": [
            "잔잔하게,메뉴,치킨스테이크, 통삼겹 스테이크"
          ]
        },
        {
          "question_id": 2,
          "question_type": "관계",
          "question": "이 곳에 인접한 시설이 있나요?",
          "question_wordNum": 5,
          "answer": "마곡나루역 1번 출구, 몽키마라, 긴자료코",
          "answer_wordNum": 5,
          "fact": [
            "잔잔하게,인접,마곡나루역 1번 출구, 몽키마라, 긴자료코"
          ]
        },
        {
          "question_id": 3,
          "question_type": "정보",
          "question": "이 곳의 주소는 어떻게 되나요?",
          "question_wordNum": 5,
          "answer": "서울 강서구 마곡서로 158 센트럴타워2 3층 301호 잔잔하게",
          "answer_wordNum": 8,
          "fact": [
            "잔잔하게,주소,서울 강서구 마곡서로 158 센트럴타워2 3층 301호 잔잔하게"
          ]
        }
      ]
    },
    {
      "image_id": 3,
      "question": [
        {
          "question_id": 0,
          "question_type": "탐색",
          "question": "주차시설이 있나요?",
          "question_wordNum": 2,
          "answer": "있음",
          "answer_wordNum": 1,
          "fact": [
            "잔잔하게,주차시설,있음"
          ]
        },
        {
          "question_id": 1,
          "question_type": "정보",
          "question": "이 곳의 주요 메뉴는 무엇이 있나요?",
          "question_wordNum": 6,
          "answer": "치킨스테이크, 통삼겹 스테이크",
          "answer_wordNum": 3,
          "fact": [
            "잔잔하게,메뉴,치킨스테이크, 통삼겹 스테이크"
          ]
        },
        {
          "question_id": 2,
          "question_type": "정보",
          "question": "연락처가 어떻게 되나요?",
          "question_wordNum": 3,
          "answer": "0507-1433-7828",
          "answer_wordNum": 1,
          "fact": [
            "잔잔하게,연락처,0507-1433-7828"
          ]
        },
        {
          "question_id": 3,
          "question_type": "정보",
          "question": "영업시간은 어떻게 되나요?",
          "question_wordNum": 3,
          "answer": "17:00~02:00",
          "answer_wordNum": 1,
          "fact": [
            "잔잔하게,영업시간,17:00~02:00"
          ]
        }
      ]
    },
    {
      "image_id": 4,
      "question": [
        {
          "question_id": 0,
          "question_type": "탐색",
          "question": "주차시설이 있나요?",
          "question_wordNum": 2,
          "answer": "있음",
          "answer_wordNum": 1,
          "fact": [
            "잔잔하게,주차시설,있음"
          ]
        },
        {
          "question_id": 1,
          "question_type": "관계",
          "question": "이 곳에 인접한 시설이 있나요?",
          "question_wordNum": 5,
          "answer": "마곡나루역 1번 출구, 몽키마라, 긴자료코",
          "answer_wordNum": 5,
          "fact": [
            "잔잔하게,인접,마곡나루역 1번 출구, 몽키마라, 긴자료코"
          ]
        },
        {
          "question_id": 2,
          "question_type": "정보",
          "question": "이 곳의 주요 메뉴는 무엇이 있나요?",
          "question_wordNum": 6,
          "answer": "치킨스테이크, 통삼겹 스테이크",
          "answer_wordNum": 3,
          "fact": [
            "잔잔하게,메뉴,치킨스테이크, 통삼겹 스테이크"
          ]
        },
        {
          "question_id": 3,
          "question_type": "정보",
          "question": "영업시간은 어떻게 되나요?",
          "question_wordNum": 3,
          "answer": "17:00~02:00",
          "answer_wordNum": 1,
          "fact": [
            "잔잔하게,영업시간,17:00~02:00"
          ]
        }
      ]
    }
  ]
}