{
  "data": {
    "dataset": "2-083-219",
    "POI_id": "561505",
    "travelType": "음식점",
    "place": "닭장맥주 마곡나루본점",
    "area": "서울"
  },
  "imageInfo": [
    {
      "image_id": 0,
      "filename": "561505_0_su_5_닭장맥주 마곡나루본점_1_001.png",
      "mapx": 37.568851450649,
      "mapy": 126.827338682565,
      "width": 3840,
      "height": 2160,
      "caption_info": [
        "닭장맥주 마곡나루본점(마곡동)",
        "간판, 어닝"
      ]
    },
    {
      "image_id": 1,
      "filename": "561505_0_su_5_닭장맥주 마곡나루본점_1_002.png",
      "mapx": 37.568851450649,
      "mapy": 126.827338682565,
      "width": 3840,
      "height": 2160,
      "caption_info": [
        "닭장맥주 마곡나루본점(마곡동)",
        "간판, 어닝, 테이블, 의자, 실외기"
      ]
    },
    {
      "image_id": 2,
      "filename": "561505_0_su_5_닭장맥주 마곡나루본점_1_003.png",
      "mapx": 37.568851450649,
      "mapy": 126.827338682565,
      "width": 3840,
      "height": 2160,
      "caption_info": [
        "닭장맥주 마곡나루본점(마곡동)",
        "테이블"
      ]
    },
    {
      "image_id": 3,
      "filename": "561505_0_su_5_닭장맥주 마곡나루본점_1_004.png",
      "mapx": 37.568851450649,
      "mapy": 126.827338682565,
      "width": 3840,
      "height": 2160,
      "caption_info": [
        "닭장맥주 마곡나루본점(마곡동)",
        "메뉴판"
      ]
    },
    {
      "image_id": 4,
      "filename": "561505_0_su_5_닭장맥주 마곡나루본점_1_005.png",
      "mapx": 37.568851450649,
      "mapy": 126.827338682565,
      "width": 3840,
      "height": 2160,
      "caption_info": [
        "닭장맥주 마곡나루본점(마곡동)",
        "파스타, 떡볶이"
      ]
    }
  ],
  "annotations": [
    {
      "image_id": 0,
      "question": [
        {
          "question_id": 0,
          "question_type": "탐색",
          "question": "주차시설이 있는지 알 수 있나요?",
          "question_wordNum": 5,
          "answer": "있음",
          "answer_wordNum": 1,
          "fact": [
            "닭장맥주 마곡나루본점,주차시설,있음"
          ]
        },
        {
          "question_id": 1,
          "question_type": "정보",
          "question": "연락처가 어떻게 되나요?",
          "question_wordNum": 3,
          "answer": "0507-1339-7693",
          "answer_wordNum": 1,
          "fact": [
            "닭장맥주 마곡나루본점,연락처,0507-1339-7693"
          ]
        },
        {
          "question_id": 2,
          "question_type": "정보",
          "question": "이 곳의 주소를 알 수 있나요?",
          "question_wordNum": 6,
          "answer": "서울 강서구 마곡중앙로 161-8 두산더랜드파크 C동 107호 108호",
          "answer_wordNum": 8,
          "fact": [
            "닭장맥주 마곡나루본점,주소,서울 강서구 마곡중앙로 161-8 두산더랜드파크 C동 107호 108호"
          ]
        },
        {
          "question_id": 3,
          "question_type": "정보",
          "question": "휴무일은 어떻게 되나요?",
          "question_wordNum": 3,
          "answer": "알수없음",
          "answer_wordNum": 1,
          "fact": [
            "닭장맥주 마곡나루본점,휴무일,알수없음"
          ]
        }
      ]
    },
    {
      "image_id": 1,
      "question": [
        {
          "question_id": 0,
          "question_type": "정보",
          "question": "이 곳의 대표적인 메뉴를 알 수 있나요?",
          "question_wordNum": 7,
          "answer": "반반치킨, 후라이드 치킨",
          "answer_wordNum": 3,
          "fact": [
            "닭장맥주 마곡나루본점,메뉴,반반치킨, 후라이드 치킨"
          ]
        },
        {
          "question_id": 1,
          "question_type": "탐색",
          "question": "주차시설이 있는지 알 수 있나요?",
          "question_wordNum": 5,
          "answer": "있음",
          "answer_wordNum": 1,
          "fact": [
            "닭장맥주 마곡나루본점,주차시설,있음"
          ]
        },
        {
          "question_id": 2,
          "question_type": "정보",
          "question": "영업시간을 알 수 있나요?",
          "question_wordNum": 4,
          "answer": "14:00-24:00/02:00",
          "answer_wordNum": 1,
          "fact": [
            "닭장맥주 마곡나루본점,영업시간,14:00-24:00/02:00"
          ]
        },
        {
          "question_id": 3,
          "question_type": "관계",
          "question": "이 곳에 인접한 시설을 알 수 있나요?",
          "question_wordNum": 7,
          "answer": "마곡나루역 2번출구, 빽다방, 참치예담",
          "answer_wordNum": 4,
          "fact": [
            "닭장맥주 마곡나루본점,인접,마곡나루역 2번출구, 빽다방, 참치예담"
          ]
        }
      ]
    },
    {
      "image_id": 2,
      "question": [
        {
          "question_id": 0,
          "question_type": "정보",
          "question": "영업시간을 알 수 있나요?",
          "question_wordNum": 4,
          "answer": "14:00-24:00/02:00",
          "answer_wordNum": 1,
          "fact": [
            "닭장맥주 마곡나루본점,영업시간,14:00-24:00/02:00"
          ]
        },
        {
          "question_id": 1,
          "question_type": "정보",
          "question": "연락처가 어떻게 되나요?",
          "question_wordNum": 3,
          "answer": "0507-1339-7693",
          "answer_wordNum": 1,
          "fact": [
            "닭장맥주 마곡나루본점,연락처,0507-1339-7693"
          ]
        },
        {
          "question_id": 2,
          "question_type": "탐색",
          "question": "주차시설이 있는지 알 수 있나요?",
          "question_wordNum": 5,
          "answer": "있음",
          "answer_wordNum": 1,
          "fact": [
            "닭장맥주 마곡나루본점,주차시설,있음"
          ]
        },
        {
          "question_id": 3,
          "question_type": "정보",
          "question": "이 곳의 주소를 알 수 있나요?",
          "question_wordNum": 6,
          "answer": "서울 강서구 마곡중앙로 161-8 두산더랜드파크 C동 107호 108호",
          "answer_wordNum": 8,
          "fact": [
            "닭장맥주 마곡나루본점,주소,서울 강서구 마곡중앙로 161-8 두산더랜드파크 C동 107호 108호"
          ]
        }
      ]
    },
    {
      "image_id": 3,
      "question": [
        {
          "question_id": 0,
          "question_type": "정보",
          "question": "이 곳의 주소는 어떻게 되나요?",
          "question_wordNum": 5,
          "answer": "서울 강서구 마곡중앙로 161-8 두산더랜드파크 C동 107호 108호",
          "answer_wordNum": 8,
          "fact": [
            "닭장맥주 마곡나루본점,주소,서울 강서구 마곡중앙로 161-8 두산더랜드파크 C동 107호 108호"
          ]
        },
        {
          "question_id": 1,
          "question_type": "관계",
          "question": "이 곳에 인접한 시설이 있나요?",
          "question_wordNum": 5,
          "answer": "마곡나루역 2번출구, 빽다방, 참치예담",
          "answer_wordNum": 4,
          "fact": [
            "닭장맥주 마곡나루본점,인접,마곡나루역 2번출구, 빽다방, 참치예담"
          ]
        },
        {
          "question_id": 2,
          "question_type": "정보",
          "question": "휴무일을 알 수 있나요?",
          "question_wordNum": 4,
          "answer": "알수없음",
          "answer_wordNum": 1,
          "fact": [
            "닭장맥주 마곡나루본점,휴무일,알수없음"
          ]
        },
        {
          "question_id": 3,
          "question_type": "탐색",
          "question": "주차시설이 있는지 알 수 있나요?",
          "question_wordNum": 5,
          "answer": "있음",
          "answer_wordNum": 1,
          "fact": [
            "닭장맥주 마곡나루본점,주차시설,있음"
          ]
        }
      ]
    },
    {
      "image_id": 4,
      "question": [
        {
          "question_id": 0,
          "question_type": "정보",
          "question": "휴무일은 어떻게 되나요?",
          "question_wordNum": 3,
          "answer": "알수없음",
          "answer_wordNum": 1,
          "fact": [
            "닭장맥주 마곡나루본점,휴무일,알수없음"
          ]
        },
        {
          "question_id": 1,
          "question_type": "관계",
          "question": "이 곳에 인접한 시설이 있나요?",
          "question_wordNum": 5,
          "answer": "마곡나루역 2번출구, 빽다방, 참치예담",
          "answer_wordNum": 4,
          "fact": [
            "닭장맥주 마곡나루본점,인접,마곡나루역 2번출구, 빽다방, 참치예담"
          ]
        },
        {
          "question_id": 2,
          "question_type": "정보",
          "question": "연락처를 알 수 있나요?",
          "question_wordNum": 4,
          "answer": "0507-1339-7693",
          "answer_wordNum": 1,
          "fact": [
            "닭장맥주 마곡나루본점,연락처,0507-1339-7693"
          ]
        },
        {
          "question_id": 3,
          "question_type": "정보",
          "question": "이 곳의 대표적인 메뉴를 알 수 있나요?",
          "question_wordNum": 7,
          "answer": "반반치킨, 후라이드 치킨",
          "answer_wordNum": 3,
          "fact": [
            "닭장맥주 마곡나루본점,메뉴,반반치킨, 후라이드 치킨"
          ]
        }
      ]
    }
  ]
}