{
  "data": {
    "dataset": "2-083-219",
    "POI_id": "561396",
    "travelType": "음식점",
    "place": "앤티앤스 홈플러스가양점",
    "area": "서울"
  },
  "imageInfo": [
    {
      "image_id": 0,
      "filename": "561396_0_su_5_앤티앤스 홈플러스가양점_1_001.png",
      "mapx": 37.5642640468035,
      "mapy": 126.849960213917,
      "width": 3840,
      "height": 2160,
      "caption_info": [
        "앤티앤스 홈플러스가양점(가양동)",
        "건물, 간판"
      ]
    },
    {
      "image_id": 1,
      "filename": "561396_0_su_5_앤티앤스 홈플러스가양점_1_002.png",
      "mapx": 37.5642640468035,
      "mapy": 126.849960213917,
      "width": 3840,
      "height": 2160,
      "caption_info": [
        "앤티앤스 홈플러스가양점(가양동)",
        "건물, 간판"
      ]
    },
    {
      "image_id": 2,
      "filename": "561396_0_su_5_앤티앤스 홈플러스가양점_1_003.png",
      "mapx": 37.5642640468035,
      "mapy": 126.849960213917,
      "width": 3840,
      "height": 2160,
      "caption_info": [
        "앤티앤스 홈플러스가양점(가양동)",
        "테이블, 등받이의자"
      ]
    },
    {
      "image_id": 3,
      "filename": "561396_0_su_5_앤티앤스 홈플러스가양점_1_004.png",
      "mapx": 37.5642640468035,
      "mapy": 126.849960213917,
      "width": 3840,
      "height": 2160,
      "caption_info": [
        "앤티앤스 홈플러스가양점(가양동)",
        "메뉴판"
      ]
    },
    {
      "image_id": 4,
      "filename": "561396_0_su_5_앤티앤스 홈플러스가양점_1_005.png",
      "mapx": 37.5642640468035,
      "mapy": 126.849960213917,
      "width": 3840,
      "height": 2160,
      "caption_info": [
        "앤티앤스 홈플러스가양점(가양동)",
        "오리지널스틱"
      ]
    }
  ],
  "annotations": [
    {
      "image_id": 0,
      "question": [
        {
          "question_id": 0,
          "question_type": "관계",
          "question": "이 곳에 인접한 시설이 있나요?",
          "question_wordNum": 5,
          "answer": "가양역 1번 출구, 홈플러스, CU",
          "answer_wordNum": 5,
          "fact": [
            "앤티앤스 홈플러스가양점,인접,가양역 1번 출구, 홈플러스, CU"
          ]
        },
        {
          "question_id": 1,
          "question_type": "정보",
          "question": "연락처가 어떻게 되나요?",
          "question_wordNum": 3,
          "answer": "0507-1406-8651",
          "answer_wordNum": 1,
          "fact": [
            "앤티앤스 홈플러스가양점,연락처,0507-1406-8651"
          ]
        },
        {
          "question_id": 2,
          "question_type": "정보",
          "question": "이 곳의 주요 메뉴는 무엇이 있나요?",
          "question_wordNum": 6,
          "answer": "아몬드 크림치즈 스틱, 오리지널 스틱",
          "answer_wordNum": 5,
          "fact": [
            "앤티앤스 홈플러스가양점,메뉴,아몬드 크림치즈 스틱, 오리지널 스틱"
          ]
        },
        {
          "question_id": 3,
          "question_type": "정보",
          "question": "이 곳의 주소는 어떻게 되나요?",
          "question_wordNum": 5,
          "answer": "서울 강서구 양천로 431 가양 홈플러스 1층",
          "answer_wordNum": 7,
          "fact": [
            "앤티앤스 홈플러스가양점,주소,서울 강서구 양천로 431 가양 홈플러스 1층"
          ]
        }
      ]
    },
    {
      "image_id": 1,
      "question": [
        {
          "question_id": 0,
          "question_type": "정보",
          "question": "이 곳의 주요 메뉴는 무엇이 있나요?",
          "question_wordNum": 6,
          "answer": "아몬드 크림치즈 스틱, 오리지널 스틱",
          "answer_wordNum": 5,
          "fact": [
            "앤티앤스 홈플러스가양점,메뉴,아몬드 크림치즈 스틱, 오리지널 스틱"
          ]
        },
        {
          "question_id": 1,
          "question_type": "정보",
          "question": "영업시간은 어떻게 되나요?",
          "question_wordNum": 3,
          "answer": "10:00~19:30",
          "answer_wordNum": 1,
          "fact": [
            "앤티앤스 홈플러스가양점,영업시간,10:00~19:30"
          ]
        },
        {
          "question_id": 2,
          "question_type": "정보",
          "question": "연락처가 어떻게 되나요?",
          "question_wordNum": 3,
          "answer": "0507-1406-8651",
          "answer_wordNum": 1,
          "fact": [
            "앤티앤스 홈플러스가양점,연락처,0507-1406-8651"
          ]
        },
        {
          "question_id": 3,
          "question_type": "정보",
          "question": "이 곳의 주소는 어떻게 되나요?",
          "question_wordNum": 5,
          "answer": "서울 강서구 양천로 431 가양 홈플러스 1층",
          "answer_wordNum": 7,
          "fact": [
            "앤티앤스 홈플러스가양점,주소,서울 강서구 양천로 431 가양 홈플러스 1층"
          ]
        }
      ]
    },
    {
      "image_id": 2,
      "question": [
        {
          "question_id": 0,
          "question_type": "정보",
          "question": "이 곳의 주소는 어떻게 되나요?",
          "question_wordNum": 5,
          "answer": "서울 강서구 양천로 431 가양 홈플러스 1층",
          "answer_wordNum": 7,
          "fact": [
            "앤티앤스 홈플러스가양점,주소,서울 강서구 양천로 431 가양 홈플러스 1층"
          ]
        },
        {
          "question_id": 1,
          "question_type": "정보",
          "question": "연락처가 어떻게 되나요?",
          "question_wordNum": 3,
          "answer": "0507-1406-8651",
          "answer_wordNum": 1,
          "fact": [
            "앤티앤스 홈플러스가양점,연락처,0507-1406-8651"
          ]
        },
        {
          "question_id": 2,
          "question_type": "관계",
          "question": "이 곳에 인접한 시설이 있나요?",
          "question_wordNum": 5,
          "answer": "가양역 1번 출구, 홈플러스, CU",
          "answer_wordNum": 5,
          "fact": [
            "앤티앤스 홈플러스가양점,인접,가양역 1번 출구, 홈플러스, CU"
          ]
        },
        {
          "question_id": 3,
          "question_type": "정보",
          "question": "이 곳은 무엇이 가능한가요?",
          "question_wordNum": 4,
          "answer": "프레즐 구매",
          "answer_wordNum": 2,
          "fact": [
            "앤티앤스 홈플러스가양점,가능,프레즐 구매"
          ]
        }
      ]
    },
    {
      "image_id": 3,
      "question": [
        {
          "question_id": 0,
          "question_type": "정보",
          "question": "이 곳의 주요 메뉴는 무엇이 있나요?",
          "question_wordNum": 6,
          "answer": "아몬드 크림치즈 스틱, 오리지널 스틱",
          "answer_wordNum": 5,
          "fact": [
            "앤티앤스 홈플러스가양점,메뉴,아몬드 크림치즈 스틱, 오리지널 스틱"
          ]
        },
        {
          "question_id": 1,
          "question_type": "정보",
          "question": "영업시간은 어떻게 되나요?",
          "question_wordNum": 3,
          "answer": "10:00~19:30",
          "answer_wordNum": 1,
          "fact": [
            "앤티앤스 홈플러스가양점,영업시간,10:00~19:30"
          ]
        },
        {
          "question_id": 2,
          "question_type": "탐색",
          "question": "주차시설이 있나요?",
          "question_wordNum": 2,
          "answer": "있음",
          "answer_wordNum": 1,
          "fact": [
            "앤티앤스 홈플러스가양점,주차시설,있음"
          ]
        },
        {
          "question_id": 3,
          "question_type": "정보",
          "question": "휴무일은 어떻게 되나요?",
          "question_wordNum": 3,
          "answer": "매주 일요일",
          "answer_wordNum": 2,
          "fact": [
            "앤티앤스 홈플러스가양점,휴무일,매주 일요일"
          ]
        }
      ]
    },
    {
      "image_id": 4,
      "question": [
        {
          "question_id": 0,
          "question_type": "정보",
          "question": "영업시간은 어떻게 되나요?",
          "question_wordNum": 3,
          "answer": "10:00~19:30",
          "answer_wordNum": 1,
          "fact": [
            "앤티앤스 홈플러스가양점,영업시간,10:00~19:30"
          ]
        },
        {
          "question_id": 1,
          "question_type": "관계",
          "question": "이 곳에 인접한 시설이 있나요?",
          "question_wordNum": 5,
          "answer": "가양역 1번 출구, 홈플러스, CU",
          "answer_wordNum": 5,
          "fact": [
            "앤티앤스 홈플러스가양점,인접,가양역 1번 출구, 홈플러스, CU"
          ]
        },
        {
          "question_id": 2,
          "question_type": "정보",
          "question": "휴무일은 어떻게 되나요?",
          "question_wordNum": 3,
          "answer": "매주 일요일",
          "answer_wordNum": 2,
          "fact": [
            "앤티앤스 홈플러스가양점,휴무일,매주 일요일"
          ]
        },
        {
          "question_id": 3,
          "question_type": "정보",
          "question": "이 곳의 대표적인 메뉴는 무엇이 있나요?",
          "question_wordNum": 6,
          "answer": "아몬드 크림치즈 스틱, 오리지널 스틱",
          "answer_wordNum": 5,
          "fact": [
            "앤티앤스 홈플러스가양점,메뉴,아몬드 크림치즈 스틱, 오리지널 스틱"
          ]
        }
      ]
    }
  ]
}