{
  "data": {
    "dataset": "2-083-219",
    "POI_id": "561690",
    "travelType": "음식점",
    "place": "이치방라멘 ",
    "area": "서울"
  },
  "imageInfo": [
    {
      "image_id": 0,
      "filename": "561690_0_su_5_이치방라멘 _1_001.png",
      "mapx": 37.5499605952374,
      "mapy": 126.835973411049,
      "width": 3840,
      "height": 2160,
      "caption_info": [
        "이치방라멘(강서구) ",
        "간판"
      ]
    },
    {
      "image_id": 1,
      "filename": "561690_0_su_5_이치방라멘 _1_002.png",
      "mapx": 37.5499605952374,
      "mapy": 126.835973411049,
      "width": 3840,
      "height": 2160,
      "caption_info": [
        "이치방라멘(강서구) ",
        "간판"
      ]
    },
    {
      "image_id": 2,
      "filename": "561690_0_su_5_이치방라멘 _1_003.png",
      "mapx": 37.5499605952374,
      "mapy": 126.835973411049,
      "width": 3840,
      "height": 2160,
      "caption_info": [
        "이치방라멘(강서구) ",
        "등받이 의자"
      ]
    },
    {
      "image_id": 3,
      "filename": "561690_0_su_5_이치방라멘 _1_004.png",
      "mapx": 37.5499605952374,
      "mapy": 126.835973411049,
      "width": 3840,
      "height": 2160,
      "caption_info": [
        "이치방라멘(강서구) ",
        "메뉴판 "
      ]
    },
    {
      "image_id": 4,
      "filename": "561690_0_su_5_이치방라멘 _1_005.png",
      "mapx": 37.5499605952374,
      "mapy": 126.835973411049,
      "width": 3840,
      "height": 2160,
      "caption_info": [
        "이치방라멘(강서구) ",
        "라멘"
      ]
    }
  ],
  "annotations": [
    {
      "image_id": 0,
      "question": [
        {
          "question_id": 0,
          "question_type": "정보",
          "question": "영업시간은 어떻게 되나요?",
          "question_wordNum": 3,
          "answer": "11:00~22:00",
          "answer_wordNum": 1,
          "fact": [
            "이치방라멘,영업시간,11:00~22:00"
          ]
        },
        {
          "question_id": 1,
          "question_type": "정보",
          "question": "이 곳의 주소를 알 수 있나요?",
          "question_wordNum": 6,
          "answer": "서울 강서구 강서로 271",
          "answer_wordNum": 4,
          "fact": [
            "이치방라멘,주소,서울 강서구 강서로 271"
          ]
        },
        {
          "question_id": 2,
          "question_type": "정보",
          "question": "이 곳의 메뉴를 알 수 있나요?",
          "question_wordNum": 6,
          "answer": "돈코츠라멘, 카라이라멘",
          "answer_wordNum": 2,
          "fact": [
            "이치방라멘,메뉴,돈코츠라멘, 카라이라멘"
          ]
        },
        {
          "question_id": 3,
          "question_type": "관계",
          "question": "이 곳에 인접한 시설을 알 수 있나요?",
          "question_wordNum": 7,
          "answer": "우장산역 4번 출구, 맘스터치, 송화초밥",
          "answer_wordNum": 5,
          "fact": [
            "이치방라멘,인접,우장산역 4번 출구, 맘스터치, 송화초밥"
          ]
        }
      ]
    },
    {
      "image_id": 1,
      "question": [
        {
          "question_id": 0,
          "question_type": "정보",
          "question": "영업시간은 어떻게 되나요?",
          "question_wordNum": 3,
          "answer": "11:00~22:00",
          "answer_wordNum": 1,
          "fact": [
            "이치방라멘,영업시간,11:00~22:00"
          ]
        },
        {
          "question_id": 1,
          "question_type": "정보",
          "question": "휴무일은 어떻게 되나요?",
          "question_wordNum": 3,
          "answer": "매주 일요일",
          "answer_wordNum": 2,
          "fact": [
            "이치방라멘,휴무일,매주 일요일"
          ]
        },
        {
          "question_id": 2,
          "question_type": "정보",
          "question": "이 곳의 메뉴를 알 수 있나요?",
          "question_wordNum": 6,
          "answer": "돈코츠라멘, 카라이라멘",
          "answer_wordNum": 2,
          "fact": [
            "이치방라멘,메뉴,돈코츠라멘, 카라이라멘"
          ]
        },
        {
          "question_id": 3,
          "question_type": "정보",
          "question": "이 곳의 주소는 어떻게 되나요?",
          "question_wordNum": 5,
          "answer": "서울 강서구 강서로 271",
          "answer_wordNum": 4,
          "fact": [
            "이치방라멘,주소,서울 강서구 강서로 271"
          ]
        }
      ]
    },
    {
      "image_id": 2,
      "question": [
        {
          "question_id": 0,
          "question_type": "탐색",
          "question": "주차시설이 있는지 알 수 있나요?",
          "question_wordNum": 5,
          "answer": "있음",
          "answer_wordNum": 1,
          "fact": [
            "이치방라멘,주차시설,있음"
          ]
        },
        {
          "question_id": 1,
          "question_type": "정보",
          "question": "대표 메뉴가 무엇인가요?",
          "question_wordNum": 3,
          "answer": "돈코츠라멘, 카라이라멘",
          "answer_wordNum": 2,
          "fact": [
            "이치방라멘,메뉴,돈코츠라멘, 카라이라멘"
          ]
        },
        {
          "question_id": 2,
          "question_type": "정보",
          "question": "휴무일을 알 수 있나요?",
          "question_wordNum": 4,
          "answer": "매주 일요일",
          "answer_wordNum": 2,
          "fact": [
            "이치방라멘,휴무일,매주 일요일"
          ]
        },
        {
          "question_id": 3,
          "question_type": "정보",
          "question": "연락처가 어떻게 되나요?",
          "question_wordNum": 3,
          "answer": "0507-1312-6145",
          "answer_wordNum": 1,
          "fact": [
            "이치방라멘,연락처,0507-1312-6145"
          ]
        }
      ]
    },
    {
      "image_id": 3,
      "question": [
        {
          "question_id": 0,
          "question_type": "관계",
          "question": "이 곳에 인접한 시설을 알 수 있나요?",
          "question_wordNum": 7,
          "answer": "우장산역 4번 출구, 맘스터치, 송화초밥",
          "answer_wordNum": 5,
          "fact": [
            "이치방라멘,인접,우장산역 4번 출구, 맘스터치, 송화초밥"
          ]
        },
        {
          "question_id": 1,
          "question_type": "정보",
          "question": "이 곳의 메뉴를 알 수 있나요?",
          "question_wordNum": 6,
          "answer": "돈코츠라멘, 카라이라멘",
          "answer_wordNum": 2,
          "fact": [
            "이치방라멘,메뉴,돈코츠라멘, 카라이라멘"
          ]
        },
        {
          "question_id": 2,
          "question_type": "정보",
          "question": "휴무일은 어떻게 되나요?",
          "question_wordNum": 3,
          "answer": "매주 일요일",
          "answer_wordNum": 2,
          "fact": [
            "이치방라멘,휴무일,매주 일요일"
          ]
        },
        {
          "question_id": 3,
          "question_type": "정보",
          "question": "영업시간은 어떻게 되나요?",
          "question_wordNum": 3,
          "answer": "11:00~22:00",
          "answer_wordNum": 1,
          "fact": [
            "이치방라멘,영업시간,11:00~22:00"
          ]
        }
      ]
    },
    {
      "image_id": 4,
      "question": [
        {
          "question_id": 0,
          "question_type": "정보",
          "question": "대표 메뉴가 무엇인가요?",
          "question_wordNum": 3,
          "answer": "돈코츠라멘, 카라이라멘",
          "answer_wordNum": 2,
          "fact": [
            "이치방라멘,메뉴,돈코츠라멘, 카라이라멘"
          ]
        },
        {
          "question_id": 1,
          "question_type": "정보",
          "question": "휴무일은 어떻게 되나요?",
          "question_wordNum": 3,
          "answer": "매주 일요일",
          "answer_wordNum": 2,
          "fact": [
            "이치방라멘,휴무일,매주 일요일"
          ]
        },
        {
          "question_id": 2,
          "question_type": "정보",
          "question": "이 곳의 주소는 어떻게 되나요?",
          "question_wordNum": 5,
          "answer": "서울 강서구 강서로 271",
          "answer_wordNum": 4,
          "fact": [
            "이치방라멘,주소,서울 강서구 강서로 271"
          ]
        },
        {
          "question_id": 3,
          "question_type": "탐색",
          "question": "주차시설이 있나요?",
          "question_wordNum": 2,
          "answer": "있음",
          "answer_wordNum": 1,
          "fact": [
            "이치방라멘,주차시설,있음"
          ]
        }
      ]
    }
  ]
}