{
  "data": {
    "dataset": "2-083-219",
    "POI_id": "561827",
    "travelType": "음식점",
    "place": "80년 전통 원조순대국",
    "area": "서울"
  },
  "imageInfo": [
    {
      "image_id": 0,
      "filename": "561827_0_su_5_80년 전통 원조순대국_1_001.png",
      "mapx": 37.5534307594039,
      "mapy": 126.816893010044,
      "width": 3840,
      "height": 2160,
      "caption_info": [
        "80년 전통 원조순대국(강서구)",
        "간판"
      ]
    },
    {
      "image_id": 1,
      "filename": "561827_0_su_5_80년 전통 원조순대국_1_002.png",
      "mapx": 37.5534307594039,
      "mapy": 126.816893010044,
      "width": 3840,
      "height": 2160,
      "caption_info": [
        "80년 전통 원조순대국(강서구)",
        "간판"
      ]
    },
    {
      "image_id": 2,
      "filename": "561827_0_su_5_80년 전통 원조순대국_1_003.png",
      "mapx": 37.5534307594039,
      "mapy": 126.816893010044,
      "width": 3840,
      "height": 2160,
      "caption_info": [
        "80년 전통 원조순대국(강서구)",
        "사각 테이블"
      ]
    },
    {
      "image_id": 3,
      "filename": "561827_0_su_5_80년 전통 원조순대국_1_004.png",
      "mapx": 37.5534307594039,
      "mapy": 126.816893010044,
      "width": 3840,
      "height": 2160,
      "caption_info": [
        "80년 전통 원조순대국(강서구)",
        "메뉴판 "
      ]
    },
    {
      "image_id": 4,
      "filename": "561827_0_su_5_80년 전통 원조순대국_1_005.png",
      "mapx": 37.5534307594039,
      "mapy": 126.816893010044,
      "width": 3840,
      "height": 2160,
      "caption_info": [
        "80년 전통 원조순대국(강서구)",
        "순대국 "
      ]
    }
  ],
  "annotations": [
    {
      "image_id": 0,
      "question": [
        {
          "question_id": 0,
          "question_type": "정보",
          "question": "연락처를 알 수 있나요?",
          "question_wordNum": 4,
          "answer": "02-2665-0843",
          "answer_wordNum": 1,
          "fact": [
            "80년 전통 원조순대국,연락처,02-2665-0843"
          ]
        },
        {
          "question_id": 1,
          "question_type": "정보",
          "question": "대표 메뉴가 무엇인가요?",
          "question_wordNum": 3,
          "answer": "특순대국, 순대국",
          "answer_wordNum": 2,
          "fact": [
            "80년 전통 원조순대국,메뉴,특순대국, 순대국"
          ]
        },
        {
          "question_id": 2,
          "question_type": "정보",
          "question": "휴무일을 알 수 있나요?",
          "question_wordNum": 4,
          "answer": "매주 일요일",
          "answer_wordNum": 2,
          "fact": [
            "80년 전통 원조순대국,휴무일,매주 일요일"
          ]
        },
        {
          "question_id": 3,
          "question_type": "탐색",
          "question": "주차시설이 있는지 알 수 있나요?",
          "question_wordNum": 5,
          "answer": "있음",
          "answer_wordNum": 1,
          "fact": [
            "80년 전통 원조순대국,주차시설,있음"
          ]
        }
      ]
    },
    {
      "image_id": 1,
      "question": [
        {
          "question_id": 0,
          "question_type": "관계",
          "question": "이 곳에 인접한 시설을 알 수 있나요?",
          "question_wordNum": 7,
          "answer": "송정중학교, 야호분식",
          "answer_wordNum": 2,
          "fact": [
            "80년 전통 원조순대국,인접,송정중학교, 야호분식"
          ]
        },
        {
          "question_id": 1,
          "question_type": "탐색",
          "question": "주차시설이 있나요?",
          "question_wordNum": 2,
          "answer": "있음",
          "answer_wordNum": 1,
          "fact": [
            "80년 전통 원조순대국,주차시설,있음"
          ]
        },
        {
          "question_id": 2,
          "question_type": "정보",
          "question": "이 곳의 주소는 어떻게 되나요?",
          "question_wordNum": 5,
          "answer": "서울 강서구 방화대로6가길 34",
          "answer_wordNum": 4,
          "fact": [
            "80년 전통 원조순대국,주소,서울 강서구 방화대로6가길 34"
          ]
        },
        {
          "question_id": 3,
          "question_type": "정보",
          "question": "영업시간을 알 수 있나요?",
          "question_wordNum": 4,
          "answer": "07:30~21:00",
          "answer_wordNum": 1,
          "fact": [
            "80년 전통 원조순대국,영업시간,07:30~21:00"
          ]
        }
      ]
    },
    {
      "image_id": 2,
      "question": [
        {
          "question_id": 0,
          "question_type": "정보",
          "question": "이 곳의 메뉴를 알 수 있나요?",
          "question_wordNum": 6,
          "answer": "특순대국, 순대국",
          "answer_wordNum": 2,
          "fact": [
            "80년 전통 원조순대국,메뉴,특순대국, 순대국"
          ]
        },
        {
          "question_id": 1,
          "question_type": "정보",
          "question": "연락처를 알 수 있나요?",
          "question_wordNum": 4,
          "answer": "02-2665-0843",
          "answer_wordNum": 1,
          "fact": [
            "80년 전통 원조순대국,연락처,02-2665-0843"
          ]
        },
        {
          "question_id": 2,
          "question_type": "관계",
          "question": "이 곳에 인접한 시설을 알 수 있나요?",
          "question_wordNum": 7,
          "answer": "송정중학교, 야호분식",
          "answer_wordNum": 2,
          "fact": [
            "80년 전통 원조순대국,인접,송정중학교, 야호분식"
          ]
        },
        {
          "question_id": 3,
          "question_type": "정보",
          "question": "영업시간은 어떻게 되나요?",
          "question_wordNum": 3,
          "answer": "07:30~21:00",
          "answer_wordNum": 1,
          "fact": [
            "80년 전통 원조순대국,영업시간,07:30~21:00"
          ]
        }
      ]
    },
    {
      "image_id": 3,
      "question": [
        {
          "question_id": 0,
          "question_type": "정보",
          "question": "영업시간을 알 수 있나요?",
          "question_wordNum": 4,
          "answer": "07:30~21:00",
          "answer_wordNum": 1,
          "fact": [
            "80년 전통 원조순대국,영업시간,07:30~21:00"
          ]
        },
        {
          "question_id": 1,
          "question_type": "정보",
          "question": "휴무일은 어떻게 되나요?",
          "question_wordNum": 3,
          "answer": "매주 일요일",
          "answer_wordNum": 2,
          "fact": [
            "80년 전통 원조순대국,휴무일,매주 일요일"
          ]
        },
        {
          "question_id": 2,
          "question_type": "관계",
          "question": "이 곳에 인접한 시설을 알 수 있나요?",
          "question_wordNum": 7,
          "answer": "송정중학교, 야호분식",
          "answer_wordNum": 2,
          "fact": [
            "80년 전통 원조순대국,인접,송정중학교, 야호분식"
          ]
        },
        {
          "question_id": 3,
          "question_type": "정보",
          "question": "연락처가 어떻게 되나요?",
          "question_wordNum": 3,
          "answer": "02-2665-0843",
          "answer_wordNum": 1,
          "fact": [
            "80년 전통 원조순대국,연락처,02-2665-0843"
          ]
        }
      ]
    },
    {
      "image_id": 4,
      "question": [
        {
          "question_id": 0,
          "question_type": "정보",
          "question": "연락처를 알 수 있나요?",
          "question_wordNum": 4,
          "answer": "02-2665-0843",
          "answer_wordNum": 1,
          "fact": [
            "80년 전통 원조순대국,연락처,02-2665-0843"
          ]
        },
        {
          "question_id": 1,
          "question_type": "정보",
          "question": "이 곳의 메뉴를 알 수 있나요?",
          "question_wordNum": 6,
          "answer": "특순대국, 순대국",
          "answer_wordNum": 2,
          "fact": [
            "80년 전통 원조순대국,메뉴,특순대국, 순대국"
          ]
        },
        {
          "question_id": 2,
          "question_type": "관계",
          "question": "이 곳에 인접한 시설을 알 수 있나요?",
          "question_wordNum": 7,
          "answer": "송정중학교, 야호분식",
          "answer_wordNum": 2,
          "fact": [
            "80년 전통 원조순대국,인접,송정중학교, 야호분식"
          ]
        },
        {
          "question_id": 3,
          "question_type": "정보",
          "question": "영업시간은 어떻게 되나요?",
          "question_wordNum": 3,
          "answer": "07:30~21:00",
          "answer_wordNum": 1,
          "fact": [
            "80년 전통 원조순대국,영업시간,07:30~21:00"
          ]
        }
      ]
    }
  ]
}