{
  "data": {
    "dataset": "2-083-219",
    "POI_id": "561392",
    "travelType": "음식점",
    "place": "족발야시장 가양역점",
    "area": "서울"
  },
  "imageInfo": [
    {
      "image_id": 0,
      "filename": "561392_0_su_5_족발야시장 가양역점_1_001.png",
      "mapx": 37.5635917741817,
      "mapy": 126.851210225487,
      "width": 3840,
      "height": 2160,
      "caption_info": [
        "족발야시장 가양역점(가양동)",
        "간판, 여닫이문"
      ]
    },
    {
      "image_id": 1,
      "filename": "561392_0_su_5_족발야시장 가양역점_1_002.png",
      "mapx": 37.5635917741817,
      "mapy": 126.851210225487,
      "width": 3840,
      "height": 2160,
      "caption_info": [
        "족발야시장 가양역점(가양동)",
        "간판, 배너"
      ]
    },
    {
      "image_id": 2,
      "filename": "561392_0_su_5_족발야시장 가양역점_1_003.png",
      "mapx": 37.5635917741817,
      "mapy": 126.851210225487,
      "width": 3840,
      "height": 2160,
      "caption_info": [
        "족발야시장 가양역점(가양동)",
        "조명, 에어컨"
      ]
    },
    {
      "image_id": 3,
      "filename": "561392_0_su_5_족발야시장 가양역점_1_004.png",
      "mapx": 37.5635917741817,
      "mapy": 126.851210225487,
      "width": 3840,
      "height": 2160,
      "caption_info": [
        "족발야시장 가양역점(가양동)",
        "메뉴판"
      ]
    },
    {
      "image_id": 4,
      "filename": "561392_0_su_5_족발야시장 가양역점_1_005.png",
      "mapx": 37.5635917741817,
      "mapy": 126.851210225487,
      "width": 3840,
      "height": 2160,
      "caption_info": [
        "족발야시장 가양역점(가양동)",
        "족발"
      ]
    }
  ],
  "annotations": [
    {
      "image_id": 0,
      "question": [
        {
          "question_id": 0,
          "question_type": "정보",
          "question": "이 곳의 주요 메뉴는 무엇이 있나요?",
          "question_wordNum": 6,
          "answer": "족마호크, 쟁반쫄면, 족발, 보쌈",
          "answer_wordNum": 4,
          "fact": [
            "족발야시장 가양역점,메뉴,족마호크, 쟁반쫄면, 족발, 보쌈"
          ]
        },
        {
          "question_id": 1,
          "question_type": "정보",
          "question": "휴무일은 어떻게 되나요?",
          "question_wordNum": 3,
          "answer": "없음",
          "answer_wordNum": 1,
          "fact": [
            "족발야시장 가양역점,휴무일,없음"
          ]
        },
        {
          "question_id": 2,
          "question_type": "정보",
          "question": "영업시간은 어떻게 되나요?",
          "question_wordNum": 3,
          "answer": "16:00~23:30",
          "answer_wordNum": 1,
          "fact": [
            "족발야시장 가양역점,영업시간,16:00~23:30"
          ]
        },
        {
          "question_id": 3,
          "question_type": "정보",
          "question": "연락처가 어떻게 되나요?",
          "question_wordNum": 3,
          "answer": "02-2659-4969",
          "answer_wordNum": 1,
          "fact": [
            "족발야시장 가양역점,연락처,02-2659-4969"
          ]
        }
      ]
    },
    {
      "image_id": 1,
      "question": [
        {
          "question_id": 0,
          "question_type": "관계",
          "question": "이 곳에 인접한 시설이 있나요?",
          "question_wordNum": 5,
          "answer": "가양역 1번 출구, GS25, 서호루",
          "answer_wordNum": 5,
          "fact": [
            "족발야시장 가양역점,인접,가양역 1번 출구, GS25, 서호루"
          ]
        },
        {
          "question_id": 1,
          "question_type": "정보",
          "question": "이 곳의 주소는 어떻게 되나요?",
          "question_wordNum": 5,
          "answer": "서울 강서구 양천로57길 9-13",
          "answer_wordNum": 4,
          "fact": [
            "족발야시장 가양역점,주소,서울 강서구 양천로57길 9-13"
          ]
        },
        {
          "question_id": 2,
          "question_type": "정보",
          "question": "이 곳의 주요 메뉴는 무엇이 있나요?",
          "question_wordNum": 6,
          "answer": "족마호크, 쟁반쫄면, 족발, 보쌈",
          "answer_wordNum": 4,
          "fact": [
            "족발야시장 가양역점,메뉴,족마호크, 쟁반쫄면, 족발, 보쌈"
          ]
        },
        {
          "question_id": 3,
          "question_type": "탐색",
          "question": "주차시설이 있나요?",
          "question_wordNum": 2,
          "answer": "없음",
          "answer_wordNum": 1,
          "fact": [
            "족발야시장 가양역점,주차시설,없음"
          ]
        }
      ]
    },
    {
      "image_id": 2,
      "question": [
        {
          "question_id": 0,
          "question_type": "정보",
          "question": "이 곳의 대표적인 메뉴는 무엇이 있나요?",
          "question_wordNum": 6,
          "answer": "족마호크, 쟁반쫄면, 족발, 보쌈",
          "answer_wordNum": 4,
          "fact": [
            "족발야시장 가양역점,메뉴,족마호크, 쟁반쫄면, 족발, 보쌈"
          ]
        },
        {
          "question_id": 1,
          "question_type": "관계",
          "question": "이 곳에 인접한 시설이 있나요?",
          "question_wordNum": 5,
          "answer": "가양역 1번 출구, GS25, 서호루",
          "answer_wordNum": 5,
          "fact": [
            "족발야시장 가양역점,인접,가양역 1번 출구, GS25, 서호루"
          ]
        },
        {
          "question_id": 2,
          "question_type": "정보",
          "question": "휴무일은 어떻게 되나요?",
          "question_wordNum": 3,
          "answer": "없음",
          "answer_wordNum": 1,
          "fact": [
            "족발야시장 가양역점,휴무일,없음"
          ]
        },
        {
          "question_id": 3,
          "question_type": "정보",
          "question": "이 곳의 주소는 어떻게 되나요?",
          "question_wordNum": 5,
          "answer": "서울 강서구 양천로57길 9-13",
          "answer_wordNum": 4,
          "fact": [
            "족발야시장 가양역점,주소,서울 강서구 양천로57길 9-13"
          ]
        }
      ]
    },
    {
      "image_id": 3,
      "question": [
        {
          "question_id": 0,
          "question_type": "정보",
          "question": "이 곳의 주요 메뉴는 무엇이 있나요?",
          "question_wordNum": 6,
          "answer": "족마호크, 쟁반쫄면, 족발, 보쌈",
          "answer_wordNum": 4,
          "fact": [
            "족발야시장 가양역점,메뉴,족마호크, 쟁반쫄면, 족발, 보쌈"
          ]
        },
        {
          "question_id": 1,
          "question_type": "탐색",
          "question": "주차시설이 있나요?",
          "question_wordNum": 2,
          "answer": "없음",
          "answer_wordNum": 1,
          "fact": [
            "족발야시장 가양역점,주차시설,없음"
          ]
        },
        {
          "question_id": 2,
          "question_type": "관계",
          "question": "이 곳에 인접한 시설이 있나요?",
          "question_wordNum": 5,
          "answer": "가양역 1번 출구, GS25, 서호루",
          "answer_wordNum": 5,
          "fact": [
            "족발야시장 가양역점,인접,가양역 1번 출구, GS25, 서호루"
          ]
        },
        {
          "question_id": 3,
          "question_type": "정보",
          "question": "이 곳의 주소는 어떻게 되나요?",
          "question_wordNum": 5,
          "answer": "서울 강서구 양천로57길 9-13",
          "answer_wordNum": 4,
          "fact": [
            "족발야시장 가양역점,주소,서울 강서구 양천로57길 9-13"
          ]
        }
      ]
    },
    {
      "image_id": 4,
      "question": [
        {
          "question_id": 0,
          "question_type": "정보",
          "question": "연락처가 어떻게 되나요?",
          "question_wordNum": 3,
          "answer": "02-2659-4969",
          "answer_wordNum": 1,
          "fact": [
            "족발야시장 가양역점,연락처,02-2659-4969"
          ]
        },
        {
          "question_id": 1,
          "question_type": "정보",
          "question": "영업시간은 어떻게 되나요?",
          "question_wordNum": 3,
          "answer": "16:00~23:30",
          "answer_wordNum": 1,
          "fact": [
            "족발야시장 가양역점,영업시간,16:00~23:30"
          ]
        },
        {
          "question_id": 2,
          "question_type": "정보",
          "question": "휴무일은 어떻게 되나요?",
          "question_wordNum": 3,
          "answer": "없음",
          "answer_wordNum": 1,
          "fact": [
            "족발야시장 가양역점,휴무일,없음"
          ]
        },
        {
          "question_id": 3,
          "question_type": "정보",
          "question": "이 곳의 주요 메뉴는 무엇이 있나요?",
          "question_wordNum": 6,
          "answer": "족마호크, 쟁반쫄면, 족발, 보쌈",
          "answer_wordNum": 4,
          "fact": [
            "족발야시장 가양역점,메뉴,족마호크, 쟁반쫄면, 족발, 보쌈"
          ]
        }
      ]
    }
  ]
}