{
  "data": {
    "dataset": "2-083-219",
    "POI_id": "561587",
    "travelType": "음식점",
    "place": "전설의스테이크갈비 ",
    "area": "서울"
  },
  "imageInfo": [
    {
      "image_id": 0,
      "filename": "561587_0_su_5_전설의스테이크갈비 _2_001.png",
      "mapx": 37.5606312206415,
      "mapy": 126.832720625607,
      "width": 3840,
      "height": 2160,
      "caption_info": [
        "전설의스테이크갈비(강서구) ",
        "나무 "
      ]
    },
    {
      "image_id": 1,
      "filename": "561587_0_su_5_전설의스테이크갈비 _2_002.png",
      "mapx": 37.5606312206415,
      "mapy": 126.832720625607,
      "width": 3840,
      "height": 2160,
      "caption_info": [
        "전설의스테이크갈비(강서구) ",
        "간판"
      ]
    },
    {
      "image_id": 2,
      "filename": "561587_0_su_5_전설의스테이크갈비 _2_003.png",
      "mapx": 37.5606312206415,
      "mapy": 126.832720625607,
      "width": 3840,
      "height": 2160,
      "caption_info": [
        "전설의스테이크갈비(강서구) ",
        "사각 테이블"
      ]
    },
    {
      "image_id": 3,
      "filename": "561587_0_su_5_전설의스테이크갈비 _2_004.png",
      "mapx": 37.5606312206415,
      "mapy": 126.832720625607,
      "width": 3840,
      "height": 2160,
      "caption_info": [
        "전설의스테이크갈비(강서구) ",
        "메뉴판 "
      ]
    },
    {
      "image_id": 4,
      "filename": "561587_0_su_5_전설의스테이크갈비 _2_005.png",
      "mapx": 37.5606312206415,
      "mapy": 126.832720625607,
      "width": 3840,
      "height": 2160,
      "caption_info": [
        "전설의스테이크갈비(강서구) ",
        "갈비 "
      ]
    }
  ],
  "annotations": [
    {
      "image_id": 0,
      "question": [
        {
          "question_id": 0,
          "question_type": "정보",
          "question": "연락처가 어떻게 되나요?",
          "question_wordNum": 3,
          "answer": "02-3661-2009",
          "answer_wordNum": 1,
          "fact": [
            "전설의스테이크갈비,연락처,02-3661-2009"
          ]
        },
        {
          "question_id": 1,
          "question_type": "탐색",
          "question": "주차시설이 있나요?",
          "question_wordNum": 2,
          "answer": "있음",
          "answer_wordNum": 1,
          "fact": [
            "전설의스테이크갈비,주차시설,있음"
          ]
        },
        {
          "question_id": 2,
          "question_type": "관계",
          "question": "이 곳에 인접한 시설이 있나요?",
          "question_wordNum": 5,
          "answer": "마곡역 3번 출구, 어장관리, 옥소반",
          "answer_wordNum": 5,
          "fact": [
            "전설의스테이크갈비,인접,마곡역 3번 출구, 어장관리, 옥소반"
          ]
        },
        {
          "question_id": 3,
          "question_type": "정보",
          "question": "영업시간은 어떻게 되나요?",
          "question_wordNum": 3,
          "answer": "11:00~22:00",
          "answer_wordNum": 1,
          "fact": [
            "전설의스테이크갈비,영업시간,11:00~22:00"
          ]
        }
      ]
    },
    {
      "image_id": 1,
      "question": [
        {
          "question_id": 0,
          "question_type": "정보",
          "question": "휴무일은 어떻게 되나요?",
          "question_wordNum": 3,
          "answer": "매주 일요일",
          "answer_wordNum": 2,
          "fact": [
            "전설의스테이크갈비,휴무일,매주 일요일"
          ]
        },
        {
          "question_id": 1,
          "question_type": "정보",
          "question": "이 곳의 주소를 알 수 있나요?",
          "question_wordNum": 6,
          "answer": "서울 강서구 마곡중앙6로 45",
          "answer_wordNum": 4,
          "fact": [
            "전설의스테이크갈비,주소,서울 강서구 마곡중앙6로 45"
          ]
        },
        {
          "question_id": 2,
          "question_type": "정보",
          "question": "연락처를 알 수 있나요?",
          "question_wordNum": 4,
          "answer": "02-3661-2009",
          "answer_wordNum": 1,
          "fact": [
            "전설의스테이크갈비,연락처,02-3661-2009"
          ]
        },
        {
          "question_id": 3,
          "question_type": "정보",
          "question": "영업시간을 알 수 있나요?",
          "question_wordNum": 4,
          "answer": "11:00~22:00",
          "answer_wordNum": 1,
          "fact": [
            "전설의스테이크갈비,영업시간,11:00~22:00"
          ]
        }
      ]
    },
    {
      "image_id": 2,
      "question": [
        {
          "question_id": 0,
          "question_type": "탐색",
          "question": "주차시설이 있는지 알 수 있나요?",
          "question_wordNum": 5,
          "answer": "있음",
          "answer_wordNum": 1,
          "fact": [
            "전설의스테이크갈비,주차시설,있음"
          ]
        },
        {
          "question_id": 1,
          "question_type": "정보",
          "question": "연락처를 알 수 있나요?",
          "question_wordNum": 4,
          "answer": "02-3661-2009",
          "answer_wordNum": 1,
          "fact": [
            "전설의스테이크갈비,연락처,02-3661-2009"
          ]
        },
        {
          "question_id": 2,
          "question_type": "정보",
          "question": "휴무일은 어떻게 되나요?",
          "question_wordNum": 3,
          "answer": "매주 일요일",
          "answer_wordNum": 2,
          "fact": [
            "전설의스테이크갈비,휴무일,매주 일요일"
          ]
        },
        {
          "question_id": 3,
          "question_type": "정보",
          "question": "이 곳의 메뉴를 알 수 있나요?",
          "question_wordNum": 6,
          "answer": "전설의 스테이크 갈비, 갈비살",
          "answer_wordNum": 4,
          "fact": [
            "전설의스테이크갈비,메뉴,전설의 스테이크 갈비, 갈비살"
          ]
        }
      ]
    },
    {
      "image_id": 3,
      "question": [
        {
          "question_id": 0,
          "question_type": "정보",
          "question": "휴무일은 어떻게 되나요?",
          "question_wordNum": 3,
          "answer": "매주 일요일",
          "answer_wordNum": 2,
          "fact": [
            "전설의스테이크갈비,휴무일,매주 일요일"
          ]
        },
        {
          "question_id": 1,
          "question_type": "관계",
          "question": "이 곳에 인접한 시설을 알 수 있나요?",
          "question_wordNum": 7,
          "answer": "마곡역 3번 출구, 어장관리, 옥소반",
          "answer_wordNum": 5,
          "fact": [
            "전설의스테이크갈비,인접,마곡역 3번 출구, 어장관리, 옥소반"
          ]
        },
        {
          "question_id": 2,
          "question_type": "정보",
          "question": "이 곳의 주소를 알 수 있나요?",
          "question_wordNum": 6,
          "answer": "서울 강서구 마곡중앙6로 45",
          "answer_wordNum": 4,
          "fact": [
            "전설의스테이크갈비,주소,서울 강서구 마곡중앙6로 45"
          ]
        },
        {
          "question_id": 3,
          "question_type": "정보",
          "question": "대표 메뉴가 무엇인가요?",
          "question_wordNum": 3,
          "answer": "전설의 스테이크 갈비, 갈비살",
          "answer_wordNum": 4,
          "fact": [
            "전설의스테이크갈비,메뉴,전설의 스테이크 갈비, 갈비살"
          ]
        }
      ]
    },
    {
      "image_id": 4,
      "question": [
        {
          "question_id": 0,
          "question_type": "정보",
          "question": "연락처를 알 수 있나요?",
          "question_wordNum": 4,
          "answer": "02-3661-2009",
          "answer_wordNum": 1,
          "fact": [
            "전설의스테이크갈비,연락처,02-3661-2009"
          ]
        },
        {
          "question_id": 1,
          "question_type": "정보",
          "question": "대표 메뉴가 무엇인가요?",
          "question_wordNum": 3,
          "answer": "전설의 스테이크 갈비, 갈비살",
          "answer_wordNum": 4,
          "fact": [
            "전설의스테이크갈비,메뉴,전설의 스테이크 갈비, 갈비살"
          ]
        },
        {
          "question_id": 2,
          "question_type": "관계",
          "question": "이 곳에 인접한 시설이 있나요?",
          "question_wordNum": 5,
          "answer": "마곡역 3번 출구, 어장관리, 옥소반",
          "answer_wordNum": 5,
          "fact": [
            "전설의스테이크갈비,인접,마곡역 3번 출구, 어장관리, 옥소반"
          ]
        },
        {
          "question_id": 3,
          "question_type": "정보",
          "question": "이 곳의 주소는 어떻게 되나요?",
          "question_wordNum": 5,
          "answer": "서울 강서구 마곡중앙6로 45",
          "answer_wordNum": 4,
          "fact": [
            "전설의스테이크갈비,주소,서울 강서구 마곡중앙6로 45"
          ]
        }
      ]
    }
  ]
}