{
  "data": {
    "dataset": "2-083-219",
    "POI_id": "561678",
    "travelType": "음식점",
    "place": "오복순대국",
    "area": "서울"
  },
  "imageInfo": [
    {
      "image_id": 0,
      "filename": "561678_0_su_5_오복순대국_9_001.png",
      "mapx": 37.5538579739487,
      "mapy": 126.827641834082,
      "width": 3840,
      "height": 2160,
      "caption_info": [
        "오복순대국(내발산동)",
        "간판, 테이블, 냉장고, 여닫이문"
      ]
    },
    {
      "image_id": 1,
      "filename": "561678_0_su_5_오복순대국_9_002.png",
      "mapx": 37.5538579739487,
      "mapy": 126.827641834082,
      "width": 3840,
      "height": 2160,
      "caption_info": [
        "오복순대국(내발산동)",
        "간판, 건물"
      ]
    },
    {
      "image_id": 2,
      "filename": "561678_0_su_5_오복순대국_9_003.png",
      "mapx": 37.5538579739487,
      "mapy": 126.827641834082,
      "width": 3840,
      "height": 2160,
      "caption_info": [
        "오복순대국(내발산동)",
        "테이블, 등받이의자"
      ]
    },
    {
      "image_id": 3,
      "filename": "561678_0_su_5_오복순대국_9_004.png",
      "mapx": 37.5538579739487,
      "mapy": 126.827641834082,
      "width": 3840,
      "height": 2160,
      "caption_info": [
        "오복순대국(내발산동)",
        "메뉴판"
      ]
    },
    {
      "image_id": 4,
      "filename": "561678_0_su_5_오복순대국_9_005.png",
      "mapx": 37.5538579739487,
      "mapy": 126.827641834082,
      "width": 3840,
      "height": 2160,
      "caption_info": [
        "오복순대국(내발산동)",
        "순대국, 수저, 소주잔"
      ]
    }
  ],
  "annotations": [
    {
      "image_id": 0,
      "question": [
        {
          "question_id": 0,
          "question_type": "관계",
          "question": "이 곳에 인접한 시설이 있나요?",
          "question_wordNum": 5,
          "answer": "마곡역 5번 출구, 파리바게뜨, 뚜레쥬르",
          "answer_wordNum": 5,
          "fact": [
            "오복순대국,인접,마곡역 5번 출구, 파리바게뜨, 뚜레쥬르"
          ]
        },
        {
          "question_id": 1,
          "question_type": "정보",
          "question": "이 곳의 주요 메뉴는 무엇이 있나요?",
          "question_wordNum": 6,
          "answer": "순대국, 순대정식",
          "answer_wordNum": 2,
          "fact": [
            "오복순대국,메뉴,순대국, 순대정식"
          ]
        },
        {
          "question_id": 2,
          "question_type": "정보",
          "question": "영업시간은 어떻게 되나요?",
          "question_wordNum": 3,
          "answer": "08:30~22:00",
          "answer_wordNum": 1,
          "fact": [
            "오복순대국,영업시간,08:30~22:00"
          ]
        },
        {
          "question_id": 3,
          "question_type": "정보",
          "question": "휴무일을 알 수 있나요?",
          "question_wordNum": 4,
          "answer": "알수없음",
          "answer_wordNum": 1,
          "fact": [
            "오복순대국,휴무일,알수없음"
          ]
        }
      ]
    },
    {
      "image_id": 1,
      "question": [
        {
          "question_id": 0,
          "question_type": "관계",
          "question": "이 곳에 인접한 시설이 있나요?",
          "question_wordNum": 5,
          "answer": "마곡역 5번 출구, 파리바게뜨, 뚜레쥬르",
          "answer_wordNum": 5,
          "fact": [
            "오복순대국,인접,마곡역 5번 출구, 파리바게뜨, 뚜레쥬르"
          ]
        },
        {
          "question_id": 1,
          "question_type": "정보",
          "question": "휴무일을 알 수 있나요?",
          "question_wordNum": 4,
          "answer": "알수없음",
          "answer_wordNum": 1,
          "fact": [
            "오복순대국,휴무일,알수없음"
          ]
        },
        {
          "question_id": 2,
          "question_type": "정보",
          "question": "영업시간은 몇시부터 몇시까지로 기재되어 있나요?",
          "question_wordNum": 5,
          "answer": "08:30~22:00",
          "answer_wordNum": 1,
          "fact": [
            "오복순대국,영업시간,08:30~22:00"
          ]
        },
        {
          "question_id": 3,
          "question_type": "정보",
          "question": "연락처가 어떻게 되나요?",
          "question_wordNum": 3,
          "answer": "02-2667-7281",
          "answer_wordNum": 1,
          "fact": [
            "오복순대국,연락처,02-2667-7281"
          ]
        }
      ]
    },
    {
      "image_id": 2,
      "question": [
        {
          "question_id": 0,
          "question_type": "정보",
          "question": "영업시간은 몇시부터 몇시까지로 기재되어 있나요?",
          "question_wordNum": 5,
          "answer": "08:30~22:00",
          "answer_wordNum": 1,
          "fact": [
            "오복순대국,영업시간,08:30~22:00"
          ]
        },
        {
          "question_id": 1,
          "question_type": "정보",
          "question": "이 곳의 주소는 어떻게 되나요?",
          "question_wordNum": 5,
          "answer": "서울 강서구 강서로47길 158",
          "answer_wordNum": 4,
          "fact": [
            "오복순대국,주소,서울 강서구 강서로47길 158"
          ]
        },
        {
          "question_id": 2,
          "question_type": "정보",
          "question": "연락처가 어떻게 되나요?",
          "question_wordNum": 3,
          "answer": "02-2667-7281",
          "answer_wordNum": 1,
          "fact": [
            "오복순대국,연락처,02-2667-7281"
          ]
        },
        {
          "question_id": 3,
          "question_type": "정보",
          "question": "이 곳의 주요 메뉴는 무엇이 있나요?",
          "question_wordNum": 6,
          "answer": "순대국, 순대정식",
          "answer_wordNum": 2,
          "fact": [
            "오복순대국,메뉴,순대국, 순대정식"
          ]
        }
      ]
    },
    {
      "image_id": 3,
      "question": [
        {
          "question_id": 0,
          "question_type": "탐색",
          "question": "주차시설이 있나요?",
          "question_wordNum": 2,
          "answer": "있음",
          "answer_wordNum": 1,
          "fact": [
            "오복순대국,주차시설,있음"
          ]
        },
        {
          "question_id": 1,
          "question_type": "관계",
          "question": "이 곳에 인접한 시설이 있나요?",
          "question_wordNum": 5,
          "answer": "마곡역 5번 출구, 파리바게뜨, 뚜레쥬르",
          "answer_wordNum": 5,
          "fact": [
            "오복순대국,인접,마곡역 5번 출구, 파리바게뜨, 뚜레쥬르"
          ]
        },
        {
          "question_id": 2,
          "question_type": "정보",
          "question": "이 곳의 주요 메뉴는 무엇이 있나요?",
          "question_wordNum": 6,
          "answer": "순대국, 순대정식",
          "answer_wordNum": 2,
          "fact": [
            "오복순대국,메뉴,순대국, 순대정식"
          ]
        },
        {
          "question_id": 3,
          "question_type": "정보",
          "question": "휴무일을 알 수 있나요?",
          "question_wordNum": 4,
          "answer": "알수없음",
          "answer_wordNum": 1,
          "fact": [
            "오복순대국,휴무일,알수없음"
          ]
        }
      ]
    },
    {
      "image_id": 4,
      "question": [
        {
          "question_id": 0,
          "question_type": "정보",
          "question": "이 곳의 주소는 어떻게 되나요?",
          "question_wordNum": 5,
          "answer": "서울 강서구 강서로47길 158",
          "answer_wordNum": 4,
          "fact": [
            "오복순대국,주소,서울 강서구 강서로47길 158"
          ]
        },
        {
          "question_id": 1,
          "question_type": "정보",
          "question": "영업시간은 몇시부터 몇시까지로 기재되어 있나요?",
          "question_wordNum": 5,
          "answer": "08:30~22:00",
          "answer_wordNum": 1,
          "fact": [
            "오복순대국,영업시간,08:30~22:00"
          ]
        },
        {
          "question_id": 2,
          "question_type": "정보",
          "question": "휴무일을 알 수 있나요?",
          "question_wordNum": 4,
          "answer": "알수없음",
          "answer_wordNum": 1,
          "fact": [
            "오복순대국,휴무일,알수없음"
          ]
        },
        {
          "question_id": 3,
          "question_type": "정보",
          "question": "연락처가 어떻게 되나요?",
          "question_wordNum": 3,
          "answer": "02-2667-7281",
          "answer_wordNum": 1,
          "fact": [
            "오복순대국,연락처,02-2667-7281"
          ]
        }
      ]
    }
  ]
}