{
  "data": {
    "dataset": "2-083-219",
    "POI_id": "561786",
    "travelType": "음식점",
    "place": "충칭마라탕 ",
    "area": "서울"
  },
  "imageInfo": [
    {
      "image_id": 0,
      "filename": "561786_0_su_5_충칭마라탕 _3_001.png",
      "mapx": 37.552674052072,
      "mapy": 126.83417679061,
      "width": 3840,
      "height": 2160,
      "caption_info": [
        "충칭마라탕(내발산동)",
        "간판, 현수막"
      ]
    },
    {
      "image_id": 1,
      "filename": "561786_0_su_5_충칭마라탕 _3_002.png",
      "mapx": 37.552674052072,
      "mapy": 126.83417679061,
      "width": 3840,
      "height": 2160,
      "caption_info": [
        "충칭마라탕(내발산동)",
        "간판, 실외기, 자동문"
      ]
    },
    {
      "image_id": 2,
      "filename": "561786_0_su_5_충칭마라탕 _3_003.png",
      "mapx": 37.552674052072,
      "mapy": 126.83417679061,
      "width": 3840,
      "height": 2160,
      "caption_info": [
        "충칭마라탕(내발산동)",
        "테이블, 등받이 의자"
      ]
    },
    {
      "image_id": 3,
      "filename": "561786_0_su_5_충칭마라탕 _3_004.png",
      "mapx": 37.552674052072,
      "mapy": 126.83417679061,
      "width": 3840,
      "height": 2160,
      "caption_info": [
        "충칭마라탕(내발산동)",
        "메뉴판"
      ]
    },
    {
      "image_id": 4,
      "filename": "561786_0_su_5_충칭마라탕 _3_005.png",
      "mapx": 37.552674052072,
      "mapy": 126.83417679061,
      "width": 3840,
      "height": 2160,
      "caption_info": [
        "충칭마라탕(내발산동)",
        "마라탕"
      ]
    }
  ],
  "annotations": [
    {
      "image_id": 0,
      "question": [
        {
          "question_id": 0,
          "question_type": "정보",
          "question": "연락처를 알 수 있나요?",
          "question_wordNum": 4,
          "answer": "02-6925-5013",
          "answer_wordNum": 1,
          "fact": [
            "충칭마라탕,연락처,02-6925-5013"
          ]
        },
        {
          "question_id": 1,
          "question_type": "탐색",
          "question": "주차시설이 있는지 알 수 있나요?",
          "question_wordNum": 5,
          "answer": "있음",
          "answer_wordNum": 1,
          "fact": [
            "충칭마라탕,주차시설,있음"
          ]
        },
        {
          "question_id": 2,
          "question_type": "정보",
          "question": "이 곳의 주소를 알 수 있나요?",
          "question_wordNum": 6,
          "answer": "서울 강서구 강서로47길 35",
          "answer_wordNum": 4,
          "fact": [
            "충칭마라탕,주소,서울 강서구 강서로47길 35"
          ]
        },
        {
          "question_id": 3,
          "question_type": "정보",
          "question": "휴무일은 어떻게 되나요?",
          "question_wordNum": 3,
          "answer": "없음",
          "answer_wordNum": 1,
          "fact": [
            "충칭마라탕,휴무일,없음"
          ]
        }
      ]
    },
    {
      "image_id": 1,
      "question": [
        {
          "question_id": 0,
          "question_type": "정보",
          "question": "이 곳의 주요 메뉴는 무엇이 있나요?",
          "question_wordNum": 6,
          "answer": "마라탕, 마라새우",
          "answer_wordNum": 2,
          "fact": [
            "충칭마라탕,메뉴,마라탕, 마라새우"
          ]
        },
        {
          "question_id": 1,
          "question_type": "탐색",
          "question": "주차시설이 있나요?",
          "question_wordNum": 2,
          "answer": "있음",
          "answer_wordNum": 1,
          "fact": [
            "충칭마라탕,주차시설,있음"
          ]
        },
        {
          "question_id": 2,
          "question_type": "정보",
          "question": "이 곳의 주소를 알 수 있나요?",
          "question_wordNum": 6,
          "answer": "서울 강서구 강서로47길 35",
          "answer_wordNum": 4,
          "fact": [
            "충칭마라탕,주소,서울 강서구 강서로47길 35"
          ]
        },
        {
          "question_id": 3,
          "question_type": "정보",
          "question": "영업시간을 알 수 있나요?",
          "question_wordNum": 4,
          "answer": "11:00 - 22:00",
          "answer_wordNum": 3,
          "fact": [
            "충칭마라탕,영업시간,11:00 - 22:00"
          ]
        }
      ]
    },
    {
      "image_id": 2,
      "question": [
        {
          "question_id": 0,
          "question_type": "정보",
          "question": "영업시간은 몇시부터 몇시까지로 기재되어 있나요?",
          "question_wordNum": 5,
          "answer": "11:00 - 22:00",
          "answer_wordNum": 3,
          "fact": [
            "충칭마라탕,영업시간,11:00 - 22:00"
          ]
        },
        {
          "question_id": 1,
          "question_type": "정보",
          "question": "연락처가 어떻게 되나요?",
          "question_wordNum": 3,
          "answer": "02-6925-5013",
          "answer_wordNum": 1,
          "fact": [
            "충칭마라탕,연락처,02-6925-5013"
          ]
        },
        {
          "question_id": 2,
          "question_type": "정보",
          "question": "이 곳의 대표적인 메뉴를 알 수 있나요?",
          "question_wordNum": 7,
          "answer": "마라탕, 마라새우",
          "answer_wordNum": 2,
          "fact": [
            "충칭마라탕,메뉴,마라탕, 마라새우"
          ]
        },
        {
          "question_id": 3,
          "question_type": "정보",
          "question": "휴무일은 어떻게 되나요?",
          "question_wordNum": 3,
          "answer": "없음",
          "answer_wordNum": 1,
          "fact": [
            "충칭마라탕,휴무일,없음"
          ]
        }
      ]
    },
    {
      "image_id": 3,
      "question": [
        {
          "question_id": 0,
          "question_type": "정보",
          "question": "연락처가 어떻게 되나요?",
          "question_wordNum": 3,
          "answer": "02-6925-5013",
          "answer_wordNum": 1,
          "fact": [
            "충칭마라탕,연락처,02-6925-5013"
          ]
        },
        {
          "question_id": 1,
          "question_type": "정보",
          "question": "이 곳의 주요 메뉴는 무엇이 있나요?",
          "question_wordNum": 6,
          "answer": "마라탕, 마라새우",
          "answer_wordNum": 2,
          "fact": [
            "충칭마라탕,메뉴,마라탕, 마라새우"
          ]
        },
        {
          "question_id": 2,
          "question_type": "탐색",
          "question": "주차시설이 있나요?",
          "question_wordNum": 2,
          "answer": "있음",
          "answer_wordNum": 1,
          "fact": [
            "충칭마라탕,주차시설,있음"
          ]
        },
        {
          "question_id": 3,
          "question_type": "정보",
          "question": "이 곳의 주소를 알 수 있나요?",
          "question_wordNum": 6,
          "answer": "서울 강서구 강서로47길 35",
          "answer_wordNum": 4,
          "fact": [
            "충칭마라탕,주소,서울 강서구 강서로47길 35"
          ]
        }
      ]
    },
    {
      "image_id": 4,
      "question": [
        {
          "question_id": 0,
          "question_type": "정보",
          "question": "휴무일을 알 수 있나요?",
          "question_wordNum": 4,
          "answer": "없음",
          "answer_wordNum": 1,
          "fact": [
            "충칭마라탕,휴무일,없음"
          ]
        },
        {
          "question_id": 1,
          "question_type": "정보",
          "question": "이 곳의 주소는 어떻게 되나요?",
          "question_wordNum": 5,
          "answer": "서울 강서구 강서로47길 35",
          "answer_wordNum": 4,
          "fact": [
            "충칭마라탕,주소,서울 강서구 강서로47길 35"
          ]
        },
        {
          "question_id": 2,
          "question_type": "관계",
          "question": "이 곳에 인접한 시설을 알 수 있나요?",
          "question_wordNum": 7,
          "answer": "우장산역 4번 출구, 59피자, 이삭토스트",
          "answer_wordNum": 5,
          "fact": [
            "충칭마라탕,인접,우장산역 4번 출구, 59피자, 이삭토스트"
          ]
        },
        {
          "question_id": 3,
          "question_type": "정보",
          "question": "영업시간은 몇시부터 몇시까지로 기재되어 있나요?",
          "question_wordNum": 5,
          "answer": "11:00 - 22:00",
          "answer_wordNum": 3,
          "fact": [
            "충칭마라탕,영업시간,11:00 - 22:00"
          ]
        }
      ]
    }
  ]
}