{
  "data": {
    "dataset": "2-083-219",
    "POI_id": "561433",
    "travelType": "음식점",
    "place": "서울돈까스&김밥",
    "area": "서울"
  },
  "imageInfo": [
    {
      "image_id": 0,
      "filename": "561433_0_su_5_서울돈까스&김밥_1_001.png",
      "mapx": 37.5591095584309,
      "mapy": 126.860941198154,
      "width": 3840,
      "height": 2160,
      "caption_info": [
        "서울돈까스&김밥(가양동)",
        "간판\n"
      ]
    },
    {
      "image_id": 1,
      "filename": "561433_0_su_5_서울돈까스&김밥_1_002.png",
      "mapx": 37.5591095584309,
      "mapy": 126.860941198154,
      "width": 3840,
      "height": 2160,
      "caption_info": [
        "서울돈까스&김밥(가양동)",
        "빌딩,나무"
      ]
    },
    {
      "image_id": 2,
      "filename": "561433_0_su_5_서울돈까스&김밥_1_003.png",
      "mapx": 37.5591095584309,
      "mapy": 126.860941198154,
      "width": 3840,
      "height": 2160,
      "caption_info": [
        "서울돈까스&김밥(가양동)",
        "탁자,의자,셀프코너,그릇"
      ]
    },
    {
      "image_id": 3,
      "filename": "561433_0_su_5_서울돈까스&김밥_1_004.png",
      "mapx": 37.5591095584309,
      "mapy": 126.860941198154,
      "width": 3840,
      "height": 2160,
      "caption_info": [
        "서울돈까스&김밥(가양동)",
        "등심까스,안심까스,땡초참치김밥"
      ]
    },
    {
      "image_id": 4,
      "filename": "561433_0_su_5_서울돈까스&김밥_1_005.png",
      "mapx": 37.5591095584309,
      "mapy": 126.860941198154,
      "width": 3840,
      "height": 2160,
      "caption_info": [
        "서울돈까스&김밥(가양동)",
        "돈까스,야채,밥"
      ]
    }
  ],
  "annotations": [
    {
      "image_id": 0,
      "question": [
        {
          "question_id": 0,
          "question_type": "정보",
          "question": "이 곳의 대표적인 메뉴를 알 수 있나요?",
          "question_wordNum": 7,
          "answer": "야채김밥, 참치김밥",
          "answer_wordNum": 2,
          "fact": [
            "서울돈까스&김밥,메뉴,야채김밥, 참치김밥"
          ]
        },
        {
          "question_id": 1,
          "question_type": "탐색",
          "question": "주차시설이 있는지 알 수 있나요?",
          "question_wordNum": 5,
          "answer": "있음",
          "answer_wordNum": 1,
          "fact": [
            "서울돈까스&김밥,주차시설,있음"
          ]
        },
        {
          "question_id": 2,
          "question_type": "정보",
          "question": "이 곳의 주소는 어떻게 되나요?",
          "question_wordNum": 5,
          "answer": "서울 강서구 양천로 551-17 한화비즈메트로1차 1층 102-2호 서울돈까스 김밥",
          "answer_wordNum": 9,
          "fact": [
            "서울돈까스&김밥,주소,서울 강서구 양천로 551-17 한화비즈메트로1차 1층 102-2호 서울돈까스 김밥"
          ]
        },
        {
          "question_id": 3,
          "question_type": "정보",
          "question": "영업시간은 몇시부터 몇시까지로 기재되어 있나요?",
          "question_wordNum": 5,
          "answer": "알수없음",
          "answer_wordNum": 1,
          "fact": [
            "서울돈까스&김밥,영업시간,알수없음"
          ]
        }
      ]
    },
    {
      "image_id": 1,
      "question": [
        {
          "question_id": 0,
          "question_type": "정보",
          "question": "연락처를 알 수 있나요?",
          "question_wordNum": 4,
          "answer": "02-6957-1110",
          "answer_wordNum": 1,
          "fact": [
            "서울돈까스&김밥,연락처,02-6957-1110"
          ]
        },
        {
          "question_id": 1,
          "question_type": "관계",
          "question": "이 곳에 인접한 시설을 알 수 있나요?",
          "question_wordNum": 7,
          "answer": "증미역 1번 출구, 매반생면, 미니스톱",
          "answer_wordNum": 5,
          "fact": [
            "서울돈까스&김밥,인접,증미역 1번 출구, 매반생면, 미니스톱"
          ]
        },
        {
          "question_id": 2,
          "question_type": "정보",
          "question": "이 곳의 주소를 알 수 있나요?",
          "question_wordNum": 6,
          "answer": "서울 강서구 양천로 551-17 한화비즈메트로1차 1층 102-2호 서울돈까스 김밥",
          "answer_wordNum": 9,
          "fact": [
            "서울돈까스&김밥,주소,서울 강서구 양천로 551-17 한화비즈메트로1차 1층 102-2호 서울돈까스 김밥"
          ]
        },
        {
          "question_id": 3,
          "question_type": "정보",
          "question": "이 곳의 주요 메뉴는 무엇이 있나요?",
          "question_wordNum": 6,
          "answer": "야채김밥, 참치김밥",
          "answer_wordNum": 2,
          "fact": [
            "서울돈까스&김밥,메뉴,야채김밥, 참치김밥"
          ]
        }
      ]
    },
    {
      "image_id": 2,
      "question": [
        {
          "question_id": 0,
          "question_type": "정보",
          "question": "이 곳의 주요 메뉴는 무엇이 있나요?",
          "question_wordNum": 6,
          "answer": "야채김밥, 참치김밥",
          "answer_wordNum": 2,
          "fact": [
            "서울돈까스&김밥,메뉴,야채김밥, 참치김밥"
          ]
        },
        {
          "question_id": 1,
          "question_type": "정보",
          "question": "영업시간은 몇시부터 몇시까지로 기재되어 있나요?",
          "question_wordNum": 5,
          "answer": "알수없음",
          "answer_wordNum": 1,
          "fact": [
            "서울돈까스&김밥,영업시간,알수없음"
          ]
        },
        {
          "question_id": 2,
          "question_type": "탐색",
          "question": "주차시설이 있나요?",
          "question_wordNum": 2,
          "answer": "있음",
          "answer_wordNum": 1,
          "fact": [
            "서울돈까스&김밥,주차시설,있음"
          ]
        },
        {
          "question_id": 3,
          "question_type": "정보",
          "question": "이 곳의 주소는 어떻게 되나요?",
          "question_wordNum": 5,
          "answer": "서울 강서구 양천로 551-17 한화비즈메트로1차 1층 102-2호 서울돈까스 김밥",
          "answer_wordNum": 9,
          "fact": [
            "서울돈까스&김밥,주소,서울 강서구 양천로 551-17 한화비즈메트로1차 1층 102-2호 서울돈까스 김밥"
          ]
        }
      ]
    },
    {
      "image_id": 3,
      "question": [
        {
          "question_id": 0,
          "question_type": "정보",
          "question": "영업시간은 몇시부터 몇시까지로 기재되어 있나요?",
          "question_wordNum": 5,
          "answer": "알수없음",
          "answer_wordNum": 1,
          "fact": [
            "서울돈까스&김밥,영업시간,알수없음"
          ]
        },
        {
          "question_id": 1,
          "question_type": "정보",
          "question": "연락처를 알 수 있나요?",
          "question_wordNum": 4,
          "answer": "02-6957-1110",
          "answer_wordNum": 1,
          "fact": [
            "서울돈까스&김밥,연락처,02-6957-1110"
          ]
        },
        {
          "question_id": 2,
          "question_type": "정보",
          "question": "이 곳의 대표적인 메뉴는 무엇이 있나요?",
          "question_wordNum": 6,
          "answer": "야채김밥, 참치김밥",
          "answer_wordNum": 2,
          "fact": [
            "서울돈까스&김밥,메뉴,야채김밥, 참치김밥"
          ]
        },
        {
          "question_id": 3,
          "question_type": "관계",
          "question": "이 곳에 인접한 시설이 있나요?",
          "question_wordNum": 5,
          "answer": "증미역 1번 출구, 매반생면, 미니스톱",
          "answer_wordNum": 5,
          "fact": [
            "서울돈까스&김밥,인접,증미역 1번 출구, 매반생면, 미니스톱"
          ]
        }
      ]
    },
    {
      "image_id": 4,
      "question": [
        {
          "question_id": 0,
          "question_type": "정보",
          "question": "영업시간은 몇시부터 몇시까지로 기재되어 있나요?",
          "question_wordNum": 5,
          "answer": "알수없음",
          "answer_wordNum": 1,
          "fact": [
            "서울돈까스&김밥,영업시간,알수없음"
          ]
        },
        {
          "question_id": 1,
          "question_type": "정보",
          "question": "연락처를 알 수 있나요?",
          "question_wordNum": 4,
          "answer": "02-6957-1110",
          "answer_wordNum": 1,
          "fact": [
            "서울돈까스&김밥,연락처,02-6957-1110"
          ]
        },
        {
          "question_id": 2,
          "question_type": "정보",
          "question": "이 곳의 주요 메뉴를 알 수 있나요?",
          "question_wordNum": 7,
          "answer": "야채김밥, 참치김밥",
          "answer_wordNum": 2,
          "fact": [
            "서울돈까스&김밥,메뉴,야채김밥, 참치김밥"
          ]
        },
        {
          "question_id": 3,
          "question_type": "정보",
          "question": "이 곳의 주소는 어떻게 되나요?",
          "question_wordNum": 5,
          "answer": "서울 강서구 양천로 551-17 한화비즈메트로1차 1층 102-2호 서울돈까스 김밥",
          "answer_wordNum": 9,
          "fact": [
            "서울돈까스&김밥,주소,서울 강서구 양천로 551-17 한화비즈메트로1차 1층 102-2호 서울돈까스 김밥"
          ]
        }
      ]
    }
  ]
}