{
  "data": {
    "dataset": "2-083-219",
    "POI_id": "561776",
    "travelType": "음식점",
    "place": "프랭크버거 내발산점",
    "area": "서울"
  },
  "imageInfo": [
    {
      "image_id": 0,
      "filename": "561776_0_su_5_프랭크버거 내발산점_1_001.png",
      "mapx": 37.5524085692206,
      "mapy": 126.826125317295,
      "width": 3840,
      "height": 2160,
      "caption_info": [
        "프랭크버거 내발산점(내발산동)",
        "간판, 배너, 여닫이문"
      ]
    },
    {
      "image_id": 1,
      "filename": "561776_0_su_5_프랭크버거 내발산점_1_002.png",
      "mapx": 37.5524085692206,
      "mapy": 126.826125317295,
      "width": 3840,
      "height": 2160,
      "caption_info": [
        "프랭크버거 내발산점(내발산동)",
        "간판"
      ]
    },
    {
      "image_id": 2,
      "filename": "561776_0_su_5_프랭크버거 내발산점_1_003.png",
      "mapx": 37.5524085692206,
      "mapy": 126.826125317295,
      "width": 3840,
      "height": 2160,
      "caption_info": [
        "프랭크버거 내발산점(내발산동)",
        "테이블, 스툴 의자, 등받이 의자, 퇴식대, 키오스크"
      ]
    },
    {
      "image_id": 3,
      "filename": "561776_0_su_5_프랭크버거 내발산점_1_004.png",
      "mapx": 37.5524085692206,
      "mapy": 126.826125317295,
      "width": 3840,
      "height": 2160,
      "caption_info": [
        "프랭크버거 내발산점(내발산동)",
        "메뉴판"
      ]
    },
    {
      "image_id": 4,
      "filename": "561776_0_su_5_프랭크버거 내발산점_1_005.png",
      "mapx": 37.5524085692206,
      "mapy": 126.826125317295,
      "width": 3840,
      "height": 2160,
      "caption_info": [
        "프랭크버거 내발산점(내발산동)",
        "햄버거, 감자튀김"
      ]
    }
  ],
  "annotations": [
    {
      "image_id": 0,
      "question": [
        {
          "question_id": 0,
          "question_type": "정보",
          "question": "휴무일을 알 수 있나요?",
          "question_wordNum": 4,
          "answer": "알수없음",
          "answer_wordNum": 1,
          "fact": [
            "프랭크버거 내발산점,휴무일,알수없음"
          ]
        },
        {
          "question_id": 1,
          "question_type": "관계",
          "question": "이 곳에 인접한 시설을 알 수 있나요?",
          "question_wordNum": 7,
          "answer": "마곡역 5번 출구, 컴포즈커피, 리트웨이",
          "answer_wordNum": 5,
          "fact": [
            "프랭크버거 내발산점,인접,마곡역 5번 출구, 컴포즈커피, 리트웨이"
          ]
        },
        {
          "question_id": 2,
          "question_type": "탐색",
          "question": "주차시설이 있나요?",
          "question_wordNum": 2,
          "answer": "있음",
          "answer_wordNum": 1,
          "fact": [
            "프랭크버거 내발산점,주차시설,있음"
          ]
        },
        {
          "question_id": 3,
          "question_type": "정보",
          "question": "연락처가 어떻게 되나요?",
          "question_wordNum": 3,
          "answer": "02-2135-8281",
          "answer_wordNum": 1,
          "fact": [
            "프랭크버거 내발산점,연락처,02-2135-8281"
          ]
        }
      ]
    },
    {
      "image_id": 1,
      "question": [
        {
          "question_id": 0,
          "question_type": "정보",
          "question": "이 곳의 대표적인 메뉴는 무엇이 있나요?",
          "question_wordNum": 6,
          "answer": "베이컨치즈버거, 더블치즈버거",
          "answer_wordNum": 2,
          "fact": [
            "프랭크버거 내발산점,메뉴,베이컨치즈버거, 더블치즈버거"
          ]
        },
        {
          "question_id": 1,
          "question_type": "정보",
          "question": "영업시간은 몇시부터 몇시까지로 기재되어 있나요?",
          "question_wordNum": 5,
          "answer": "10:30~21:00",
          "answer_wordNum": 1,
          "fact": [
            "프랭크버거 내발산점,영업시간,10:30~21:00"
          ]
        },
        {
          "question_id": 2,
          "question_type": "정보",
          "question": "연락처가 어떻게 되나요?",
          "question_wordNum": 3,
          "answer": "02-2135-8281",
          "answer_wordNum": 1,
          "fact": [
            "프랭크버거 내발산점,연락처,02-2135-8281"
          ]
        },
        {
          "question_id": 3,
          "question_type": "정보",
          "question": "휴무일은 어떻게 되나요?",
          "question_wordNum": 3,
          "answer": "알수없음",
          "answer_wordNum": 1,
          "fact": [
            "프랭크버거 내발산점,휴무일,알수없음"
          ]
        }
      ]
    },
    {
      "image_id": 2,
      "question": [
        {
          "question_id": 0,
          "question_type": "탐색",
          "question": "주차시설이 있나요?",
          "question_wordNum": 2,
          "answer": "있음",
          "answer_wordNum": 1,
          "fact": [
            "프랭크버거 내발산점,주차시설,있음"
          ]
        },
        {
          "question_id": 1,
          "question_type": "관계",
          "question": "이 곳에 인접한 시설이 있나요?",
          "question_wordNum": 5,
          "answer": "마곡역 5번 출구, 컴포즈커피, 리트웨이",
          "answer_wordNum": 5,
          "fact": [
            "프랭크버거 내발산점,인접,마곡역 5번 출구, 컴포즈커피, 리트웨이"
          ]
        },
        {
          "question_id": 2,
          "question_type": "정보",
          "question": "영업시간을 알 수 있나요?",
          "question_wordNum": 4,
          "answer": "10:30~21:00",
          "answer_wordNum": 1,
          "fact": [
            "프랭크버거 내발산점,영업시간,10:30~21:00"
          ]
        },
        {
          "question_id": 3,
          "question_type": "정보",
          "question": "이 곳의 주요 메뉴는 무엇이 있나요?",
          "question_wordNum": 6,
          "answer": "베이컨치즈버거, 더블치즈버거",
          "answer_wordNum": 2,
          "fact": [
            "프랭크버거 내발산점,메뉴,베이컨치즈버거, 더블치즈버거"
          ]
        }
      ]
    },
    {
      "image_id": 3,
      "question": [
        {
          "question_id": 0,
          "question_type": "정보",
          "question": "휴무일은 어떻게 되나요?",
          "question_wordNum": 3,
          "answer": "알수없음",
          "answer_wordNum": 1,
          "fact": [
            "프랭크버거 내발산점,휴무일,알수없음"
          ]
        },
        {
          "question_id": 1,
          "question_type": "탐색",
          "question": "주차시설이 있는지 알 수 있나요?",
          "question_wordNum": 5,
          "answer": "있음",
          "answer_wordNum": 1,
          "fact": [
            "프랭크버거 내발산점,주차시설,있음"
          ]
        },
        {
          "question_id": 2,
          "question_type": "정보",
          "question": "이 곳의 대표적인 메뉴를 알 수 있나요?",
          "question_wordNum": 7,
          "answer": "베이컨치즈버거, 더블치즈버거",
          "answer_wordNum": 2,
          "fact": [
            "프랭크버거 내발산점,메뉴,베이컨치즈버거, 더블치즈버거"
          ]
        },
        {
          "question_id": 3,
          "question_type": "정보",
          "question": "이 곳의 주소는 어떻게 되나요?",
          "question_wordNum": 5,
          "answer": "서울 강서구 수명로 72",
          "answer_wordNum": 4,
          "fact": [
            "프랭크버거 내발산점,주소,서울 강서구 수명로 72"
          ]
        }
      ]
    },
    {
      "image_id": 4,
      "question": [
        {
          "question_id": 0,
          "question_type": "정보",
          "question": "이 곳의 주소를 알 수 있나요?",
          "question_wordNum": 6,
          "answer": "서울 강서구 수명로 72",
          "answer_wordNum": 4,
          "fact": [
            "프랭크버거 내발산점,주소,서울 강서구 수명로 72"
          ]
        },
        {
          "question_id": 1,
          "question_type": "정보",
          "question": "영업시간은 어떻게 되나요?",
          "question_wordNum": 3,
          "answer": "10:30~21:00",
          "answer_wordNum": 1,
          "fact": [
            "프랭크버거 내발산점,영업시간,10:30~21:00"
          ]
        },
        {
          "question_id": 2,
          "question_type": "관계",
          "question": "이 곳에 인접한 시설이 있나요?",
          "question_wordNum": 5,
          "answer": "마곡역 5번 출구, 컴포즈커피, 리트웨이",
          "answer_wordNum": 5,
          "fact": [
            "프랭크버거 내발산점,인접,마곡역 5번 출구, 컴포즈커피, 리트웨이"
          ]
        },
        {
          "question_id": 3,
          "question_type": "정보",
          "question": "연락처가 어떻게 되나요?",
          "question_wordNum": 3,
          "answer": "02-2135-8281",
          "answer_wordNum": 1,
          "fact": [
            "프랭크버거 내발산점,연락처,02-2135-8281"
          ]
        }
      ]
    }
  ]
}