{
  "data": {
    "dataset": "2-083-219",
    "POI_id": "561784",
    "travelType": "음식점",
    "place": "강순자옛맛김치찌개 수명산파크점",
    "area": "서울"
  },
  "imageInfo": [
    {
      "image_id": 0,
      "filename": "561784_0_su_5_강순자옛맛김치찌개 수명산파크점_1_001.png",
      "mapx": 37.5529862473925,
      "mapy": 126.82677164429,
      "width": 3840,
      "height": 2160,
      "caption_info": [
        "강순자옛맛김치찌개 수명산파크점(내발산동)",
        "간판"
      ]
    },
    {
      "image_id": 1,
      "filename": "561784_0_su_5_강순자옛맛김치찌개 수명산파크점_1_002.png",
      "mapx": 37.5529862473925,
      "mapy": 126.82677164429,
      "width": 3840,
      "height": 2160,
      "caption_info": [
        "강순자옛맛김치찌개 수명산파크점(내발산동)",
        "간판, 여닫이문"
      ]
    },
    {
      "image_id": 2,
      "filename": "561784_0_su_5_강순자옛맛김치찌개 수명산파크점_1_003.png",
      "mapx": 37.5529862473925,
      "mapy": 126.82677164429,
      "width": 3840,
      "height": 2160,
      "caption_info": [
        "강순자옛맛김치찌개 수명산파크점(내발산동)",
        "테이블, 등받이의자\n"
      ]
    },
    {
      "image_id": 3,
      "filename": "561784_0_su_5_강순자옛맛김치찌개 수명산파크점_1_004.png",
      "mapx": 37.5529862473925,
      "mapy": 126.82677164429,
      "width": 3840,
      "height": 2160,
      "caption_info": [
        "강순자옛맛김치찌개 수명산파크점(내발산동)",
        "메뉴판"
      ]
    },
    {
      "image_id": 4,
      "filename": "561784_0_su_5_강순자옛맛김치찌개 수명산파크점_1_005.png",
      "mapx": 37.5529862473925,
      "mapy": 126.82677164429,
      "width": 3840,
      "height": 2160,
      "caption_info": [
        "강순자옛맛김치찌개 수명산파크점(내발산동)",
        "김치찌개"
      ]
    }
  ],
  "annotations": [
    {
      "image_id": 0,
      "question": [
        {
          "question_id": 0,
          "question_type": "정보",
          "question": "휴무일을 알 수 있나요?",
          "question_wordNum": 4,
          "answer": "없음",
          "answer_wordNum": 1,
          "fact": [
            "강순자옛맛김치찌개 수명산파크점,휴무일,없음"
          ]
        },
        {
          "question_id": 1,
          "question_type": "관계",
          "question": "이 곳에 인접한 시설이 있나요?",
          "question_wordNum": 5,
          "answer": "마곡역 5번 출구, 메가커피, 청담추어정",
          "answer_wordNum": 5,
          "fact": [
            "강순자옛맛김치찌개 수명산파크점,인접,마곡역 5번 출구, 메가커피, 청담추어정"
          ]
        },
        {
          "question_id": 2,
          "question_type": "정보",
          "question": "영업시간을 알 수 있나요?",
          "question_wordNum": 4,
          "answer": "10:00 - 24:00",
          "answer_wordNum": 3,
          "fact": [
            "강순자옛맛김치찌개 수명산파크점,영업시간,10:00 - 24:00"
          ]
        },
        {
          "question_id": 3,
          "question_type": "정보",
          "question": "연락처가 어떻게 되나요?",
          "question_wordNum": 3,
          "answer": "0507-1419-1241",
          "answer_wordNum": 1,
          "fact": [
            "강순자옛맛김치찌개 수명산파크점,연락처,0507-1419-1241"
          ]
        }
      ]
    },
    {
      "image_id": 1,
      "question": [
        {
          "question_id": 0,
          "question_type": "정보",
          "question": "이 곳의 대표적인 메뉴는 무엇이 있나요?",
          "question_wordNum": 6,
          "answer": "김치찌개, 김치부대찌개",
          "answer_wordNum": 2,
          "fact": [
            "강순자옛맛김치찌개 수명산파크점,메뉴,김치찌개, 김치부대찌개"
          ]
        },
        {
          "question_id": 1,
          "question_type": "탐색",
          "question": "주차시설이 있는지 알 수 있나요?",
          "question_wordNum": 5,
          "answer": "있음",
          "answer_wordNum": 1,
          "fact": [
            "강순자옛맛김치찌개 수명산파크점,주차시설,있음"
          ]
        },
        {
          "question_id": 2,
          "question_type": "관계",
          "question": "이 곳에 인접한 시설이 있나요?",
          "question_wordNum": 5,
          "answer": "마곡역 5번 출구, 메가커피, 청담추어정",
          "answer_wordNum": 5,
          "fact": [
            "강순자옛맛김치찌개 수명산파크점,인접,마곡역 5번 출구, 메가커피, 청담추어정"
          ]
        },
        {
          "question_id": 3,
          "question_type": "정보",
          "question": "이 곳의 주소는 어떻게 되나요?",
          "question_wordNum": 5,
          "answer": "서울 강서구 수명로 68-35",
          "answer_wordNum": 4,
          "fact": [
            "강순자옛맛김치찌개 수명산파크점,주소,서울 강서구 수명로 68-35"
          ]
        }
      ]
    },
    {
      "image_id": 2,
      "question": [
        {
          "question_id": 0,
          "question_type": "정보",
          "question": "이 곳의 주요 메뉴는 무엇이 있나요?",
          "question_wordNum": 6,
          "answer": "김치찌개, 김치부대찌개",
          "answer_wordNum": 2,
          "fact": [
            "강순자옛맛김치찌개 수명산파크점,메뉴,김치찌개, 김치부대찌개"
          ]
        },
        {
          "question_id": 1,
          "question_type": "정보",
          "question": "연락처를 알 수 있나요?",
          "question_wordNum": 4,
          "answer": "0507-1419-1241",
          "answer_wordNum": 1,
          "fact": [
            "강순자옛맛김치찌개 수명산파크점,연락처,0507-1419-1241"
          ]
        },
        {
          "question_id": 2,
          "question_type": "정보",
          "question": "이 곳의 주소는 어떻게 되나요?",
          "question_wordNum": 5,
          "answer": "서울 강서구 수명로 68-35",
          "answer_wordNum": 4,
          "fact": [
            "강순자옛맛김치찌개 수명산파크점,주소,서울 강서구 수명로 68-35"
          ]
        },
        {
          "question_id": 3,
          "question_type": "관계",
          "question": "이 곳에 인접한 시설이 있나요?",
          "question_wordNum": 5,
          "answer": "마곡역 5번 출구, 메가커피, 청담추어정",
          "answer_wordNum": 5,
          "fact": [
            "강순자옛맛김치찌개 수명산파크점,인접,마곡역 5번 출구, 메가커피, 청담추어정"
          ]
        }
      ]
    },
    {
      "image_id": 3,
      "question": [
        {
          "question_id": 0,
          "question_type": "정보",
          "question": "휴무일을 알 수 있나요?",
          "question_wordNum": 4,
          "answer": "없음",
          "answer_wordNum": 1,
          "fact": [
            "강순자옛맛김치찌개 수명산파크점,휴무일,없음"
          ]
        },
        {
          "question_id": 1,
          "question_type": "정보",
          "question": "이 곳의 주소는 어떻게 되나요?",
          "question_wordNum": 5,
          "answer": "서울 강서구 수명로 68-35",
          "answer_wordNum": 4,
          "fact": [
            "강순자옛맛김치찌개 수명산파크점,주소,서울 강서구 수명로 68-35"
          ]
        },
        {
          "question_id": 2,
          "question_type": "관계",
          "question": "이 곳에 인접한 시설이 있나요?",
          "question_wordNum": 5,
          "answer": "마곡역 5번 출구, 메가커피, 청담추어정",
          "answer_wordNum": 5,
          "fact": [
            "강순자옛맛김치찌개 수명산파크점,인접,마곡역 5번 출구, 메가커피, 청담추어정"
          ]
        },
        {
          "question_id": 3,
          "question_type": "탐색",
          "question": "주차시설이 있는지 알 수 있나요?",
          "question_wordNum": 5,
          "answer": "있음",
          "answer_wordNum": 1,
          "fact": [
            "강순자옛맛김치찌개 수명산파크점,주차시설,있음"
          ]
        }
      ]
    },
    {
      "image_id": 4,
      "question": [
        {
          "question_id": 0,
          "question_type": "정보",
          "question": "이 곳의 주요 메뉴를 알 수 있나요?",
          "question_wordNum": 7,
          "answer": "김치찌개, 김치부대찌개",
          "answer_wordNum": 2,
          "fact": [
            "강순자옛맛김치찌개 수명산파크점,메뉴,김치찌개, 김치부대찌개"
          ]
        },
        {
          "question_id": 1,
          "question_type": "정보",
          "question": "휴무일을 알 수 있나요?",
          "question_wordNum": 4,
          "answer": "없음",
          "answer_wordNum": 1,
          "fact": [
            "강순자옛맛김치찌개 수명산파크점,휴무일,없음"
          ]
        },
        {
          "question_id": 2,
          "question_type": "탐색",
          "question": "주차시설이 있는지 알 수 있나요?",
          "question_wordNum": 5,
          "answer": "있음",
          "answer_wordNum": 1,
          "fact": [
            "강순자옛맛김치찌개 수명산파크점,주차시설,있음"
          ]
        },
        {
          "question_id": 3,
          "question_type": "정보",
          "question": "이 곳의 주소는 어떻게 되나요?",
          "question_wordNum": 5,
          "answer": "서울 강서구 수명로 68-35",
          "answer_wordNum": 4,
          "fact": [
            "강순자옛맛김치찌개 수명산파크점,주소,서울 강서구 수명로 68-35"
          ]
        }
      ]
    }
  ]
}