{
  "data": {
    "dataset": "2-083-219",
    "POI_id": "561436",
    "travelType": "음식점",
    "place": "토담 제육볶음&생선구이 맛집",
    "area": "서울"
  },
  "imageInfo": [
    {
      "image_id": 0,
      "filename": "561436_0_su_5_토담 제육볶음&생선구이 맛집_1_001.png",
      "mapx": 37.5694779635566,
      "mapy": 126.840705162672,
      "width": 3840,
      "height": 2160,
      "caption_info": [
        "토담 제육볶음&생선구이 맛집(가양동)",
        "포장배달,고등어구이,제육볶음"
      ]
    },
    {
      "image_id": 1,
      "filename": "561436_0_su_5_토담 제육볶음&생선구이 맛집_1_002.png",
      "mapx": 37.5694779635566,
      "mapy": 126.840705162672,
      "width": 3840,
      "height": 2160,
      "caption_info": [
        "토담 제육볶음&생선구이 맛집(가양동)",
        "의자,탁자,토담"
      ]
    },
    {
      "image_id": 2,
      "filename": "561436_0_su_5_토담 제육볶음&생선구이 맛집_1_003.png",
      "mapx": 37.5694779635566,
      "mapy": 126.840705162672,
      "width": 3840,
      "height": 2160,
      "caption_info": [
        "토담 제육볶음&생선구이 맛집(가양동)",
        "의자,탁자,컵,선풍기"
      ]
    },
    {
      "image_id": 3,
      "filename": "561436_0_su_5_토담 제육볶음&생선구이 맛집_1_004.png",
      "mapx": 37.5694779635566,
      "mapy": 126.840705162672,
      "width": 3840,
      "height": 2160,
      "caption_info": [
        "토담 제육볶음&생선구이 맛집(가양동)",
        "시골청국장,우렁된장,해물손두부"
      ]
    },
    {
      "image_id": 4,
      "filename": "561436_0_su_5_토담 제육볶음&생선구이 맛집_1_005.png",
      "mapx": 37.5694779635566,
      "mapy": 126.840705162672,
      "width": 3840,
      "height": 2160,
      "caption_info": [
        "토담 제육볶음&생선구이 맛집(가양동)",
        "제육볶음접시"
      ]
    }
  ],
  "annotations": [
    {
      "image_id": 0,
      "question": [
        {
          "question_id": 0,
          "question_type": "정보",
          "question": "연락처가 어떻게 되나요?",
          "question_wordNum": 3,
          "answer": "02-3665-7947",
          "answer_wordNum": 1,
          "fact": [
            "토담 제육볶음&생선구이 맛집,연락처,02-3665-7947"
          ]
        },
        {
          "question_id": 1,
          "question_type": "관계",
          "question": "이 곳에 인접한 시설이 있나요?",
          "question_wordNum": 5,
          "answer": "양천향교역 1번 출구, 카페공간, 양천곱창",
          "answer_wordNum": 5,
          "fact": [
            "토담 제육볶음&생선구이 맛집,인접,양천향교역 1번 출구, 카페공간, 양천곱창"
          ]
        },
        {
          "question_id": 2,
          "question_type": "정보",
          "question": "이 곳의 주소를 알 수 있나요?",
          "question_wordNum": 6,
          "answer": "서울 강서구 양천로49길 17 1층 가양동 1동",
          "answer_wordNum": 7,
          "fact": [
            "토담 제육볶음&생선구이 맛집,주소,서울 강서구 양천로49길 17 1층 가양동 1동"
          ]
        },
        {
          "question_id": 3,
          "question_type": "정보",
          "question": "영업시간은 몇시부터 몇시까지로 기재되어 있나요?",
          "question_wordNum": 5,
          "answer": "알수없음",
          "answer_wordNum": 1,
          "fact": [
            "토담 제육볶음&생선구이 맛집,영업시간,알수없음"
          ]
        }
      ]
    },
    {
      "image_id": 1,
      "question": [
        {
          "question_id": 0,
          "question_type": "정보",
          "question": "이 곳의 대표적인 메뉴는 무엇이 있나요?",
          "question_wordNum": 6,
          "answer": "오징어볶음, 두루치기",
          "answer_wordNum": 2,
          "fact": [
            "토담 제육볶음&생선구이 맛집,메뉴,오징어볶음, 두루치기"
          ]
        },
        {
          "question_id": 1,
          "question_type": "정보",
          "question": "영업시간은 어떻게 되나요?",
          "question_wordNum": 3,
          "answer": "알수없음",
          "answer_wordNum": 1,
          "fact": [
            "토담 제육볶음&생선구이 맛집,영업시간,알수없음"
          ]
        },
        {
          "question_id": 2,
          "question_type": "관계",
          "question": "이 곳에 인접한 시설을 알 수 있나요?",
          "question_wordNum": 7,
          "answer": "양천향교역 1번 출구, 카페공간, 양천곱창",
          "answer_wordNum": 5,
          "fact": [
            "토담 제육볶음&생선구이 맛집,인접,양천향교역 1번 출구, 카페공간, 양천곱창"
          ]
        },
        {
          "question_id": 3,
          "question_type": "정보",
          "question": "연락처가 어떻게 되나요?",
          "question_wordNum": 3,
          "answer": "02-3665-7947",
          "answer_wordNum": 1,
          "fact": [
            "토담 제육볶음&생선구이 맛집,연락처,02-3665-7947"
          ]
        }
      ]
    },
    {
      "image_id": 2,
      "question": [
        {
          "question_id": 0,
          "question_type": "정보",
          "question": "이 곳의 대표적인 메뉴를 알 수 있나요?",
          "question_wordNum": 7,
          "answer": "오징어볶음, 두루치기",
          "answer_wordNum": 2,
          "fact": [
            "토담 제육볶음&생선구이 맛집,메뉴,오징어볶음, 두루치기"
          ]
        },
        {
          "question_id": 1,
          "question_type": "정보",
          "question": "영업시간은 몇시부터 몇시까지로 기재되어 있나요?",
          "question_wordNum": 5,
          "answer": "알수없음",
          "answer_wordNum": 1,
          "fact": [
            "토담 제육볶음&생선구이 맛집,영업시간,알수없음"
          ]
        },
        {
          "question_id": 2,
          "question_type": "관계",
          "question": "이 곳에 인접한 시설을 알 수 있나요?",
          "question_wordNum": 7,
          "answer": "양천향교역 1번 출구, 카페공간, 양천곱창",
          "answer_wordNum": 5,
          "fact": [
            "토담 제육볶음&생선구이 맛집,인접,양천향교역 1번 출구, 카페공간, 양천곱창"
          ]
        },
        {
          "question_id": 3,
          "question_type": "정보",
          "question": "이 곳의 주소를 알 수 있나요?",
          "question_wordNum": 6,
          "answer": "서울 강서구 양천로49길 17 1층 가양동 1동",
          "answer_wordNum": 7,
          "fact": [
            "토담 제육볶음&생선구이 맛집,주소,서울 강서구 양천로49길 17 1층 가양동 1동"
          ]
        }
      ]
    },
    {
      "image_id": 3,
      "question": [
        {
          "question_id": 0,
          "question_type": "정보",
          "question": "휴무일은 어떻게 되나요?",
          "question_wordNum": 3,
          "answer": "알수없음",
          "answer_wordNum": 1,
          "fact": [
            "토담 제육볶음&생선구이 맛집,휴무일,알수없음"
          ]
        },
        {
          "question_id": 1,
          "question_type": "정보",
          "question": "영업시간은 몇시부터 몇시까지로 기재되어 있나요?",
          "question_wordNum": 5,
          "answer": "알수없음",
          "answer_wordNum": 1,
          "fact": [
            "토담 제육볶음&생선구이 맛집,영업시간,알수없음"
          ]
        },
        {
          "question_id": 2,
          "question_type": "정보",
          "question": "이 곳의 대표적인 메뉴를 알 수 있나요?",
          "question_wordNum": 7,
          "answer": "오징어볶음, 두루치기",
          "answer_wordNum": 2,
          "fact": [
            "토담 제육볶음&생선구이 맛집,메뉴,오징어볶음, 두루치기"
          ]
        },
        {
          "question_id": 3,
          "question_type": "정보",
          "question": "연락처를 알 수 있나요?",
          "question_wordNum": 4,
          "answer": "02-3665-7947",
          "answer_wordNum": 1,
          "fact": [
            "토담 제육볶음&생선구이 맛집,연락처,02-3665-7947"
          ]
        }
      ]
    },
    {
      "image_id": 4,
      "question": [
        {
          "question_id": 0,
          "question_type": "정보",
          "question": "이 곳의 주요 메뉴는 무엇이 있나요?",
          "question_wordNum": 6,
          "answer": "오징어볶음, 두루치기",
          "answer_wordNum": 2,
          "fact": [
            "토담 제육볶음&생선구이 맛집,메뉴,오징어볶음, 두루치기"
          ]
        },
        {
          "question_id": 1,
          "question_type": "탐색",
          "question": "주차시설이 있는지 알 수 있나요?",
          "question_wordNum": 5,
          "answer": "없음",
          "answer_wordNum": 1,
          "fact": [
            "토담 제육볶음&생선구이 맛집,주차시설,없음"
          ]
        },
        {
          "question_id": 2,
          "question_type": "관계",
          "question": "이 곳에 인접한 시설이 있나요?",
          "question_wordNum": 5,
          "answer": "양천향교역 1번 출구, 카페공간, 양천곱창",
          "answer_wordNum": 5,
          "fact": [
            "토담 제육볶음&생선구이 맛집,인접,양천향교역 1번 출구, 카페공간, 양천곱창"
          ]
        },
        {
          "question_id": 3,
          "question_type": "정보",
          "question": "영업시간은 몇시부터 몇시까지로 기재되어 있나요?",
          "question_wordNum": 5,
          "answer": "알수없음",
          "answer_wordNum": 1,
          "fact": [
            "토담 제육볶음&생선구이 맛집,영업시간,알수없음"
          ]
        }
      ]
    }
  ]
}