{
  "data": {
    "dataset": "2-083-219",
    "POI_id": "561771",
    "travelType": "음식점",
    "place": "육미정",
    "area": "서울"
  },
  "imageInfo": [
    {
      "image_id": 0,
      "filename": "561771_0_su_5_육미정_2_001.png",
      "mapx": 37.5525909469274,
      "mapy": 126.826197321696,
      "width": 3840,
      "height": 2160,
      "caption_info": [
        "육미정(강서구)",
        "간판"
      ]
    },
    {
      "image_id": 1,
      "filename": "561771_0_su_5_육미정_2_002.png",
      "mapx": 37.5525909469274,
      "mapy": 126.826197321696,
      "width": 3840,
      "height": 2160,
      "caption_info": [
        "육미정(강서구)",
        "간판"
      ]
    },
    {
      "image_id": 2,
      "filename": "561771_0_su_5_육미정_2_003.png",
      "mapx": 37.5525909469274,
      "mapy": 126.826197321696,
      "width": 3840,
      "height": 2160,
      "caption_info": [
        "육미정(강서구)",
        "사각 테이블"
      ]
    },
    {
      "image_id": 3,
      "filename": "561771_0_su_5_육미정_2_004.png",
      "mapx": 37.5525909469274,
      "mapy": 126.826197321696,
      "width": 3840,
      "height": 2160,
      "caption_info": [
        "육미정(강서구)",
        "메뉴판 "
      ]
    },
    {
      "image_id": 4,
      "filename": "561771_0_su_5_육미정_2_005.png",
      "mapx": 37.5525909469274,
      "mapy": 126.826197321696,
      "width": 3840,
      "height": 2160,
      "caption_info": [
        "육미정(강서구)",
        "전골 "
      ]
    }
  ],
  "annotations": [
    {
      "image_id": 0,
      "question": [
        {
          "question_id": 0,
          "question_type": "정보",
          "question": "연락처가 어떻게 되나요?",
          "question_wordNum": 3,
          "answer": "02-2667-7877",
          "answer_wordNum": 1,
          "fact": [
            "육미정,연락처,02-2667-7877"
          ]
        },
        {
          "question_id": 1,
          "question_type": "정보",
          "question": "영업시간은 어떻게 되나요?",
          "question_wordNum": 3,
          "answer": "알수없음",
          "answer_wordNum": 1,
          "fact": [
            "육미정,영업시간,알수없음"
          ]
        },
        {
          "question_id": 2,
          "question_type": "정보",
          "question": "이 곳의 주소를 알 수 있나요?",
          "question_wordNum": 6,
          "answer": "서울 강서구 수명로 74",
          "answer_wordNum": 4,
          "fact": [
            "육미정,주소,서울 강서구 수명로 74"
          ]
        },
        {
          "question_id": 3,
          "question_type": "관계",
          "question": "이 곳에 인접한 시설을 알 수 있나요?",
          "question_wordNum": 7,
          "answer": "마곡역 5번 출구, 컴포즈커피, 리트웨이",
          "answer_wordNum": 5,
          "fact": [
            "육미정,인접,마곡역 5번 출구, 컴포즈커피, 리트웨이"
          ]
        }
      ]
    },
    {
      "image_id": 1,
      "question": [
        {
          "question_id": 0,
          "question_type": "정보",
          "question": "이 곳의 주소를 알 수 있나요?",
          "question_wordNum": 6,
          "answer": "서울 강서구 수명로 74",
          "answer_wordNum": 4,
          "fact": [
            "육미정,주소,서울 강서구 수명로 74"
          ]
        },
        {
          "question_id": 1,
          "question_type": "정보",
          "question": "휴무일은 어떻게 되나요?",
          "question_wordNum": 3,
          "answer": "알수없음",
          "answer_wordNum": 1,
          "fact": [
            "육미정,휴무일,알수없음"
          ]
        },
        {
          "question_id": 2,
          "question_type": "정보",
          "question": "연락처를 알 수 있나요?",
          "question_wordNum": 4,
          "answer": "02-2667-7877",
          "answer_wordNum": 1,
          "fact": [
            "육미정,연락처,02-2667-7877"
          ]
        },
        {
          "question_id": 3,
          "question_type": "정보",
          "question": "이 곳의 메뉴를 알 수 있나요?",
          "question_wordNum": 6,
          "answer": "소곱창전골, 불낙전골",
          "answer_wordNum": 2,
          "fact": [
            "육미정,메뉴,소곱창전골, 불낙전골"
          ]
        }
      ]
    },
    {
      "image_id": 2,
      "question": [
        {
          "question_id": 0,
          "question_type": "정보",
          "question": "영업시간은 어떻게 되나요?",
          "question_wordNum": 3,
          "answer": "알수없음",
          "answer_wordNum": 1,
          "fact": [
            "육미정,영업시간,알수없음"
          ]
        },
        {
          "question_id": 1,
          "question_type": "정보",
          "question": "연락처를 알 수 있나요?",
          "question_wordNum": 4,
          "answer": "02-2667-7877",
          "answer_wordNum": 1,
          "fact": [
            "육미정,연락처,02-2667-7877"
          ]
        },
        {
          "question_id": 2,
          "question_type": "관계",
          "question": "이 곳에 인접한 시설이 있나요?",
          "question_wordNum": 5,
          "answer": "마곡역 5번 출구, 컴포즈커피, 리트웨이",
          "answer_wordNum": 5,
          "fact": [
            "육미정,인접,마곡역 5번 출구, 컴포즈커피, 리트웨이"
          ]
        },
        {
          "question_id": 3,
          "question_type": "탐색",
          "question": "주차시설이 있는지 알 수 있나요?",
          "question_wordNum": 5,
          "answer": "없음",
          "answer_wordNum": 1,
          "fact": [
            "육미정,주차시설,없음"
          ]
        }
      ]
    },
    {
      "image_id": 3,
      "question": [
        {
          "question_id": 0,
          "question_type": "정보",
          "question": "이 곳의 주소를 알 수 있나요?",
          "question_wordNum": 6,
          "answer": "서울 강서구 수명로 74",
          "answer_wordNum": 4,
          "fact": [
            "육미정,주소,서울 강서구 수명로 74"
          ]
        },
        {
          "question_id": 1,
          "question_type": "정보",
          "question": "대표 메뉴가 무엇인가요?",
          "question_wordNum": 3,
          "answer": "소곱창전골, 불낙전골",
          "answer_wordNum": 2,
          "fact": [
            "육미정,메뉴,소곱창전골, 불낙전골"
          ]
        },
        {
          "question_id": 2,
          "question_type": "탐색",
          "question": "주차시설이 있나요?",
          "question_wordNum": 2,
          "answer": "없음",
          "answer_wordNum": 1,
          "fact": [
            "육미정,주차시설,없음"
          ]
        },
        {
          "question_id": 3,
          "question_type": "정보",
          "question": "휴무일은 어떻게 되나요?",
          "question_wordNum": 3,
          "answer": "알수없음",
          "answer_wordNum": 1,
          "fact": [
            "육미정,휴무일,알수없음"
          ]
        }
      ]
    },
    {
      "image_id": 4,
      "question": [
        {
          "question_id": 0,
          "question_type": "정보",
          "question": "대표 메뉴가 무엇인가요?",
          "question_wordNum": 3,
          "answer": "소곱창전골, 불낙전골",
          "answer_wordNum": 2,
          "fact": [
            "육미정,메뉴,소곱창전골, 불낙전골"
          ]
        },
        {
          "question_id": 1,
          "question_type": "관계",
          "question": "이 곳에 인접한 시설이 있나요?",
          "question_wordNum": 5,
          "answer": "마곡역 5번 출구, 컴포즈커피, 리트웨이",
          "answer_wordNum": 5,
          "fact": [
            "육미정,인접,마곡역 5번 출구, 컴포즈커피, 리트웨이"
          ]
        },
        {
          "question_id": 2,
          "question_type": "탐색",
          "question": "주차시설이 있나요?",
          "question_wordNum": 2,
          "answer": "없음",
          "answer_wordNum": 1,
          "fact": [
            "육미정,주차시설,없음"
          ]
        },
        {
          "question_id": 3,
          "question_type": "정보",
          "question": "이 곳의 주소는 어떻게 되나요?",
          "question_wordNum": 5,
          "answer": "서울 강서구 수명로 74",
          "answer_wordNum": 4,
          "fact": [
            "육미정,주소,서울 강서구 수명로 74"
          ]
        }
      ]
    }
  ]
}