{
  "data": {
    "dataset": "2-083-219",
    "POI_id": "561718",
    "travelType": "음식점",
    "place": "낙지한마리 수제비 발산점",
    "area": "서울"
  },
  "imageInfo": [
    {
      "image_id": 0,
      "filename": "561718_0_su_5_낙지한마리 수제비 발산점_2_001.png",
      "mapx": 37.5575082266816,
      "mapy": 126.839764460303,
      "width": 3840,
      "height": 2160,
      "caption_info": [
        "낙지한마리 수제비 발산점(강서구)",
        "간판"
      ]
    },
    {
      "image_id": 1,
      "filename": "561718_0_su_5_낙지한마리 수제비 발산점_2_002.png",
      "mapx": 37.5575082266816,
      "mapy": 126.839764460303,
      "width": 3840,
      "height": 2160,
      "caption_info": [
        "낙지한마리 수제비 발산점(강서구)",
        "간판"
      ]
    },
    {
      "image_id": 2,
      "filename": "561718_0_su_5_낙지한마리 수제비 발산점_2_003.png",
      "mapx": 37.5575082266816,
      "mapy": 126.839764460303,
      "width": 3840,
      "height": 2160,
      "caption_info": [
        "낙지한마리 수제비 발산점(강서구)",
        "사각 테이블"
      ]
    },
    {
      "image_id": 3,
      "filename": "561718_0_su_5_낙지한마리 수제비 발산점_2_004.png",
      "mapx": 37.5575082266816,
      "mapy": 126.839764460303,
      "width": 3840,
      "height": 2160,
      "caption_info": [
        "낙지한마리 수제비 발산점(강서구)",
        "메뉴판 "
      ]
    },
    {
      "image_id": 4,
      "filename": "561718_0_su_5_낙지한마리 수제비 발산점_2_005.png",
      "mapx": 37.5575082266816,
      "mapy": 126.839764460303,
      "width": 3840,
      "height": 2160,
      "caption_info": [
        "낙지한마리 수제비 발산점(강서구)",
        "수제비 "
      ]
    }
  ],
  "annotations": [
    {
      "image_id": 0,
      "question": [
        {
          "question_id": 0,
          "question_type": "정보",
          "question": "연락처를 알 수 있나요?",
          "question_wordNum": 4,
          "answer": "02-3664-7006",
          "answer_wordNum": 1,
          "fact": [
            "낙지한마리 수제비 발산점,연락처,02-3664-7006"
          ]
        },
        {
          "question_id": 1,
          "question_type": "관계",
          "question": "이 곳에 인접한 시설이 있나요?",
          "question_wordNum": 5,
          "answer": "발산역 6번 출구, 남도명가, 당초육",
          "answer_wordNum": 5,
          "fact": [
            "낙지한마리 수제비 발산점,인접,발산역 6번 출구, 남도명가, 당초육"
          ]
        },
        {
          "question_id": 2,
          "question_type": "정보",
          "question": "대표 메뉴가 무엇인가요?",
          "question_wordNum": 3,
          "answer": "해물낙지한마리수제비, 야채비빔밥",
          "answer_wordNum": 2,
          "fact": [
            "낙지한마리 수제비 발산점,메뉴,해물낙지한마리수제비, 야채비빔밥"
          ]
        },
        {
          "question_id": 3,
          "question_type": "정보",
          "question": "휴무일은 어떻게 되나요?",
          "question_wordNum": 3,
          "answer": "매주 월요일",
          "answer_wordNum": 2,
          "fact": [
            "낙지한마리 수제비 발산점,휴무일,매주 월요일"
          ]
        }
      ]
    },
    {
      "image_id": 1,
      "question": [
        {
          "question_id": 0,
          "question_type": "정보",
          "question": "대표 메뉴가 무엇인가요?",
          "question_wordNum": 3,
          "answer": "해물낙지한마리수제비, 야채비빔밥",
          "answer_wordNum": 2,
          "fact": [
            "낙지한마리 수제비 발산점,메뉴,해물낙지한마리수제비, 야채비빔밥"
          ]
        },
        {
          "question_id": 1,
          "question_type": "정보",
          "question": "이 곳의 주소를 알 수 있나요?",
          "question_wordNum": 6,
          "answer": "서울 강서구 강서로52길 34",
          "answer_wordNum": 4,
          "fact": [
            "낙지한마리 수제비 발산점,주소,서울 강서구 강서로52길 34"
          ]
        },
        {
          "question_id": 2,
          "question_type": "정보",
          "question": "휴무일은 어떻게 되나요?",
          "question_wordNum": 3,
          "answer": "매주 월요일",
          "answer_wordNum": 2,
          "fact": [
            "낙지한마리 수제비 발산점,휴무일,매주 월요일"
          ]
        },
        {
          "question_id": 3,
          "question_type": "관계",
          "question": "이 곳에 인접한 시설을 알 수 있나요?",
          "question_wordNum": 7,
          "answer": "발산역 6번 출구, 남도명가, 당초육",
          "answer_wordNum": 5,
          "fact": [
            "낙지한마리 수제비 발산점,인접,발산역 6번 출구, 남도명가, 당초육"
          ]
        }
      ]
    },
    {
      "image_id": 2,
      "question": [
        {
          "question_id": 0,
          "question_type": "정보",
          "question": "이 곳의 주소는 어떻게 되나요?",
          "question_wordNum": 5,
          "answer": "서울 강서구 강서로52길 34",
          "answer_wordNum": 4,
          "fact": [
            "낙지한마리 수제비 발산점,주소,서울 강서구 강서로52길 34"
          ]
        },
        {
          "question_id": 1,
          "question_type": "정보",
          "question": "휴무일을 알 수 있나요?",
          "question_wordNum": 4,
          "answer": "매주 월요일",
          "answer_wordNum": 2,
          "fact": [
            "낙지한마리 수제비 발산점,휴무일,매주 월요일"
          ]
        },
        {
          "question_id": 2,
          "question_type": "관계",
          "question": "이 곳에 인접한 시설을 알 수 있나요?",
          "question_wordNum": 7,
          "answer": "발산역 6번 출구, 남도명가, 당초육",
          "answer_wordNum": 5,
          "fact": [
            "낙지한마리 수제비 발산점,인접,발산역 6번 출구, 남도명가, 당초육"
          ]
        },
        {
          "question_id": 3,
          "question_type": "정보",
          "question": "대표 메뉴가 무엇인가요?",
          "question_wordNum": 3,
          "answer": "해물낙지한마리수제비, 야채비빔밥",
          "answer_wordNum": 2,
          "fact": [
            "낙지한마리 수제비 발산점,메뉴,해물낙지한마리수제비, 야채비빔밥"
          ]
        }
      ]
    },
    {
      "image_id": 3,
      "question": [
        {
          "question_id": 0,
          "question_type": "관계",
          "question": "이 곳에 인접한 시설이 있나요?",
          "question_wordNum": 5,
          "answer": "발산역 6번 출구, 남도명가, 당초육",
          "answer_wordNum": 5,
          "fact": [
            "낙지한마리 수제비 발산점,인접,발산역 6번 출구, 남도명가, 당초육"
          ]
        },
        {
          "question_id": 1,
          "question_type": "정보",
          "question": "영업시간을 알 수 있나요?",
          "question_wordNum": 4,
          "answer": "11:00~22:00",
          "answer_wordNum": 1,
          "fact": [
            "낙지한마리 수제비 발산점,영업시간,11:00~22:00"
          ]
        },
        {
          "question_id": 2,
          "question_type": "정보",
          "question": "이 곳의 주소를 알 수 있나요?",
          "question_wordNum": 6,
          "answer": "서울 강서구 강서로52길 34",
          "answer_wordNum": 4,
          "fact": [
            "낙지한마리 수제비 발산점,주소,서울 강서구 강서로52길 34"
          ]
        },
        {
          "question_id": 3,
          "question_type": "정보",
          "question": "휴무일을 알 수 있나요?",
          "question_wordNum": 4,
          "answer": "매주 월요일",
          "answer_wordNum": 2,
          "fact": [
            "낙지한마리 수제비 발산점,휴무일,매주 월요일"
          ]
        }
      ]
    },
    {
      "image_id": 4,
      "question": [
        {
          "question_id": 0,
          "question_type": "정보",
          "question": "연락처가 어떻게 되나요?",
          "question_wordNum": 3,
          "answer": "02-3664-7006",
          "answer_wordNum": 1,
          "fact": [
            "낙지한마리 수제비 발산점,연락처,02-3664-7006"
          ]
        },
        {
          "question_id": 1,
          "question_type": "정보",
          "question": "이 곳의 주소를 알 수 있나요?",
          "question_wordNum": 6,
          "answer": "서울 강서구 강서로52길 34",
          "answer_wordNum": 4,
          "fact": [
            "낙지한마리 수제비 발산점,주소,서울 강서구 강서로52길 34"
          ]
        },
        {
          "question_id": 2,
          "question_type": "관계",
          "question": "이 곳에 인접한 시설을 알 수 있나요?",
          "question_wordNum": 7,
          "answer": "발산역 6번 출구, 남도명가, 당초육",
          "answer_wordNum": 5,
          "fact": [
            "낙지한마리 수제비 발산점,인접,발산역 6번 출구, 남도명가, 당초육"
          ]
        },
        {
          "question_id": 3,
          "question_type": "정보",
          "question": "휴무일을 알 수 있나요?",
          "question_wordNum": 4,
          "answer": "매주 월요일",
          "answer_wordNum": 2,
          "fact": [
            "낙지한마리 수제비 발산점,휴무일,매주 월요일"
          ]
        }
      ]
    }
  ]
}