{
  "data": {
    "dataset": "2-083-219",
    "POI_id": "561385",
    "travelType": "음식점",
    "place": "갑오곱창",
    "area": "서울"
  },
  "imageInfo": [
    {
      "image_id": 0,
      "filename": "561385_0_su_5_갑오곱창_1_001.png",
      "mapx": 37.5676454165858,
      "mapy": 126.84149823777,
      "width": 3840,
      "height": 2160,
      "caption_info": [
        "갑오곱창(가양동)",
        "간판, 여닫이문"
      ]
    },
    {
      "image_id": 1,
      "filename": "561385_0_su_5_갑오곱창_1_002.png",
      "mapx": 37.5676454165858,
      "mapy": 126.84149823777,
      "width": 3840,
      "height": 2160,
      "caption_info": [
        "갑오곱창(가양동)",
        "간판, 여닫이문, 의자"
      ]
    },
    {
      "image_id": 2,
      "filename": "561385_0_su_5_갑오곱창_1_003.png",
      "mapx": 37.5676454165858,
      "mapy": 126.84149823777,
      "width": 3840,
      "height": 2160,
      "caption_info": [
        "갑오곱창(가양동)",
        "테이블, 등받이의자, 난로"
      ]
    },
    {
      "image_id": 3,
      "filename": "561385_0_su_5_갑오곱창_1_004.png",
      "mapx": 37.5676454165858,
      "mapy": 126.84149823777,
      "width": 3840,
      "height": 2160,
      "caption_info": [
        "갑오곱창(가양동)",
        "메뉴판"
      ]
    },
    {
      "image_id": 4,
      "filename": "561385_0_su_5_갑오곱창_1_005.png",
      "mapx": 37.5676454165858,
      "mapy": 126.84149823777,
      "width": 3840,
      "height": 2160,
      "caption_info": [
        "갑오곱창(가양동)",
        "볶음밥"
      ]
    }
  ],
  "annotations": [
    {
      "image_id": 0,
      "question": [
        {
          "question_id": 0,
          "question_type": "정보",
          "question": "이 곳의 주소는 어떻게 되나요?",
          "question_wordNum": 5,
          "answer": "서울 강서구 강서로74길 8",
          "answer_wordNum": 4,
          "fact": [
            "갑오곱창,주소,서울 강서구 강서로74길 8"
          ]
        },
        {
          "question_id": 1,
          "question_type": "정보",
          "question": "이 곳의 주요 메뉴는 무엇이 있나요?",
          "question_wordNum": 6,
          "answer": "소곱창구이, 소대창구이",
          "answer_wordNum": 2,
          "fact": [
            "갑오곱창,메뉴,소곱창구이, 소대창구이"
          ]
        },
        {
          "question_id": 2,
          "question_type": "정보",
          "question": "휴무일은 어떻게 되나요?",
          "question_wordNum": 3,
          "answer": "없음",
          "answer_wordNum": 1,
          "fact": [
            "갑오곱창,휴무일,없음"
          ]
        },
        {
          "question_id": 3,
          "question_type": "정보",
          "question": "영업시간은 어떻게 되나요?",
          "question_wordNum": 3,
          "answer": "16:00 - 24:00",
          "answer_wordNum": 3,
          "fact": [
            "갑오곱창,영업시간,16:00 - 24:00"
          ]
        }
      ]
    },
    {
      "image_id": 1,
      "question": [
        {
          "question_id": 0,
          "question_type": "관계",
          "question": "이 곳에 인접한 시설이 있나요?",
          "question_wordNum": 5,
          "answer": "양천향교역 6번 출구, 오성맥주, 장충당",
          "answer_wordNum": 5,
          "fact": [
            "갑오곱창,인접,양천향교역 6번 출구, 오성맥주, 장충당"
          ]
        },
        {
          "question_id": 1,
          "question_type": "정보",
          "question": "이 곳의 주소는 어떻게 되나요?",
          "question_wordNum": 5,
          "answer": "서울 강서구 강서로74길 8",
          "answer_wordNum": 4,
          "fact": [
            "갑오곱창,주소,서울 강서구 강서로74길 8"
          ]
        },
        {
          "question_id": 2,
          "question_type": "정보",
          "question": "연락처가 어떻게 되나요?",
          "question_wordNum": 3,
          "answer": "02-3663-9592",
          "answer_wordNum": 1,
          "fact": [
            "갑오곱창,연락처,02-3663-9592"
          ]
        },
        {
          "question_id": 3,
          "question_type": "정보",
          "question": "영업시간은 어떻게 되나요?",
          "question_wordNum": 3,
          "answer": "16:00 - 24:00",
          "answer_wordNum": 3,
          "fact": [
            "갑오곱창,영업시간,16:00 - 24:00"
          ]
        }
      ]
    },
    {
      "image_id": 2,
      "question": [
        {
          "question_id": 0,
          "question_type": "정보",
          "question": "휴무일은 어떻게 되나요?",
          "question_wordNum": 3,
          "answer": "없음",
          "answer_wordNum": 1,
          "fact": [
            "갑오곱창,휴무일,없음"
          ]
        },
        {
          "question_id": 1,
          "question_type": "정보",
          "question": "이 곳의 주요 메뉴는 무엇이 있나요?",
          "question_wordNum": 6,
          "answer": "소곱창구이, 소대창구이",
          "answer_wordNum": 2,
          "fact": [
            "갑오곱창,메뉴,소곱창구이, 소대창구이"
          ]
        },
        {
          "question_id": 2,
          "question_type": "탐색",
          "question": "주차시설이 있나요?",
          "question_wordNum": 2,
          "answer": "있음",
          "answer_wordNum": 1,
          "fact": [
            "갑오곱창,주차시설,있음"
          ]
        },
        {
          "question_id": 3,
          "question_type": "정보",
          "question": "연락처가 어떻게 되나요?",
          "question_wordNum": 3,
          "answer": "02-3663-9592",
          "answer_wordNum": 1,
          "fact": [
            "갑오곱창,연락처,02-3663-9592"
          ]
        }
      ]
    },
    {
      "image_id": 3,
      "question": [
        {
          "question_id": 0,
          "question_type": "관계",
          "question": "이 곳에 인접한 시설이 있나요?",
          "question_wordNum": 5,
          "answer": "양천향교역 6번 출구, 오성맥주, 장충당",
          "answer_wordNum": 5,
          "fact": [
            "갑오곱창,인접,양천향교역 6번 출구, 오성맥주, 장충당"
          ]
        },
        {
          "question_id": 1,
          "question_type": "정보",
          "question": "이 곳의 주소는 어떻게 되나요?",
          "question_wordNum": 5,
          "answer": "서울 강서구 강서로74길 8",
          "answer_wordNum": 4,
          "fact": [
            "갑오곱창,주소,서울 강서구 강서로74길 8"
          ]
        },
        {
          "question_id": 2,
          "question_type": "정보",
          "question": "연락처가 어떻게 되나요?",
          "question_wordNum": 3,
          "answer": "02-3663-9592",
          "answer_wordNum": 1,
          "fact": [
            "갑오곱창,연락처,02-3663-9592"
          ]
        },
        {
          "question_id": 3,
          "question_type": "정보",
          "question": "영업시간은 어떻게 되나요?",
          "question_wordNum": 3,
          "answer": "16:00 - 24:00",
          "answer_wordNum": 3,
          "fact": [
            "갑오곱창,영업시간,16:00 - 24:00"
          ]
        }
      ]
    },
    {
      "image_id": 4,
      "question": [
        {
          "question_id": 0,
          "question_type": "정보",
          "question": "이 곳의 주요 메뉴는 무엇이 있나요?",
          "question_wordNum": 6,
          "answer": "소곱창구이, 소대창구이",
          "answer_wordNum": 2,
          "fact": [
            "갑오곱창,메뉴,소곱창구이, 소대창구이"
          ]
        },
        {
          "question_id": 1,
          "question_type": "관계",
          "question": "이 곳에 인접한 시설이 있나요?",
          "question_wordNum": 5,
          "answer": "양천향교역 6번 출구, 오성맥주, 장충당",
          "answer_wordNum": 5,
          "fact": [
            "갑오곱창,인접,양천향교역 6번 출구, 오성맥주, 장충당"
          ]
        },
        {
          "question_id": 2,
          "question_type": "정보",
          "question": "연락처가 어떻게 되나요?",
          "question_wordNum": 3,
          "answer": "02-3663-9592",
          "answer_wordNum": 1,
          "fact": [
            "갑오곱창,연락처,02-3663-9592"
          ]
        },
        {
          "question_id": 3,
          "question_type": "탐색",
          "question": "주차시설이 있나요?",
          "question_wordNum": 2,
          "answer": "있음",
          "answer_wordNum": 1,
          "fact": [
            "갑오곱창,주차시설,있음"
          ]
        }
      ]
    }
  ]
}