{
  "data": {
    "dataset": "2-083-219",
    "POI_id": "561835",
    "travelType": "음식점",
    "place": "본죽&비빔밥cafe 송정역점",
    "area": "서울"
  },
  "imageInfo": [
    {
      "image_id": 0,
      "filename": "561835_0_su_5_본죽&비빔밥cafe 송정역점_1_001.png",
      "mapx": 37.5610122114621,
      "mapy": 126.811128792613,
      "width": 3840,
      "height": 2160,
      "caption_info": [
        "본죽&비빔밥cafe 송정역점(강서구)",
        "간판"
      ]
    },
    {
      "image_id": 1,
      "filename": "561835_0_su_5_본죽&비빔밥cafe 송정역점_1_002.png",
      "mapx": 37.5610122114621,
      "mapy": 126.811128792613,
      "width": 3840,
      "height": 2160,
      "caption_info": [
        "본죽&비빔밥cafe 송정역점(강서구)",
        "간판"
      ]
    },
    {
      "image_id": 2,
      "filename": "561835_0_su_5_본죽&비빔밥cafe 송정역점_1_003.png",
      "mapx": 37.5610122114621,
      "mapy": 126.811128792613,
      "width": 3840,
      "height": 2160,
      "caption_info": [
        "본죽&비빔밥cafe 송정역점(강서구)",
        "등받이 의자"
      ]
    },
    {
      "image_id": 3,
      "filename": "561835_0_su_5_본죽&비빔밥cafe 송정역점_1_004.png",
      "mapx": 37.5610122114621,
      "mapy": 126.811128792613,
      "width": 3840,
      "height": 2160,
      "caption_info": [
        "본죽&비빔밥cafe 송정역점(강서구)",
        "메뉴판 "
      ]
    },
    {
      "image_id": 4,
      "filename": "561835_0_su_5_본죽&비빔밥cafe 송정역점_1_005.png",
      "mapx": 37.5610122114621,
      "mapy": 126.811128792613,
      "width": 3840,
      "height": 2160,
      "caption_info": [
        "본죽&비빔밥cafe 송정역점(강서구)",
        "죽 "
      ]
    }
  ],
  "annotations": [
    {
      "image_id": 0,
      "question": [
        {
          "question_id": 0,
          "question_type": "정보",
          "question": "이 곳의 주소는 어떻게 되나요?",
          "question_wordNum": 5,
          "answer": "서울 강서구 공항대로 36",
          "answer_wordNum": 4,
          "fact": [
            "본죽&비빔밥cafe 송정역점,주소,서울 강서구 공항대로 36"
          ]
        },
        {
          "question_id": 1,
          "question_type": "정보",
          "question": "연락처가 어떻게 되나요?",
          "question_wordNum": 3,
          "answer": "02-2666-6288",
          "answer_wordNum": 1,
          "fact": [
            "본죽&비빔밥cafe 송정역점,연락처,02-2666-6288"
          ]
        },
        {
          "question_id": 2,
          "question_type": "탐색",
          "question": "주차시설이 있나요?",
          "question_wordNum": 2,
          "answer": "있음",
          "answer_wordNum": 1,
          "fact": [
            "본죽&비빔밥cafe 송정역점,주차시설,있음"
          ]
        },
        {
          "question_id": 3,
          "question_type": "정보",
          "question": "휴무일을 알 수 있나요?",
          "question_wordNum": 4,
          "answer": "알수없음",
          "answer_wordNum": 1,
          "fact": [
            "본죽&비빔밥cafe 송정역점,휴무일,알수없음"
          ]
        }
      ]
    },
    {
      "image_id": 1,
      "question": [
        {
          "question_id": 0,
          "question_type": "정보",
          "question": "영업시간을 알 수 있나요?",
          "question_wordNum": 4,
          "answer": "09:00~21:00",
          "answer_wordNum": 1,
          "fact": [
            "본죽&비빔밥cafe 송정역점,영업시간,09:00~21:00"
          ]
        },
        {
          "question_id": 1,
          "question_type": "관계",
          "question": "이 곳에 인접한 시설을 알 수 있나요?",
          "question_wordNum": 7,
          "answer": "송정역 4번 출구, 배스킨라빈스, 버거킹",
          "answer_wordNum": 5,
          "fact": [
            "본죽&비빔밥cafe 송정역점,인접,송정역 4번 출구, 배스킨라빈스, 버거킹"
          ]
        },
        {
          "question_id": 2,
          "question_type": "정보",
          "question": "휴무일은 어떻게 되나요?",
          "question_wordNum": 3,
          "answer": "알수없음",
          "answer_wordNum": 1,
          "fact": [
            "본죽&비빔밥cafe 송정역점,휴무일,알수없음"
          ]
        },
        {
          "question_id": 3,
          "question_type": "정보",
          "question": "이 곳의 메뉴를 알 수 있나요?",
          "question_wordNum": 6,
          "answer": "전복죽, 낙지김치죽",
          "answer_wordNum": 2,
          "fact": [
            "본죽&비빔밥cafe 송정역점,메뉴,전복죽, 낙지김치죽"
          ]
        }
      ]
    },
    {
      "image_id": 2,
      "question": [
        {
          "question_id": 0,
          "question_type": "정보",
          "question": "휴무일은 어떻게 되나요?",
          "question_wordNum": 3,
          "answer": "알수없음",
          "answer_wordNum": 1,
          "fact": [
            "본죽&비빔밥cafe 송정역점,휴무일,알수없음"
          ]
        },
        {
          "question_id": 1,
          "question_type": "정보",
          "question": "연락처를 알 수 있나요?",
          "question_wordNum": 4,
          "answer": "02-2666-6288",
          "answer_wordNum": 1,
          "fact": [
            "본죽&비빔밥cafe 송정역점,연락처,02-2666-6288"
          ]
        },
        {
          "question_id": 2,
          "question_type": "탐색",
          "question": "주차시설이 있는지 알 수 있나요?",
          "question_wordNum": 5,
          "answer": "있음",
          "answer_wordNum": 1,
          "fact": [
            "본죽&비빔밥cafe 송정역점,주차시설,있음"
          ]
        },
        {
          "question_id": 3,
          "question_type": "관계",
          "question": "이 곳에 인접한 시설을 알 수 있나요?",
          "question_wordNum": 7,
          "answer": "송정역 4번 출구, 배스킨라빈스, 버거킹",
          "answer_wordNum": 5,
          "fact": [
            "본죽&비빔밥cafe 송정역점,인접,송정역 4번 출구, 배스킨라빈스, 버거킹"
          ]
        }
      ]
    },
    {
      "image_id": 3,
      "question": [
        {
          "question_id": 0,
          "question_type": "탐색",
          "question": "주차시설이 있는지 알 수 있나요?",
          "question_wordNum": 5,
          "answer": "있음",
          "answer_wordNum": 1,
          "fact": [
            "본죽&비빔밥cafe 송정역점,주차시설,있음"
          ]
        },
        {
          "question_id": 1,
          "question_type": "정보",
          "question": "연락처가 어떻게 되나요?",
          "question_wordNum": 3,
          "answer": "02-2666-6288",
          "answer_wordNum": 1,
          "fact": [
            "본죽&비빔밥cafe 송정역점,연락처,02-2666-6288"
          ]
        },
        {
          "question_id": 2,
          "question_type": "정보",
          "question": "휴무일을 알 수 있나요?",
          "question_wordNum": 4,
          "answer": "알수없음",
          "answer_wordNum": 1,
          "fact": [
            "본죽&비빔밥cafe 송정역점,휴무일,알수없음"
          ]
        },
        {
          "question_id": 3,
          "question_type": "정보",
          "question": "이 곳의 주소는 어떻게 되나요?",
          "question_wordNum": 5,
          "answer": "서울 강서구 공항대로 36",
          "answer_wordNum": 4,
          "fact": [
            "본죽&비빔밥cafe 송정역점,주소,서울 강서구 공항대로 36"
          ]
        }
      ]
    },
    {
      "image_id": 4,
      "question": [
        {
          "question_id": 0,
          "question_type": "정보",
          "question": "이 곳의 주소는 어떻게 되나요?",
          "question_wordNum": 5,
          "answer": "서울 강서구 공항대로 36",
          "answer_wordNum": 4,
          "fact": [
            "본죽&비빔밥cafe 송정역점,주소,서울 강서구 공항대로 36"
          ]
        },
        {
          "question_id": 1,
          "question_type": "관계",
          "question": "이 곳에 인접한 시설이 있나요?",
          "question_wordNum": 5,
          "answer": "송정역 4번 출구, 배스킨라빈스, 버거킹",
          "answer_wordNum": 5,
          "fact": [
            "본죽&비빔밥cafe 송정역점,인접,송정역 4번 출구, 배스킨라빈스, 버거킹"
          ]
        },
        {
          "question_id": 2,
          "question_type": "정보",
          "question": "휴무일은 어떻게 되나요?",
          "question_wordNum": 3,
          "answer": "알수없음",
          "answer_wordNum": 1,
          "fact": [
            "본죽&비빔밥cafe 송정역점,휴무일,알수없음"
          ]
        },
        {
          "question_id": 3,
          "question_type": "탐색",
          "question": "주차시설이 있나요?",
          "question_wordNum": 2,
          "answer": "있음",
          "answer_wordNum": 1,
          "fact": [
            "본죽&비빔밥cafe 송정역점,주차시설,있음"
          ]
        }
      ]
    }
  ]
}