{
  "data": {
    "dataset": "2-083-219",
    "POI_id": "561442",
    "travelType": "음식점",
    "place": "로얄식당",
    "area": "서울"
  },
  "imageInfo": [
    {
      "image_id": 0,
      "filename": "561442_0_su_5_로얄식당_1_001.png",
      "mapx": 37.5674886519928,
      "mapy": 126.841706049894,
      "width": 3840,
      "height": 2160,
      "caption_info": [
        "로얄식당(가양동)",
        "여닫이문\n"
      ]
    },
    {
      "image_id": 1,
      "filename": "561442_0_su_5_로얄식당_1_002.png",
      "mapx": 37.5674886519928,
      "mapy": 126.841706049894,
      "width": 3840,
      "height": 2160,
      "caption_info": [
        "로얄식당(가양동)",
        "간판\n"
      ]
    },
    {
      "image_id": 2,
      "filename": "561442_0_su_5_로얄식당_1_003.png",
      "mapx": 37.5674886519928,
      "mapy": 126.841706049894,
      "width": 3840,
      "height": 2160,
      "caption_info": [
        "로얄식당(가양동)",
        "메뉴판,선풍기,의자"
      ]
    },
    {
      "image_id": 3,
      "filename": "561442_0_su_5_로얄식당_1_004.png",
      "mapx": 37.5674886519928,
      "mapy": 126.841706049894,
      "width": 3840,
      "height": 2160,
      "caption_info": [
        "로얄식당(가양동)",
        "메뉴판"
      ]
    },
    {
      "image_id": 4,
      "filename": "561442_0_su_5_로얄식당_1_005.png",
      "mapx": 37.5674886519928,
      "mapy": 126.841706049894,
      "width": 3840,
      "height": 2160,
      "caption_info": [
        "로얄식당(가양동)",
        "두부,버섯,찌게냄비"
      ]
    }
  ],
  "annotations": [
    {
      "image_id": 0,
      "question": [
        {
          "question_id": 0,
          "question_type": "정보",
          "question": "연락처를 알 수 있나요?",
          "question_wordNum": 4,
          "answer": "02-2658-6121",
          "answer_wordNum": 1,
          "fact": [
            "로얄식당,연락처,02-2658-6121"
          ]
        },
        {
          "question_id": 1,
          "question_type": "탐색",
          "question": "주차시설이 있나요?",
          "question_wordNum": 2,
          "answer": "없음",
          "answer_wordNum": 1,
          "fact": [
            "로얄식당,주차시설,없음"
          ]
        },
        {
          "question_id": 2,
          "question_type": "정보",
          "question": "영업시간은 어떻게 되나요?",
          "question_wordNum": 3,
          "answer": "알수없음",
          "answer_wordNum": 1,
          "fact": [
            "로얄식당,영업시간,알수없음"
          ]
        },
        {
          "question_id": 3,
          "question_type": "정보",
          "question": "이 곳의 주소는 어떻게 되나요?",
          "question_wordNum": 5,
          "answer": "서울 강서구 강서로74길 12",
          "answer_wordNum": 4,
          "fact": [
            "로얄식당,주소,서울 강서구 강서로74길 12"
          ]
        }
      ]
    },
    {
      "image_id": 1,
      "question": [
        {
          "question_id": 0,
          "question_type": "정보",
          "question": "이 곳의 주소는 어떻게 되나요?",
          "question_wordNum": 5,
          "answer": "서울 강서구 강서로74길 12",
          "answer_wordNum": 4,
          "fact": [
            "로얄식당,주소,서울 강서구 강서로74길 12"
          ]
        },
        {
          "question_id": 1,
          "question_type": "정보",
          "question": "연락처가 어떻게 되나요?",
          "question_wordNum": 3,
          "answer": "02-2658-6121",
          "answer_wordNum": 1,
          "fact": [
            "로얄식당,연락처,02-2658-6121"
          ]
        },
        {
          "question_id": 2,
          "question_type": "정보",
          "question": "이 곳의 주요 메뉴를 알 수 있나요?",
          "question_wordNum": 7,
          "answer": "한우소머리국밥, 양평해장국",
          "answer_wordNum": 2,
          "fact": [
            "로얄식당,메뉴,한우소머리국밥, 양평해장국"
          ]
        },
        {
          "question_id": 3,
          "question_type": "정보",
          "question": "영업시간은 몇시부터 몇시까지로 기재되어 있나요?",
          "question_wordNum": 5,
          "answer": "알수없음",
          "answer_wordNum": 1,
          "fact": [
            "로얄식당,영업시간,알수없음"
          ]
        }
      ]
    },
    {
      "image_id": 2,
      "question": [
        {
          "question_id": 0,
          "question_type": "정보",
          "question": "이 곳의 대표적인 메뉴는 무엇이 있나요?",
          "question_wordNum": 6,
          "answer": "한우소머리국밥, 양평해장국",
          "answer_wordNum": 2,
          "fact": [
            "로얄식당,메뉴,한우소머리국밥, 양평해장국"
          ]
        },
        {
          "question_id": 1,
          "question_type": "관계",
          "question": "이 곳에 인접한 시설이 있나요?",
          "question_wordNum": 5,
          "answer": "양천향교역 6번 출구, 갑오곱창, 장충당",
          "answer_wordNum": 5,
          "fact": [
            "로얄식당,인접,양천향교역 6번 출구, 갑오곱창, 장충당"
          ]
        },
        {
          "question_id": 2,
          "question_type": "정보",
          "question": "영업시간은 어떻게 되나요?",
          "question_wordNum": 3,
          "answer": "알수없음",
          "answer_wordNum": 1,
          "fact": [
            "로얄식당,영업시간,알수없음"
          ]
        },
        {
          "question_id": 3,
          "question_type": "탐색",
          "question": "주차시설이 있는지 알 수 있나요?",
          "question_wordNum": 5,
          "answer": "없음",
          "answer_wordNum": 1,
          "fact": [
            "로얄식당,주차시설,없음"
          ]
        }
      ]
    },
    {
      "image_id": 3,
      "question": [
        {
          "question_id": 0,
          "question_type": "정보",
          "question": "휴무일은 어떻게 되나요?",
          "question_wordNum": 3,
          "answer": "알수없음",
          "answer_wordNum": 1,
          "fact": [
            "로얄식당,휴무일,알수없음"
          ]
        },
        {
          "question_id": 1,
          "question_type": "정보",
          "question": "이 곳의 주요 메뉴를 알 수 있나요?",
          "question_wordNum": 7,
          "answer": "한우소머리국밥, 양평해장국",
          "answer_wordNum": 2,
          "fact": [
            "로얄식당,메뉴,한우소머리국밥, 양평해장국"
          ]
        },
        {
          "question_id": 2,
          "question_type": "정보",
          "question": "연락처를 알 수 있나요?",
          "question_wordNum": 4,
          "answer": "02-2658-6121",
          "answer_wordNum": 1,
          "fact": [
            "로얄식당,연락처,02-2658-6121"
          ]
        },
        {
          "question_id": 3,
          "question_type": "관계",
          "question": "이 곳에 인접한 시설이 있나요?",
          "question_wordNum": 5,
          "answer": "양천향교역 6번 출구, 갑오곱창, 장충당",
          "answer_wordNum": 5,
          "fact": [
            "로얄식당,인접,양천향교역 6번 출구, 갑오곱창, 장충당"
          ]
        }
      ]
    },
    {
      "image_id": 4,
      "question": [
        {
          "question_id": 0,
          "question_type": "정보",
          "question": "이 곳의 주소는 어떻게 되나요?",
          "question_wordNum": 5,
          "answer": "서울 강서구 강서로74길 12",
          "answer_wordNum": 4,
          "fact": [
            "로얄식당,주소,서울 강서구 강서로74길 12"
          ]
        },
        {
          "question_id": 1,
          "question_type": "정보",
          "question": "이 곳의 주요 메뉴는 무엇이 있나요?",
          "question_wordNum": 6,
          "answer": "한우소머리국밥, 양평해장국",
          "answer_wordNum": 2,
          "fact": [
            "로얄식당,메뉴,한우소머리국밥, 양평해장국"
          ]
        },
        {
          "question_id": 2,
          "question_type": "정보",
          "question": "영업시간은 몇시부터 몇시까지로 기재되어 있나요?",
          "question_wordNum": 5,
          "answer": "알수없음",
          "answer_wordNum": 1,
          "fact": [
            "로얄식당,영업시간,알수없음"
          ]
        },
        {
          "question_id": 3,
          "question_type": "탐색",
          "question": "주차시설이 있는지 알 수 있나요?",
          "question_wordNum": 5,
          "answer": "없음",
          "answer_wordNum": 1,
          "fact": [
            "로얄식당,주차시설,없음"
          ]
        }
      ]
    }
  ]
}