{
  "data": {
    "dataset": "2-083-219",
    "POI_id": "553168",
    "travelType": "음식점",
    "place": "핀크퀸콩",
    "area": "서울"
  },
  "imageInfo": [
    {
      "image_id": 0,
      "filename": "553168_0_su_5_핀크퀸콩_2_001.png",
      "mapx": 37.5407562111508,
      "mapy": 126.834062767781,
      "width": 3840,
      "height": 2160,
      "caption_info": [
        "핀크퀸콩(화곡동)",
        "건물 "
      ]
    },
    {
      "image_id": 1,
      "filename": "553168_0_su_5_핀크퀸콩_2_002.png",
      "mapx": 37.5407562111508,
      "mapy": 126.834062767781,
      "width": 3840,
      "height": 2160,
      "caption_info": [
        "핀크퀸콩(화곡동)",
        "건물, 자동차"
      ]
    },
    {
      "image_id": 2,
      "filename": "553168_0_su_5_핀크퀸콩_2_003.png",
      "mapx": 37.5407562111508,
      "mapy": 126.834062767781,
      "width": 3840,
      "height": 2160,
      "caption_info": [
        "핀크퀸콩(화곡동)",
        "테이블, 등받이의자, 아기의자"
      ]
    },
    {
      "image_id": 3,
      "filename": "553168_0_su_5_핀크퀸콩_2_004.png",
      "mapx": 37.5407562111508,
      "mapy": 126.834062767781,
      "width": 3840,
      "height": 2160,
      "caption_info": [
        "핀크퀸콩(화곡동)",
        "메뉴판 "
      ]
    },
    {
      "image_id": 4,
      "filename": "553168_0_su_5_핀크퀸콩_2_005.png",
      "mapx": 37.5407562111508,
      "mapy": 126.834062767781,
      "width": 3840,
      "height": 2160,
      "caption_info": [
        "핀크퀸콩(화곡동)",
        "샐러드"
      ]
    }
  ],
  "annotations": [
    {
      "image_id": 0,
      "question": [
        {
          "question_id": 0,
          "question_type": "정보",
          "question": "이 곳의 대표적인 메뉴를 알 수 있나요?",
          "question_wordNum": 7,
          "answer": "에티오피아 게샤 빌리지 오마 게이샤, 페루 엘 세드로 게이샤 내추럴",
          "answer_wordNum": 10,
          "fact": [
            "핀크퀸콩,메뉴,에티오피아 게샤 빌리지 오마 게이샤, 페루 엘 세드로 게이샤 내추럴"
          ]
        },
        {
          "question_id": 1,
          "question_type": "관계",
          "question": "이 곳에 인접한 시설이 있나요?",
          "question_wordNum": 5,
          "answer": "화곡역 7번 출구, 꿈꾸는돼지, 빈티지리클",
          "answer_wordNum": 5,
          "fact": [
            "핀크퀸콩,인접,화곡역 7번 출구, 꿈꾸는돼지, 빈티지리클"
          ]
        },
        {
          "question_id": 2,
          "question_type": "정보",
          "question": "이 곳의 주소는 어떻게 되나요?",
          "question_wordNum": 5,
          "answer": "서울 강서구 화곡로15길 15 핀크퀸콩",
          "answer_wordNum": 5,
          "fact": [
            "핀크퀸콩,주소,서울 강서구 화곡로15길 15 핀크퀸콩"
          ]
        },
        {
          "question_id": 3,
          "question_type": "탐색",
          "question": "주차시설이 있는지 알 수 있나요?",
          "question_wordNum": 5,
          "answer": "있음",
          "answer_wordNum": 1,
          "fact": [
            "핀크퀸콩,주차시설,있음"
          ]
        }
      ]
    },
    {
      "image_id": 1,
      "question": [
        {
          "question_id": 0,
          "question_type": "탐색",
          "question": "주차시설이 있나요?",
          "question_wordNum": 2,
          "answer": "있음",
          "answer_wordNum": 1,
          "fact": [
            "핀크퀸콩,주차시설,있음"
          ]
        },
        {
          "question_id": 1,
          "question_type": "관계",
          "question": "이 곳에 인접한 시설이 있나요?",
          "question_wordNum": 5,
          "answer": "화곡역 7번 출구, 꿈꾸는돼지, 빈티지리클",
          "answer_wordNum": 5,
          "fact": [
            "핀크퀸콩,인접,화곡역 7번 출구, 꿈꾸는돼지, 빈티지리클"
          ]
        },
        {
          "question_id": 2,
          "question_type": "정보",
          "question": "휴무일을 알 수 있나요?",
          "question_wordNum": 4,
          "answer": "매주 월요일, 화요일",
          "answer_wordNum": 3,
          "fact": [
            "핀크퀸콩,휴무일,매주 월요일, 화요일"
          ]
        },
        {
          "question_id": 3,
          "question_type": "정보",
          "question": "이 곳의 주소는 어떻게 되나요?",
          "question_wordNum": 5,
          "answer": "서울 강서구 화곡로15길 15 핀크퀸콩",
          "answer_wordNum": 5,
          "fact": [
            "핀크퀸콩,주소,서울 강서구 화곡로15길 15 핀크퀸콩"
          ]
        }
      ]
    },
    {
      "image_id": 2,
      "question": [
        {
          "question_id": 0,
          "question_type": "정보",
          "question": "이 곳의 주소를 알 수 있나요?",
          "question_wordNum": 6,
          "answer": "서울 강서구 화곡로15길 15 핀크퀸콩",
          "answer_wordNum": 5,
          "fact": [
            "핀크퀸콩,주소,서울 강서구 화곡로15길 15 핀크퀸콩"
          ]
        },
        {
          "question_id": 1,
          "question_type": "정보",
          "question": "이 곳의 대표적인 메뉴를 알 수 있나요?",
          "question_wordNum": 7,
          "answer": "에티오피아 게샤 빌리지 오마 게이샤, 페루 엘 세드로 게이샤 내추럴",
          "answer_wordNum": 10,
          "fact": [
            "핀크퀸콩,메뉴,에티오피아 게샤 빌리지 오마 게이샤, 페루 엘 세드로 게이샤 내추럴"
          ]
        },
        {
          "question_id": 2,
          "question_type": "정보",
          "question": "휴무일은 어떻게 되나요?",
          "question_wordNum": 3,
          "answer": "매주 월요일, 화요일",
          "answer_wordNum": 3,
          "fact": [
            "핀크퀸콩,휴무일,매주 월요일, 화요일"
          ]
        },
        {
          "question_id": 3,
          "question_type": "정보",
          "question": "연락처를 알 수 있나요?",
          "question_wordNum": 4,
          "answer": "02-6465-3595",
          "answer_wordNum": 1,
          "fact": [
            "핀크퀸콩,연락처,02-6465-3595"
          ]
        }
      ]
    },
    {
      "image_id": 3,
      "question": [
        {
          "question_id": 0,
          "question_type": "정보",
          "question": "휴무일을 알 수 있나요?",
          "question_wordNum": 4,
          "answer": "매주 월요일, 화요일",
          "answer_wordNum": 3,
          "fact": [
            "핀크퀸콩,휴무일,매주 월요일, 화요일"
          ]
        },
        {
          "question_id": 1,
          "question_type": "정보",
          "question": "이 곳의 주요 메뉴는 무엇이 있나요?",
          "question_wordNum": 6,
          "answer": "에티오피아 게샤 빌리지 오마 게이샤, 페루 엘 세드로 게이샤 내추럴",
          "answer_wordNum": 10,
          "fact": [
            "핀크퀸콩,메뉴,에티오피아 게샤 빌리지 오마 게이샤, 페루 엘 세드로 게이샤 내추럴"
          ]
        },
        {
          "question_id": 2,
          "question_type": "탐색",
          "question": "주차시설이 있나요?",
          "question_wordNum": 2,
          "answer": "있음",
          "answer_wordNum": 1,
          "fact": [
            "핀크퀸콩,주차시설,있음"
          ]
        },
        {
          "question_id": 3,
          "question_type": "정보",
          "question": "연락처를 알 수 있나요?",
          "question_wordNum": 4,
          "answer": "02-6465-3595",
          "answer_wordNum": 1,
          "fact": [
            "핀크퀸콩,연락처,02-6465-3595"
          ]
        }
      ]
    },
    {
      "image_id": 4,
      "question": [
        {
          "question_id": 0,
          "question_type": "관계",
          "question": "이 곳에 인접한 시설이 있나요?",
          "question_wordNum": 5,
          "answer": "화곡역 7번 출구, 꿈꾸는돼지, 빈티지리클",
          "answer_wordNum": 5,
          "fact": [
            "핀크퀸콩,인접,화곡역 7번 출구, 꿈꾸는돼지, 빈티지리클"
          ]
        },
        {
          "question_id": 1,
          "question_type": "탐색",
          "question": "주차시설이 있나요?",
          "question_wordNum": 2,
          "answer": "있음",
          "answer_wordNum": 1,
          "fact": [
            "핀크퀸콩,주차시설,있음"
          ]
        },
        {
          "question_id": 2,
          "question_type": "정보",
          "question": "연락처를 알 수 있나요?",
          "question_wordNum": 4,
          "answer": "02-6465-3595",
          "answer_wordNum": 1,
          "fact": [
            "핀크퀸콩,연락처,02-6465-3595"
          ]
        },
        {
          "question_id": 3,
          "question_type": "정보",
          "question": "휴무일을 알 수 있나요?",
          "question_wordNum": 4,
          "answer": "매주 월요일, 화요일",
          "answer_wordNum": 3,
          "fact": [
            "핀크퀸콩,휴무일,매주 월요일, 화요일"
          ]
        }
      ]
    }
  ]
}