{
  "data": {
    "dataset": "2-083-219",
    "POI_id": "561604",
    "travelType": "음식점",
    "place": "세광양대창 발산점",
    "area": "서울"
  },
  "imageInfo": [
    {
      "image_id": 0,
      "filename": "561604_0_su_5_세광양대창 발산점_1_001.png",
      "mapx": 37.5601717056669,
      "mapy": 126.837293234957,
      "width": 3840,
      "height": 2160,
      "caption_info": [
        "세광양대창 발산점(강서구)",
        "간판"
      ]
    },
    {
      "image_id": 1,
      "filename": "561604_0_su_5_세광양대창 발산점_1_002.png",
      "mapx": 37.5601717056669,
      "mapy": 126.837293234957,
      "width": 3840,
      "height": 2160,
      "caption_info": [
        "세광양대창 발산점(강서구)",
        "간판"
      ]
    },
    {
      "image_id": 2,
      "filename": "561604_0_su_5_세광양대창 발산점_1_003.png",
      "mapx": 37.5601717056669,
      "mapy": 126.837293234957,
      "width": 3840,
      "height": 2160,
      "caption_info": [
        "세광양대창 발산점(강서구)",
        "원형 테이블 "
      ]
    },
    {
      "image_id": 3,
      "filename": "561604_0_su_5_세광양대창 발산점_1_004.png",
      "mapx": 37.5601717056669,
      "mapy": 126.837293234957,
      "width": 3840,
      "height": 2160,
      "caption_info": [
        "세광양대창 발산점(강서구)",
        "메뉴판 "
      ]
    },
    {
      "image_id": 4,
      "filename": "561604_0_su_5_세광양대창 발산점_1_005.png",
      "mapx": 37.5601717056669,
      "mapy": 126.837293234957,
      "width": 3840,
      "height": 2160,
      "caption_info": [
        "세광양대창 발산점(강서구)",
        "석쇠 "
      ]
    }
  ],
  "annotations": [
    {
      "image_id": 0,
      "question": [
        {
          "question_id": 0,
          "question_type": "정보",
          "question": "영업시간은 어떻게 되나요?",
          "question_wordNum": 3,
          "answer": "12:00~00:30/02:30",
          "answer_wordNum": 1,
          "fact": [
            "세광양대창 발산점,영업시간,12:00~00:30/02:30"
          ]
        },
        {
          "question_id": 1,
          "question_type": "정보",
          "question": "휴무일은 어떻게 되나요?",
          "question_wordNum": 3,
          "answer": "알수없음",
          "answer_wordNum": 1,
          "fact": [
            "세광양대창 발산점,휴무일,알수없음"
          ]
        },
        {
          "question_id": 2,
          "question_type": "정보",
          "question": "이 곳의 주소는 어떻게 되나요?",
          "question_wordNum": 5,
          "answer": "서울 강서구 마곡중앙6로 89",
          "answer_wordNum": 4,
          "fact": [
            "세광양대창 발산점,주소,서울 강서구 마곡중앙6로 89"
          ]
        },
        {
          "question_id": 3,
          "question_type": "정보",
          "question": "이 곳의 메뉴를 알 수 있나요?",
          "question_wordNum": 6,
          "answer": "모듬구이, 곱창전골",
          "answer_wordNum": 2,
          "fact": [
            "세광양대창 발산점,메뉴,모듬구이, 곱창전골"
          ]
        }
      ]
    },
    {
      "image_id": 1,
      "question": [
        {
          "question_id": 0,
          "question_type": "정보",
          "question": "휴무일은 어떻게 되나요?",
          "question_wordNum": 3,
          "answer": "알수없음",
          "answer_wordNum": 1,
          "fact": [
            "세광양대창 발산점,휴무일,알수없음"
          ]
        },
        {
          "question_id": 1,
          "question_type": "정보",
          "question": "이 곳의 주소를 알 수 있나요?",
          "question_wordNum": 6,
          "answer": "서울 강서구 마곡중앙6로 89",
          "answer_wordNum": 4,
          "fact": [
            "세광양대창 발산점,주소,서울 강서구 마곡중앙6로 89"
          ]
        },
        {
          "question_id": 2,
          "question_type": "정보",
          "question": "영업시간은 어떻게 되나요?",
          "question_wordNum": 3,
          "answer": "12:00~00:30/02:30",
          "answer_wordNum": 1,
          "fact": [
            "세광양대창 발산점,영업시간,12:00~00:30/02:30"
          ]
        },
        {
          "question_id": 3,
          "question_type": "탐색",
          "question": "주차시설이 있나요?",
          "question_wordNum": 2,
          "answer": "있음",
          "answer_wordNum": 1,
          "fact": [
            "세광양대창 발산점,주차시설,있음"
          ]
        }
      ]
    },
    {
      "image_id": 2,
      "question": [
        {
          "question_id": 0,
          "question_type": "정보",
          "question": "이 곳의 메뉴를 알 수 있나요?",
          "question_wordNum": 6,
          "answer": "모듬구이, 곱창전골",
          "answer_wordNum": 2,
          "fact": [
            "세광양대창 발산점,메뉴,모듬구이, 곱창전골"
          ]
        },
        {
          "question_id": 1,
          "question_type": "정보",
          "question": "연락처가 어떻게 되나요?",
          "question_wordNum": 3,
          "answer": "02-3662-9233",
          "answer_wordNum": 1,
          "fact": [
            "세광양대창 발산점,연락처,02-3662-9233"
          ]
        },
        {
          "question_id": 2,
          "question_type": "관계",
          "question": "이 곳에 인접한 시설이 있나요?",
          "question_wordNum": 5,
          "answer": "발산역 2번 출구, 시크릿바, 이마트24",
          "answer_wordNum": 5,
          "fact": [
            "세광양대창 발산점,인접,발산역 2번 출구, 시크릿바, 이마트24"
          ]
        },
        {
          "question_id": 3,
          "question_type": "정보",
          "question": "영업시간은 어떻게 되나요?",
          "question_wordNum": 3,
          "answer": "12:00~00:30/02:30",
          "answer_wordNum": 1,
          "fact": [
            "세광양대창 발산점,영업시간,12:00~00:30/02:30"
          ]
        }
      ]
    },
    {
      "image_id": 3,
      "question": [
        {
          "question_id": 0,
          "question_type": "관계",
          "question": "이 곳에 인접한 시설이 있나요?",
          "question_wordNum": 5,
          "answer": "발산역 2번 출구, 시크릿바, 이마트24",
          "answer_wordNum": 5,
          "fact": [
            "세광양대창 발산점,인접,발산역 2번 출구, 시크릿바, 이마트24"
          ]
        },
        {
          "question_id": 1,
          "question_type": "정보",
          "question": "대표 메뉴가 무엇인가요?",
          "question_wordNum": 3,
          "answer": "모듬구이, 곱창전골",
          "answer_wordNum": 2,
          "fact": [
            "세광양대창 발산점,메뉴,모듬구이, 곱창전골"
          ]
        },
        {
          "question_id": 2,
          "question_type": "정보",
          "question": "이 곳의 주소는 어떻게 되나요?",
          "question_wordNum": 5,
          "answer": "서울 강서구 마곡중앙6로 89",
          "answer_wordNum": 4,
          "fact": [
            "세광양대창 발산점,주소,서울 강서구 마곡중앙6로 89"
          ]
        },
        {
          "question_id": 3,
          "question_type": "정보",
          "question": "연락처가 어떻게 되나요?",
          "question_wordNum": 3,
          "answer": "02-3662-9233",
          "answer_wordNum": 1,
          "fact": [
            "세광양대창 발산점,연락처,02-3662-9233"
          ]
        }
      ]
    },
    {
      "image_id": 4,
      "question": [
        {
          "question_id": 0,
          "question_type": "정보",
          "question": "휴무일은 어떻게 되나요?",
          "question_wordNum": 3,
          "answer": "알수없음",
          "answer_wordNum": 1,
          "fact": [
            "세광양대창 발산점,휴무일,알수없음"
          ]
        },
        {
          "question_id": 1,
          "question_type": "탐색",
          "question": "주차시설이 있는지 알 수 있나요?",
          "question_wordNum": 5,
          "answer": "있음",
          "answer_wordNum": 1,
          "fact": [
            "세광양대창 발산점,주차시설,있음"
          ]
        },
        {
          "question_id": 2,
          "question_type": "정보",
          "question": "영업시간은 어떻게 되나요?",
          "question_wordNum": 3,
          "answer": "12:00~00:30/02:30",
          "answer_wordNum": 1,
          "fact": [
            "세광양대창 발산점,영업시간,12:00~00:30/02:30"
          ]
        },
        {
          "question_id": 3,
          "question_type": "정보",
          "question": "대표 메뉴가 무엇인가요?",
          "question_wordNum": 3,
          "answer": "모듬구이, 곱창전골",
          "answer_wordNum": 2,
          "fact": [
            "세광양대창 발산점,메뉴,모듬구이, 곱창전골"
          ]
        }
      ]
    }
  ]
}