{
  "data": {
    "dataset": "2-083-219",
    "POI_id": "561653",
    "travelType": "음식점",
    "place": "최기범스시 ",
    "area": "서울"
  },
  "imageInfo": [
    {
      "image_id": 0,
      "filename": "561653_0_su_5_최기범스시 _1_001.png",
      "mapx": 37.5679745986878,
      "mapy": 126.826720979429,
      "width": 3840,
      "height": 2160,
      "caption_info": [
        "최기범스시(마곡동)",
        "간판, 여닫이문"
      ]
    },
    {
      "image_id": 1,
      "filename": "561653_0_su_5_최기범스시 _1_002.png",
      "mapx": 37.5679745986878,
      "mapy": 126.826720979429,
      "width": 3840,
      "height": 2160,
      "caption_info": [
        "최기범스시(마곡동)",
        "간판, 여닫이문"
      ]
    },
    {
      "image_id": 2,
      "filename": "561653_0_su_5_최기범스시 _1_003.png",
      "mapx": 37.5679745986878,
      "mapy": 126.826720979429,
      "width": 3840,
      "height": 2160,
      "caption_info": [
        "최기범스시(마곡동)",
        "테이블, 등받이의자"
      ]
    },
    {
      "image_id": 3,
      "filename": "561653_0_su_5_최기범스시 _1_004.png",
      "mapx": 37.5679745986878,
      "mapy": 126.826720979429,
      "width": 3840,
      "height": 2160,
      "caption_info": [
        "최기범스시(마곡동)",
        "메뉴판"
      ]
    },
    {
      "image_id": 4,
      "filename": "561653_0_su_5_최기범스시 _1_005.png",
      "mapx": 37.5679745986878,
      "mapy": 126.826720979429,
      "width": 3840,
      "height": 2160,
      "caption_info": [
        "최기범스시(마곡동)",
        "스시, 젓가락"
      ]
    }
  ],
  "annotations": [
    {
      "image_id": 0,
      "question": [
        {
          "question_id": 0,
          "question_type": "탐색",
          "question": "주차시설이 있나요?",
          "question_wordNum": 2,
          "answer": "있음",
          "answer_wordNum": 1,
          "fact": [
            "최기범스시,주차시설,있음"
          ]
        },
        {
          "question_id": 1,
          "question_type": "정보",
          "question": "이 곳의 대표적인 메뉴는 무엇이 있나요?",
          "question_wordNum": 6,
          "answer": "모듬초밥, 연어삼색초밥",
          "answer_wordNum": 2,
          "fact": [
            "최기범스시,메뉴,모듬초밥, 연어삼색초밥"
          ]
        },
        {
          "question_id": 2,
          "question_type": "관계",
          "question": "이 곳에 인접한 시설이 있나요?",
          "question_wordNum": 5,
          "answer": "마곡나루역 1번 출구, 스타벅스, 얌샘김밥",
          "answer_wordNum": 5,
          "fact": [
            "최기범스시,인접,마곡나루역 1번 출구, 스타벅스, 얌샘김밥"
          ]
        },
        {
          "question_id": 3,
          "question_type": "정보",
          "question": "연락처가 어떻게 되나요?",
          "question_wordNum": 3,
          "answer": "02-3664-0477",
          "answer_wordNum": 1,
          "fact": [
            "최기범스시,연락처,02-3664-0477"
          ]
        }
      ]
    },
    {
      "image_id": 1,
      "question": [
        {
          "question_id": 0,
          "question_type": "정보",
          "question": "이 곳의 대표적인 메뉴는 무엇이 있나요?",
          "question_wordNum": 6,
          "answer": "모듬초밥, 연어삼색초밥",
          "answer_wordNum": 2,
          "fact": [
            "최기범스시,메뉴,모듬초밥, 연어삼색초밥"
          ]
        },
        {
          "question_id": 1,
          "question_type": "관계",
          "question": "이 곳에 인접한 시설이 있나요?",
          "question_wordNum": 5,
          "answer": "마곡나루역 1번 출구, 스타벅스, 얌샘김밥",
          "answer_wordNum": 5,
          "fact": [
            "최기범스시,인접,마곡나루역 1번 출구, 스타벅스, 얌샘김밥"
          ]
        },
        {
          "question_id": 2,
          "question_type": "정보",
          "question": "이 곳의 주소는 어떻게 되나요?",
          "question_wordNum": 5,
          "answer": "서울 강서구 마곡중앙로 161-11",
          "answer_wordNum": 4,
          "fact": [
            "최기범스시,주소,서울 강서구 마곡중앙로 161-11"
          ]
        },
        {
          "question_id": 3,
          "question_type": "정보",
          "question": "연락처가 어떻게 되나요?",
          "question_wordNum": 3,
          "answer": "02-3664-0477",
          "answer_wordNum": 1,
          "fact": [
            "최기범스시,연락처,02-3664-0477"
          ]
        }
      ]
    },
    {
      "image_id": 2,
      "question": [
        {
          "question_id": 0,
          "question_type": "정보",
          "question": "영업시간은 어떻게 되나요?",
          "question_wordNum": 3,
          "answer": "11:30~22:30",
          "answer_wordNum": 1,
          "fact": [
            "최기범스시,영업시간,11:30~22:30"
          ]
        },
        {
          "question_id": 1,
          "question_type": "정보",
          "question": "이 곳의 주소는 어떻게 되나요?",
          "question_wordNum": 5,
          "answer": "서울 강서구 마곡중앙로 161-11",
          "answer_wordNum": 4,
          "fact": [
            "최기범스시,주소,서울 강서구 마곡중앙로 161-11"
          ]
        },
        {
          "question_id": 2,
          "question_type": "정보",
          "question": "휴무일은 어떻게 되나요?",
          "question_wordNum": 3,
          "answer": "첫째, 셋째 일요일",
          "answer_wordNum": 3,
          "fact": [
            "최기범스시,휴무일,첫째, 셋째 일요일"
          ]
        },
        {
          "question_id": 3,
          "question_type": "정보",
          "question": "이 곳의 대표적인 메뉴는 무엇이 있나요?",
          "question_wordNum": 6,
          "answer": "모듬초밥, 연어삼색초밥",
          "answer_wordNum": 2,
          "fact": [
            "최기범스시,메뉴,모듬초밥, 연어삼색초밥"
          ]
        }
      ]
    },
    {
      "image_id": 3,
      "question": [
        {
          "question_id": 0,
          "question_type": "정보",
          "question": "휴무일은 어떻게 되나요?",
          "question_wordNum": 3,
          "answer": "첫째, 셋째 일요일",
          "answer_wordNum": 3,
          "fact": [
            "최기범스시,휴무일,첫째, 셋째 일요일"
          ]
        },
        {
          "question_id": 1,
          "question_type": "정보",
          "question": "이 곳의 주요 메뉴는 무엇이 있나요?",
          "question_wordNum": 6,
          "answer": "모듬초밥, 연어삼색초밥",
          "answer_wordNum": 2,
          "fact": [
            "최기범스시,메뉴,모듬초밥, 연어삼색초밥"
          ]
        },
        {
          "question_id": 2,
          "question_type": "탐색",
          "question": "주차시설이 있나요?",
          "question_wordNum": 2,
          "answer": "있음",
          "answer_wordNum": 1,
          "fact": [
            "최기범스시,주차시설,있음"
          ]
        },
        {
          "question_id": 3,
          "question_type": "정보",
          "question": "이 곳의 주소는 어떻게 되나요?",
          "question_wordNum": 5,
          "answer": "서울 강서구 마곡중앙로 161-11",
          "answer_wordNum": 4,
          "fact": [
            "최기범스시,주소,서울 강서구 마곡중앙로 161-11"
          ]
        }
      ]
    },
    {
      "image_id": 4,
      "question": [
        {
          "question_id": 0,
          "question_type": "정보",
          "question": "이 곳의 주요 메뉴는 무엇이 있나요?",
          "question_wordNum": 6,
          "answer": "모듬초밥, 연어삼색초밥",
          "answer_wordNum": 2,
          "fact": [
            "최기범스시,메뉴,모듬초밥, 연어삼색초밥"
          ]
        },
        {
          "question_id": 1,
          "question_type": "정보",
          "question": "이 곳의 주소는 어떻게 되나요?",
          "question_wordNum": 5,
          "answer": "서울 강서구 마곡중앙로 161-11",
          "answer_wordNum": 4,
          "fact": [
            "최기범스시,주소,서울 강서구 마곡중앙로 161-11"
          ]
        },
        {
          "question_id": 2,
          "question_type": "정보",
          "question": "휴무일은 어떻게 되나요?",
          "question_wordNum": 3,
          "answer": "첫째, 셋째 일요일",
          "answer_wordNum": 3,
          "fact": [
            "최기범스시,휴무일,첫째, 셋째 일요일"
          ]
        },
        {
          "question_id": 3,
          "question_type": "정보",
          "question": "영업시간은 어떻게 되나요?",
          "question_wordNum": 3,
          "answer": "11:30~22:30",
          "answer_wordNum": 1,
          "fact": [
            "최기범스시,영업시간,11:30~22:30"
          ]
        }
      ]
    }
  ]
}