{
  "data": {
    "dataset": "2-083-219",
    "POI_id": "561818",
    "travelType": "음식점",
    "place": "장성양갈비 ",
    "area": "서울"
  },
  "imageInfo": [
    {
      "image_id": 0,
      "filename": "561818_0_su_5_장성양갈비 _1_001.png",
      "mapx": 37.560947404419,
      "mapy": 126.812355957058,
      "width": 3840,
      "height": 2160,
      "caption_info": [
        "장성양갈비(강서구) ",
        "간판"
      ]
    },
    {
      "image_id": 1,
      "filename": "561818_0_su_5_장성양갈비 _1_002.png",
      "mapx": 37.560947404419,
      "mapy": 126.812355957058,
      "width": 3840,
      "height": 2160,
      "caption_info": [
        "장성양갈비(강서구) ",
        "간판"
      ]
    },
    {
      "image_id": 2,
      "filename": "561818_0_su_5_장성양갈비 _1_003.png",
      "mapx": 37.560947404419,
      "mapy": 126.812355957058,
      "width": 3840,
      "height": 2160,
      "caption_info": [
        "장성양갈비(강서구) ",
        "등받이 의자"
      ]
    },
    {
      "image_id": 3,
      "filename": "561818_0_su_5_장성양갈비 _1_004.png",
      "mapx": 37.560947404419,
      "mapy": 126.812355957058,
      "width": 3840,
      "height": 2160,
      "caption_info": [
        "장성양갈비(강서구) ",
        "메뉴판 "
      ]
    },
    {
      "image_id": 4,
      "filename": "561818_0_su_5_장성양갈비 _1_005.png",
      "mapx": 37.560947404419,
      "mapy": 126.812355957058,
      "width": 3840,
      "height": 2160,
      "caption_info": [
        "장성양갈비(강서구) ",
        "양갈비 "
      ]
    }
  ],
  "annotations": [
    {
      "image_id": 0,
      "question": [
        {
          "question_id": 0,
          "question_type": "정보",
          "question": "이 곳의 메뉴를 알 수 있나요?",
          "question_wordNum": 6,
          "answer": "양꼬치, 동양갈비",
          "answer_wordNum": 2,
          "fact": [
            "장성양갈비,메뉴,양꼬치, 동양갈비"
          ]
        },
        {
          "question_id": 1,
          "question_type": "관계",
          "question": "이 곳에 인접한 시설을 알 수 있나요?",
          "question_wordNum": 7,
          "answer": "송정역 3번 출구, 청년다방, 바비큐보스",
          "answer_wordNum": 5,
          "fact": [
            "장성양갈비,인접,송정역 3번 출구, 청년다방, 바비큐보스"
          ]
        },
        {
          "question_id": 2,
          "question_type": "탐색",
          "question": "주차시설이 있는지 알 수 있나요?",
          "question_wordNum": 5,
          "answer": "있음",
          "answer_wordNum": 1,
          "fact": [
            "장성양갈비,주차시설,있음"
          ]
        },
        {
          "question_id": 3,
          "question_type": "정보",
          "question": "영업시간은 어떻게 되나요?",
          "question_wordNum": 3,
          "answer": "12:00 - 24:00",
          "answer_wordNum": 3,
          "fact": [
            "장성양갈비,영업시간,12:00 - 24:00"
          ]
        }
      ]
    },
    {
      "image_id": 1,
      "question": [
        {
          "question_id": 0,
          "question_type": "탐색",
          "question": "주차시설이 있는지 알 수 있나요?",
          "question_wordNum": 5,
          "answer": "있음",
          "answer_wordNum": 1,
          "fact": [
            "장성양갈비,주차시설,있음"
          ]
        },
        {
          "question_id": 1,
          "question_type": "관계",
          "question": "이 곳에 인접한 시설을 알 수 있나요?",
          "question_wordNum": 7,
          "answer": "송정역 3번 출구, 청년다방, 바비큐보스",
          "answer_wordNum": 5,
          "fact": [
            "장성양갈비,인접,송정역 3번 출구, 청년다방, 바비큐보스"
          ]
        },
        {
          "question_id": 2,
          "question_type": "정보",
          "question": "연락처를 알 수 있나요?",
          "question_wordNum": 4,
          "answer": "02-6409-3456",
          "answer_wordNum": 1,
          "fact": [
            "장성양갈비,연락처,02-6409-3456"
          ]
        },
        {
          "question_id": 3,
          "question_type": "정보",
          "question": "이 곳의 메뉴를 알 수 있나요?",
          "question_wordNum": 6,
          "answer": "양꼬치, 동양갈비",
          "answer_wordNum": 2,
          "fact": [
            "장성양갈비,메뉴,양꼬치, 동양갈비"
          ]
        }
      ]
    },
    {
      "image_id": 2,
      "question": [
        {
          "question_id": 0,
          "question_type": "정보",
          "question": "대표 메뉴가 무엇인가요?",
          "question_wordNum": 3,
          "answer": "양꼬치, 동양갈비",
          "answer_wordNum": 2,
          "fact": [
            "장성양갈비,메뉴,양꼬치, 동양갈비"
          ]
        },
        {
          "question_id": 1,
          "question_type": "정보",
          "question": "영업시간은 어떻게 되나요?",
          "question_wordNum": 3,
          "answer": "12:00 - 24:00",
          "answer_wordNum": 3,
          "fact": [
            "장성양갈비,영업시간,12:00 - 24:00"
          ]
        },
        {
          "question_id": 2,
          "question_type": "관계",
          "question": "이 곳에 인접한 시설을 알 수 있나요?",
          "question_wordNum": 7,
          "answer": "송정역 3번 출구, 청년다방, 바비큐보스",
          "answer_wordNum": 5,
          "fact": [
            "장성양갈비,인접,송정역 3번 출구, 청년다방, 바비큐보스"
          ]
        },
        {
          "question_id": 3,
          "question_type": "정보",
          "question": "이 곳의 주소는 어떻게 되나요?",
          "question_wordNum": 5,
          "answer": "서울 강서구 공항대로 46",
          "answer_wordNum": 4,
          "fact": [
            "장성양갈비,주소,서울 강서구 공항대로 46"
          ]
        }
      ]
    },
    {
      "image_id": 3,
      "question": [
        {
          "question_id": 0,
          "question_type": "정보",
          "question": "영업시간은 어떻게 되나요?",
          "question_wordNum": 3,
          "answer": "12:00 - 24:00",
          "answer_wordNum": 3,
          "fact": [
            "장성양갈비,영업시간,12:00 - 24:00"
          ]
        },
        {
          "question_id": 1,
          "question_type": "정보",
          "question": "대표 메뉴가 무엇인가요?",
          "question_wordNum": 3,
          "answer": "양꼬치, 동양갈비",
          "answer_wordNum": 2,
          "fact": [
            "장성양갈비,메뉴,양꼬치, 동양갈비"
          ]
        },
        {
          "question_id": 2,
          "question_type": "관계",
          "question": "이 곳에 인접한 시설을 알 수 있나요?",
          "question_wordNum": 7,
          "answer": "송정역 3번 출구, 청년다방, 바비큐보스",
          "answer_wordNum": 5,
          "fact": [
            "장성양갈비,인접,송정역 3번 출구, 청년다방, 바비큐보스"
          ]
        },
        {
          "question_id": 3,
          "question_type": "정보",
          "question": "연락처를 알 수 있나요?",
          "question_wordNum": 4,
          "answer": "02-6409-3456",
          "answer_wordNum": 1,
          "fact": [
            "장성양갈비,연락처,02-6409-3456"
          ]
        }
      ]
    },
    {
      "image_id": 4,
      "question": [
        {
          "question_id": 0,
          "question_type": "정보",
          "question": "이 곳의 주소를 알 수 있나요?",
          "question_wordNum": 6,
          "answer": "서울 강서구 공항대로 46",
          "answer_wordNum": 4,
          "fact": [
            "장성양갈비,주소,서울 강서구 공항대로 46"
          ]
        },
        {
          "question_id": 1,
          "question_type": "관계",
          "question": "이 곳에 인접한 시설을 알 수 있나요?",
          "question_wordNum": 7,
          "answer": "송정역 3번 출구, 청년다방, 바비큐보스",
          "answer_wordNum": 5,
          "fact": [
            "장성양갈비,인접,송정역 3번 출구, 청년다방, 바비큐보스"
          ]
        },
        {
          "question_id": 2,
          "question_type": "정보",
          "question": "휴무일은 어떻게 되나요?",
          "question_wordNum": 3,
          "answer": "없음",
          "answer_wordNum": 1,
          "fact": [
            "장성양갈비,휴무일,없음"
          ]
        },
        {
          "question_id": 3,
          "question_type": "탐색",
          "question": "주차시설이 있는지 알 수 있나요?",
          "question_wordNum": 5,
          "answer": "있음",
          "answer_wordNum": 1,
          "fact": [
            "장성양갈비,주차시설,있음"
          ]
        }
      ]
    }
  ]
}