{
  "data": {
    "dataset": "2-083-219",
    "POI_id": "561431",
    "travelType": "음식점",
    "place": "남원골추어탕",
    "area": "서울"
  },
  "imageInfo": [
    {
      "image_id": 0,
      "filename": "561431_0_su_5_남원골추어탕_15_001.png",
      "mapx": 37.5715448889519,
      "mapy": 126.840271062455,
      "width": 3840,
      "height": 2160,
      "caption_info": [
        "남원골추어탕(가양동)",
        "간판, 실외기"
      ]
    },
    {
      "image_id": 1,
      "filename": "561431_0_su_5_남원골추어탕_15_002.png",
      "mapx": 37.5715448889519,
      "mapy": 126.840271062455,
      "width": 3840,
      "height": 2160,
      "caption_info": [
        "남원골추어탕(가양동)",
        "간판, 여닫이문"
      ]
    },
    {
      "image_id": 2,
      "filename": "561431_0_su_5_남원골추어탕_15_003.png",
      "mapx": 37.5715448889519,
      "mapy": 126.840271062455,
      "width": 3840,
      "height": 2160,
      "caption_info": [
        "남원골추어탕(가양동)",
        "테이블, 휴지"
      ]
    },
    {
      "image_id": 3,
      "filename": "561431_0_su_5_남원골추어탕_15_004.png",
      "mapx": 37.5715448889519,
      "mapy": 126.840271062455,
      "width": 3840,
      "height": 2160,
      "caption_info": [
        "남원골추어탕(가양동)",
        "메뉴판"
      ]
    },
    {
      "image_id": 4,
      "filename": "561431_0_su_5_남원골추어탕_15_005.png",
      "mapx": 37.5715448889519,
      "mapy": 126.840271062455,
      "width": 3840,
      "height": 2160,
      "caption_info": [
        "남원골추어탕(가양동)",
        "깍두기, 종이컵"
      ]
    }
  ],
  "annotations": [
    {
      "image_id": 0,
      "question": [
        {
          "question_id": 0,
          "question_type": "탐색",
          "question": "주차시설이 있나요?",
          "question_wordNum": 2,
          "answer": "있음",
          "answer_wordNum": 1,
          "fact": [
            "남원골추어탕,주차시설,있음"
          ]
        },
        {
          "question_id": 1,
          "question_type": "정보",
          "question": "이 곳의 대표적인 메뉴는 무엇이 있나요?",
          "question_wordNum": 6,
          "answer": "추어탕, 통추어탕",
          "answer_wordNum": 2,
          "fact": [
            "남원골추어탕,메뉴,추어탕, 통추어탕"
          ]
        },
        {
          "question_id": 2,
          "question_type": "정보",
          "question": "이 곳의 주소는 어떻게 되나요?",
          "question_wordNum": 5,
          "answer": "서울 강서구 양천로49길 66",
          "answer_wordNum": 4,
          "fact": [
            "남원골추어탕,주소,서울 강서구 양천로49길 66"
          ]
        },
        {
          "question_id": 3,
          "question_type": "정보",
          "question": "이 곳에 인접한 시설이 있나요?",
          "question_wordNum": 5,
          "answer": "양천향교역 2번 출구, 남도식당, 장하촌",
          "answer_wordNum": 5,
          "fact": [
            "남원골추어탕,인접,양천향교역 2번 출구, 남도식당, 장하촌"
          ]
        }
      ]
    },
    {
      "image_id": 1,
      "question": [
        {
          "question_id": 0,
          "question_type": "정보",
          "question": "이 곳의 대표적인 메뉴는 무엇이 있나요?",
          "question_wordNum": 6,
          "answer": "추어탕, 통추어탕",
          "answer_wordNum": 2,
          "fact": [
            "남원골추어탕,메뉴,추어탕, 통추어탕"
          ]
        },
        {
          "question_id": 1,
          "question_type": "탐색",
          "question": "주차시설이 있나요?",
          "question_wordNum": 2,
          "answer": "있음",
          "answer_wordNum": 1,
          "fact": [
            "남원골추어탕,주차시설,있음"
          ]
        },
        {
          "question_id": 2,
          "question_type": "정보",
          "question": "영업시간은 어떻게 되나요?",
          "question_wordNum": 3,
          "answer": "알수없음",
          "answer_wordNum": 1,
          "fact": [
            "남원골추어탕,영업시간,알수없음"
          ]
        },
        {
          "question_id": 3,
          "question_type": "정보",
          "question": "이 곳에 인접한 시설이 있나요?",
          "question_wordNum": 5,
          "answer": "양천향교역 2번 출구, 남도식당, 장하촌",
          "answer_wordNum": 5,
          "fact": [
            "남원골추어탕,인접,양천향교역 2번 출구, 남도식당, 장하촌"
          ]
        }
      ]
    },
    {
      "image_id": 2,
      "question": [
        {
          "question_id": 0,
          "question_type": "정보",
          "question": "이 곳의 대표적인 메뉴를 알 수 있나요?",
          "question_wordNum": 7,
          "answer": "추어탕, 통추어탕",
          "answer_wordNum": 2,
          "fact": [
            "남원골추어탕,메뉴,추어탕, 통추어탕"
          ]
        },
        {
          "question_id": 1,
          "question_type": "탐색",
          "question": "주차시설이 있나요?",
          "question_wordNum": 2,
          "answer": "있음",
          "answer_wordNum": 1,
          "fact": [
            "남원골추어탕,주차시설,있음"
          ]
        },
        {
          "question_id": 2,
          "question_type": "정보",
          "question": "휴무일은 어떻게 되나요?",
          "question_wordNum": 3,
          "answer": "첫째, 셋째, 다섯째 일요일",
          "answer_wordNum": 4,
          "fact": [
            "남원골추어탕,휴무일,첫째, 셋째, 다섯째 일요일"
          ]
        },
        {
          "question_id": 3,
          "question_type": "정보",
          "question": "이 곳에 인접한 시설이 있나요?",
          "question_wordNum": 5,
          "answer": "양천향교역 2번 출구, 남도식당, 장하촌",
          "answer_wordNum": 5,
          "fact": [
            "남원골추어탕,인접,양천향교역 2번 출구, 남도식당, 장하촌"
          ]
        }
      ]
    },
    {
      "image_id": 3,
      "question": [
        {
          "question_id": 0,
          "question_type": "정보",
          "question": "이 곳의 대표적인 메뉴는 무엇이 있나요?",
          "question_wordNum": 6,
          "answer": "추어탕, 통추어탕",
          "answer_wordNum": 2,
          "fact": [
            "남원골추어탕,메뉴,추어탕, 통추어탕"
          ]
        },
        {
          "question_id": 1,
          "question_type": "탐색",
          "question": "주차시설이 있나요?",
          "question_wordNum": 2,
          "answer": "있음",
          "answer_wordNum": 1,
          "fact": [
            "남원골추어탕,주차시설,있음"
          ]
        },
        {
          "question_id": 2,
          "question_type": "정보",
          "question": "휴무일은 어떻게 되나요?",
          "question_wordNum": 3,
          "answer": "첫째, 셋째, 다섯째 일요일",
          "answer_wordNum": 4,
          "fact": [
            "남원골추어탕,휴무일,첫째, 셋째, 다섯째 일요일"
          ]
        },
        {
          "question_id": 3,
          "question_type": "정보",
          "question": "이 곳에 인접한 시설이 있나요?",
          "question_wordNum": 5,
          "answer": "양천향교역 2번 출구, 남도식당, 장하촌",
          "answer_wordNum": 5,
          "fact": [
            "남원골추어탕,인접,양천향교역 2번 출구, 남도식당, 장하촌"
          ]
        }
      ]
    },
    {
      "image_id": 4,
      "question": [
        {
          "question_id": 0,
          "question_type": "정보",
          "question": "이 곳의 대표적인 메뉴는 무엇이 있나요?",
          "question_wordNum": 6,
          "answer": "추어탕, 통추어탕",
          "answer_wordNum": 2,
          "fact": [
            "남원골추어탕,메뉴,추어탕, 통추어탕"
          ]
        },
        {
          "question_id": 1,
          "question_type": "정보",
          "question": "영업시간을 알 수 있나요?",
          "question_wordNum": 4,
          "answer": "알수없음",
          "answer_wordNum": 1,
          "fact": [
            "남원골추어탕,영업시간,알수없음"
          ]
        },
        {
          "question_id": 2,
          "question_type": "탐색",
          "question": "주차시설이 있나요?",
          "question_wordNum": 2,
          "answer": "있음",
          "answer_wordNum": 1,
          "fact": [
            "남원골추어탕,주차시설,있음"
          ]
        },
        {
          "question_id": 3,
          "question_type": "정보",
          "question": "이 곳에 인접한 시설이 있나요?",
          "question_wordNum": 5,
          "answer": "양천향교역 2번 출구, 남도식당, 장하촌",
          "answer_wordNum": 5,
          "fact": [
            "남원골추어탕,인접,양천향교역 2번 출구, 남도식당, 장하촌"
          ]
        }
      ]
    }
  ]
}