{
  "data": {
    "dataset": "2-083-219",
    "POI_id": "561358",
    "travelType": "음식점",
    "place": "양천골 용대리 황태세상 본점",
    "area": "서울"
  },
  "imageInfo": [
    {
      "image_id": 0,
      "filename": "561358_0_su_5_양천골 용대리 황태세상 본점_3_001.png",
      "mapx": 37.569677299617,
      "mapy": 126.840932372835,
      "width": 3840,
      "height": 2160,
      "caption_info": [
        "양천골 용대리 황태세상 본점(가양동)",
        "간판, 자전거, 의자"
      ]
    },
    {
      "image_id": 1,
      "filename": "561358_0_su_5_양천골 용대리 황태세상 본점_3_002.png",
      "mapx": 37.569677299617,
      "mapy": 126.840932372835,
      "width": 3840,
      "height": 2160,
      "caption_info": [
        "양천골 용대리 황태세상 본점(가양동)",
        "간판, 자동차"
      ]
    },
    {
      "image_id": 2,
      "filename": "561358_0_su_5_양천골 용대리 황태세상 본점_3_003.png",
      "mapx": 37.569677299617,
      "mapy": 126.840932372835,
      "width": 3840,
      "height": 2160,
      "caption_info": [
        "양천골 용대리 황태세상 본점(가양동)",
        "테이블, 방석"
      ]
    },
    {
      "image_id": 3,
      "filename": "561358_0_su_5_양천골 용대리 황태세상 본점_3_004.png",
      "mapx": 37.569677299617,
      "mapy": 126.840932372835,
      "width": 3840,
      "height": 2160,
      "caption_info": [
        "양천골 용대리 황태세상 본점(가양동)",
        "메뉴판"
      ]
    },
    {
      "image_id": 4,
      "filename": "561358_0_su_5_양천골 용대리 황태세상 본점_3_005.png",
      "mapx": 37.569677299617,
      "mapy": 126.840932372835,
      "width": 3840,
      "height": 2160,
      "caption_info": [
        "양천골 용대리 황태세상 본점(가양동)",
        "황태 해장국"
      ]
    }
  ],
  "annotations": [
    {
      "image_id": 0,
      "question": [
        {
          "question_id": 0,
          "question_type": "관계",
          "question": "이 곳에 인접한 시설이 있나요?",
          "question_wordNum": 5,
          "answer": "농협, 양천곱창, 대박집",
          "answer_wordNum": 3,
          "fact": [
            "양천골 용대리 황태세상 본점,인접,농협, 양천곱창, 대박집"
          ]
        },
        {
          "question_id": 1,
          "question_type": "정보",
          "question": "이 곳의 주소는 어떻게 되나요?",
          "question_wordNum": 5,
          "answer": "서울 강서구 양천로49길 20",
          "answer_wordNum": 4,
          "fact": [
            "양천골 용대리 황태세상 본점,주소,서울 강서구 양천로49길 20"
          ]
        },
        {
          "question_id": 2,
          "question_type": "정보",
          "question": "연락처가 어떻게 되나요?",
          "question_wordNum": 3,
          "answer": "02-3661-0113",
          "answer_wordNum": 1,
          "fact": [
            "양천골 용대리 황태세상 본점,연락처,02-3661-0113"
          ]
        },
        {
          "question_id": 3,
          "question_type": "정보",
          "question": "영업시간은 어떻게 되나요?",
          "question_wordNum": 3,
          "answer": "06:00~22:00",
          "answer_wordNum": 1,
          "fact": [
            "양천골 용대리 황태세상 본점,영업시간,06:00~22:00"
          ]
        }
      ]
    },
    {
      "image_id": 1,
      "question": [
        {
          "question_id": 0,
          "question_type": "정보",
          "question": "이 곳의 주요 메뉴는 무엇이 있나요?",
          "question_wordNum": 6,
          "answer": "황태 해장국, 황태떡국",
          "answer_wordNum": 3,
          "fact": [
            "양천골 용대리 황태세상 본점,메뉴,황태 해장국, 황태떡국"
          ]
        },
        {
          "question_id": 1,
          "question_type": "탐색",
          "question": "주차시설이 있나요?",
          "question_wordNum": 2,
          "answer": "있음",
          "answer_wordNum": 1,
          "fact": [
            "양천골 용대리 황태세상 본점,주차시설,있음"
          ]
        },
        {
          "question_id": 2,
          "question_type": "정보",
          "question": "휴무일은 어떻게 되나요?",
          "question_wordNum": 3,
          "answer": "공휴일",
          "answer_wordNum": 1,
          "fact": [
            "양천골 용대리 황태세상 본점,휴무일,공휴일"
          ]
        },
        {
          "question_id": 3,
          "question_type": "정보",
          "question": "이 곳의 주소는 어떻게 되나요?",
          "question_wordNum": 5,
          "answer": "서울 강서구 양천로49길 20",
          "answer_wordNum": 4,
          "fact": [
            "양천골 용대리 황태세상 본점,주소,서울 강서구 양천로49길 20"
          ]
        }
      ]
    },
    {
      "image_id": 2,
      "question": [
        {
          "question_id": 0,
          "question_type": "정보",
          "question": "휴무일은 어떻게 되나요?",
          "question_wordNum": 3,
          "answer": "공휴일",
          "answer_wordNum": 1,
          "fact": [
            "양천골 용대리 황태세상 본점,휴무일,공휴일"
          ]
        },
        {
          "question_id": 1,
          "question_type": "관계",
          "question": "이 곳에 인접한 시설이 있나요?",
          "question_wordNum": 5,
          "answer": "농협, 양천곱창, 대박집",
          "answer_wordNum": 3,
          "fact": [
            "양천골 용대리 황태세상 본점,인접,농협, 양천곱창, 대박집"
          ]
        },
        {
          "question_id": 2,
          "question_type": "정보",
          "question": "연락처가 어떻게 되나요?",
          "question_wordNum": 3,
          "answer": "02-3661-0113",
          "answer_wordNum": 1,
          "fact": [
            "양천골 용대리 황태세상 본점,연락처,02-3661-0113"
          ]
        },
        {
          "question_id": 3,
          "question_type": "정보",
          "question": "이 곳의 위치는 어떻게 되나요?",
          "question_wordNum": 5,
          "answer": "양천향교역 2번출구",
          "answer_wordNum": 2,
          "fact": [
            "양천골 용대리 황태세상 본점,위치,양천향교역 2번출구"
          ]
        }
      ]
    },
    {
      "image_id": 3,
      "question": [
        {
          "question_id": 0,
          "question_type": "정보",
          "question": "영업시간은 어떻게 되나요?",
          "question_wordNum": 3,
          "answer": "06:00~22:00",
          "answer_wordNum": 1,
          "fact": [
            "양천골 용대리 황태세상 본점,영업시간,06:00~22:00"
          ]
        },
        {
          "question_id": 1,
          "question_type": "탐색",
          "question": "주차시설이 있나요?",
          "question_wordNum": 2,
          "answer": "있음",
          "answer_wordNum": 1,
          "fact": [
            "양천골 용대리 황태세상 본점,주차시설,있음"
          ]
        },
        {
          "question_id": 2,
          "question_type": "정보",
          "question": "연락처가 어떻게 되나요?",
          "question_wordNum": 3,
          "answer": "02-3661-0113",
          "answer_wordNum": 1,
          "fact": [
            "양천골 용대리 황태세상 본점,연락처,02-3661-0113"
          ]
        },
        {
          "question_id": 3,
          "question_type": "정보",
          "question": "이 곳의 주소는 어떻게 되나요?",
          "question_wordNum": 5,
          "answer": "서울 강서구 양천로49길 20",
          "answer_wordNum": 4,
          "fact": [
            "양천골 용대리 황태세상 본점,주소,서울 강서구 양천로49길 20"
          ]
        }
      ]
    },
    {
      "image_id": 4,
      "question": [
        {
          "question_id": 0,
          "question_type": "정보",
          "question": "이 곳의 주소는 어떻게 되나요?",
          "question_wordNum": 5,
          "answer": "서울 강서구 양천로49길 20",
          "answer_wordNum": 4,
          "fact": [
            "양천골 용대리 황태세상 본점,주소,서울 강서구 양천로49길 20"
          ]
        },
        {
          "question_id": 1,
          "question_type": "관계",
          "question": "이 곳에 인접한 시설이 있나요?",
          "question_wordNum": 5,
          "answer": "농협, 양천곱창, 대박집",
          "answer_wordNum": 3,
          "fact": [
            "양천골 용대리 황태세상 본점,인접,농협, 양천곱창, 대박집"
          ]
        },
        {
          "question_id": 2,
          "question_type": "정보",
          "question": "이 곳의 주요 메뉴는 무엇이 있나요?",
          "question_wordNum": 6,
          "answer": "황태 해장국, 황태떡국",
          "answer_wordNum": 3,
          "fact": [
            "양천골 용대리 황태세상 본점,메뉴,황태 해장국, 황태떡국"
          ]
        },
        {
          "question_id": 3,
          "question_type": "탐색",
          "question": "주차시설이 있나요?",
          "question_wordNum": 2,
          "answer": "있음",
          "answer_wordNum": 1,
          "fact": [
            "양천골 용대리 황태세상 본점,주차시설,있음"
          ]
        }
      ]
    }
  ]
}