{
  "data": {
    "dataset": "2-083-219",
    "POI_id": "561459",
    "travelType": "음식점",
    "place": "고기로승부한다삼겹살&근고기 마곡본점",
    "area": "서울"
  },
  "imageInfo": [
    {
      "image_id": 0,
      "filename": "561459_0_su_5_고기로승부한다삼겹살&근고기 마곡본점_1_001.png",
      "mapx": 37.5676859104888,
      "mapy": 126.82597944995,
      "width": 3840,
      "height": 2160,
      "caption_info": [
        "고기로승부한다삼겹살&근고기 마곡본점(강서구)",
        "간판"
      ]
    },
    {
      "image_id": 1,
      "filename": "561459_0_su_5_고기로승부한다삼겹살&근고기 마곡본점_1_002.png",
      "mapx": 37.5676859104888,
      "mapy": 126.82597944995,
      "width": 3840,
      "height": 2160,
      "caption_info": [
        "고기로승부한다삼겹살&근고기 마곡본점(강서구)",
        "간판"
      ]
    },
    {
      "image_id": 2,
      "filename": "561459_0_su_5_고기로승부한다삼겹살&근고기 마곡본점_1_003.png",
      "mapx": 37.5676859104888,
      "mapy": 126.82597944995,
      "width": 3840,
      "height": 2160,
      "caption_info": [
        "고기로승부한다삼겹살&근고기 마곡본점(강서구)",
        "사각 테이블"
      ]
    },
    {
      "image_id": 3,
      "filename": "561459_0_su_5_고기로승부한다삼겹살&근고기 마곡본점_1_004.png",
      "mapx": 37.5676859104888,
      "mapy": 126.82597944995,
      "width": 3840,
      "height": 2160,
      "caption_info": [
        "고기로승부한다삼겹살&근고기 마곡본점(강서구)",
        "메뉴판 "
      ]
    },
    {
      "image_id": 4,
      "filename": "561459_0_su_5_고기로승부한다삼겹살&근고기 마곡본점_1_005.png",
      "mapx": 37.5676859104888,
      "mapy": 126.82597944995,
      "width": 3840,
      "height": 2160,
      "caption_info": [
        "고기로승부한다삼겹살&근고기 마곡본점(강서구)",
        "고기"
      ]
    }
  ],
  "annotations": [
    {
      "image_id": 0,
      "question": [
        {
          "question_id": 0,
          "question_type": "정보",
          "question": "영업시간은 어떻게 되나요?",
          "question_wordNum": 3,
          "answer": "11:30/16:00~22:00/23:00",
          "answer_wordNum": 1,
          "fact": [
            "고기로승부한다삼겹살&근고기 마곡본점,영업시간,11:30/16:00~22:00/23:00"
          ]
        },
        {
          "question_id": 1,
          "question_type": "정보",
          "question": "대표 메뉴가 무엇인가요?",
          "question_wordNum": 3,
          "answer": "꽃목살, 오겹살",
          "answer_wordNum": 2,
          "fact": [
            "고기로승부한다삼겹살&근고기 마곡본점,메뉴,꽃목살, 오겹살"
          ]
        },
        {
          "question_id": 2,
          "question_type": "정보",
          "question": "이 곳의 주소를 알 수 있나요?",
          "question_wordNum": 6,
          "answer": "서울 강서구 마곡서로 152",
          "answer_wordNum": 4,
          "fact": [
            "고기로승부한다삼겹살&근고기 마곡본점,주소,서울 강서구 마곡서로 152"
          ]
        },
        {
          "question_id": 3,
          "question_type": "탐색",
          "question": "주차시설이 있는지 알 수 있나요?",
          "question_wordNum": 5,
          "answer": "있음",
          "answer_wordNum": 1,
          "fact": [
            "고기로승부한다삼겹살&근고기 마곡본점,주차시설,있음"
          ]
        }
      ]
    },
    {
      "image_id": 1,
      "question": [
        {
          "question_id": 0,
          "question_type": "정보",
          "question": "영업시간은 어떻게 되나요?",
          "question_wordNum": 3,
          "answer": "11:30/16:00~22:00/23:00",
          "answer_wordNum": 1,
          "fact": [
            "고기로승부한다삼겹살&근고기 마곡본점,영업시간,11:30/16:00~22:00/23:00"
          ]
        },
        {
          "question_id": 1,
          "question_type": "정보",
          "question": "이 곳의 주소를 알 수 있나요?",
          "question_wordNum": 6,
          "answer": "서울 강서구 마곡서로 152",
          "answer_wordNum": 4,
          "fact": [
            "고기로승부한다삼겹살&근고기 마곡본점,주소,서울 강서구 마곡서로 152"
          ]
        },
        {
          "question_id": 2,
          "question_type": "관계",
          "question": "이 곳에 인접한 시설이 있나요?",
          "question_wordNum": 5,
          "answer": "이웃, 양산박",
          "answer_wordNum": 2,
          "fact": [
            "고기로승부한다삼겹살&근고기 마곡본점,인접,이웃, 양산박"
          ]
        },
        {
          "question_id": 3,
          "question_type": "정보",
          "question": "휴무일을 알 수 있나요?",
          "question_wordNum": 4,
          "answer": "매주 일요일",
          "answer_wordNum": 2,
          "fact": [
            "고기로승부한다삼겹살&근고기 마곡본점,휴무일,매주 일요일"
          ]
        }
      ]
    },
    {
      "image_id": 2,
      "question": [
        {
          "question_id": 0,
          "question_type": "탐색",
          "question": "주차시설이 있나요?",
          "question_wordNum": 2,
          "answer": "있음",
          "answer_wordNum": 1,
          "fact": [
            "고기로승부한다삼겹살&근고기 마곡본점,주차시설,있음"
          ]
        },
        {
          "question_id": 1,
          "question_type": "정보",
          "question": "영업시간을 알 수 있나요?",
          "question_wordNum": 4,
          "answer": "11:30/16:00~22:00/23:00",
          "answer_wordNum": 1,
          "fact": [
            "고기로승부한다삼겹살&근고기 마곡본점,영업시간,11:30/16:00~22:00/23:00"
          ]
        },
        {
          "question_id": 2,
          "question_type": "정보",
          "question": "이 곳의 주소는 어떻게 되나요?",
          "question_wordNum": 5,
          "answer": "서울 강서구 마곡서로 152",
          "answer_wordNum": 4,
          "fact": [
            "고기로승부한다삼겹살&근고기 마곡본점,주소,서울 강서구 마곡서로 152"
          ]
        },
        {
          "question_id": 3,
          "question_type": "정보",
          "question": "이 곳의 메뉴를 알 수 있나요?",
          "question_wordNum": 6,
          "answer": "꽃목살, 오겹살",
          "answer_wordNum": 2,
          "fact": [
            "고기로승부한다삼겹살&근고기 마곡본점,메뉴,꽃목살, 오겹살"
          ]
        }
      ]
    },
    {
      "image_id": 3,
      "question": [
        {
          "question_id": 0,
          "question_type": "정보",
          "question": "이 곳의 주소는 어떻게 되나요?",
          "question_wordNum": 5,
          "answer": "서울 강서구 마곡서로 152",
          "answer_wordNum": 4,
          "fact": [
            "고기로승부한다삼겹살&근고기 마곡본점,주소,서울 강서구 마곡서로 152"
          ]
        },
        {
          "question_id": 1,
          "question_type": "탐색",
          "question": "주차시설이 있는지 알 수 있나요?",
          "question_wordNum": 5,
          "answer": "있음",
          "answer_wordNum": 1,
          "fact": [
            "고기로승부한다삼겹살&근고기 마곡본점,주차시설,있음"
          ]
        },
        {
          "question_id": 2,
          "question_type": "정보",
          "question": "영업시간을 알 수 있나요?",
          "question_wordNum": 4,
          "answer": "11:30/16:00~22:00/23:00",
          "answer_wordNum": 1,
          "fact": [
            "고기로승부한다삼겹살&근고기 마곡본점,영업시간,11:30/16:00~22:00/23:00"
          ]
        },
        {
          "question_id": 3,
          "question_type": "정보",
          "question": "휴무일은 어떻게 되나요?",
          "question_wordNum": 3,
          "answer": "매주 일요일",
          "answer_wordNum": 2,
          "fact": [
            "고기로승부한다삼겹살&근고기 마곡본점,휴무일,매주 일요일"
          ]
        }
      ]
    },
    {
      "image_id": 4,
      "question": [
        {
          "question_id": 0,
          "question_type": "정보",
          "question": "휴무일은 어떻게 되나요?",
          "question_wordNum": 3,
          "answer": "매주 일요일",
          "answer_wordNum": 2,
          "fact": [
            "고기로승부한다삼겹살&근고기 마곡본점,휴무일,매주 일요일"
          ]
        },
        {
          "question_id": 1,
          "question_type": "관계",
          "question": "이 곳에 인접한 시설이 있나요?",
          "question_wordNum": 5,
          "answer": "이웃, 양산박",
          "answer_wordNum": 2,
          "fact": [
            "고기로승부한다삼겹살&근고기 마곡본점,인접,이웃, 양산박"
          ]
        },
        {
          "question_id": 2,
          "question_type": "정보",
          "question": "이 곳의 주소는 어떻게 되나요?",
          "question_wordNum": 5,
          "answer": "서울 강서구 마곡서로 152",
          "answer_wordNum": 4,
          "fact": [
            "고기로승부한다삼겹살&근고기 마곡본점,주소,서울 강서구 마곡서로 152"
          ]
        },
        {
          "question_id": 3,
          "question_type": "정보",
          "question": "대표 메뉴가 무엇인가요?",
          "question_wordNum": 3,
          "answer": "꽃목살, 오겹살",
          "answer_wordNum": 2,
          "fact": [
            "고기로승부한다삼겹살&근고기 마곡본점,메뉴,꽃목살, 오겹살"
          ]
        }
      ]
    }
  ]
}