{
  "data": {
    "dataset": "2-083-219",
    "POI_id": "561562",
    "travelType": "음식점",
    "place": "신촌감자탕해물뼈찜 ",
    "area": "서울"
  },
  "imageInfo": [
    {
      "image_id": 0,
      "filename": "561562_0_su_5_신촌감자탕해물뼈찜 _1_001.png",
      "mapx": 37.5591190960732,
      "mapy": 126.83809728245,
      "width": 3840,
      "height": 2160,
      "caption_info": [
        "신촌감자탕해물뼈찜(강서구) ",
        "간판"
      ]
    },
    {
      "image_id": 1,
      "filename": "561562_0_su_5_신촌감자탕해물뼈찜 _1_002.png",
      "mapx": 37.5591190960732,
      "mapy": 126.83809728245,
      "width": 3840,
      "height": 2160,
      "caption_info": [
        "신촌감자탕해물뼈찜(강서구) ",
        "간판"
      ]
    },
    {
      "image_id": 2,
      "filename": "561562_0_su_5_신촌감자탕해물뼈찜 _1_003.png",
      "mapx": 37.5591190960732,
      "mapy": 126.83809728245,
      "width": 3840,
      "height": 2160,
      "caption_info": [
        "신촌감자탕해물뼈찜(강서구) ",
        "사각 테이블"
      ]
    },
    {
      "image_id": 3,
      "filename": "561562_0_su_5_신촌감자탕해물뼈찜 _1_004.png",
      "mapx": 37.5591190960732,
      "mapy": 126.83809728245,
      "width": 3840,
      "height": 2160,
      "caption_info": [
        "신촌감자탕해물뼈찜(강서구) ",
        "메뉴판 "
      ]
    },
    {
      "image_id": 4,
      "filename": "561562_0_su_5_신촌감자탕해물뼈찜 _1_005.png",
      "mapx": 37.5591190960732,
      "mapy": 126.83809728245,
      "width": 3840,
      "height": 2160,
      "caption_info": [
        "신촌감자탕해물뼈찜(강서구) ",
        "계란후라이 "
      ]
    }
  ],
  "annotations": [
    {
      "image_id": 0,
      "question": [
        {
          "question_id": 0,
          "question_type": "정보",
          "question": "휴무일을 알 수 있나요?",
          "question_wordNum": 4,
          "answer": "알수없음",
          "answer_wordNum": 1,
          "fact": [
            "신촌감자탕해물뼈찜,휴무일,알수없음"
          ]
        },
        {
          "question_id": 1,
          "question_type": "정보",
          "question": "연락처가 어떻게 되나요?",
          "question_wordNum": 3,
          "answer": "02-3663-2080",
          "answer_wordNum": 1,
          "fact": [
            "신촌감자탕해물뼈찜,연락처,02-3663-2080"
          ]
        },
        {
          "question_id": 2,
          "question_type": "관계",
          "question": "이 곳에 인접한 시설을 알 수 있나요?",
          "question_wordNum": 7,
          "answer": "발산역 2번 출구, 우미스시, 현대자동차",
          "answer_wordNum": 5,
          "fact": [
            "신촌감자탕해물뼈찜,인접,발산역 2번 출구, 우미스시, 현대자동차"
          ]
        },
        {
          "question_id": 3,
          "question_type": "정보",
          "question": "영업시간은 어떻게 되나요?",
          "question_wordNum": 3,
          "answer": "11:00~22:00/03:00",
          "answer_wordNum": 1,
          "fact": [
            "신촌감자탕해물뼈찜,영업시간,11:00~22:00/03:00"
          ]
        }
      ]
    },
    {
      "image_id": 1,
      "question": [
        {
          "question_id": 0,
          "question_type": "정보",
          "question": "이 곳의 주소를 알 수 있나요?",
          "question_wordNum": 6,
          "answer": "서울 강서구 강서로 375",
          "answer_wordNum": 4,
          "fact": [
            "신촌감자탕해물뼈찜,주소,서울 강서구 강서로 375"
          ]
        },
        {
          "question_id": 1,
          "question_type": "관계",
          "question": "이 곳에 인접한 시설이 있나요?",
          "question_wordNum": 5,
          "answer": "발산역 2번 출구, 우미스시, 현대자동차",
          "answer_wordNum": 5,
          "fact": [
            "신촌감자탕해물뼈찜,인접,발산역 2번 출구, 우미스시, 현대자동차"
          ]
        },
        {
          "question_id": 2,
          "question_type": "정보",
          "question": "영업시간은 어떻게 되나요?",
          "question_wordNum": 3,
          "answer": "11:00~22:00/03:00",
          "answer_wordNum": 1,
          "fact": [
            "신촌감자탕해물뼈찜,영업시간,11:00~22:00/03:00"
          ]
        },
        {
          "question_id": 3,
          "question_type": "정보",
          "question": "휴무일은 어떻게 되나요?",
          "question_wordNum": 3,
          "answer": "알수없음",
          "answer_wordNum": 1,
          "fact": [
            "신촌감자탕해물뼈찜,휴무일,알수없음"
          ]
        }
      ]
    },
    {
      "image_id": 2,
      "question": [
        {
          "question_id": 0,
          "question_type": "탐색",
          "question": "주차시설이 있는지 알 수 있나요?",
          "question_wordNum": 5,
          "answer": "있음",
          "answer_wordNum": 1,
          "fact": [
            "신촌감자탕해물뼈찜,주차시설,있음"
          ]
        },
        {
          "question_id": 1,
          "question_type": "정보",
          "question": "휴무일은 어떻게 되나요?",
          "question_wordNum": 3,
          "answer": "알수없음",
          "answer_wordNum": 1,
          "fact": [
            "신촌감자탕해물뼈찜,휴무일,알수없음"
          ]
        },
        {
          "question_id": 2,
          "question_type": "정보",
          "question": "이 곳의 주소를 알 수 있나요?",
          "question_wordNum": 6,
          "answer": "서울 강서구 강서로 375",
          "answer_wordNum": 4,
          "fact": [
            "신촌감자탕해물뼈찜,주소,서울 강서구 강서로 375"
          ]
        },
        {
          "question_id": 3,
          "question_type": "정보",
          "question": "연락처를 알 수 있나요?",
          "question_wordNum": 4,
          "answer": "02-3663-2080",
          "answer_wordNum": 1,
          "fact": [
            "신촌감자탕해물뼈찜,연락처,02-3663-2080"
          ]
        }
      ]
    },
    {
      "image_id": 3,
      "question": [
        {
          "question_id": 0,
          "question_type": "탐색",
          "question": "주차시설이 있는지 알 수 있나요?",
          "question_wordNum": 5,
          "answer": "있음",
          "answer_wordNum": 1,
          "fact": [
            "신촌감자탕해물뼈찜,주차시설,있음"
          ]
        },
        {
          "question_id": 1,
          "question_type": "정보",
          "question": "휴무일을 알 수 있나요?",
          "question_wordNum": 4,
          "answer": "알수없음",
          "answer_wordNum": 1,
          "fact": [
            "신촌감자탕해물뼈찜,휴무일,알수없음"
          ]
        },
        {
          "question_id": 2,
          "question_type": "정보",
          "question": "연락처를 알 수 있나요?",
          "question_wordNum": 4,
          "answer": "02-3663-2080",
          "answer_wordNum": 1,
          "fact": [
            "신촌감자탕해물뼈찜,연락처,02-3663-2080"
          ]
        },
        {
          "question_id": 3,
          "question_type": "정보",
          "question": "영업시간은 어떻게 되나요?",
          "question_wordNum": 3,
          "answer": "11:00~22:00/03:00",
          "answer_wordNum": 1,
          "fact": [
            "신촌감자탕해물뼈찜,영업시간,11:00~22:00/03:00"
          ]
        }
      ]
    },
    {
      "image_id": 4,
      "question": [
        {
          "question_id": 0,
          "question_type": "관계",
          "question": "이 곳에 인접한 시설이 있나요?",
          "question_wordNum": 5,
          "answer": "발산역 2번 출구, 우미스시, 현대자동차",
          "answer_wordNum": 5,
          "fact": [
            "신촌감자탕해물뼈찜,인접,발산역 2번 출구, 우미스시, 현대자동차"
          ]
        },
        {
          "question_id": 1,
          "question_type": "정보",
          "question": "영업시간을 알 수 있나요?",
          "question_wordNum": 4,
          "answer": "11:00~22:00/03:00",
          "answer_wordNum": 1,
          "fact": [
            "신촌감자탕해물뼈찜,영업시간,11:00~22:00/03:00"
          ]
        },
        {
          "question_id": 2,
          "question_type": "정보",
          "question": "연락처가 어떻게 되나요?",
          "question_wordNum": 3,
          "answer": "02-3663-2080",
          "answer_wordNum": 1,
          "fact": [
            "신촌감자탕해물뼈찜,연락처,02-3663-2080"
          ]
        },
        {
          "question_id": 3,
          "question_type": "정보",
          "question": "휴무일은 어떻게 되나요?",
          "question_wordNum": 3,
          "answer": "알수없음",
          "answer_wordNum": 1,
          "fact": [
            "신촌감자탕해물뼈찜,휴무일,알수없음"
          ]
        }
      ]
    }
  ]
}