{
  "data": {
    "dataset": "2-083-219",
    "POI_id": "561793",
    "travelType": "음식점",
    "place": "남해수산",
    "area": "서울"
  },
  "imageInfo": [
    {
      "image_id": 0,
      "filename": "561793_0_su_5_남해수산_6_001.png",
      "mapx": 37.5527985069967,
      "mapy": 126.818746797278,
      "width": 3840,
      "height": 2160,
      "caption_info": [
        "남해수산(외발산동)",
        "간판"
      ]
    },
    {
      "image_id": 1,
      "filename": "561793_0_su_5_남해수산_6_002.png",
      "mapx": 37.5527985069967,
      "mapy": 126.818746797278,
      "width": 3840,
      "height": 2160,
      "caption_info": [
        "남해수산(외발산동)",
        "간판"
      ]
    },
    {
      "image_id": 2,
      "filename": "561793_0_su_5_남해수산_6_003.png",
      "mapx": 37.5527985069967,
      "mapy": 126.818746797278,
      "width": 3840,
      "height": 2160,
      "caption_info": [
        "남해수산(외발산동)",
        "테이블, 등받이 의자, 냅킨, 젓가락, 주전자"
      ]
    },
    {
      "image_id": 3,
      "filename": "561793_0_su_5_남해수산_6_004.png",
      "mapx": 37.5527985069967,
      "mapy": 126.818746797278,
      "width": 3840,
      "height": 2160,
      "caption_info": [
        "남해수산(외발산동)",
        "메뉴판"
      ]
    },
    {
      "image_id": 4,
      "filename": "561793_0_su_5_남해수산_6_005.png",
      "mapx": 37.5527985069967,
      "mapy": 126.818746797278,
      "width": 3840,
      "height": 2160,
      "caption_info": [
        "남해수산(외발산동)",
        "참다랑어 오도로"
      ]
    }
  ],
  "annotations": [
    {
      "image_id": 0,
      "question": [
        {
          "question_id": 0,
          "question_type": "정보",
          "question": "영업시간은 몇시부터 몇시까지로 기재되어 있나요?",
          "question_wordNum": 5,
          "answer": "08:00~21:00",
          "answer_wordNum": 1,
          "fact": [
            "남해수산,영업시간,08:00~21:00"
          ]
        },
        {
          "question_id": 1,
          "question_type": "정보",
          "question": "이 곳의 대표적인 메뉴를 알 수 있나요?",
          "question_wordNum": 7,
          "answer": "대방어회, 전복치회",
          "answer_wordNum": 2,
          "fact": [
            "남해수산,메뉴,대방어회, 전복치회"
          ]
        },
        {
          "question_id": 2,
          "question_type": "탐색",
          "question": "주차시설이 있나요?",
          "question_wordNum": 2,
          "answer": "있음",
          "answer_wordNum": 1,
          "fact": [
            "남해수산,주차시설,있음"
          ]
        },
        {
          "question_id": 3,
          "question_type": "관계",
          "question": "이 곳에 인접한 시설을 알 수 있나요?",
          "question_wordNum": 7,
          "answer": "신갯마을, 부일식당",
          "answer_wordNum": 2,
          "fact": [
            "남해수산,인접,신갯마을, 부일식당"
          ]
        }
      ]
    },
    {
      "image_id": 1,
      "question": [
        {
          "question_id": 0,
          "question_type": "정보",
          "question": "영업시간은 어떻게 되나요?",
          "question_wordNum": 3,
          "answer": "08:00~21:00",
          "answer_wordNum": 1,
          "fact": [
            "남해수산,영업시간,08:00~21:00"
          ]
        },
        {
          "question_id": 1,
          "question_type": "정보",
          "question": "이 곳의 주요 메뉴는 무엇이 있나요?",
          "question_wordNum": 6,
          "answer": "대방어회, 전복치회",
          "answer_wordNum": 2,
          "fact": [
            "남해수산,메뉴,대방어회, 전복치회"
          ]
        },
        {
          "question_id": 2,
          "question_type": "정보",
          "question": "연락처가 어떻게 되나요?",
          "question_wordNum": 3,
          "answer": "0507-1414-7818",
          "answer_wordNum": 1,
          "fact": [
            "남해수산,연락처,0507-1414-7818"
          ]
        },
        {
          "question_id": 3,
          "question_type": "정보",
          "question": "휴무일은 어떻게 되나요?",
          "question_wordNum": 3,
          "answer": "매주 목요일",
          "answer_wordNum": 2,
          "fact": [
            "남해수산,휴무일,매주 목요일"
          ]
        }
      ]
    },
    {
      "image_id": 2,
      "question": [
        {
          "question_id": 0,
          "question_type": "정보",
          "question": "연락처를 알 수 있나요?",
          "question_wordNum": 4,
          "answer": "0507-1414-7818",
          "answer_wordNum": 1,
          "fact": [
            "남해수산,연락처,0507-1414-7818"
          ]
        },
        {
          "question_id": 1,
          "question_type": "탐색",
          "question": "주차시설이 있나요?",
          "question_wordNum": 2,
          "answer": "있음",
          "answer_wordNum": 1,
          "fact": [
            "남해수산,주차시설,있음"
          ]
        },
        {
          "question_id": 2,
          "question_type": "관계",
          "question": "이 곳에 인접한 시설을 알 수 있나요?",
          "question_wordNum": 7,
          "answer": "신갯마을, 부일식당",
          "answer_wordNum": 2,
          "fact": [
            "남해수산,인접,신갯마을, 부일식당"
          ]
        },
        {
          "question_id": 3,
          "question_type": "정보",
          "question": "휴무일을 알 수 있나요?",
          "question_wordNum": 4,
          "answer": "매주 목요일",
          "answer_wordNum": 2,
          "fact": [
            "남해수산,휴무일,매주 목요일"
          ]
        }
      ]
    },
    {
      "image_id": 3,
      "question": [
        {
          "question_id": 0,
          "question_type": "정보",
          "question": "영업시간을 알 수 있나요?",
          "question_wordNum": 4,
          "answer": "08:00~21:00",
          "answer_wordNum": 1,
          "fact": [
            "남해수산,영업시간,08:00~21:00"
          ]
        },
        {
          "question_id": 1,
          "question_type": "정보",
          "question": "연락처가 어떻게 되나요?",
          "question_wordNum": 3,
          "answer": "0507-1414-7818",
          "answer_wordNum": 1,
          "fact": [
            "남해수산,연락처,0507-1414-7818"
          ]
        },
        {
          "question_id": 2,
          "question_type": "관계",
          "question": "이 곳에 인접한 시설을 알 수 있나요?",
          "question_wordNum": 7,
          "answer": "신갯마을, 부일식당",
          "answer_wordNum": 2,
          "fact": [
            "남해수산,인접,신갯마을, 부일식당"
          ]
        },
        {
          "question_id": 3,
          "question_type": "정보",
          "question": "이 곳의 주소를 알 수 있나요?",
          "question_wordNum": 6,
          "answer": "서울 강서구 발산로 24",
          "answer_wordNum": 4,
          "fact": [
            "남해수산,주소,서울 강서구 발산로 24"
          ]
        }
      ]
    },
    {
      "image_id": 4,
      "question": [
        {
          "question_id": 0,
          "question_type": "관계",
          "question": "이 곳에 인접한 시설을 알 수 있나요?",
          "question_wordNum": 7,
          "answer": "신갯마을, 부일식당",
          "answer_wordNum": 2,
          "fact": [
            "남해수산,인접,신갯마을, 부일식당"
          ]
        },
        {
          "question_id": 1,
          "question_type": "정보",
          "question": "이 곳의 주소는 어떻게 되나요?",
          "question_wordNum": 5,
          "answer": "서울 강서구 발산로 24",
          "answer_wordNum": 4,
          "fact": [
            "남해수산,주소,서울 강서구 발산로 24"
          ]
        },
        {
          "question_id": 2,
          "question_type": "정보",
          "question": "이 곳의 대표적인 메뉴를 알 수 있나요?",
          "question_wordNum": 7,
          "answer": "대방어회, 전복치회",
          "answer_wordNum": 2,
          "fact": [
            "남해수산,메뉴,대방어회, 전복치회"
          ]
        },
        {
          "question_id": 3,
          "question_type": "정보",
          "question": "휴무일은 어떻게 되나요?",
          "question_wordNum": 3,
          "answer": "매주 목요일",
          "answer_wordNum": 2,
          "fact": [
            "남해수산,휴무일,매주 목요일"
          ]
        }
      ]
    }
  ]
}