{
  "data": {
    "dataset": "2-083-219",
    "POI_id": "561703",
    "travelType": "음식점",
    "place": "올리앤 마곡점",
    "area": "서울"
  },
  "imageInfo": [
    {
      "image_id": 0,
      "filename": "561703_0_su_5_올리앤 마곡점_1_001.png",
      "mapx": 37.5529862473925,
      "mapy": 126.82677164429,
      "width": 3840,
      "height": 2160,
      "caption_info": [
        "올리앤 마곡점(내발산동)",
        "메뉴판"
      ]
    },
    {
      "image_id": 1,
      "filename": "561703_0_su_5_올리앤 마곡점_1_002.png",
      "mapx": 37.5529862473925,
      "mapy": 126.82677164429,
      "width": 3840,
      "height": 2160,
      "caption_info": [
        "올리앤 마곡점(내발산동)",
        "간판, 캐노피, 어닝"
      ]
    },
    {
      "image_id": 2,
      "filename": "561703_0_su_5_올리앤 마곡점_1_003.png",
      "mapx": 37.5529862473925,
      "mapy": 126.82677164429,
      "width": 3840,
      "height": 2160,
      "caption_info": [
        "올리앤 마곡점(내발산동)",
        "테이블, 의자"
      ]
    },
    {
      "image_id": 3,
      "filename": "561703_0_su_5_올리앤 마곡점_1_004.png",
      "mapx": 37.5529862473925,
      "mapy": 126.82677164429,
      "width": 3840,
      "height": 2160,
      "caption_info": [
        "올리앤 마곡점(내발산동)",
        "메뉴판"
      ]
    },
    {
      "image_id": 4,
      "filename": "561703_0_su_5_올리앤 마곡점_1_005.png",
      "mapx": 37.5529862473925,
      "mapy": 126.82677164429,
      "width": 3840,
      "height": 2160,
      "caption_info": [
        "올리앤 마곡점(내발산동)",
        "샐러드"
      ]
    }
  ],
  "annotations": [
    {
      "image_id": 0,
      "question": [
        {
          "question_id": 0,
          "question_type": "정보",
          "question": "연락처가 어떻게 되나요?",
          "question_wordNum": 3,
          "answer": "02-2667-4472",
          "answer_wordNum": 1,
          "fact": [
            "올리앤 마곡점,연락처,02-2667-4472"
          ]
        },
        {
          "question_id": 1,
          "question_type": "정보",
          "question": "영업시간은 어떻게 되나요?",
          "question_wordNum": 3,
          "answer": "11:00~21:00",
          "answer_wordNum": 1,
          "fact": [
            "올리앤 마곡점,영업시간,11:00~21:00"
          ]
        },
        {
          "question_id": 2,
          "question_type": "정보",
          "question": "이 곳의 주소는 어떻게 되나요?",
          "question_wordNum": 5,
          "answer": "서울 강서구 수명로 68-35 2층 202호",
          "answer_wordNum": 6,
          "fact": [
            "올리앤 마곡점,주소,서울 강서구 수명로 68-35 2층 202호"
          ]
        },
        {
          "question_id": 3,
          "question_type": "정보",
          "question": "이 곳의 대표적인 메뉴를 알 수 있나요?",
          "question_wordNum": 7,
          "answer": "수제 리코타치즈 망고 샐러드, 자이언트 갈릭페퍼 스테이크A",
          "answer_wordNum": 7,
          "fact": [
            "올리앤 마곡점,메뉴,수제 리코타치즈 망고 샐러드, 자이언트 갈릭페퍼 스테이크A"
          ]
        }
      ]
    },
    {
      "image_id": 1,
      "question": [
        {
          "question_id": 0,
          "question_type": "정보",
          "question": "영업시간은 몇시부터 몇시까지로 기재되어 있나요?",
          "question_wordNum": 5,
          "answer": "11:00~21:00",
          "answer_wordNum": 1,
          "fact": [
            "올리앤 마곡점,영업시간,11:00~21:00"
          ]
        },
        {
          "question_id": 1,
          "question_type": "정보",
          "question": "이 곳의 주요 메뉴는 무엇이 있나요?",
          "question_wordNum": 6,
          "answer": "수제 리코타치즈 망고 샐러드, 자이언트 갈릭페퍼 스테이크A",
          "answer_wordNum": 7,
          "fact": [
            "올리앤 마곡점,메뉴,수제 리코타치즈 망고 샐러드, 자이언트 갈릭페퍼 스테이크A"
          ]
        },
        {
          "question_id": 2,
          "question_type": "탐색",
          "question": "주차시설이 있나요?",
          "question_wordNum": 2,
          "answer": "있음",
          "answer_wordNum": 1,
          "fact": [
            "올리앤 마곡점,주차시설,있음"
          ]
        },
        {
          "question_id": 3,
          "question_type": "정보",
          "question": "이 곳의 주소는 어떻게 되나요?",
          "question_wordNum": 5,
          "answer": "서울 강서구 수명로 68-35 2층 202호",
          "answer_wordNum": 6,
          "fact": [
            "올리앤 마곡점,주소,서울 강서구 수명로 68-35 2층 202호"
          ]
        }
      ]
    },
    {
      "image_id": 2,
      "question": [
        {
          "question_id": 0,
          "question_type": "정보",
          "question": "연락처가 어떻게 되나요?",
          "question_wordNum": 3,
          "answer": "02-2667-4472",
          "answer_wordNum": 1,
          "fact": [
            "올리앤 마곡점,연락처,02-2667-4472"
          ]
        },
        {
          "question_id": 1,
          "question_type": "정보",
          "question": "영업시간은 몇시부터 몇시까지로 기재되어 있나요?",
          "question_wordNum": 5,
          "answer": "11:00~21:00",
          "answer_wordNum": 1,
          "fact": [
            "올리앤 마곡점,영업시간,11:00~21:00"
          ]
        },
        {
          "question_id": 2,
          "question_type": "정보",
          "question": "휴무일을 알 수 있나요?",
          "question_wordNum": 4,
          "answer": "매주 월요일",
          "answer_wordNum": 2,
          "fact": [
            "올리앤 마곡점,휴무일,매주 월요일"
          ]
        },
        {
          "question_id": 3,
          "question_type": "정보",
          "question": "이 곳의 대표적인 메뉴를 알 수 있나요?",
          "question_wordNum": 7,
          "answer": "수제 리코타치즈 망고 샐러드, 자이언트 갈릭페퍼 스테이크A",
          "answer_wordNum": 7,
          "fact": [
            "올리앤 마곡점,메뉴,수제 리코타치즈 망고 샐러드, 자이언트 갈릭페퍼 스테이크A"
          ]
        }
      ]
    },
    {
      "image_id": 3,
      "question": [
        {
          "question_id": 0,
          "question_type": "관계",
          "question": "이 곳에 인접한 시설이 있나요?",
          "question_wordNum": 5,
          "answer": "마곡역 5번 출구, 메가커피, 배스킨라빈스",
          "answer_wordNum": 5,
          "fact": [
            "올리앤 마곡점,인접,마곡역 5번 출구, 메가커피, 배스킨라빈스"
          ]
        },
        {
          "question_id": 1,
          "question_type": "정보",
          "question": "이 곳의 대표적인 메뉴는 무엇이 있나요?",
          "question_wordNum": 6,
          "answer": "수제 리코타치즈 망고 샐러드, 자이언트 갈릭페퍼 스테이크A",
          "answer_wordNum": 7,
          "fact": [
            "올리앤 마곡점,메뉴,수제 리코타치즈 망고 샐러드, 자이언트 갈릭페퍼 스테이크A"
          ]
        },
        {
          "question_id": 2,
          "question_type": "정보",
          "question": "휴무일은 어떻게 되나요?",
          "question_wordNum": 3,
          "answer": "매주 월요일",
          "answer_wordNum": 2,
          "fact": [
            "올리앤 마곡점,휴무일,매주 월요일"
          ]
        },
        {
          "question_id": 3,
          "question_type": "정보",
          "question": "이 곳의 주소는 어떻게 되나요?",
          "question_wordNum": 5,
          "answer": "서울 강서구 수명로 68-35 2층 202호",
          "answer_wordNum": 6,
          "fact": [
            "올리앤 마곡점,주소,서울 강서구 수명로 68-35 2층 202호"
          ]
        }
      ]
    },
    {
      "image_id": 4,
      "question": [
        {
          "question_id": 0,
          "question_type": "정보",
          "question": "영업시간을 알 수 있나요?",
          "question_wordNum": 4,
          "answer": "11:00~21:00",
          "answer_wordNum": 1,
          "fact": [
            "올리앤 마곡점,영업시간,11:00~21:00"
          ]
        },
        {
          "question_id": 1,
          "question_type": "정보",
          "question": "이 곳의 주소를 알 수 있나요?",
          "question_wordNum": 6,
          "answer": "서울 강서구 수명로 68-35 2층 202호",
          "answer_wordNum": 6,
          "fact": [
            "올리앤 마곡점,주소,서울 강서구 수명로 68-35 2층 202호"
          ]
        },
        {
          "question_id": 2,
          "question_type": "정보",
          "question": "이 곳의 대표적인 메뉴를 알 수 있나요?",
          "question_wordNum": 7,
          "answer": "수제 리코타치즈 망고 샐러드, 자이언트 갈릭페퍼 스테이크A",
          "answer_wordNum": 7,
          "fact": [
            "올리앤 마곡점,메뉴,수제 리코타치즈 망고 샐러드, 자이언트 갈릭페퍼 스테이크A"
          ]
        },
        {
          "question_id": 3,
          "question_type": "탐색",
          "question": "주차시설이 있나요?",
          "question_wordNum": 2,
          "answer": "있음",
          "answer_wordNum": 1,
          "fact": [
            "올리앤 마곡점,주차시설,있음"
          ]
        }
      ]
    }
  ]
}