{
  "data": {
    "dataset": "2-083-219",
    "POI_id": "561449",
    "travelType": "음식점",
    "place": "목로",
    "area": "서울"
  },
  "imageInfo": [
    {
      "image_id": 0,
      "filename": "561449_0_su_5_목로_5_001.png",
      "mapx": 37.5601077371065,
      "mapy": 126.832082440541,
      "width": 3840,
      "height": 2160,
      "caption_info": [
        "목로(마곡동)",
        "여닫이문, 화분"
      ]
    },
    {
      "image_id": 1,
      "filename": "561449_0_su_5_목로_5_002.png",
      "mapx": 37.5601077371065,
      "mapy": 126.832082440541,
      "width": 3840,
      "height": 2160,
      "caption_info": [
        "목로(마곡동)",
        "간판"
      ]
    },
    {
      "image_id": 2,
      "filename": "561449_0_su_5_목로_5_003.png",
      "mapx": 37.5601077371065,
      "mapy": 126.832082440541,
      "width": 3840,
      "height": 2160,
      "caption_info": [
        "목로(마곡동)",
        "테이블, 등받이의자"
      ]
    },
    {
      "image_id": 3,
      "filename": "561449_0_su_5_목로_5_004.png",
      "mapx": 37.5601077371065,
      "mapy": 126.832082440541,
      "width": 3840,
      "height": 2160,
      "caption_info": [
        "목로(마곡동)",
        "메뉴판"
      ]
    },
    {
      "image_id": 4,
      "filename": "561449_0_su_5_목로_5_005.png",
      "mapx": 37.5601077371065,
      "mapy": 126.832082440541,
      "width": 3840,
      "height": 2160,
      "caption_info": [
        "목로(마곡동)",
        "고기"
      ]
    }
  ],
  "annotations": [
    {
      "image_id": 0,
      "question": [
        {
          "question_id": 0,
          "question_type": "관계",
          "question": "이 곳에 인접한 시설이 있나요?",
          "question_wordNum": 5,
          "answer": "마곡역 3번 출구, 사이언스타, CU, 아고라",
          "answer_wordNum": 6,
          "fact": [
            "목로,인접,마곡역 3번 출구, 사이언스타, CU, 아고라"
          ]
        },
        {
          "question_id": 1,
          "question_type": "탐색",
          "question": "주차시설이 있나요?",
          "question_wordNum": 2,
          "answer": "있음",
          "answer_wordNum": 1,
          "fact": [
            "목로,주차시설,있음"
          ]
        },
        {
          "question_id": 2,
          "question_type": "정보",
          "question": "이 곳의 주요 메뉴는 무엇이 있나요?",
          "question_wordNum": 6,
          "answer": "펜스테이크, 팬스테이크 양갈비",
          "answer_wordNum": 3,
          "fact": [
            "목로,메뉴,펜스테이크, 팬스테이크 양갈비"
          ]
        },
        {
          "question_id": 3,
          "question_type": "정보",
          "question": "휴무일은 어떻게 되나요?",
          "question_wordNum": 3,
          "answer": "매주 월요일",
          "answer_wordNum": 2,
          "fact": [
            "목로,휴무일,매주 월요일"
          ]
        }
      ]
    },
    {
      "image_id": 1,
      "question": [
        {
          "question_id": 0,
          "question_type": "관계",
          "question": "이 곳에 인접한 시설이 있나요?",
          "question_wordNum": 5,
          "answer": "마곡역 3번 출구, 사이언스타, CU, 아고라",
          "answer_wordNum": 6,
          "fact": [
            "목로,인접,마곡역 3번 출구, 사이언스타, CU, 아고라"
          ]
        },
        {
          "question_id": 1,
          "question_type": "정보",
          "question": "이 곳의 주소는 어떻게 되나요?",
          "question_wordNum": 5,
          "answer": "서울 강서구 마곡중앙6로 42 2층 209호 210호",
          "answer_wordNum": 7,
          "fact": [
            "목로,주소,서울 강서구 마곡중앙6로 42 2층 209호 210호"
          ]
        },
        {
          "question_id": 2,
          "question_type": "정보",
          "question": "연락처가 어떻게 되나요?",
          "question_wordNum": 3,
          "answer": "0507-1333-6423",
          "answer_wordNum": 1,
          "fact": [
            "목로,연락처,0507-1333-6423"
          ]
        },
        {
          "question_id": 3,
          "question_type": "탐색",
          "question": "주차시설이 있나요?",
          "question_wordNum": 2,
          "answer": "있음",
          "answer_wordNum": 1,
          "fact": [
            "목로,주차시설,있음"
          ]
        }
      ]
    },
    {
      "image_id": 2,
      "question": [
        {
          "question_id": 0,
          "question_type": "정보",
          "question": "이 곳의 주요 메뉴는 무엇이 있나요?",
          "question_wordNum": 6,
          "answer": "펜스테이크, 팬스테이크 양갈비",
          "answer_wordNum": 3,
          "fact": [
            "목로,메뉴,펜스테이크, 팬스테이크 양갈비"
          ]
        },
        {
          "question_id": 1,
          "question_type": "정보",
          "question": "휴무일은 어떻게 되나요?",
          "question_wordNum": 3,
          "answer": "매주 월요일",
          "answer_wordNum": 2,
          "fact": [
            "목로,휴무일,매주 월요일"
          ]
        },
        {
          "question_id": 2,
          "question_type": "정보",
          "question": "영업시간은 어떻게 되나요?",
          "question_wordNum": 3,
          "answer": "11:00~22:00",
          "answer_wordNum": 1,
          "fact": [
            "목로,영업시간,11:00~22:00"
          ]
        },
        {
          "question_id": 3,
          "question_type": "정보",
          "question": "연락처가 어떻게 되나요?",
          "question_wordNum": 3,
          "answer": "0507-1333-6423",
          "answer_wordNum": 1,
          "fact": [
            "목로,연락처,0507-1333-6423"
          ]
        }
      ]
    },
    {
      "image_id": 3,
      "question": [
        {
          "question_id": 0,
          "question_type": "탐색",
          "question": "주차시설이 있나요?",
          "question_wordNum": 2,
          "answer": "있음",
          "answer_wordNum": 1,
          "fact": [
            "목로,주차시설,있음"
          ]
        },
        {
          "question_id": 1,
          "question_type": "정보",
          "question": "영업시간은 어떻게 되나요?",
          "question_wordNum": 3,
          "answer": "11:00~22:00",
          "answer_wordNum": 1,
          "fact": [
            "목로,영업시간,11:00~22:00"
          ]
        },
        {
          "question_id": 2,
          "question_type": "정보",
          "question": "연락처가 어떻게 되나요?",
          "question_wordNum": 3,
          "answer": "0507-1333-6423",
          "answer_wordNum": 1,
          "fact": [
            "목로,연락처,0507-1333-6423"
          ]
        },
        {
          "question_id": 3,
          "question_type": "정보",
          "question": "이 곳의 주소는 어떻게 되나요?",
          "question_wordNum": 5,
          "answer": "서울 강서구 마곡중앙6로 42 2층 209호 210호",
          "answer_wordNum": 7,
          "fact": [
            "목로,주소,서울 강서구 마곡중앙6로 42 2층 209호 210호"
          ]
        }
      ]
    },
    {
      "image_id": 4,
      "question": [
        {
          "question_id": 0,
          "question_type": "관계",
          "question": "이 곳에 인접한 시설이 있나요?",
          "question_wordNum": 5,
          "answer": "마곡역 3번 출구, 사이언스타, CU, 아고라",
          "answer_wordNum": 6,
          "fact": [
            "목로,인접,마곡역 3번 출구, 사이언스타, CU, 아고라"
          ]
        },
        {
          "question_id": 1,
          "question_type": "탐색",
          "question": "주차시설이 있나요?",
          "question_wordNum": 2,
          "answer": "있음",
          "answer_wordNum": 1,
          "fact": [
            "목로,주차시설,있음"
          ]
        },
        {
          "question_id": 2,
          "question_type": "정보",
          "question": "영업시간은 어떻게 되나요?",
          "question_wordNum": 3,
          "answer": "11:00~22:00",
          "answer_wordNum": 1,
          "fact": [
            "목로,영업시간,11:00~22:00"
          ]
        },
        {
          "question_id": 3,
          "question_type": "정보",
          "question": "휴무일은 어떻게 되나요?",
          "question_wordNum": 3,
          "answer": "매주 월요일",
          "answer_wordNum": 2,
          "fact": [
            "목로,휴무일,매주 월요일"
          ]
        }
      ]
    }
  ]
}