{
  "data": {
    "dataset": "2-083-219",
    "POI_id": "561845",
    "travelType": "음식점",
    "place": "로봇김밥 김포공항점",
    "area": "서울"
  },
  "imageInfo": [
    {
      "image_id": 0,
      "filename": "561845_0_su_5_로봇김밥 김포공항점_1_001.png",
      "mapx": 37.5605245028427,
      "mapy": 126.804595865582,
      "width": 3840,
      "height": 2160,
      "caption_info": [
        "로봇김밥 김포공항점(강서구)",
        "간판"
      ]
    },
    {
      "image_id": 1,
      "filename": "561845_0_su_5_로봇김밥 김포공항점_1_002.png",
      "mapx": 37.5605245028427,
      "mapy": 126.804595865582,
      "width": 3840,
      "height": 2160,
      "caption_info": [
        "로봇김밥 김포공항점(강서구)",
        "간판"
      ]
    },
    {
      "image_id": 2,
      "filename": "561845_0_su_5_로봇김밥 김포공항점_1_003.png",
      "mapx": 37.5605245028427,
      "mapy": 126.804595865582,
      "width": 3840,
      "height": 2160,
      "caption_info": [
        "로봇김밥 김포공항점(강서구)",
        "사각 테이블"
      ]
    },
    {
      "image_id": 3,
      "filename": "561845_0_su_5_로봇김밥 김포공항점_1_004.png",
      "mapx": 37.5605245028427,
      "mapy": 126.804595865582,
      "width": 3840,
      "height": 2160,
      "caption_info": [
        "로봇김밥 김포공항점(강서구)",
        "메뉴판 "
      ]
    },
    {
      "image_id": 4,
      "filename": "561845_0_su_5_로봇김밥 김포공항점_1_005.png",
      "mapx": 37.5605245028427,
      "mapy": 126.804595865582,
      "width": 3840,
      "height": 2160,
      "caption_info": [
        "로봇김밥 김포공항점(강서구)",
        "김밥 "
      ]
    }
  ],
  "annotations": [
    {
      "image_id": 0,
      "question": [
        {
          "question_id": 0,
          "question_type": "정보",
          "question": "영업시간을 알 수 있나요?",
          "question_wordNum": 4,
          "answer": "06:00 - 21:00",
          "answer_wordNum": 3,
          "fact": [
            "로봇김밥 김포공항점,영업시간,06:00 - 21:00"
          ]
        },
        {
          "question_id": 1,
          "question_type": "정보",
          "question": "이 곳의 메뉴를 알 수 있나요?",
          "question_wordNum": 6,
          "answer": "생와사비 참치마요 김밥, 몸에좋은아몬드 호두멸치 크림치즈김밥",
          "answer_wordNum": 6,
          "fact": [
            "로봇김밥 김포공항점,메뉴,생와사비 참치마요 김밥, 몸에좋은아몬드 호두멸치 크림치즈김밥"
          ]
        },
        {
          "question_id": 2,
          "question_type": "관계",
          "question": "이 곳에 인접한 시설이 있나요?",
          "question_wordNum": 5,
          "answer": "김포공항역 4번 출구, 앤티앤스, 던킨",
          "answer_wordNum": 5,
          "fact": [
            "로봇김밥 김포공항점,인접,김포공항역 4번 출구, 앤티앤스, 던킨"
          ]
        },
        {
          "question_id": 3,
          "question_type": "정보",
          "question": "이 곳의 주소를 알 수 있나요?",
          "question_wordNum": 6,
          "answer": "서울 강서구 하늘길 111",
          "answer_wordNum": 4,
          "fact": [
            "로봇김밥 김포공항점,주소,서울 강서구 하늘길 111"
          ]
        }
      ]
    },
    {
      "image_id": 1,
      "question": [
        {
          "question_id": 0,
          "question_type": "정보",
          "question": "이 곳의 주소는 어떻게 되나요?",
          "question_wordNum": 5,
          "answer": "서울 강서구 하늘길 111",
          "answer_wordNum": 4,
          "fact": [
            "로봇김밥 김포공항점,주소,서울 강서구 하늘길 111"
          ]
        },
        {
          "question_id": 1,
          "question_type": "정보",
          "question": "영업시간은 어떻게 되나요?",
          "question_wordNum": 3,
          "answer": "06:00 - 21:00",
          "answer_wordNum": 3,
          "fact": [
            "로봇김밥 김포공항점,영업시간,06:00 - 21:00"
          ]
        },
        {
          "question_id": 2,
          "question_type": "정보",
          "question": "휴무일을 알 수 있나요?",
          "question_wordNum": 4,
          "answer": "없음",
          "answer_wordNum": 1,
          "fact": [
            "로봇김밥 김포공항점,휴무일,없음"
          ]
        },
        {
          "question_id": 3,
          "question_type": "관계",
          "question": "이 곳에 인접한 시설을 알 수 있나요?",
          "question_wordNum": 7,
          "answer": "김포공항역 4번 출구, 앤티앤스, 던킨",
          "answer_wordNum": 5,
          "fact": [
            "로봇김밥 김포공항점,인접,김포공항역 4번 출구, 앤티앤스, 던킨"
          ]
        }
      ]
    },
    {
      "image_id": 2,
      "question": [
        {
          "question_id": 0,
          "question_type": "정보",
          "question": "이 곳의 메뉴를 알 수 있나요?",
          "question_wordNum": 6,
          "answer": "생와사비 참치마요 김밥, 몸에좋은아몬드 호두멸치 크림치즈김밥",
          "answer_wordNum": 6,
          "fact": [
            "로봇김밥 김포공항점,메뉴,생와사비 참치마요 김밥, 몸에좋은아몬드 호두멸치 크림치즈김밥"
          ]
        },
        {
          "question_id": 1,
          "question_type": "정보",
          "question": "휴무일을 알 수 있나요?",
          "question_wordNum": 4,
          "answer": "없음",
          "answer_wordNum": 1,
          "fact": [
            "로봇김밥 김포공항점,휴무일,없음"
          ]
        },
        {
          "question_id": 2,
          "question_type": "관계",
          "question": "이 곳에 인접한 시설이 있나요?",
          "question_wordNum": 5,
          "answer": "김포공항역 4번 출구, 앤티앤스, 던킨",
          "answer_wordNum": 5,
          "fact": [
            "로봇김밥 김포공항점,인접,김포공항역 4번 출구, 앤티앤스, 던킨"
          ]
        },
        {
          "question_id": 3,
          "question_type": "정보",
          "question": "이 곳의 주소는 어떻게 되나요?",
          "question_wordNum": 5,
          "answer": "서울 강서구 하늘길 111",
          "answer_wordNum": 4,
          "fact": [
            "로봇김밥 김포공항점,주소,서울 강서구 하늘길 111"
          ]
        }
      ]
    },
    {
      "image_id": 3,
      "question": [
        {
          "question_id": 0,
          "question_type": "정보",
          "question": "휴무일을 알 수 있나요?",
          "question_wordNum": 4,
          "answer": "없음",
          "answer_wordNum": 1,
          "fact": [
            "로봇김밥 김포공항점,휴무일,없음"
          ]
        },
        {
          "question_id": 1,
          "question_type": "정보",
          "question": "이 곳의 주소는 어떻게 되나요?",
          "question_wordNum": 5,
          "answer": "서울 강서구 하늘길 111",
          "answer_wordNum": 4,
          "fact": [
            "로봇김밥 김포공항점,주소,서울 강서구 하늘길 111"
          ]
        },
        {
          "question_id": 2,
          "question_type": "탐색",
          "question": "주차시설이 있나요?",
          "question_wordNum": 2,
          "answer": "있음",
          "answer_wordNum": 1,
          "fact": [
            "로봇김밥 김포공항점,주차시설,있음"
          ]
        },
        {
          "question_id": 3,
          "question_type": "관계",
          "question": "이 곳에 인접한 시설이 있나요?",
          "question_wordNum": 5,
          "answer": "김포공항역 4번 출구, 앤티앤스, 던킨",
          "answer_wordNum": 5,
          "fact": [
            "로봇김밥 김포공항점,인접,김포공항역 4번 출구, 앤티앤스, 던킨"
          ]
        }
      ]
    },
    {
      "image_id": 4,
      "question": [
        {
          "question_id": 0,
          "question_type": "정보",
          "question": "휴무일은 어떻게 되나요?",
          "question_wordNum": 3,
          "answer": "없음",
          "answer_wordNum": 1,
          "fact": [
            "로봇김밥 김포공항점,휴무일,없음"
          ]
        },
        {
          "question_id": 1,
          "question_type": "탐색",
          "question": "주차시설이 있나요?",
          "question_wordNum": 2,
          "answer": "있음",
          "answer_wordNum": 1,
          "fact": [
            "로봇김밥 김포공항점,주차시설,있음"
          ]
        },
        {
          "question_id": 2,
          "question_type": "정보",
          "question": "영업시간은 어떻게 되나요?",
          "question_wordNum": 3,
          "answer": "06:00 - 21:00",
          "answer_wordNum": 3,
          "fact": [
            "로봇김밥 김포공항점,영업시간,06:00 - 21:00"
          ]
        },
        {
          "question_id": 3,
          "question_type": "정보",
          "question": "연락처가 어떻게 되나요?",
          "question_wordNum": 3,
          "answer": "02-2663-9994",
          "answer_wordNum": 1,
          "fact": [
            "로봇김밥 김포공항점,연락처,02-2663-9994"
          ]
        }
      ]
    }
  ]
}