{
  "data": {
    "dataset": "2-083-219",
    "POI_id": "561586",
    "travelType": "음식점",
    "place": "로퍼스",
    "area": "서울"
  },
  "imageInfo": [
    {
      "image_id": 0,
      "filename": "561586_0_su_5_로퍼스_1_001.png",
      "mapx": 37.5673140391214,
      "mapy": 126.827554917518,
      "width": 3840,
      "height": 2160,
      "caption_info": [
        "로퍼스(강서구)",
        "여닫이문 "
      ]
    },
    {
      "image_id": 1,
      "filename": "561586_0_su_5_로퍼스_1_002.png",
      "mapx": 37.5673140391214,
      "mapy": 126.827554917518,
      "width": 3840,
      "height": 2160,
      "caption_info": [
        "로퍼스(강서구)",
        "간판"
      ]
    },
    {
      "image_id": 2,
      "filename": "561586_0_su_5_로퍼스_1_003.png",
      "mapx": 37.5673140391214,
      "mapy": 126.827554917518,
      "width": 3840,
      "height": 2160,
      "caption_info": [
        "로퍼스(강서구)",
        "키오스크 "
      ]
    },
    {
      "image_id": 3,
      "filename": "561586_0_su_5_로퍼스_1_004.png",
      "mapx": 37.5673140391214,
      "mapy": 126.827554917518,
      "width": 3840,
      "height": 2160,
      "caption_info": [
        "로퍼스(강서구)",
        "메뉴판 "
      ]
    },
    {
      "image_id": 4,
      "filename": "561586_0_su_5_로퍼스_1_005.png",
      "mapx": 37.5673140391214,
      "mapy": 126.827554917518,
      "width": 3840,
      "height": 2160,
      "caption_info": [
        "로퍼스(강서구)",
        "햄버거 "
      ]
    }
  ],
  "annotations": [
    {
      "image_id": 0,
      "question": [
        {
          "question_id": 0,
          "question_type": "정보",
          "question": "영업시간은 어떻게 되나요?",
          "question_wordNum": 3,
          "answer": "11:00~22:00",
          "answer_wordNum": 1,
          "fact": [
            "로퍼스,영업시간,11:00~22:00"
          ]
        },
        {
          "question_id": 1,
          "question_type": "관계",
          "question": "이 곳에 인접한 시설을 알 수 있나요?",
          "question_wordNum": 7,
          "answer": "마곡나루역 1번 출구, 신전떡볶이, CU",
          "answer_wordNum": 5,
          "fact": [
            "로퍼스,인접,마곡나루역 1번 출구, 신전떡볶이, CU"
          ]
        },
        {
          "question_id": 2,
          "question_type": "정보",
          "question": "이 곳의 주소는 어떻게 되나요?",
          "question_wordNum": 5,
          "answer": "서울 강서구 마곡중앙5로 6",
          "answer_wordNum": 4,
          "fact": [
            "로퍼스,주소,서울 강서구 마곡중앙5로 6"
          ]
        },
        {
          "question_id": 3,
          "question_type": "정보",
          "question": "대표 메뉴가 무엇인가요?",
          "question_wordNum": 3,
          "answer": "로퍼스 커틀렛 버거, 통안심 커틀렛 버거",
          "answer_wordNum": 6,
          "fact": [
            "로퍼스,메뉴,로퍼스 커틀렛 버거, 통안심 커틀렛 버거"
          ]
        }
      ]
    },
    {
      "image_id": 1,
      "question": [
        {
          "question_id": 0,
          "question_type": "정보",
          "question": "이 곳의 주소는 어떻게 되나요?",
          "question_wordNum": 5,
          "answer": "서울 강서구 마곡중앙5로 6",
          "answer_wordNum": 4,
          "fact": [
            "로퍼스,주소,서울 강서구 마곡중앙5로 6"
          ]
        },
        {
          "question_id": 1,
          "question_type": "정보",
          "question": "연락처를 알 수 있나요?",
          "question_wordNum": 4,
          "answer": "0507-1431-1411",
          "answer_wordNum": 1,
          "fact": [
            "로퍼스,연락처,0507-1431-1411"
          ]
        },
        {
          "question_id": 2,
          "question_type": "탐색",
          "question": "주차시설이 있는지 알 수 있나요?",
          "question_wordNum": 5,
          "answer": "있음",
          "answer_wordNum": 1,
          "fact": [
            "로퍼스,주차시설,있음"
          ]
        },
        {
          "question_id": 3,
          "question_type": "정보",
          "question": "영업시간은 어떻게 되나요?",
          "question_wordNum": 3,
          "answer": "11:00~22:00",
          "answer_wordNum": 1,
          "fact": [
            "로퍼스,영업시간,11:00~22:00"
          ]
        }
      ]
    },
    {
      "image_id": 2,
      "question": [
        {
          "question_id": 0,
          "question_type": "정보",
          "question": "연락처가 어떻게 되나요?",
          "question_wordNum": 3,
          "answer": "0507-1431-1411",
          "answer_wordNum": 1,
          "fact": [
            "로퍼스,연락처,0507-1431-1411"
          ]
        },
        {
          "question_id": 1,
          "question_type": "정보",
          "question": "이 곳의 주소를 알 수 있나요?",
          "question_wordNum": 6,
          "answer": "서울 강서구 마곡중앙5로 6",
          "answer_wordNum": 4,
          "fact": [
            "로퍼스,주소,서울 강서구 마곡중앙5로 6"
          ]
        },
        {
          "question_id": 2,
          "question_type": "정보",
          "question": "이 곳의 메뉴를 알 수 있나요?",
          "question_wordNum": 6,
          "answer": "로퍼스 커틀렛 버거, 통안심 커틀렛 버거",
          "answer_wordNum": 6,
          "fact": [
            "로퍼스,메뉴,로퍼스 커틀렛 버거, 통안심 커틀렛 버거"
          ]
        },
        {
          "question_id": 3,
          "question_type": "정보",
          "question": "영업시간은 어떻게 되나요?",
          "question_wordNum": 3,
          "answer": "11:00~22:00",
          "answer_wordNum": 1,
          "fact": [
            "로퍼스,영업시간,11:00~22:00"
          ]
        }
      ]
    },
    {
      "image_id": 3,
      "question": [
        {
          "question_id": 0,
          "question_type": "정보",
          "question": "휴무일은 어떻게 되나요?",
          "question_wordNum": 3,
          "answer": "매주 월요일",
          "answer_wordNum": 2,
          "fact": [
            "로퍼스,휴무일,매주 월요일"
          ]
        },
        {
          "question_id": 1,
          "question_type": "정보",
          "question": "영업시간을 알 수 있나요?",
          "question_wordNum": 4,
          "answer": "11:00~22:00",
          "answer_wordNum": 1,
          "fact": [
            "로퍼스,영업시간,11:00~22:00"
          ]
        },
        {
          "question_id": 2,
          "question_type": "정보",
          "question": "연락처가 어떻게 되나요?",
          "question_wordNum": 3,
          "answer": "0507-1431-1411",
          "answer_wordNum": 1,
          "fact": [
            "로퍼스,연락처,0507-1431-1411"
          ]
        },
        {
          "question_id": 3,
          "question_type": "탐색",
          "question": "주차시설이 있나요?",
          "question_wordNum": 2,
          "answer": "있음",
          "answer_wordNum": 1,
          "fact": [
            "로퍼스,주차시설,있음"
          ]
        }
      ]
    },
    {
      "image_id": 4,
      "question": [
        {
          "question_id": 0,
          "question_type": "관계",
          "question": "이 곳에 인접한 시설을 알 수 있나요?",
          "question_wordNum": 7,
          "answer": "마곡나루역 1번 출구, 신전떡볶이, CU",
          "answer_wordNum": 5,
          "fact": [
            "로퍼스,인접,마곡나루역 1번 출구, 신전떡볶이, CU"
          ]
        },
        {
          "question_id": 1,
          "question_type": "정보",
          "question": "휴무일은 어떻게 되나요?",
          "question_wordNum": 3,
          "answer": "매주 월요일",
          "answer_wordNum": 2,
          "fact": [
            "로퍼스,휴무일,매주 월요일"
          ]
        },
        {
          "question_id": 2,
          "question_type": "정보",
          "question": "연락처가 어떻게 되나요?",
          "question_wordNum": 3,
          "answer": "0507-1431-1411",
          "answer_wordNum": 1,
          "fact": [
            "로퍼스,연락처,0507-1431-1411"
          ]
        },
        {
          "question_id": 3,
          "question_type": "정보",
          "question": "영업시간을 알 수 있나요?",
          "question_wordNum": 4,
          "answer": "11:00~22:00",
          "answer_wordNum": 1,
          "fact": [
            "로퍼스,영업시간,11:00~22:00"
          ]
        }
      ]
    }
  ]
}