{
  "data": {
    "dataset": "2-083-219",
    "POI_id": "561709",
    "travelType": "음식점",
    "place": "해촌칼국수 발산본점",
    "area": "서울"
  },
  "imageInfo": [
    {
      "image_id": 0,
      "filename": "561709_0_su_5_해촌칼국수 발산본점_1_001.png",
      "mapx": 37.5568874407015,
      "mapy": 126.837392387854,
      "width": 3840,
      "height": 2160,
      "caption_info": [
        "해촌칼국수 발산본점(내발산동)",
        "미닫이문"
      ]
    },
    {
      "image_id": 1,
      "filename": "561709_0_su_5_해촌칼국수 발산본점_1_002.png",
      "mapx": 37.5568874407015,
      "mapy": 126.837392387854,
      "width": 3840,
      "height": 2160,
      "caption_info": [
        "해촌칼국수 발산본점(내발산동)",
        "간판"
      ]
    },
    {
      "image_id": 2,
      "filename": "561709_0_su_5_해촌칼국수 발산본점_1_003.png",
      "mapx": 37.5568874407015,
      "mapy": 126.837392387854,
      "width": 3840,
      "height": 2160,
      "caption_info": [
        "해촌칼국수 발산본점(내발산동)",
        "테이블, 등받이 의자"
      ]
    },
    {
      "image_id": 3,
      "filename": "561709_0_su_5_해촌칼국수 발산본점_1_004.png",
      "mapx": 37.5568874407015,
      "mapy": 126.837392387854,
      "width": 3840,
      "height": 2160,
      "caption_info": [
        "해촌칼국수 발산본점(내발산동)",
        "메뉴판"
      ]
    },
    {
      "image_id": 4,
      "filename": "561709_0_su_5_해촌칼국수 발산본점_1_005.png",
      "mapx": 37.5568874407015,
      "mapy": 126.837392387854,
      "width": 3840,
      "height": 2160,
      "caption_info": [
        "해촌칼국수 발산본점(내발산동)",
        "버섯매운탕칼국수"
      ]
    }
  ],
  "annotations": [
    {
      "image_id": 0,
      "question": [
        {
          "question_id": 0,
          "question_type": "관계",
          "question": "이 곳에 인접한 시설이 있나요?",
          "question_wordNum": 5,
          "answer": "발산역 7번 출구, 메가커피, 핵밥, 만두마당",
          "answer_wordNum": 6,
          "fact": [
            "해촌칼국수 발산본점,인접,발산역 7번 출구, 메가커피, 핵밥, 만두마당"
          ]
        },
        {
          "question_id": 1,
          "question_type": "정보",
          "question": "이 곳의 주요 메뉴는 무엇이 있나요?",
          "question_wordNum": 6,
          "answer": "버섯매운소고기샤브, 버섯매운탕칼국수",
          "answer_wordNum": 2,
          "fact": [
            "해촌칼국수 발산본점,메뉴,버섯매운소고기샤브, 버섯매운탕칼국수"
          ]
        },
        {
          "question_id": 2,
          "question_type": "탐색",
          "question": "주차시설이 있는지 알 수 있나요?",
          "question_wordNum": 5,
          "answer": "있음",
          "answer_wordNum": 1,
          "fact": [
            "해촌칼국수 발산본점,주차시설,있음"
          ]
        },
        {
          "question_id": 3,
          "question_type": "정보",
          "question": "영업시간을 알 수 있나요?",
          "question_wordNum": 4,
          "answer": "11:00~22:00",
          "answer_wordNum": 1,
          "fact": [
            "해촌칼국수 발산본점,영업시간,11:00~22:00"
          ]
        }
      ]
    },
    {
      "image_id": 1,
      "question": [
        {
          "question_id": 0,
          "question_type": "정보",
          "question": "연락처가 어떻게 되나요?",
          "question_wordNum": 3,
          "answer": "0507-1405-1140",
          "answer_wordNum": 1,
          "fact": [
            "해촌칼국수 발산본점,연락처,0507-1405-1140"
          ]
        },
        {
          "question_id": 1,
          "question_type": "정보",
          "question": "휴무일은 어떻게 되나요?",
          "question_wordNum": 3,
          "answer": "알수없음",
          "answer_wordNum": 1,
          "fact": [
            "해촌칼국수 발산본점,휴무일,알수없음"
          ]
        },
        {
          "question_id": 2,
          "question_type": "정보",
          "question": "이 곳의 대표적인 메뉴는 무엇이 있나요?",
          "question_wordNum": 6,
          "answer": "버섯매운소고기샤브, 버섯매운탕칼국수",
          "answer_wordNum": 2,
          "fact": [
            "해촌칼국수 발산본점,메뉴,버섯매운소고기샤브, 버섯매운탕칼국수"
          ]
        },
        {
          "question_id": 3,
          "question_type": "정보",
          "question": "영업시간은 몇시부터 몇시까지로 기재되어 있나요?",
          "question_wordNum": 5,
          "answer": "11:00~22:00",
          "answer_wordNum": 1,
          "fact": [
            "해촌칼국수 발산본점,영업시간,11:00~22:00"
          ]
        }
      ]
    },
    {
      "image_id": 2,
      "question": [
        {
          "question_id": 0,
          "question_type": "탐색",
          "question": "주차시설이 있는지 알 수 있나요?",
          "question_wordNum": 5,
          "answer": "있음",
          "answer_wordNum": 1,
          "fact": [
            "해촌칼국수 발산본점,주차시설,있음"
          ]
        },
        {
          "question_id": 1,
          "question_type": "관계",
          "question": "이 곳에 인접한 시설을 알 수 있나요?",
          "question_wordNum": 7,
          "answer": "발산역 7번 출구, 메가커피, 핵밥, 만두마당",
          "answer_wordNum": 6,
          "fact": [
            "해촌칼국수 발산본점,인접,발산역 7번 출구, 메가커피, 핵밥, 만두마당"
          ]
        },
        {
          "question_id": 2,
          "question_type": "정보",
          "question": "휴무일을 알 수 있나요?",
          "question_wordNum": 4,
          "answer": "알수없음",
          "answer_wordNum": 1,
          "fact": [
            "해촌칼국수 발산본점,휴무일,알수없음"
          ]
        },
        {
          "question_id": 3,
          "question_type": "정보",
          "question": "연락처를 알 수 있나요?",
          "question_wordNum": 4,
          "answer": "0507-1405-1140",
          "answer_wordNum": 1,
          "fact": [
            "해촌칼국수 발산본점,연락처,0507-1405-1140"
          ]
        }
      ]
    },
    {
      "image_id": 3,
      "question": [
        {
          "question_id": 0,
          "question_type": "정보",
          "question": "연락처를 알 수 있나요?",
          "question_wordNum": 4,
          "answer": "0507-1405-1140",
          "answer_wordNum": 1,
          "fact": [
            "해촌칼국수 발산본점,연락처,0507-1405-1140"
          ]
        },
        {
          "question_id": 1,
          "question_type": "관계",
          "question": "이 곳에 인접한 시설이 있나요?",
          "question_wordNum": 5,
          "answer": "발산역 7번 출구, 메가커피, 핵밥, 만두마당",
          "answer_wordNum": 6,
          "fact": [
            "해촌칼국수 발산본점,인접,발산역 7번 출구, 메가커피, 핵밥, 만두마당"
          ]
        },
        {
          "question_id": 2,
          "question_type": "정보",
          "question": "이 곳은 무엇을 볼수 있나요?",
          "question_wordNum": 5,
          "answer": "샤브칼국수",
          "answer_wordNum": 1,
          "fact": [
            "해촌칼국수 발산본점,맛볼수있다,샤브칼국수"
          ]
        },
        {
          "question_id": 3,
          "question_type": "정보",
          "question": "이 곳의 주소를 알 수 있나요?",
          "question_wordNum": 6,
          "answer": "서울 강서구 강서로 349",
          "answer_wordNum": 4,
          "fact": [
            "해촌칼국수 발산본점,주소,서울 강서구 강서로 349"
          ]
        }
      ]
    },
    {
      "image_id": 4,
      "question": [
        {
          "question_id": 0,
          "question_type": "정보",
          "question": "이 곳의 대표적인 메뉴를 알 수 있나요?",
          "question_wordNum": 7,
          "answer": "버섯매운소고기샤브, 버섯매운탕칼국수",
          "answer_wordNum": 2,
          "fact": [
            "해촌칼국수 발산본점,메뉴,버섯매운소고기샤브, 버섯매운탕칼국수"
          ]
        },
        {
          "question_id": 1,
          "question_type": "정보",
          "question": "이 곳은 무엇을 볼수 있나요?",
          "question_wordNum": 5,
          "answer": "샤브칼국수",
          "answer_wordNum": 1,
          "fact": [
            "해촌칼국수 발산본점,맛볼수있다,샤브칼국수"
          ]
        },
        {
          "question_id": 2,
          "question_type": "탐색",
          "question": "주차시설이 있나요?",
          "question_wordNum": 2,
          "answer": "있음",
          "answer_wordNum": 1,
          "fact": [
            "해촌칼국수 발산본점,주차시설,있음"
          ]
        },
        {
          "question_id": 3,
          "question_type": "정보",
          "question": "이 곳의 주소를 알 수 있나요?",
          "question_wordNum": 6,
          "answer": "서울 강서구 강서로 349",
          "answer_wordNum": 4,
          "fact": [
            "해촌칼국수 발산본점,주소,서울 강서구 강서로 349"
          ]
        }
      ]
    }
  ]
}