{
  "data": {
    "dataset": "2-083-219",
    "POI_id": "561603",
    "travelType": "음식점",
    "place": "콩두 마곡나루역점",
    "area": "서울"
  },
  "imageInfo": [
    {
      "image_id": 0,
      "filename": "561603_0_su_5_콩두 마곡나루역점_1_001.png",
      "mapx": 37.5692420716795,
      "mapy": 126.826138036672,
      "width": 3840,
      "height": 2160,
      "caption_info": [
        "콩두 마곡나루역점(마곡동)",
        "간판, 여닫이문, 어닝, 실외기"
      ]
    },
    {
      "image_id": 1,
      "filename": "561603_0_su_5_콩두 마곡나루역점_1_002.png",
      "mapx": 37.5692420716795,
      "mapy": 126.826138036672,
      "width": 3840,
      "height": 2160,
      "caption_info": [
        "콩두 마곡나루역점(마곡동)",
        "간판, 어닝, 여닫이문, 실외기"
      ]
    },
    {
      "image_id": 2,
      "filename": "561603_0_su_5_콩두 마곡나루역점_1_003.png",
      "mapx": 37.5692420716795,
      "mapy": 126.826138036672,
      "width": 3840,
      "height": 2160,
      "caption_info": [
        "콩두 마곡나루역점(마곡동)",
        "꽃병, 종이컵, 시럽, 선반, 유리잔, 액자, 빵"
      ]
    },
    {
      "image_id": 3,
      "filename": "561603_0_su_5_콩두 마곡나루역점_1_004.png",
      "mapx": 37.5692420716795,
      "mapy": 126.826138036672,
      "width": 3840,
      "height": 2160,
      "caption_info": [
        "콩두 마곡나루역점(마곡동)",
        "메뉴판"
      ]
    },
    {
      "image_id": 4,
      "filename": "561603_0_su_5_콩두 마곡나루역점_1_005.png",
      "mapx": 37.5692420716795,
      "mapy": 126.826138036672,
      "width": 3840,
      "height": 2160,
      "caption_info": [
        "콩두 마곡나루역점(마곡동)",
        "샐러드, 나이프, 포크"
      ]
    }
  ],
  "annotations": [
    {
      "image_id": 0,
      "question": [
        {
          "question_id": 0,
          "question_type": "정보",
          "question": "이 곳의 주요 메뉴를 알 수 있나요?",
          "question_wordNum": 7,
          "answer": "순두부비빔밥, 콩비지비빔밥",
          "answer_wordNum": 2,
          "fact": [
            "콩두 마곡나루역점,메뉴,순두부비빔밥, 콩비지비빔밥"
          ]
        },
        {
          "question_id": 1,
          "question_type": "정보",
          "question": "영업시간은 몇시부터 몇시까지로 기재되어 있나요?",
          "question_wordNum": 5,
          "answer": "알수없음",
          "answer_wordNum": 1,
          "fact": [
            "콩두 마곡나루역점,영업시간,알수없음"
          ]
        },
        {
          "question_id": 2,
          "question_type": "관계",
          "question": "이 곳에 인접한 시설을 알 수 있나요?",
          "question_wordNum": 7,
          "answer": "마곡나루역 1번 출구, 본도시락 마곡나루점, 칼국수앤보리밥",
          "answer_wordNum": 6,
          "fact": [
            "콩두 마곡나루역점,인접,마곡나루역 1번 출구, 본도시락 마곡나루점, 칼국수앤보리밥"
          ]
        },
        {
          "question_id": 3,
          "question_type": "정보",
          "question": "이 곳의 주소는 어떻게 되나요?",
          "question_wordNum": 5,
          "answer": "서울 강서구 마곡중앙5로1길 25",
          "answer_wordNum": 4,
          "fact": [
            "콩두 마곡나루역점,주소,서울 강서구 마곡중앙5로1길 25"
          ]
        }
      ]
    },
    {
      "image_id": 1,
      "question": [
        {
          "question_id": 0,
          "question_type": "정보",
          "question": "이 곳의 대표적인 메뉴는 무엇이 있나요?",
          "question_wordNum": 6,
          "answer": "순두부비빔밥, 콩비지비빔밥",
          "answer_wordNum": 2,
          "fact": [
            "콩두 마곡나루역점,메뉴,순두부비빔밥, 콩비지비빔밥"
          ]
        },
        {
          "question_id": 1,
          "question_type": "탐색",
          "question": "주차시설이 있는지 알 수 있나요?",
          "question_wordNum": 5,
          "answer": "있음",
          "answer_wordNum": 1,
          "fact": [
            "콩두 마곡나루역점,주차시설,있음"
          ]
        },
        {
          "question_id": 2,
          "question_type": "정보",
          "question": "연락처를 알 수 있나요?",
          "question_wordNum": 4,
          "answer": "02-3664-7775",
          "answer_wordNum": 1,
          "fact": [
            "콩두 마곡나루역점,연락처,02-3664-7775"
          ]
        },
        {
          "question_id": 3,
          "question_type": "정보",
          "question": "영업시간을 알 수 있나요?",
          "question_wordNum": 4,
          "answer": "알수없음",
          "answer_wordNum": 1,
          "fact": [
            "콩두 마곡나루역점,영업시간,알수없음"
          ]
        }
      ]
    },
    {
      "image_id": 2,
      "question": [
        {
          "question_id": 0,
          "question_type": "관계",
          "question": "이 곳에 인접한 시설이 있나요?",
          "question_wordNum": 5,
          "answer": "마곡나루역 1번 출구, 본도시락 마곡나루점, 칼국수앤보리밥",
          "answer_wordNum": 6,
          "fact": [
            "콩두 마곡나루역점,인접,마곡나루역 1번 출구, 본도시락 마곡나루점, 칼국수앤보리밥"
          ]
        },
        {
          "question_id": 1,
          "question_type": "정보",
          "question": "이 곳의 주소는 어떻게 되나요?",
          "question_wordNum": 5,
          "answer": "서울 강서구 마곡중앙5로1길 25",
          "answer_wordNum": 4,
          "fact": [
            "콩두 마곡나루역점,주소,서울 강서구 마곡중앙5로1길 25"
          ]
        },
        {
          "question_id": 2,
          "question_type": "정보",
          "question": "휴무일은 어떻게 되나요?",
          "question_wordNum": 3,
          "answer": "알수없음",
          "answer_wordNum": 1,
          "fact": [
            "콩두 마곡나루역점,휴무일,알수없음"
          ]
        },
        {
          "question_id": 3,
          "question_type": "정보",
          "question": "연락처가 어떻게 되나요?",
          "question_wordNum": 3,
          "answer": "02-3664-7775",
          "answer_wordNum": 1,
          "fact": [
            "콩두 마곡나루역점,연락처,02-3664-7775"
          ]
        }
      ]
    },
    {
      "image_id": 3,
      "question": [
        {
          "question_id": 0,
          "question_type": "관계",
          "question": "이 곳에 인접한 시설을 알 수 있나요?",
          "question_wordNum": 7,
          "answer": "마곡나루역 1번 출구, 본도시락 마곡나루점, 칼국수앤보리밥",
          "answer_wordNum": 6,
          "fact": [
            "콩두 마곡나루역점,인접,마곡나루역 1번 출구, 본도시락 마곡나루점, 칼국수앤보리밥"
          ]
        },
        {
          "question_id": 1,
          "question_type": "정보",
          "question": "연락처가 어떻게 되나요?",
          "question_wordNum": 3,
          "answer": "02-3664-7775",
          "answer_wordNum": 1,
          "fact": [
            "콩두 마곡나루역점,연락처,02-3664-7775"
          ]
        },
        {
          "question_id": 2,
          "question_type": "정보",
          "question": "이 곳의 주소는 어떻게 되나요?",
          "question_wordNum": 5,
          "answer": "서울 강서구 마곡중앙5로1길 25",
          "answer_wordNum": 4,
          "fact": [
            "콩두 마곡나루역점,주소,서울 강서구 마곡중앙5로1길 25"
          ]
        },
        {
          "question_id": 3,
          "question_type": "정보",
          "question": "휴무일은 어떻게 되나요?",
          "question_wordNum": 3,
          "answer": "알수없음",
          "answer_wordNum": 1,
          "fact": [
            "콩두 마곡나루역점,휴무일,알수없음"
          ]
        }
      ]
    },
    {
      "image_id": 4,
      "question": [
        {
          "question_id": 0,
          "question_type": "정보",
          "question": "영업시간을 알 수 있나요?",
          "question_wordNum": 4,
          "answer": "알수없음",
          "answer_wordNum": 1,
          "fact": [
            "콩두 마곡나루역점,영업시간,알수없음"
          ]
        },
        {
          "question_id": 1,
          "question_type": "정보",
          "question": "이 곳의 주소를 알 수 있나요?",
          "question_wordNum": 6,
          "answer": "서울 강서구 마곡중앙5로1길 25",
          "answer_wordNum": 4,
          "fact": [
            "콩두 마곡나루역점,주소,서울 강서구 마곡중앙5로1길 25"
          ]
        },
        {
          "question_id": 2,
          "question_type": "정보",
          "question": "이 곳의 대표적인 메뉴는 무엇이 있나요?",
          "question_wordNum": 6,
          "answer": "순두부비빔밥, 콩비지비빔밥",
          "answer_wordNum": 2,
          "fact": [
            "콩두 마곡나루역점,메뉴,순두부비빔밥, 콩비지비빔밥"
          ]
        },
        {
          "question_id": 3,
          "question_type": "탐색",
          "question": "주차시설이 있는지 알 수 있나요?",
          "question_wordNum": 5,
          "answer": "있음",
          "answer_wordNum": 1,
          "fact": [
            "콩두 마곡나루역점,주차시설,있음"
          ]
        }
      ]
    }
  ]
}