{
  "data": {
    "dataset": "2-083-219",
    "POI_id": "553164",
    "travelType": "음식점",
    "place": "대게시장",
    "area": "서울"
  },
  "imageInfo": [
    {
      "image_id": 0,
      "filename": "553164_0_su_5_대게시장_1_001.png",
      "mapx": 37.5280752887893,
      "mapy": 126.840152694257,
      "width": 3840,
      "height": 2160,
      "caption_info": [
        "대게시장(화곡동)",
        "간판, 여닫이문"
      ]
    },
    {
      "image_id": 1,
      "filename": "553164_0_su_5_대게시장_1_002.png",
      "mapx": 37.5280752887893,
      "mapy": 126.840152694257,
      "width": 3840,
      "height": 2160,
      "caption_info": [
        "대게시장(화곡동)",
        "간판"
      ]
    },
    {
      "image_id": 2,
      "filename": "553164_0_su_5_대게시장_1_003.png",
      "mapx": 37.5280752887893,
      "mapy": 126.840152694257,
      "width": 3840,
      "height": 2160,
      "caption_info": [
        "대게시장(화곡동)",
        "테이블, 등받이의자"
      ]
    },
    {
      "image_id": 3,
      "filename": "553164_0_su_5_대게시장_1_004.png",
      "mapx": 37.5280752887893,
      "mapy": 126.840152694257,
      "width": 3840,
      "height": 2160,
      "caption_info": [
        "대게시장(화곡동)",
        "메뉴판 "
      ]
    },
    {
      "image_id": 4,
      "filename": "553164_0_su_5_대게시장_1_005.png",
      "mapx": 37.5280752887893,
      "mapy": 126.840152694257,
      "width": 3840,
      "height": 2160,
      "caption_info": [
        "대게시장(화곡동)",
        "킹크랩"
      ]
    }
  ],
  "annotations": [
    {
      "image_id": 0,
      "question": [
        {
          "question_id": 0,
          "question_type": "정보",
          "question": "이 곳의 주소를 알 수 있나요?",
          "question_wordNum": 6,
          "answer": "서울 강서구 강서로5나길 141",
          "answer_wordNum": 4,
          "fact": [
            "대게시장,주소,서울 강서구 강서로5나길 141"
          ]
        },
        {
          "question_id": 1,
          "question_type": "정보",
          "question": "연락처를 알 수 있나요?",
          "question_wordNum": 4,
          "answer": "0507-1465-5013",
          "answer_wordNum": 1,
          "fact": [
            "대게시장,연락처,0507-1465-5013"
          ]
        },
        {
          "question_id": 2,
          "question_type": "관계",
          "question": "이 곳에 인접한 시설을 알 수 있나요?",
          "question_wordNum": 7,
          "answer": "까치산역 3번 출구, 더조은참치, 홍대노가리",
          "answer_wordNum": 5,
          "fact": [
            "대게시장,인접,까치산역 3번 출구, 더조은참치, 홍대노가리"
          ]
        },
        {
          "question_id": 3,
          "question_type": "탐색",
          "question": "주차시설이 있는지 알 수 있나요?",
          "question_wordNum": 5,
          "answer": "있음",
          "answer_wordNum": 1,
          "fact": [
            "대게시장,주차시설,있음"
          ]
        }
      ]
    },
    {
      "image_id": 1,
      "question": [
        {
          "question_id": 0,
          "question_type": "관계",
          "question": "이 곳에 인접한 시설이 있나요?",
          "question_wordNum": 5,
          "answer": "까치산역 3번 출구, 더조은참치, 홍대노가리",
          "answer_wordNum": 5,
          "fact": [
            "대게시장,인접,까치산역 3번 출구, 더조은참치, 홍대노가리"
          ]
        },
        {
          "question_id": 1,
          "question_type": "정보",
          "question": "이 곳의 주요 메뉴를 알 수 있나요?",
          "question_wordNum": 7,
          "answer": "대게, 킹크랩",
          "answer_wordNum": 2,
          "fact": [
            "대게시장,메뉴,대게, 킹크랩"
          ]
        },
        {
          "question_id": 2,
          "question_type": "정보",
          "question": "연락처를 알 수 있나요?",
          "question_wordNum": 4,
          "answer": "0507-1465-5013",
          "answer_wordNum": 1,
          "fact": [
            "대게시장,연락처,0507-1465-5013"
          ]
        },
        {
          "question_id": 3,
          "question_type": "정보",
          "question": "이 곳의 주소를 알 수 있나요?",
          "question_wordNum": 6,
          "answer": "서울 강서구 강서로5나길 141",
          "answer_wordNum": 4,
          "fact": [
            "대게시장,주소,서울 강서구 강서로5나길 141"
          ]
        }
      ]
    },
    {
      "image_id": 2,
      "question": [
        {
          "question_id": 0,
          "question_type": "정보",
          "question": "이 곳의 대표적인 메뉴는 무엇이 있나요?",
          "question_wordNum": 6,
          "answer": "대게, 킹크랩",
          "answer_wordNum": 2,
          "fact": [
            "대게시장,메뉴,대게, 킹크랩"
          ]
        },
        {
          "question_id": 1,
          "question_type": "탐색",
          "question": "주차시설이 있는지 알 수 있나요?",
          "question_wordNum": 5,
          "answer": "있음",
          "answer_wordNum": 1,
          "fact": [
            "대게시장,주차시설,있음"
          ]
        },
        {
          "question_id": 2,
          "question_type": "정보",
          "question": "휴무일을 알 수 있나요?",
          "question_wordNum": 4,
          "answer": "없음",
          "answer_wordNum": 1,
          "fact": [
            "대게시장,휴무일,없음"
          ]
        },
        {
          "question_id": 3,
          "question_type": "관계",
          "question": "이 곳에 인접한 시설이 있나요?",
          "question_wordNum": 5,
          "answer": "까치산역 3번 출구, 더조은참치, 홍대노가리",
          "answer_wordNum": 5,
          "fact": [
            "대게시장,인접,까치산역 3번 출구, 더조은참치, 홍대노가리"
          ]
        }
      ]
    },
    {
      "image_id": 3,
      "question": [
        {
          "question_id": 0,
          "question_type": "정보",
          "question": "이 곳의 주요 메뉴는 무엇이 있나요?",
          "question_wordNum": 6,
          "answer": "대게, 킹크랩",
          "answer_wordNum": 2,
          "fact": [
            "대게시장,메뉴,대게, 킹크랩"
          ]
        },
        {
          "question_id": 1,
          "question_type": "정보",
          "question": "연락처가 어떻게 되나요?",
          "question_wordNum": 3,
          "answer": "0507-1465-5013",
          "answer_wordNum": 1,
          "fact": [
            "대게시장,연락처,0507-1465-5013"
          ]
        },
        {
          "question_id": 2,
          "question_type": "탐색",
          "question": "주차시설이 있는지 알 수 있나요?",
          "question_wordNum": 5,
          "answer": "있음",
          "answer_wordNum": 1,
          "fact": [
            "대게시장,주차시설,있음"
          ]
        },
        {
          "question_id": 3,
          "question_type": "정보",
          "question": "영업시간을 알 수 있나요?",
          "question_wordNum": 4,
          "answer": "11:30~23:30",
          "answer_wordNum": 1,
          "fact": [
            "대게시장,영업시간,11:30~23:30"
          ]
        }
      ]
    },
    {
      "image_id": 4,
      "question": [
        {
          "question_id": 0,
          "question_type": "정보",
          "question": "영업시간은 몇시부터 몇시까지로 기재되어 있나요?",
          "question_wordNum": 5,
          "answer": "11:30~23:30",
          "answer_wordNum": 1,
          "fact": [
            "대게시장,영업시간,11:30~23:30"
          ]
        },
        {
          "question_id": 1,
          "question_type": "정보",
          "question": "이 곳의 주소를 알 수 있나요?",
          "question_wordNum": 6,
          "answer": "서울 강서구 강서로5나길 141",
          "answer_wordNum": 4,
          "fact": [
            "대게시장,주소,서울 강서구 강서로5나길 141"
          ]
        },
        {
          "question_id": 2,
          "question_type": "정보",
          "question": "휴무일을 알 수 있나요?",
          "question_wordNum": 4,
          "answer": "없음",
          "answer_wordNum": 1,
          "fact": [
            "대게시장,휴무일,없음"
          ]
        },
        {
          "question_id": 3,
          "question_type": "정보",
          "question": "연락처를 알 수 있나요?",
          "question_wordNum": 4,
          "answer": "0507-1465-5013",
          "answer_wordNum": 1,
          "fact": [
            "대게시장,연락처,0507-1465-5013"
          ]
        }
      ]
    }
  ]
}