{
  "data": {
    "dataset": "2-083-219",
    "POI_id": "561744",
    "travelType": "음식점",
    "place": "싱싱샐러드 발산점",
    "area": "서울"
  },
  "imageInfo": [
    {
      "image_id": 0,
      "filename": "561744_0_su_5_싱싱샐러드 발산점_1_001.png",
      "mapx": 37.5576945764491,
      "mapy": 126.838393605308,
      "width": 3840,
      "height": 2160,
      "caption_info": [
        "싱싱샐러드 발산점(내발산동)",
        "간판, 여닫이문"
      ]
    },
    {
      "image_id": 1,
      "filename": "561744_0_su_5_싱싱샐러드 발산점_1_002.png",
      "mapx": 37.5576945764491,
      "mapy": 126.838393605308,
      "width": 3840,
      "height": 2160,
      "caption_info": [
        "싱싱샐러드 발산점(내발산동)",
        "간판, 여닫이문"
      ]
    },
    {
      "image_id": 2,
      "filename": "561744_0_su_5_싱싱샐러드 발산점_1_003.png",
      "mapx": 37.5576945764491,
      "mapy": 126.838393605308,
      "width": 3840,
      "height": 2160,
      "caption_info": [
        "싱싱샐러드 발산점(내발산동)",
        "테이블, 등받이의자, 간판"
      ]
    },
    {
      "image_id": 3,
      "filename": "561744_0_su_5_싱싱샐러드 발산점_1_004.png",
      "mapx": 37.5576945764491,
      "mapy": 126.838393605308,
      "width": 3840,
      "height": 2160,
      "caption_info": [
        "싱싱샐러드 발산점(내발산동)",
        "입간판"
      ]
    },
    {
      "image_id": 4,
      "filename": "561744_0_su_5_싱싱샐러드 발산점_1_005.png",
      "mapx": 37.5576945764491,
      "mapy": 126.838393605308,
      "width": 3840,
      "height": 2160,
      "caption_info": [
        "싱싱샐러드 발산점(내발산동)",
        "파스타, 숟가락, 포크, 음료"
      ]
    }
  ],
  "annotations": [
    {
      "image_id": 0,
      "question": [
        {
          "question_id": 0,
          "question_type": "탐색",
          "question": "주차시설이 있는지 알 수 있나요?",
          "question_wordNum": 5,
          "answer": "있음",
          "answer_wordNum": 1,
          "fact": [
            "싱싱샐러드 발산점,주차시설,있음"
          ]
        },
        {
          "question_id": 1,
          "question_type": "정보",
          "question": "이 곳의 대표적인 메뉴는 무엇이 있나요?",
          "question_wordNum": 6,
          "answer": "아보카도연어 포케, 칠리 볶음파스타 샐러드",
          "answer_wordNum": 5,
          "fact": [
            "싱싱샐러드 발산점,메뉴,아보카도연어 포케, 칠리 볶음파스타 샐러드"
          ]
        },
        {
          "question_id": 2,
          "question_type": "정보",
          "question": "영업시간은 몇시부터 몇시까지로 기재되어 있나요?",
          "question_wordNum": 5,
          "answer": "10:00 - 21:00",
          "answer_wordNum": 3,
          "fact": [
            "싱싱샐러드 발산점,영업시간,10:00 - 21:00"
          ]
        },
        {
          "question_id": 3,
          "question_type": "관계",
          "question": "이 곳에 인접한 시설이 있나요?",
          "question_wordNum": 5,
          "answer": "발산역 6번 출구, 다이소, 올리브영, 뚜레쥬르",
          "answer_wordNum": 6,
          "fact": [
            "싱싱샐러드 발산점,인접,발산역 6번 출구, 다이소, 올리브영, 뚜레쥬르"
          ]
        }
      ]
    },
    {
      "image_id": 1,
      "question": [
        {
          "question_id": 0,
          "question_type": "관계",
          "question": "이 곳에 인접한 시설을 알 수 있나요?",
          "question_wordNum": 7,
          "answer": "발산역 6번 출구, 다이소, 올리브영, 뚜레쥬르",
          "answer_wordNum": 6,
          "fact": [
            "싱싱샐러드 발산점,인접,발산역 6번 출구, 다이소, 올리브영, 뚜레쥬르"
          ]
        },
        {
          "question_id": 1,
          "question_type": "정보",
          "question": "연락처를 알 수 있나요?",
          "question_wordNum": 4,
          "answer": "0507-1384-1159",
          "answer_wordNum": 1,
          "fact": [
            "싱싱샐러드 발산점,연락처,0507-1384-1159"
          ]
        },
        {
          "question_id": 2,
          "question_type": "정보",
          "question": "휴무일을 알 수 있나요?",
          "question_wordNum": 4,
          "answer": "없음",
          "answer_wordNum": 1,
          "fact": [
            "싱싱샐러드 발산점,휴무일,없음"
          ]
        },
        {
          "question_id": 3,
          "question_type": "탐색",
          "question": "주차시설이 있나요?",
          "question_wordNum": 2,
          "answer": "있음",
          "answer_wordNum": 1,
          "fact": [
            "싱싱샐러드 발산점,주차시설,있음"
          ]
        }
      ]
    },
    {
      "image_id": 2,
      "question": [
        {
          "question_id": 0,
          "question_type": "정보",
          "question": "연락처를 알 수 있나요?",
          "question_wordNum": 4,
          "answer": "0507-1384-1159",
          "answer_wordNum": 1,
          "fact": [
            "싱싱샐러드 발산점,연락처,0507-1384-1159"
          ]
        },
        {
          "question_id": 1,
          "question_type": "정보",
          "question": "휴무일을 알 수 있나요?",
          "question_wordNum": 4,
          "answer": "없음",
          "answer_wordNum": 1,
          "fact": [
            "싱싱샐러드 발산점,휴무일,없음"
          ]
        },
        {
          "question_id": 2,
          "question_type": "정보",
          "question": "이 곳의 주요 메뉴를 알 수 있나요?",
          "question_wordNum": 7,
          "answer": "아보카도연어 포케, 칠리 볶음파스타 샐러드",
          "answer_wordNum": 5,
          "fact": [
            "싱싱샐러드 발산점,메뉴,아보카도연어 포케, 칠리 볶음파스타 샐러드"
          ]
        },
        {
          "question_id": 3,
          "question_type": "정보",
          "question": "영업시간을 알 수 있나요?",
          "question_wordNum": 4,
          "answer": "10:00 - 21:00",
          "answer_wordNum": 3,
          "fact": [
            "싱싱샐러드 발산점,영업시간,10:00 - 21:00"
          ]
        }
      ]
    },
    {
      "image_id": 3,
      "question": [
        {
          "question_id": 0,
          "question_type": "관계",
          "question": "이 곳에 인접한 시설을 알 수 있나요?",
          "question_wordNum": 7,
          "answer": "발산역 6번 출구, 다이소, 올리브영, 뚜레쥬르",
          "answer_wordNum": 6,
          "fact": [
            "싱싱샐러드 발산점,인접,발산역 6번 출구, 다이소, 올리브영, 뚜레쥬르"
          ]
        },
        {
          "question_id": 1,
          "question_type": "정보",
          "question": "연락처를 알 수 있나요?",
          "question_wordNum": 4,
          "answer": "0507-1384-1159",
          "answer_wordNum": 1,
          "fact": [
            "싱싱샐러드 발산점,연락처,0507-1384-1159"
          ]
        },
        {
          "question_id": 2,
          "question_type": "정보",
          "question": "영업시간은 몇시부터 몇시까지로 기재되어 있나요?",
          "question_wordNum": 5,
          "answer": "10:00 - 21:00",
          "answer_wordNum": 3,
          "fact": [
            "싱싱샐러드 발산점,영업시간,10:00 - 21:00"
          ]
        },
        {
          "question_id": 3,
          "question_type": "정보",
          "question": "이 곳의 주소는 어떻게 되나요?",
          "question_wordNum": 5,
          "answer": "서울 강서구 강서로 360",
          "answer_wordNum": 4,
          "fact": [
            "싱싱샐러드 발산점,주소,서울 강서구 강서로 360"
          ]
        }
      ]
    },
    {
      "image_id": 4,
      "question": [
        {
          "question_id": 0,
          "question_type": "정보",
          "question": "이 곳의 주요 메뉴를 알 수 있나요?",
          "question_wordNum": 7,
          "answer": "아보카도연어 포케, 칠리 볶음파스타 샐러드",
          "answer_wordNum": 5,
          "fact": [
            "싱싱샐러드 발산점,메뉴,아보카도연어 포케, 칠리 볶음파스타 샐러드"
          ]
        },
        {
          "question_id": 1,
          "question_type": "정보",
          "question": "이 곳의 주소를 알 수 있나요?",
          "question_wordNum": 6,
          "answer": "서울 강서구 강서로 360",
          "answer_wordNum": 4,
          "fact": [
            "싱싱샐러드 발산점,주소,서울 강서구 강서로 360"
          ]
        },
        {
          "question_id": 2,
          "question_type": "정보",
          "question": "휴무일을 알 수 있나요?",
          "question_wordNum": 4,
          "answer": "없음",
          "answer_wordNum": 1,
          "fact": [
            "싱싱샐러드 발산점,휴무일,없음"
          ]
        },
        {
          "question_id": 3,
          "question_type": "탐색",
          "question": "주차시설이 있나요?",
          "question_wordNum": 2,
          "answer": "있음",
          "answer_wordNum": 1,
          "fact": [
            "싱싱샐러드 발산점,주차시설,있음"
          ]
        }
      ]
    }
  ]
}