{
  "data": {
    "dataset": "2-083-219",
    "POI_id": "561363",
    "travelType": "음식점",
    "place": "더족발 가양점",
    "area": "서울"
  },
  "imageInfo": [
    {
      "image_id": 0,
      "filename": "561363_0_su_5_더족발 가양점_1_001.png",
      "mapx": 37.5626240133764,
      "mapy": 126.853007363408,
      "width": 3840,
      "height": 2160,
      "caption_info": [
        "더족발 가양점(가양동)",
        "간판, 여닫이문"
      ]
    },
    {
      "image_id": 1,
      "filename": "561363_0_su_5_더족발 가양점_1_002.png",
      "mapx": 37.5626240133764,
      "mapy": 126.853007363408,
      "width": 3840,
      "height": 2160,
      "caption_info": [
        "더족발 가양점(가양동)",
        "간판, 실외기"
      ]
    },
    {
      "image_id": 2,
      "filename": "561363_0_su_5_더족발 가양점_1_003.png",
      "mapx": 37.5626240133764,
      "mapy": 126.853007363408,
      "width": 3840,
      "height": 2160,
      "caption_info": [
        "더족발 가양점(가양동)",
        "테이블, 등받이의자"
      ]
    },
    {
      "image_id": 3,
      "filename": "561363_0_su_5_더족발 가양점_1_004.png",
      "mapx": 37.5626240133764,
      "mapy": 126.853007363408,
      "width": 3840,
      "height": 2160,
      "caption_info": [
        "더족발 가양점(가양동)",
        "메뉴판"
      ]
    },
    {
      "image_id": 4,
      "filename": "561363_0_su_5_더족발 가양점_1_005.png",
      "mapx": 37.5626240133764,
      "mapy": 126.853007363408,
      "width": 3840,
      "height": 2160,
      "caption_info": [
        "더족발 가양점(가양동)",
        "족발"
      ]
    }
  ],
  "annotations": [
    {
      "image_id": 0,
      "question": [
        {
          "question_id": 0,
          "question_type": "정보",
          "question": "휴무일은 어떻게 되나요?",
          "question_wordNum": 3,
          "answer": "없음",
          "answer_wordNum": 1,
          "fact": [
            "더족발 가양점,휴무일,없음"
          ]
        },
        {
          "question_id": 1,
          "question_type": "정보",
          "question": "이 곳의 대표적인 메뉴는 무엇이 있나요?",
          "question_wordNum": 6,
          "answer": "쟁반국수, 오리지날 족발",
          "answer_wordNum": 3,
          "fact": [
            "더족발 가양점,메뉴,쟁반국수, 오리지날 족발"
          ]
        },
        {
          "question_id": 2,
          "question_type": "관계",
          "question": "이 곳에 인접한 시설이 있나요?",
          "question_wordNum": 5,
          "answer": "가양역 1번 출구, 우리은행, GS25, 대신의원",
          "answer_wordNum": 6,
          "fact": [
            "더족발 가양점,인접,가양역 1번 출구, 우리은행, GS25, 대신의원"
          ]
        },
        {
          "question_id": 3,
          "question_type": "정보",
          "question": "이 곳의 주소는 어떻게 되나요?",
          "question_wordNum": 5,
          "answer": "서울 강서구 양천로57길 10-20 1층",
          "answer_wordNum": 5,
          "fact": [
            "더족발 가양점,주소,서울 강서구 양천로57길 10-20 1층"
          ]
        }
      ]
    },
    {
      "image_id": 1,
      "question": [
        {
          "question_id": 0,
          "question_type": "정보",
          "question": "이 곳의 대표적인 메뉴는 무엇이 있나요?",
          "question_wordNum": 6,
          "answer": "쟁반국수, 오리지날 족발",
          "answer_wordNum": 3,
          "fact": [
            "더족발 가양점,메뉴,쟁반국수, 오리지날 족발"
          ]
        },
        {
          "question_id": 1,
          "question_type": "정보",
          "question": "연락처가 어떻게 되나요?",
          "question_wordNum": 3,
          "answer": "02-2063-3785",
          "answer_wordNum": 1,
          "fact": [
            "더족발 가양점,연락처,02-2063-3785"
          ]
        },
        {
          "question_id": 2,
          "question_type": "정보",
          "question": "휴무일은 어떻게 되나요?",
          "question_wordNum": 3,
          "answer": "없음",
          "answer_wordNum": 1,
          "fact": [
            "더족발 가양점,휴무일,없음"
          ]
        },
        {
          "question_id": 3,
          "question_type": "정보",
          "question": "이 곳의 주소는 어떻게 되나요?",
          "question_wordNum": 5,
          "answer": "서울 강서구 양천로57길 10-20 1층",
          "answer_wordNum": 5,
          "fact": [
            "더족발 가양점,주소,서울 강서구 양천로57길 10-20 1층"
          ]
        }
      ]
    },
    {
      "image_id": 2,
      "question": [
        {
          "question_id": 0,
          "question_type": "탐색",
          "question": "주차시설이 있나요?",
          "question_wordNum": 2,
          "answer": "있음",
          "answer_wordNum": 1,
          "fact": [
            "더족발 가양점,주차시설,있음"
          ]
        },
        {
          "question_id": 1,
          "question_type": "정보",
          "question": "연락처가 어떻게 되나요?",
          "question_wordNum": 3,
          "answer": "02-2063-3785",
          "answer_wordNum": 1,
          "fact": [
            "더족발 가양점,연락처,02-2063-3785"
          ]
        },
        {
          "question_id": 2,
          "question_type": "정보",
          "question": "이 곳의 주소는 어떻게 되나요?",
          "question_wordNum": 5,
          "answer": "서울 강서구 양천로57길 10-20 1층",
          "answer_wordNum": 5,
          "fact": [
            "더족발 가양점,주소,서울 강서구 양천로57길 10-20 1층"
          ]
        },
        {
          "question_id": 3,
          "question_type": "관계",
          "question": "이 곳에 인접한 시설이 있나요?",
          "question_wordNum": 5,
          "answer": "가양역 1번 출구, 우리은행, GS25, 대신의원",
          "answer_wordNum": 6,
          "fact": [
            "더족발 가양점,인접,가양역 1번 출구, 우리은행, GS25, 대신의원"
          ]
        }
      ]
    },
    {
      "image_id": 3,
      "question": [
        {
          "question_id": 0,
          "question_type": "정보",
          "question": "영업시간은 어떻게 되나요?",
          "question_wordNum": 3,
          "answer": "14:00~23:00",
          "answer_wordNum": 1,
          "fact": [
            "더족발 가양점,영업시간,14:00~23:00"
          ]
        },
        {
          "question_id": 1,
          "question_type": "정보",
          "question": "연락처가 어떻게 되나요?",
          "question_wordNum": 3,
          "answer": "02-2063-3785",
          "answer_wordNum": 1,
          "fact": [
            "더족발 가양점,연락처,02-2063-3785"
          ]
        },
        {
          "question_id": 2,
          "question_type": "정보",
          "question": "휴무일은 어떻게 되나요?",
          "question_wordNum": 3,
          "answer": "없음",
          "answer_wordNum": 1,
          "fact": [
            "더족발 가양점,휴무일,없음"
          ]
        },
        {
          "question_id": 3,
          "question_type": "정보",
          "question": "이 곳은 무엇을 판매하나요?",
          "question_wordNum": 4,
          "answer": "당일 도축 생족",
          "answer_wordNum": 3,
          "fact": [
            "더족발 가양점,판매,당일 도축 생족"
          ]
        }
      ]
    },
    {
      "image_id": 4,
      "question": [
        {
          "question_id": 0,
          "question_type": "정보",
          "question": "영업시간은 몇시부터 몇시까지로 기재되어 있나요?",
          "question_wordNum": 5,
          "answer": "14:00~23:00",
          "answer_wordNum": 1,
          "fact": [
            "더족발 가양점,영업시간,14:00~23:00"
          ]
        },
        {
          "question_id": 1,
          "question_type": "관계",
          "question": "이 곳에 인접한 시설이 있나요?",
          "question_wordNum": 5,
          "answer": "가양역 1번 출구, 우리은행, GS25, 대신의원",
          "answer_wordNum": 6,
          "fact": [
            "더족발 가양점,인접,가양역 1번 출구, 우리은행, GS25, 대신의원"
          ]
        },
        {
          "question_id": 2,
          "question_type": "탐색",
          "question": "주차시설이 있나요?",
          "question_wordNum": 2,
          "answer": "있음",
          "answer_wordNum": 1,
          "fact": [
            "더족발 가양점,주차시설,있음"
          ]
        },
        {
          "question_id": 3,
          "question_type": "정보",
          "question": "이 곳의 주요 메뉴는 무엇이 있나요?",
          "question_wordNum": 6,
          "answer": "쟁반국수, 오리지날 족발",
          "answer_wordNum": 3,
          "fact": [
            "더족발 가양점,메뉴,쟁반국수, 오리지날 족발"
          ]
        }
      ]
    }
  ]
}