{
  "data": {
    "dataset": "2-083-219",
    "POI_id": "561418",
    "travelType": "음식점",
    "place": "명동칼국수샤브샤브 가양점",
    "area": "서울"
  },
  "imageInfo": [
    {
      "image_id": 0,
      "filename": "561418_0_su_5_명동칼국수샤브샤브 가양점_1_001.png",
      "mapx": 37.5642640468035,
      "mapy": 126.849960213917,
      "width": 3840,
      "height": 2160,
      "caption_info": [
        "명동칼국수샤브샤브 가양점(가양동)",
        "건물, 간판"
      ]
    },
    {
      "image_id": 1,
      "filename": "561418_0_su_5_명동칼국수샤브샤브 가양점_1_002.png",
      "mapx": 37.5642640468035,
      "mapy": 126.849960213917,
      "width": 3840,
      "height": 2160,
      "caption_info": [
        "명동칼국수샤브샤브 가양점(가양동)",
        "간판"
      ]
    },
    {
      "image_id": 2,
      "filename": "561418_0_su_5_명동칼국수샤브샤브 가양점_1_003.png",
      "mapx": 37.5642640468035,
      "mapy": 126.849960213917,
      "width": 3840,
      "height": 2160,
      "caption_info": [
        "명동칼국수샤브샤브 가양점(가양동)",
        "탁자,의자"
      ]
    },
    {
      "image_id": 3,
      "filename": "561418_0_su_5_명동칼국수샤브샤브 가양점_1_004.png",
      "mapx": 37.5642640468035,
      "mapy": 126.849960213917,
      "width": 3840,
      "height": 2160,
      "caption_info": [
        "명동칼국수샤브샤브 가양점(가양동)",
        "메뉴판"
      ]
    },
    {
      "image_id": 4,
      "filename": "561418_0_su_5_명동칼국수샤브샤브 가양점_1_005.png",
      "mapx": 37.5642640468035,
      "mapy": 126.849960213917,
      "width": 3840,
      "height": 2160,
      "caption_info": [
        "명동칼국수샤브샤브 가양점(가양동)",
        "만두칼국수"
      ]
    }
  ],
  "annotations": [
    {
      "image_id": 0,
      "question": [
        {
          "question_id": 0,
          "question_type": "정보",
          "question": "이 곳의 주요 메뉴를 알 수 있나요?",
          "question_wordNum": 7,
          "answer": "명동칼국수, 명동왕만두",
          "answer_wordNum": 2,
          "fact": [
            "명동칼국수샤브샤브 가양점,메뉴,명동칼국수, 명동왕만두"
          ]
        },
        {
          "question_id": 1,
          "question_type": "정보",
          "question": "연락처를 알 수 있나요?",
          "question_wordNum": 4,
          "answer": "02-2668-7642",
          "answer_wordNum": 1,
          "fact": [
            "명동칼국수샤브샤브 가양점,연락처,02-2668-7642"
          ]
        },
        {
          "question_id": 2,
          "question_type": "정보",
          "question": "휴무일은 어떻게 되나요?",
          "question_wordNum": 3,
          "answer": "알수없음",
          "answer_wordNum": 1,
          "fact": [
            "명동칼국수샤브샤브 가양점,휴무일,알수없음"
          ]
        },
        {
          "question_id": 3,
          "question_type": "탐색",
          "question": "주차시설이 있나요?",
          "question_wordNum": 2,
          "answer": "있음",
          "answer_wordNum": 1,
          "fact": [
            "명동칼국수샤브샤브 가양점,주차시설,있음"
          ]
        }
      ]
    },
    {
      "image_id": 1,
      "question": [
        {
          "question_id": 0,
          "question_type": "정보",
          "question": "이 곳의 주소는 어떻게 되나요?",
          "question_wordNum": 5,
          "answer": "서울 강서구 양천로 431 홈플러스가양점 B2",
          "answer_wordNum": 6,
          "fact": [
            "명동칼국수샤브샤브 가양점,주소,서울 강서구 양천로 431 홈플러스가양점 B2"
          ]
        },
        {
          "question_id": 1,
          "question_type": "관계",
          "question": "이 곳에 인접한 시설을 알 수 있나요?",
          "question_wordNum": 7,
          "answer": "가양역 1번 출구, 홈플러스, GS25",
          "answer_wordNum": 5,
          "fact": [
            "명동칼국수샤브샤브 가양점,인접,가양역 1번 출구, 홈플러스, GS25"
          ]
        },
        {
          "question_id": 2,
          "question_type": "정보",
          "question": "영업시간은 몇시부터 몇시까지로 기재되어 있나요?",
          "question_wordNum": 5,
          "answer": "알수없음",
          "answer_wordNum": 1,
          "fact": [
            "명동칼국수샤브샤브 가양점,영업시간,알수없음"
          ]
        },
        {
          "question_id": 3,
          "question_type": "탐색",
          "question": "주차시설이 있나요?",
          "question_wordNum": 2,
          "answer": "있음",
          "answer_wordNum": 1,
          "fact": [
            "명동칼국수샤브샤브 가양점,주차시설,있음"
          ]
        }
      ]
    },
    {
      "image_id": 2,
      "question": [
        {
          "question_id": 0,
          "question_type": "정보",
          "question": "이 곳의 대표적인 메뉴를 알 수 있나요?",
          "question_wordNum": 7,
          "answer": "명동칼국수, 명동왕만두",
          "answer_wordNum": 2,
          "fact": [
            "명동칼국수샤브샤브 가양점,메뉴,명동칼국수, 명동왕만두"
          ]
        },
        {
          "question_id": 1,
          "question_type": "정보",
          "question": "영업시간은 몇시부터 몇시까지로 기재되어 있나요?",
          "question_wordNum": 5,
          "answer": "알수없음",
          "answer_wordNum": 1,
          "fact": [
            "명동칼국수샤브샤브 가양점,영업시간,알수없음"
          ]
        },
        {
          "question_id": 2,
          "question_type": "관계",
          "question": "이 곳에 인접한 시설을 알 수 있나요?",
          "question_wordNum": 7,
          "answer": "가양역 1번 출구, 홈플러스, GS25",
          "answer_wordNum": 5,
          "fact": [
            "명동칼국수샤브샤브 가양점,인접,가양역 1번 출구, 홈플러스, GS25"
          ]
        },
        {
          "question_id": 3,
          "question_type": "정보",
          "question": "이 곳의 주소를 알 수 있나요?",
          "question_wordNum": 6,
          "answer": "서울 강서구 양천로 431 홈플러스가양점 B2",
          "answer_wordNum": 6,
          "fact": [
            "명동칼국수샤브샤브 가양점,주소,서울 강서구 양천로 431 홈플러스가양점 B2"
          ]
        }
      ]
    },
    {
      "image_id": 3,
      "question": [
        {
          "question_id": 0,
          "question_type": "정보",
          "question": "이 곳의 주요 메뉴를 알 수 있나요?",
          "question_wordNum": 7,
          "answer": "명동칼국수, 명동왕만두",
          "answer_wordNum": 2,
          "fact": [
            "명동칼국수샤브샤브 가양점,메뉴,명동칼국수, 명동왕만두"
          ]
        },
        {
          "question_id": 1,
          "question_type": "탐색",
          "question": "주차시설이 있나요?",
          "question_wordNum": 2,
          "answer": "있음",
          "answer_wordNum": 1,
          "fact": [
            "명동칼국수샤브샤브 가양점,주차시설,있음"
          ]
        },
        {
          "question_id": 2,
          "question_type": "정보",
          "question": "영업시간은 몇시부터 몇시까지로 기재되어 있나요?",
          "question_wordNum": 5,
          "answer": "알수없음",
          "answer_wordNum": 1,
          "fact": [
            "명동칼국수샤브샤브 가양점,영업시간,알수없음"
          ]
        },
        {
          "question_id": 3,
          "question_type": "관계",
          "question": "이 곳에 인접한 시설이 있나요?",
          "question_wordNum": 5,
          "answer": "가양역 1번 출구, 홈플러스, GS25",
          "answer_wordNum": 5,
          "fact": [
            "명동칼국수샤브샤브 가양점,인접,가양역 1번 출구, 홈플러스, GS25"
          ]
        }
      ]
    },
    {
      "image_id": 4,
      "question": [
        {
          "question_id": 0,
          "question_type": "정보",
          "question": "이 곳의 주요 메뉴를 알 수 있나요?",
          "question_wordNum": 7,
          "answer": "명동칼국수, 명동왕만두",
          "answer_wordNum": 2,
          "fact": [
            "명동칼국수샤브샤브 가양점,메뉴,명동칼국수, 명동왕만두"
          ]
        },
        {
          "question_id": 1,
          "question_type": "관계",
          "question": "이 곳에 인접한 시설을 알 수 있나요?",
          "question_wordNum": 7,
          "answer": "가양역 1번 출구, 홈플러스, GS25",
          "answer_wordNum": 5,
          "fact": [
            "명동칼국수샤브샤브 가양점,인접,가양역 1번 출구, 홈플러스, GS25"
          ]
        },
        {
          "question_id": 2,
          "question_type": "정보",
          "question": "영업시간은 몇시부터 몇시까지로 기재되어 있나요?",
          "question_wordNum": 5,
          "answer": "알수없음",
          "answer_wordNum": 1,
          "fact": [
            "명동칼국수샤브샤브 가양점,영업시간,알수없음"
          ]
        },
        {
          "question_id": 3,
          "question_type": "탐색",
          "question": "주차시설이 있나요?",
          "question_wordNum": 2,
          "answer": "있음",
          "answer_wordNum": 1,
          "fact": [
            "명동칼국수샤브샤브 가양점,주차시설,있음"
          ]
        }
      ]
    }
  ]
}