{
  "data": {
    "dataset": "2-083-219",
    "POI_id": "561599",
    "travelType": "음식점",
    "place": "치앙마곡",
    "area": "서울"
  },
  "imageInfo": [
    {
      "image_id": 0,
      "filename": "561599_0_su_5_치앙마곡_1_001.png",
      "mapx": 37.5582829549403,
      "mapy": 126.829009917866,
      "width": 3840,
      "height": 2160,
      "caption_info": [
        "치앙마곡(마곡동)",
        "미닫이문"
      ]
    },
    {
      "image_id": 1,
      "filename": "561599_0_su_5_치앙마곡_1_002.png",
      "mapx": 37.5582829549403,
      "mapy": 126.829009917866,
      "width": 3840,
      "height": 2160,
      "caption_info": [
        "치앙마곡(마곡동)",
        "간판"
      ]
    },
    {
      "image_id": 2,
      "filename": "561599_0_su_5_치앙마곡_1_003.png",
      "mapx": 37.5582829549403,
      "mapy": 126.829009917866,
      "width": 3840,
      "height": 2160,
      "caption_info": [
        "치앙마곡(마곡동)",
        "테이블, 등받이 의자"
      ]
    },
    {
      "image_id": 3,
      "filename": "561599_0_su_5_치앙마곡_1_004.png",
      "mapx": 37.5582829549403,
      "mapy": 126.829009917866,
      "width": 3840,
      "height": 2160,
      "caption_info": [
        "치앙마곡(마곡동)",
        "메뉴판"
      ]
    },
    {
      "image_id": 4,
      "filename": "561599_0_su_5_치앙마곡_1_005.png",
      "mapx": 37.5582829549403,
      "mapy": 126.829009917866,
      "width": 3840,
      "height": 2160,
      "caption_info": [
        "치앙마곡(마곡동)",
        "그린커리"
      ]
    }
  ],
  "annotations": [
    {
      "image_id": 0,
      "question": [
        {
          "question_id": 0,
          "question_type": "정보",
          "question": "이 곳의 주소는 어떻게 되나요?",
          "question_wordNum": 5,
          "answer": "서울 강서구 마곡중앙4로 22",
          "answer_wordNum": 4,
          "fact": [
            "치앙마곡,주소,서울 강서구 마곡중앙4로 22"
          ]
        },
        {
          "question_id": 1,
          "question_type": "정보",
          "question": "이 곳의 대표적인 메뉴는 무엇이 있나요?",
          "question_wordNum": 6,
          "answer": "쌀국수, 팟타이 새우",
          "answer_wordNum": 3,
          "fact": [
            "치앙마곡,메뉴,쌀국수, 팟타이 새우"
          ]
        },
        {
          "question_id": 2,
          "question_type": "정보",
          "question": "연락처가 어떻게 되나요?",
          "question_wordNum": 3,
          "answer": "0507-1310-8779",
          "answer_wordNum": 1,
          "fact": [
            "치앙마곡,연락처,0507-1310-8779"
          ]
        },
        {
          "question_id": 3,
          "question_type": "정보",
          "question": "영업시간은 몇시부터 몇시까지로 기재되어 있나요?",
          "question_wordNum": 5,
          "answer": "10:30/11:00~20:00/21:30",
          "answer_wordNum": 1,
          "fact": [
            "치앙마곡,영업시간,10:30/11:00~20:00/21:30"
          ]
        }
      ]
    },
    {
      "image_id": 1,
      "question": [
        {
          "question_id": 0,
          "question_type": "정보",
          "question": "영업시간을 알 수 있나요?",
          "question_wordNum": 4,
          "answer": "10:30/11:00~20:00/21:30",
          "answer_wordNum": 1,
          "fact": [
            "치앙마곡,영업시간,10:30/11:00~20:00/21:30"
          ]
        },
        {
          "question_id": 1,
          "question_type": "관계",
          "question": "이 곳에 인접한 시설을 알 수 있나요?",
          "question_wordNum": 7,
          "answer": "마곡역 5번 출구, 파인스퀘어, 사미식당, 백소정",
          "answer_wordNum": 6,
          "fact": [
            "치앙마곡,인접,마곡역 5번 출구, 파인스퀘어, 사미식당, 백소정"
          ]
        },
        {
          "question_id": 2,
          "question_type": "탐색",
          "question": "주차시설이 있나요?",
          "question_wordNum": 2,
          "answer": "있음",
          "answer_wordNum": 1,
          "fact": [
            "치앙마곡,주차시설,있음"
          ]
        },
        {
          "question_id": 3,
          "question_type": "정보",
          "question": "이 곳의 주요 메뉴를 알 수 있나요?",
          "question_wordNum": 7,
          "answer": "쌀국수, 팟타이 새우",
          "answer_wordNum": 3,
          "fact": [
            "치앙마곡,메뉴,쌀국수, 팟타이 새우"
          ]
        }
      ]
    },
    {
      "image_id": 2,
      "question": [
        {
          "question_id": 0,
          "question_type": "탐색",
          "question": "주차시설이 있는지 알 수 있나요?",
          "question_wordNum": 5,
          "answer": "있음",
          "answer_wordNum": 1,
          "fact": [
            "치앙마곡,주차시설,있음"
          ]
        },
        {
          "question_id": 1,
          "question_type": "관계",
          "question": "이 곳에 인접한 시설을 알 수 있나요?",
          "question_wordNum": 7,
          "answer": "마곡역 5번 출구, 파인스퀘어, 사미식당, 백소정",
          "answer_wordNum": 6,
          "fact": [
            "치앙마곡,인접,마곡역 5번 출구, 파인스퀘어, 사미식당, 백소정"
          ]
        },
        {
          "question_id": 2,
          "question_type": "정보",
          "question": "휴무일을 알 수 있나요?",
          "question_wordNum": 4,
          "answer": "첫째, 셋째 일요일",
          "answer_wordNum": 3,
          "fact": [
            "치앙마곡,휴무일,첫째, 셋째 일요일"
          ]
        },
        {
          "question_id": 3,
          "question_type": "정보",
          "question": "연락처를 알 수 있나요?",
          "question_wordNum": 4,
          "answer": "0507-1310-8779",
          "answer_wordNum": 1,
          "fact": [
            "치앙마곡,연락처,0507-1310-8779"
          ]
        }
      ]
    },
    {
      "image_id": 3,
      "question": [
        {
          "question_id": 0,
          "question_type": "정보",
          "question": "이 곳의 대표적인 메뉴를 알 수 있나요?",
          "question_wordNum": 7,
          "answer": "쌀국수, 팟타이 새우",
          "answer_wordNum": 3,
          "fact": [
            "치앙마곡,메뉴,쌀국수, 팟타이 새우"
          ]
        },
        {
          "question_id": 1,
          "question_type": "정보",
          "question": "이 곳의 주소는 어떻게 되나요?",
          "question_wordNum": 5,
          "answer": "서울 강서구 마곡중앙4로 22",
          "answer_wordNum": 4,
          "fact": [
            "치앙마곡,주소,서울 강서구 마곡중앙4로 22"
          ]
        },
        {
          "question_id": 2,
          "question_type": "탐색",
          "question": "주차시설이 있는지 알 수 있나요?",
          "question_wordNum": 5,
          "answer": "있음",
          "answer_wordNum": 1,
          "fact": [
            "치앙마곡,주차시설,있음"
          ]
        },
        {
          "question_id": 3,
          "question_type": "정보",
          "question": "연락처가 어떻게 되나요?",
          "question_wordNum": 3,
          "answer": "0507-1310-8779",
          "answer_wordNum": 1,
          "fact": [
            "치앙마곡,연락처,0507-1310-8779"
          ]
        }
      ]
    },
    {
      "image_id": 4,
      "question": [
        {
          "question_id": 0,
          "question_type": "정보",
          "question": "영업시간을 알 수 있나요?",
          "question_wordNum": 4,
          "answer": "10:30/11:00~20:00/21:30",
          "answer_wordNum": 1,
          "fact": [
            "치앙마곡,영업시간,10:30/11:00~20:00/21:30"
          ]
        },
        {
          "question_id": 1,
          "question_type": "관계",
          "question": "이 곳에 인접한 시설을 알 수 있나요?",
          "question_wordNum": 7,
          "answer": "마곡역 5번 출구, 파인스퀘어, 사미식당, 백소정",
          "answer_wordNum": 6,
          "fact": [
            "치앙마곡,인접,마곡역 5번 출구, 파인스퀘어, 사미식당, 백소정"
          ]
        },
        {
          "question_id": 2,
          "question_type": "정보",
          "question": "휴무일을 알 수 있나요?",
          "question_wordNum": 4,
          "answer": "첫째, 셋째 일요일",
          "answer_wordNum": 3,
          "fact": [
            "치앙마곡,휴무일,첫째, 셋째 일요일"
          ]
        },
        {
          "question_id": 3,
          "question_type": "정보",
          "question": "이 곳의 주소를 알 수 있나요?",
          "question_wordNum": 6,
          "answer": "서울 강서구 마곡중앙4로 22",
          "answer_wordNum": 4,
          "fact": [
            "치앙마곡,주소,서울 강서구 마곡중앙4로 22"
          ]
        }
      ]
    }
  ]
}