{
  "data": {
    "dataset": "2-083-219",
    "POI_id": "561362",
    "travelType": "음식점",
    "place": "풍천황토민물장어",
    "area": "서울"
  },
  "imageInfo": [
    {
      "image_id": 0,
      "filename": "561362_0_su_5_풍천황토민물장어_1_001.png",
      "mapx": 37.564812918066,
      "mapy": 126.846513914327,
      "width": 3840,
      "height": 2160,
      "caption_info": [
        "풍천황토민물장어(가양동)",
        "간판"
      ]
    },
    {
      "image_id": 1,
      "filename": "561362_0_su_5_풍천황토민물장어_1_002.png",
      "mapx": 37.564812918066,
      "mapy": 126.846513914327,
      "width": 3840,
      "height": 2160,
      "caption_info": [
        "풍천황토민물장어(가양동)",
        "간판, 여닫이문, 등받이의자, 사다리"
      ]
    },
    {
      "image_id": 2,
      "filename": "561362_0_su_5_풍천황토민물장어_1_003.png",
      "mapx": 37.564812918066,
      "mapy": 126.846513914327,
      "width": 3840,
      "height": 2160,
      "caption_info": [
        "풍천황토민물장어(가양동)",
        "테이블, 등받이의자"
      ]
    },
    {
      "image_id": 3,
      "filename": "561362_0_su_5_풍천황토민물장어_1_004.png",
      "mapx": 37.564812918066,
      "mapy": 126.846513914327,
      "width": 3840,
      "height": 2160,
      "caption_info": [
        "풍천황토민물장어(가양동)",
        "메뉴판"
      ]
    },
    {
      "image_id": 4,
      "filename": "561362_0_su_5_풍천황토민물장어_1_005.png",
      "mapx": 37.564812918066,
      "mapy": 126.846513914327,
      "width": 3840,
      "height": 2160,
      "caption_info": [
        "풍천황토민물장어(가양동)",
        "장어"
      ]
    }
  ],
  "annotations": [
    {
      "image_id": 0,
      "question": [
        {
          "question_id": 0,
          "question_type": "탐색",
          "question": "주차시설이 있나요?",
          "question_wordNum": 2,
          "answer": "있음",
          "answer_wordNum": 1,
          "fact": [
            "풍천황토민물장어,주차시설,있음"
          ]
        },
        {
          "question_id": 1,
          "question_type": "정보",
          "question": "이 곳의 주요 메뉴는 무엇이 있나요?",
          "question_wordNum": 6,
          "answer": "풍천민물장어, 장어탕",
          "answer_wordNum": 2,
          "fact": [
            "풍천황토민물장어,메뉴,풍천민물장어, 장어탕"
          ]
        },
        {
          "question_id": 2,
          "question_type": "정보",
          "question": "휴무일은 어떻게 되나요?",
          "question_wordNum": 3,
          "answer": "매주 월요일",
          "answer_wordNum": 2,
          "fact": [
            "풍천황토민물장어,휴무일,매주 월요일"
          ]
        },
        {
          "question_id": 3,
          "question_type": "정보",
          "question": "영업시간은 어떻게 되나요?",
          "question_wordNum": 3,
          "answer": "10:00~22:00",
          "answer_wordNum": 1,
          "fact": [
            "풍천황토민물장어,영업시간,10:00~22:00"
          ]
        }
      ]
    },
    {
      "image_id": 1,
      "question": [
        {
          "question_id": 0,
          "question_type": "정보",
          "question": "이 곳의 주요 메뉴는 무엇이 있나요?",
          "question_wordNum": 6,
          "answer": "풍천민물장어, 장어탕",
          "answer_wordNum": 2,
          "fact": [
            "풍천황토민물장어,메뉴,풍천민물장어, 장어탕"
          ]
        },
        {
          "question_id": 1,
          "question_type": "정보",
          "question": "영업시간은 어떻게 되나요?",
          "question_wordNum": 3,
          "answer": "10:00~22:00",
          "answer_wordNum": 1,
          "fact": [
            "풍천황토민물장어,영업시간,10:00~22:00"
          ]
        },
        {
          "question_id": 2,
          "question_type": "정보",
          "question": "이 곳의 주소는 어떻게 되나요?",
          "question_wordNum": 5,
          "answer": "서울 강서구 양천로 410 1층 108호",
          "answer_wordNum": 6,
          "fact": [
            "풍천황토민물장어,주소,서울 강서구 양천로 410 1층 108호"
          ]
        },
        {
          "question_id": 3,
          "question_type": "정보",
          "question": "연락처가 어떻게 되나요?",
          "question_wordNum": 3,
          "answer": "02-3662-8585",
          "answer_wordNum": 1,
          "fact": [
            "풍천황토민물장어,연락처,02-3662-8585"
          ]
        }
      ]
    },
    {
      "image_id": 2,
      "question": [
        {
          "question_id": 0,
          "question_type": "정보",
          "question": "휴무일은 어떻게 되나요?",
          "question_wordNum": 3,
          "answer": "매주 월요일",
          "answer_wordNum": 2,
          "fact": [
            "풍천황토민물장어,휴무일,매주 월요일"
          ]
        },
        {
          "question_id": 1,
          "question_type": "정보",
          "question": "이 곳의 주요 메뉴는 무엇이 있나요?",
          "question_wordNum": 6,
          "answer": "풍천민물장어, 장어탕",
          "answer_wordNum": 2,
          "fact": [
            "풍천황토민물장어,메뉴,풍천민물장어, 장어탕"
          ]
        },
        {
          "question_id": 2,
          "question_type": "관계",
          "question": "이 곳에 인접한 시설이 있나요?",
          "question_wordNum": 5,
          "answer": "양천향교역 5번 출구, 짬뽕타임, 봄날까페",
          "answer_wordNum": 5,
          "fact": [
            "풍천황토민물장어,인접,양천향교역 5번 출구, 짬뽕타임, 봄날까페"
          ]
        },
        {
          "question_id": 3,
          "question_type": "정보",
          "question": "이 곳의 주소는 어떻게 되나요?",
          "question_wordNum": 5,
          "answer": "서울 강서구 양천로 410 1층 108호",
          "answer_wordNum": 6,
          "fact": [
            "풍천황토민물장어,주소,서울 강서구 양천로 410 1층 108호"
          ]
        }
      ]
    },
    {
      "image_id": 3,
      "question": [
        {
          "question_id": 0,
          "question_type": "관계",
          "question": "이 곳에 인접한 시설이 있나요?",
          "question_wordNum": 5,
          "answer": "양천향교역 5번 출구, 짬뽕타임, 봄날까페",
          "answer_wordNum": 5,
          "fact": [
            "풍천황토민물장어,인접,양천향교역 5번 출구, 짬뽕타임, 봄날까페"
          ]
        },
        {
          "question_id": 1,
          "question_type": "정보",
          "question": "이 곳의 대표적인 메뉴는 무엇이 있나요?",
          "question_wordNum": 6,
          "answer": "풍천민물장어, 장어탕",
          "answer_wordNum": 2,
          "fact": [
            "풍천황토민물장어,메뉴,풍천민물장어, 장어탕"
          ]
        },
        {
          "question_id": 2,
          "question_type": "정보",
          "question": "영업시간은 어떻게 되나요?",
          "question_wordNum": 3,
          "answer": "10:00~22:00",
          "answer_wordNum": 1,
          "fact": [
            "풍천황토민물장어,영업시간,10:00~22:00"
          ]
        },
        {
          "question_id": 3,
          "question_type": "정보",
          "question": "이 곳은 무엇을 판매하나요?",
          "question_wordNum": 4,
          "answer": "100프로 국내산 민물장어",
          "answer_wordNum": 3,
          "fact": [
            "풍천황토민물장어,판매,100프로 국내산 민물장어"
          ]
        }
      ]
    },
    {
      "image_id": 4,
      "question": [
        {
          "question_id": 0,
          "question_type": "정보",
          "question": "영업시간은 어떻게 되나요?",
          "question_wordNum": 3,
          "answer": "10:00~22:00",
          "answer_wordNum": 1,
          "fact": [
            "풍천황토민물장어,영업시간,10:00~22:00"
          ]
        },
        {
          "question_id": 1,
          "question_type": "정보",
          "question": "이 곳의 주소는 어떻게 되나요?",
          "question_wordNum": 5,
          "answer": "서울 강서구 양천로 410 1층 108호",
          "answer_wordNum": 6,
          "fact": [
            "풍천황토민물장어,주소,서울 강서구 양천로 410 1층 108호"
          ]
        },
        {
          "question_id": 2,
          "question_type": "관계",
          "question": "이 곳에 인접한 시설이 있나요?",
          "question_wordNum": 5,
          "answer": "양천향교역 5번 출구, 짬뽕타임, 봄날까페",
          "answer_wordNum": 5,
          "fact": [
            "풍천황토민물장어,인접,양천향교역 5번 출구, 짬뽕타임, 봄날까페"
          ]
        },
        {
          "question_id": 3,
          "question_type": "정보",
          "question": "이 곳의 대표적인 메뉴는 무엇이 있나요?",
          "question_wordNum": 6,
          "answer": "풍천민물장어, 장어탕",
          "answer_wordNum": 2,
          "fact": [
            "풍천황토민물장어,메뉴,풍천민물장어, 장어탕"
          ]
        }
      ]
    }
  ]
}