{
  "data": {
    "dataset": "2-083-219",
    "POI_id": "561697",
    "travelType": "음식점",
    "place": "다래목 해물손칼국수전문점",
    "area": "서울"
  },
  "imageInfo": [
    {
      "image_id": 0,
      "filename": "561697_0_su_5_다래목 해물손칼국수전문점_1_001.png",
      "mapx": 37.5514388920914,
      "mapy": 126.835736028504,
      "width": 3840,
      "height": 2160,
      "caption_info": [
        "다래목 해물손칼국수전문점(내발산동)",
        "간판, 여닫이문"
      ]
    },
    {
      "image_id": 1,
      "filename": "561697_0_su_5_다래목 해물손칼국수전문점_1_002.png",
      "mapx": 37.5514388920914,
      "mapy": 126.835736028504,
      "width": 3840,
      "height": 2160,
      "caption_info": [
        "다래목 해물손칼국수전문점(내발산동)",
        "간판, 화분, 자전거"
      ]
    },
    {
      "image_id": 2,
      "filename": "561697_0_su_5_다래목 해물손칼국수전문점_1_003.png",
      "mapx": 37.5514388920914,
      "mapy": 126.835736028504,
      "width": 3840,
      "height": 2160,
      "caption_info": [
        "다래목 해물손칼국수전문점(내발산동)",
        "등받이의자, 테이블"
      ]
    },
    {
      "image_id": 3,
      "filename": "561697_0_su_5_다래목 해물손칼국수전문점_1_004.png",
      "mapx": 37.5514388920914,
      "mapy": 126.835736028504,
      "width": 3840,
      "height": 2160,
      "caption_info": [
        "다래목 해물손칼국수전문점(내발산동)",
        "메뉴판"
      ]
    },
    {
      "image_id": 4,
      "filename": "561697_0_su_5_다래목 해물손칼국수전문점_1_005.png",
      "mapx": 37.5514388920914,
      "mapy": 126.835736028504,
      "width": 3840,
      "height": 2160,
      "caption_info": [
        "다래목 해물손칼국수전문점(내발산동)",
        "해물칼국수"
      ]
    }
  ],
  "annotations": [
    {
      "image_id": 0,
      "question": [
        {
          "question_id": 0,
          "question_type": "관계",
          "question": "이 곳에 인접한 시설이 있나요?",
          "question_wordNum": 5,
          "answer": "우장산역 4번 출구, 마모루, 그빛교회",
          "answer_wordNum": 5,
          "fact": [
            "다래목 해물손칼국수전문점,인접,우장산역 4번 출구, 마모루, 그빛교회"
          ]
        },
        {
          "question_id": 1,
          "question_type": "정보",
          "question": "이 곳의 주소는 어떻게 되나요?",
          "question_wordNum": 5,
          "answer": "서울 강서구 강서로47가길 27",
          "answer_wordNum": 4,
          "fact": [
            "다래목 해물손칼국수전문점,주소,서울 강서구 강서로47가길 27"
          ]
        },
        {
          "question_id": 2,
          "question_type": "정보",
          "question": "영업시간은 몇시부터 몇시까지로 기재되어 있나요?",
          "question_wordNum": 5,
          "answer": "10:00~22:00",
          "answer_wordNum": 1,
          "fact": [
            "다래목 해물손칼국수전문점,영업시간,10:00~22:00"
          ]
        },
        {
          "question_id": 3,
          "question_type": "정보",
          "question": "휴무일은 어떻게 되나요?",
          "question_wordNum": 3,
          "answer": "매주 금요일",
          "answer_wordNum": 2,
          "fact": [
            "다래목 해물손칼국수전문점,휴무일,매주 금요일"
          ]
        }
      ]
    },
    {
      "image_id": 1,
      "question": [
        {
          "question_id": 0,
          "question_type": "정보",
          "question": "이 곳의 주요 메뉴는 무엇이 있나요?",
          "question_wordNum": 6,
          "answer": "해물칼국수, 해물수제비",
          "answer_wordNum": 2,
          "fact": [
            "다래목 해물손칼국수전문점,메뉴,해물칼국수, 해물수제비"
          ]
        },
        {
          "question_id": 1,
          "question_type": "탐색",
          "question": "주차시설이 있나요?",
          "question_wordNum": 2,
          "answer": "있음",
          "answer_wordNum": 1,
          "fact": [
            "다래목 해물손칼국수전문점,주차시설,있음"
          ]
        },
        {
          "question_id": 2,
          "question_type": "정보",
          "question": "영업시간은 어떻게 되나요?",
          "question_wordNum": 3,
          "answer": "10:00~22:00",
          "answer_wordNum": 1,
          "fact": [
            "다래목 해물손칼국수전문점,영업시간,10:00~22:00"
          ]
        },
        {
          "question_id": 3,
          "question_type": "정보",
          "question": "연락처가 어떻게 되나요?",
          "question_wordNum": 3,
          "answer": "02-2661-7845",
          "answer_wordNum": 1,
          "fact": [
            "다래목 해물손칼국수전문점,연락처,02-2661-7845"
          ]
        }
      ]
    },
    {
      "image_id": 2,
      "question": [
        {
          "question_id": 0,
          "question_type": "관계",
          "question": "이 곳에 인접한 시설이 있나요?",
          "question_wordNum": 5,
          "answer": "우장산역 4번 출구, 마모루, 그빛교회",
          "answer_wordNum": 5,
          "fact": [
            "다래목 해물손칼국수전문점,인접,우장산역 4번 출구, 마모루, 그빛교회"
          ]
        },
        {
          "question_id": 1,
          "question_type": "정보",
          "question": "이 곳의 주소는 어떻게 되나요?",
          "question_wordNum": 5,
          "answer": "서울 강서구 강서로47가길 27",
          "answer_wordNum": 4,
          "fact": [
            "다래목 해물손칼국수전문점,주소,서울 강서구 강서로47가길 27"
          ]
        },
        {
          "question_id": 2,
          "question_type": "정보",
          "question": "연락처가 어떻게 되나요?",
          "question_wordNum": 3,
          "answer": "02-2661-7845",
          "answer_wordNum": 1,
          "fact": [
            "다래목 해물손칼국수전문점,연락처,02-2661-7845"
          ]
        },
        {
          "question_id": 3,
          "question_type": "정보",
          "question": "영업시간은 어떻게 되나요?",
          "question_wordNum": 3,
          "answer": "10:00~22:00",
          "answer_wordNum": 1,
          "fact": [
            "다래목 해물손칼국수전문점,영업시간,10:00~22:00"
          ]
        }
      ]
    },
    {
      "image_id": 3,
      "question": [
        {
          "question_id": 0,
          "question_type": "정보",
          "question": "휴무일은 어떻게 되나요?",
          "question_wordNum": 3,
          "answer": "매주 금요일",
          "answer_wordNum": 2,
          "fact": [
            "다래목 해물손칼국수전문점,휴무일,매주 금요일"
          ]
        },
        {
          "question_id": 1,
          "question_type": "탐색",
          "question": "주차시설이 있나요?",
          "question_wordNum": 2,
          "answer": "있음",
          "answer_wordNum": 1,
          "fact": [
            "다래목 해물손칼국수전문점,주차시설,있음"
          ]
        },
        {
          "question_id": 2,
          "question_type": "정보",
          "question": "연락처가 어떻게 되나요?",
          "question_wordNum": 3,
          "answer": "02-2661-7845",
          "answer_wordNum": 1,
          "fact": [
            "다래목 해물손칼국수전문점,연락처,02-2661-7845"
          ]
        },
        {
          "question_id": 3,
          "question_type": "정보",
          "question": "영업시간은 어떻게 되나요?",
          "question_wordNum": 3,
          "answer": "10:00~22:00",
          "answer_wordNum": 1,
          "fact": [
            "다래목 해물손칼국수전문점,영업시간,10:00~22:00"
          ]
        }
      ]
    },
    {
      "image_id": 4,
      "question": [
        {
          "question_id": 0,
          "question_type": "관계",
          "question": "이 곳에 인접한 시설이 있나요?",
          "question_wordNum": 5,
          "answer": "우장산역 4번 출구, 마모루, 그빛교회",
          "answer_wordNum": 5,
          "fact": [
            "다래목 해물손칼국수전문점,인접,우장산역 4번 출구, 마모루, 그빛교회"
          ]
        },
        {
          "question_id": 1,
          "question_type": "정보",
          "question": "이 곳의 주소는 어떻게 되나요?",
          "question_wordNum": 5,
          "answer": "서울 강서구 강서로47가길 27",
          "answer_wordNum": 4,
          "fact": [
            "다래목 해물손칼국수전문점,주소,서울 강서구 강서로47가길 27"
          ]
        },
        {
          "question_id": 2,
          "question_type": "정보",
          "question": "영업시간은 몇시부터 몇시까지로 기재되어 있나요?",
          "question_wordNum": 5,
          "answer": "10:00~22:00",
          "answer_wordNum": 1,
          "fact": [
            "다래목 해물손칼국수전문점,영업시간,10:00~22:00"
          ]
        },
        {
          "question_id": 3,
          "question_type": "정보",
          "question": "연락처가 어떻게 되나요?",
          "question_wordNum": 3,
          "answer": "02-2661-7845",
          "answer_wordNum": 1,
          "fact": [
            "다래목 해물손칼국수전문점,연락처,02-2661-7845"
          ]
        }
      ]
    }
  ]
}