{
  "data": {
    "dataset": "2-083-219",
    "POI_id": "561513",
    "travelType": "음식점",
    "place": "저스트텐동 마곡점",
    "area": "서울"
  },
  "imageInfo": [
    {
      "image_id": 0,
      "filename": "561513_0_su_5_저스트텐동 마곡점_1_001.png",
      "mapx": 37.5601077371065,
      "mapy": 126.832082440541,
      "width": 3840,
      "height": 2160,
      "caption_info": [
        "저스트텐동 마곡점(마곡동)",
        "의자, 입간판, 여닫이문"
      ]
    },
    {
      "image_id": 1,
      "filename": "561513_0_su_5_저스트텐동 마곡점_1_002.png",
      "mapx": 37.5601077371065,
      "mapy": 126.832082440541,
      "width": 3840,
      "height": 2160,
      "caption_info": [
        "저스트텐동 마곡점(마곡동)",
        "의자, 여닫이문, 입간판"
      ]
    },
    {
      "image_id": 2,
      "filename": "561513_0_su_5_저스트텐동 마곡점_1_003.png",
      "mapx": 37.5601077371065,
      "mapy": 126.832082440541,
      "width": 3840,
      "height": 2160,
      "caption_info": [
        "저스트텐동 마곡점(마곡동)",
        "테이블, 등받이의자"
      ]
    },
    {
      "image_id": 3,
      "filename": "561513_0_su_5_저스트텐동 마곡점_1_004.png",
      "mapx": 37.5601077371065,
      "mapy": 126.832082440541,
      "width": 3840,
      "height": 2160,
      "caption_info": [
        "저스트텐동 마곡점(마곡동)",
        "메뉴판"
      ]
    },
    {
      "image_id": 4,
      "filename": "561513_0_su_5_저스트텐동 마곡점_1_005.png",
      "mapx": 37.5601077371065,
      "mapy": 126.832082440541,
      "width": 3840,
      "height": 2160,
      "caption_info": [
        "저스트텐동 마곡점(마곡동)",
        "아이스크림"
      ]
    }
  ],
  "annotations": [
    {
      "image_id": 0,
      "question": [
        {
          "question_id": 0,
          "question_type": "정보",
          "question": "휴무일을 알 수 있나요?",
          "question_wordNum": 4,
          "answer": "알수없음",
          "answer_wordNum": 1,
          "fact": [
            "저스트텐동 마곡점,휴무일,알수없음"
          ]
        },
        {
          "question_id": 1,
          "question_type": "정보",
          "question": "이 곳의 주요 메뉴는 무엇이 있나요?",
          "question_wordNum": 6,
          "answer": "에비 한상, 생선 한상",
          "answer_wordNum": 4,
          "fact": [
            "저스트텐동 마곡점,메뉴,에비 한상, 생선 한상"
          ]
        },
        {
          "question_id": 2,
          "question_type": "정보",
          "question": "연락처가 어떻게 되나요?",
          "question_wordNum": 3,
          "answer": "010-2437-0817",
          "answer_wordNum": 1,
          "fact": [
            "저스트텐동 마곡점,연락처,010-2437-0817"
          ]
        },
        {
          "question_id": 3,
          "question_type": "정보",
          "question": "영업시간은 어떻게 되나요?",
          "question_wordNum": 3,
          "answer": "11:00/12:00~21:00",
          "answer_wordNum": 1,
          "fact": [
            "저스트텐동 마곡점,영업시간,11:00/12:00~21:00"
          ]
        }
      ]
    },
    {
      "image_id": 1,
      "question": [
        {
          "question_id": 0,
          "question_type": "정보",
          "question": "영업시간은 어떻게 되나요?",
          "question_wordNum": 3,
          "answer": "11:00/12:00~21:00",
          "answer_wordNum": 1,
          "fact": [
            "저스트텐동 마곡점,영업시간,11:00/12:00~21:00"
          ]
        },
        {
          "question_id": 1,
          "question_type": "정보",
          "question": "이 곳의 주요 메뉴는 무엇이 있나요?",
          "question_wordNum": 6,
          "answer": "에비 한상, 생선 한상",
          "answer_wordNum": 4,
          "fact": [
            "저스트텐동 마곡점,메뉴,에비 한상, 생선 한상"
          ]
        },
        {
          "question_id": 2,
          "question_type": "탐색",
          "question": "주차시설이 있나요?",
          "question_wordNum": 2,
          "answer": "있음",
          "answer_wordNum": 1,
          "fact": [
            "저스트텐동 마곡점,주차시설,있음"
          ]
        },
        {
          "question_id": 3,
          "question_type": "정보",
          "question": "이 곳의 주소는 어떻게 되나요?",
          "question_wordNum": 5,
          "answer": "서울 강서구 마곡중앙6로 42 사이언스타 1층 101호",
          "answer_wordNum": 7,
          "fact": [
            "저스트텐동 마곡점,주소,서울 강서구 마곡중앙6로 42 사이언스타 1층 101호"
          ]
        }
      ]
    },
    {
      "image_id": 2,
      "question": [
        {
          "question_id": 0,
          "question_type": "관계",
          "question": "이 곳에 인접한 시설이 있나요?",
          "question_wordNum": 5,
          "answer": "마곡역 3번 출구, CU, 아고라",
          "answer_wordNum": 5,
          "fact": [
            "저스트텐동 마곡점,인접,마곡역 3번 출구, CU, 아고라"
          ]
        },
        {
          "question_id": 1,
          "question_type": "정보",
          "question": "연락처가 어떻게 되나요?",
          "question_wordNum": 3,
          "answer": "010-2437-0817",
          "answer_wordNum": 1,
          "fact": [
            "저스트텐동 마곡점,연락처,010-2437-0817"
          ]
        },
        {
          "question_id": 2,
          "question_type": "탐색",
          "question": "주차시설이 있나요?",
          "question_wordNum": 2,
          "answer": "있음",
          "answer_wordNum": 1,
          "fact": [
            "저스트텐동 마곡점,주차시설,있음"
          ]
        },
        {
          "question_id": 3,
          "question_type": "정보",
          "question": "영업시간은 어떻게 되나요?",
          "question_wordNum": 3,
          "answer": "11:00/12:00~21:00",
          "answer_wordNum": 1,
          "fact": [
            "저스트텐동 마곡점,영업시간,11:00/12:00~21:00"
          ]
        }
      ]
    },
    {
      "image_id": 3,
      "question": [
        {
          "question_id": 0,
          "question_type": "정보",
          "question": "휴무일을 알 수 있나요?",
          "question_wordNum": 4,
          "answer": "알수없음",
          "answer_wordNum": 1,
          "fact": [
            "저스트텐동 마곡점,휴무일,알수없음"
          ]
        },
        {
          "question_id": 1,
          "question_type": "정보",
          "question": "영업시간은 어떻게 되나요?",
          "question_wordNum": 3,
          "answer": "11:00/12:00~21:00",
          "answer_wordNum": 1,
          "fact": [
            "저스트텐동 마곡점,영업시간,11:00/12:00~21:00"
          ]
        },
        {
          "question_id": 2,
          "question_type": "탐색",
          "question": "주차시설이 있나요?",
          "question_wordNum": 2,
          "answer": "있음",
          "answer_wordNum": 1,
          "fact": [
            "저스트텐동 마곡점,주차시설,있음"
          ]
        },
        {
          "question_id": 3,
          "question_type": "정보",
          "question": "이 곳의 주요 메뉴는 무엇이 있나요?",
          "question_wordNum": 6,
          "answer": "에비 한상, 생선 한상",
          "answer_wordNum": 4,
          "fact": [
            "저스트텐동 마곡점,메뉴,에비 한상, 생선 한상"
          ]
        }
      ]
    },
    {
      "image_id": 4,
      "question": [
        {
          "question_id": 0,
          "question_type": "관계",
          "question": "이 곳에 인접한 시설이 있나요?",
          "question_wordNum": 5,
          "answer": "마곡역 3번 출구, CU, 아고라",
          "answer_wordNum": 5,
          "fact": [
            "저스트텐동 마곡점,인접,마곡역 3번 출구, CU, 아고라"
          ]
        },
        {
          "question_id": 1,
          "question_type": "정보",
          "question": "이 곳의 주소는 어떻게 되나요?",
          "question_wordNum": 5,
          "answer": "서울 강서구 마곡중앙6로 42 사이언스타 1층 101호",
          "answer_wordNum": 7,
          "fact": [
            "저스트텐동 마곡점,주소,서울 강서구 마곡중앙6로 42 사이언스타 1층 101호"
          ]
        },
        {
          "question_id": 2,
          "question_type": "정보",
          "question": "이 곳의 주요 메뉴는 무엇이 있나요?",
          "question_wordNum": 6,
          "answer": "에비 한상, 생선 한상",
          "answer_wordNum": 4,
          "fact": [
            "저스트텐동 마곡점,메뉴,에비 한상, 생선 한상"
          ]
        },
        {
          "question_id": 3,
          "question_type": "정보",
          "question": "연락처가 어떻게 되나요?",
          "question_wordNum": 3,
          "answer": "010-2437-0817",
          "answer_wordNum": 1,
          "fact": [
            "저스트텐동 마곡점,연락처,010-2437-0817"
          ]
        }
      ]
    }
  ]
}