{
  "data": {
    "dataset": "2-083-219",
    "POI_id": "561441",
    "travelType": "음식점",
    "place": "뉴욕버거&치킨 가양홈플러스점",
    "area": "서울"
  },
  "imageInfo": [
    {
      "image_id": 0,
      "filename": "561441_0_su_5_뉴욕버거&치킨 가양홈플러스점_1_001.png",
      "mapx": 37.5642640468035,
      "mapy": 126.849960213917,
      "width": 3840,
      "height": 2160,
      "caption_info": [
        "뉴욕버거&치킨 가양홈플러스점(가양동)",
        "메뉴판, 테이블, 의자"
      ]
    },
    {
      "image_id": 1,
      "filename": "561441_0_su_5_뉴욕버거&치킨 가양홈플러스점_1_002.png",
      "mapx": 37.5642640468035,
      "mapy": 126.849960213917,
      "width": 3840,
      "height": 2160,
      "caption_info": [
        "뉴욕버거&치킨 가양홈플러스점(가양동)",
        "건물"
      ]
    },
    {
      "image_id": 2,
      "filename": "561441_0_su_5_뉴욕버거&치킨 가양홈플러스점_1_003.png",
      "mapx": 37.5642640468035,
      "mapy": 126.849960213917,
      "width": 3840,
      "height": 2160,
      "caption_info": [
        "뉴욕버거&치킨 가양홈플러스점(가양동)",
        "메뉴판, 유아용의자"
      ]
    },
    {
      "image_id": 3,
      "filename": "561441_0_su_5_뉴욕버거&치킨 가양홈플러스점_1_004.png",
      "mapx": 37.5642640468035,
      "mapy": 126.849960213917,
      "width": 3840,
      "height": 2160,
      "caption_info": [
        "뉴욕버거&치킨 가양홈플러스점(가양동)",
        "전자메뉴판"
      ]
    },
    {
      "image_id": 4,
      "filename": "561441_0_su_5_뉴욕버거&치킨 가양홈플러스점_1_005.png",
      "mapx": 37.5642640468035,
      "mapy": 126.849960213917,
      "width": 3840,
      "height": 2160,
      "caption_info": [
        "뉴욕버거&치킨 가양홈플러스점(가양동)",
        "감자튀김"
      ]
    }
  ],
  "annotations": [
    {
      "image_id": 0,
      "question": [
        {
          "question_id": 0,
          "question_type": "관계",
          "question": "이 곳에 인접한 시설이 있나요?",
          "question_wordNum": 5,
          "answer": "가양역 1번 출구, 홈플러스, CU",
          "answer_wordNum": 5,
          "fact": [
            "뉴욕버거&치킨 가양홈플러스점,인접,가양역 1번 출구, 홈플러스, CU"
          ]
        },
        {
          "question_id": 1,
          "question_type": "탐색",
          "question": "주차시설이 있나요?",
          "question_wordNum": 2,
          "answer": "있음",
          "answer_wordNum": 1,
          "fact": [
            "뉴욕버거&치킨 가양홈플러스점,주차시설,있음"
          ]
        },
        {
          "question_id": 2,
          "question_type": "정보",
          "question": "연락처를 알 수 있나요?",
          "question_wordNum": 4,
          "answer": "070-8825-0458",
          "answer_wordNum": 1,
          "fact": [
            "뉴욕버거&치킨 가양홈플러스점,연락처,070-8825-0458"
          ]
        },
        {
          "question_id": 3,
          "question_type": "정보",
          "question": "이 곳의 대표적인 메뉴를 알 수 있나요?",
          "question_wordNum": 7,
          "answer": "뉴욕버거, 리얼딥치즈버거",
          "answer_wordNum": 2,
          "fact": [
            "뉴욕버거&치킨 가양홈플러스점,메뉴,뉴욕버거, 리얼딥치즈버거"
          ]
        }
      ]
    },
    {
      "image_id": 1,
      "question": [
        {
          "question_id": 0,
          "question_type": "정보",
          "question": "이 곳의 주요 메뉴를 알 수 있나요?",
          "question_wordNum": 7,
          "answer": "뉴욕버거, 리얼딥치즈버거",
          "answer_wordNum": 2,
          "fact": [
            "뉴욕버거&치킨 가양홈플러스점,메뉴,뉴욕버거, 리얼딥치즈버거"
          ]
        },
        {
          "question_id": 1,
          "question_type": "탐색",
          "question": "주차시설이 있는지 알 수 있나요?",
          "question_wordNum": 5,
          "answer": "있음",
          "answer_wordNum": 1,
          "fact": [
            "뉴욕버거&치킨 가양홈플러스점,주차시설,있음"
          ]
        },
        {
          "question_id": 2,
          "question_type": "정보",
          "question": "연락처를 알 수 있나요?",
          "question_wordNum": 4,
          "answer": "070-8825-0458",
          "answer_wordNum": 1,
          "fact": [
            "뉴욕버거&치킨 가양홈플러스점,연락처,070-8825-0458"
          ]
        },
        {
          "question_id": 3,
          "question_type": "정보",
          "question": "이 곳의 주소를 알 수 있나요?",
          "question_wordNum": 6,
          "answer": "서울 강서구 양천로 431",
          "answer_wordNum": 4,
          "fact": [
            "뉴욕버거&치킨 가양홈플러스점,주소,서울 강서구 양천로 431"
          ]
        }
      ]
    },
    {
      "image_id": 2,
      "question": [
        {
          "question_id": 0,
          "question_type": "관계",
          "question": "이 곳에 인접한 시설이 있나요?",
          "question_wordNum": 5,
          "answer": "가양역 1번 출구, 홈플러스, CU",
          "answer_wordNum": 5,
          "fact": [
            "뉴욕버거&치킨 가양홈플러스점,인접,가양역 1번 출구, 홈플러스, CU"
          ]
        },
        {
          "question_id": 1,
          "question_type": "정보",
          "question": "영업시간을 알 수 있나요?",
          "question_wordNum": 4,
          "answer": "11:00~20:00",
          "answer_wordNum": 1,
          "fact": [
            "뉴욕버거&치킨 가양홈플러스점,영업시간,11:00~20:00"
          ]
        },
        {
          "question_id": 2,
          "question_type": "정보",
          "question": "휴무일을 알 수 있나요?",
          "question_wordNum": 4,
          "answer": "둘째, 넷째 일요일",
          "answer_wordNum": 3,
          "fact": [
            "뉴욕버거&치킨 가양홈플러스점,휴무일,둘째, 넷째 일요일"
          ]
        },
        {
          "question_id": 3,
          "question_type": "탐색",
          "question": "주차시설이 있나요?",
          "question_wordNum": 2,
          "answer": "있음",
          "answer_wordNum": 1,
          "fact": [
            "뉴욕버거&치킨 가양홈플러스점,주차시설,있음"
          ]
        }
      ]
    },
    {
      "image_id": 3,
      "question": [
        {
          "question_id": 0,
          "question_type": "정보",
          "question": "이 곳의 주요 메뉴는 무엇이 있나요?",
          "question_wordNum": 6,
          "answer": "뉴욕버거, 리얼딥치즈버거",
          "answer_wordNum": 2,
          "fact": [
            "뉴욕버거&치킨 가양홈플러스점,메뉴,뉴욕버거, 리얼딥치즈버거"
          ]
        },
        {
          "question_id": 1,
          "question_type": "정보",
          "question": "이 곳의 주소는 어떻게 되나요?",
          "question_wordNum": 5,
          "answer": "서울 강서구 양천로 431",
          "answer_wordNum": 4,
          "fact": [
            "뉴욕버거&치킨 가양홈플러스점,주소,서울 강서구 양천로 431"
          ]
        },
        {
          "question_id": 2,
          "question_type": "관계",
          "question": "이 곳에 인접한 시설을 알 수 있나요?",
          "question_wordNum": 7,
          "answer": "가양역 1번 출구, 홈플러스, CU",
          "answer_wordNum": 5,
          "fact": [
            "뉴욕버거&치킨 가양홈플러스점,인접,가양역 1번 출구, 홈플러스, CU"
          ]
        },
        {
          "question_id": 3,
          "question_type": "정보",
          "question": "휴무일은 어떻게 되나요?",
          "question_wordNum": 3,
          "answer": "둘째, 넷째 일요일",
          "answer_wordNum": 3,
          "fact": [
            "뉴욕버거&치킨 가양홈플러스점,휴무일,둘째, 넷째 일요일"
          ]
        }
      ]
    },
    {
      "image_id": 4,
      "question": [
        {
          "question_id": 0,
          "question_type": "관계",
          "question": "이 곳에 인접한 시설이 있나요?",
          "question_wordNum": 5,
          "answer": "가양역 1번 출구, 홈플러스, CU",
          "answer_wordNum": 5,
          "fact": [
            "뉴욕버거&치킨 가양홈플러스점,인접,가양역 1번 출구, 홈플러스, CU"
          ]
        },
        {
          "question_id": 1,
          "question_type": "탐색",
          "question": "주차시설이 있는지 알 수 있나요?",
          "question_wordNum": 5,
          "answer": "있음",
          "answer_wordNum": 1,
          "fact": [
            "뉴욕버거&치킨 가양홈플러스점,주차시설,있음"
          ]
        },
        {
          "question_id": 2,
          "question_type": "정보",
          "question": "휴무일을 알 수 있나요?",
          "question_wordNum": 4,
          "answer": "둘째, 넷째 일요일",
          "answer_wordNum": 3,
          "fact": [
            "뉴욕버거&치킨 가양홈플러스점,휴무일,둘째, 넷째 일요일"
          ]
        },
        {
          "question_id": 3,
          "question_type": "정보",
          "question": "이 곳의 주소를 알 수 있나요?",
          "question_wordNum": 6,
          "answer": "서울 강서구 양천로 431",
          "answer_wordNum": 4,
          "fact": [
            "뉴욕버거&치킨 가양홈플러스점,주소,서울 강서구 양천로 431"
          ]
        }
      ]
    }
  ]
}