{
  "data": {
    "dataset": "2-083-219",
    "POI_id": "561760",
    "travelType": "음식점",
    "place": "고향잔치국수 ",
    "area": "서울"
  },
  "imageInfo": [
    {
      "image_id": 0,
      "filename": "561760_0_su_5_고향잔치국수 _4_001.png",
      "mapx": 37.5545447642945,
      "mapy": 126.838577974006,
      "width": 3840,
      "height": 2160,
      "caption_info": [
        "고향잔치국수(내발산동)",
        "여닫이문, 실외기"
      ]
    },
    {
      "image_id": 1,
      "filename": "561760_0_su_5_고향잔치국수 _4_002.png",
      "mapx": 37.5545447642945,
      "mapy": 126.838577974006,
      "width": 3840,
      "height": 2160,
      "caption_info": [
        "고향잔치국수(내발산동)",
        "간판, 여닫이문, 실외기"
      ]
    },
    {
      "image_id": 2,
      "filename": "561760_0_su_5_고향잔치국수 _4_003.png",
      "mapx": 37.5545447642945,
      "mapy": 126.838577974006,
      "width": 3840,
      "height": 2160,
      "caption_info": [
        "고향잔치국수(내발산동)",
        "좌식 테이블"
      ]
    },
    {
      "image_id": 3,
      "filename": "561760_0_su_5_고향잔치국수 _4_004.png",
      "mapx": 37.5545447642945,
      "mapy": 126.838577974006,
      "width": 3840,
      "height": 2160,
      "caption_info": [
        "고향잔치국수(내발산동)",
        "메뉴판"
      ]
    },
    {
      "image_id": 4,
      "filename": "561760_0_su_5_고향잔치국수 _4_005.png",
      "mapx": 37.5545447642945,
      "mapy": 126.838577974006,
      "width": 3840,
      "height": 2160,
      "caption_info": [
        "고향잔치국수(내발산동)",
        "비빔국수"
      ]
    }
  ],
  "annotations": [
    {
      "image_id": 0,
      "question": [
        {
          "question_id": 0,
          "question_type": "관계",
          "question": "이 곳에 인접한 시설을 알 수 있나요?",
          "question_wordNum": 7,
          "answer": "발산역 6번 출구, 오로라, 페리카나",
          "answer_wordNum": 5,
          "fact": [
            "고향잔치국수,인접,발산역 6번 출구, 오로라, 페리카나"
          ]
        },
        {
          "question_id": 1,
          "question_type": "정보",
          "question": "연락처를 알 수 있나요?",
          "question_wordNum": 4,
          "answer": "02-3665-9994",
          "answer_wordNum": 1,
          "fact": [
            "고향잔치국수,연락처,02-3665-9994"
          ]
        },
        {
          "question_id": 2,
          "question_type": "탐색",
          "question": "주차시설이 있나요?",
          "question_wordNum": 2,
          "answer": "있음",
          "answer_wordNum": 1,
          "fact": [
            "고향잔치국수,주차시설,있음"
          ]
        },
        {
          "question_id": 3,
          "question_type": "정보",
          "question": "휴무일은 어떻게 되나요?",
          "question_wordNum": 3,
          "answer": "매주 일요일",
          "answer_wordNum": 2,
          "fact": [
            "고향잔치국수,휴무일,매주 일요일"
          ]
        }
      ]
    },
    {
      "image_id": 1,
      "question": [
        {
          "question_id": 0,
          "question_type": "탐색",
          "question": "주차시설이 있는지 알 수 있나요?",
          "question_wordNum": 5,
          "answer": "있음",
          "answer_wordNum": 1,
          "fact": [
            "고향잔치국수,주차시설,있음"
          ]
        },
        {
          "question_id": 1,
          "question_type": "정보",
          "question": "이 곳의 대표적인 메뉴는 무엇이 있나요?",
          "question_wordNum": 6,
          "answer": "잔치국수, 비빔국수",
          "answer_wordNum": 2,
          "fact": [
            "고향잔치국수,메뉴,잔치국수, 비빔국수"
          ]
        },
        {
          "question_id": 2,
          "question_type": "정보",
          "question": "영업시간은 몇시부터 몇시까지로 기재되어 있나요?",
          "question_wordNum": 5,
          "answer": "11:00~21:00",
          "answer_wordNum": 1,
          "fact": [
            "고향잔치국수,영업시간,11:00~21:00"
          ]
        },
        {
          "question_id": 3,
          "question_type": "관계",
          "question": "이 곳에 인접한 시설을 알 수 있나요?",
          "question_wordNum": 7,
          "answer": "발산역 6번 출구, 오로라, 페리카나",
          "answer_wordNum": 5,
          "fact": [
            "고향잔치국수,인접,발산역 6번 출구, 오로라, 페리카나"
          ]
        }
      ]
    },
    {
      "image_id": 2,
      "question": [
        {
          "question_id": 0,
          "question_type": "정보",
          "question": "연락처를 알 수 있나요?",
          "question_wordNum": 4,
          "answer": "02-3665-9994",
          "answer_wordNum": 1,
          "fact": [
            "고향잔치국수,연락처,02-3665-9994"
          ]
        },
        {
          "question_id": 1,
          "question_type": "정보",
          "question": "휴무일을 알 수 있나요?",
          "question_wordNum": 4,
          "answer": "매주 일요일",
          "answer_wordNum": 2,
          "fact": [
            "고향잔치국수,휴무일,매주 일요일"
          ]
        },
        {
          "question_id": 2,
          "question_type": "정보",
          "question": "이 곳의 주요 메뉴를 알 수 있나요?",
          "question_wordNum": 7,
          "answer": "잔치국수, 비빔국수",
          "answer_wordNum": 2,
          "fact": [
            "고향잔치국수,메뉴,잔치국수, 비빔국수"
          ]
        },
        {
          "question_id": 3,
          "question_type": "정보",
          "question": "영업시간을 알 수 있나요?",
          "question_wordNum": 4,
          "answer": "11:00~21:00",
          "answer_wordNum": 1,
          "fact": [
            "고향잔치국수,영업시간,11:00~21:00"
          ]
        }
      ]
    },
    {
      "image_id": 3,
      "question": [
        {
          "question_id": 0,
          "question_type": "정보",
          "question": "휴무일을 알 수 있나요?",
          "question_wordNum": 4,
          "answer": "매주 일요일",
          "answer_wordNum": 2,
          "fact": [
            "고향잔치국수,휴무일,매주 일요일"
          ]
        },
        {
          "question_id": 1,
          "question_type": "정보",
          "question": "영업시간을 알 수 있나요?",
          "question_wordNum": 4,
          "answer": "11:00~21:00",
          "answer_wordNum": 1,
          "fact": [
            "고향잔치국수,영업시간,11:00~21:00"
          ]
        },
        {
          "question_id": 2,
          "question_type": "정보",
          "question": "이 곳의 주소를 알 수 있나요?",
          "question_wordNum": 6,
          "answer": "서울 강서구 우장산로 12",
          "answer_wordNum": 4,
          "fact": [
            "고향잔치국수,주소,서울 강서구 우장산로 12"
          ]
        },
        {
          "question_id": 3,
          "question_type": "탐색",
          "question": "주차시설이 있는지 알 수 있나요?",
          "question_wordNum": 5,
          "answer": "있음",
          "answer_wordNum": 1,
          "fact": [
            "고향잔치국수,주차시설,있음"
          ]
        }
      ]
    },
    {
      "image_id": 4,
      "question": [
        {
          "question_id": 0,
          "question_type": "관계",
          "question": "이 곳에 인접한 시설을 알 수 있나요?",
          "question_wordNum": 7,
          "answer": "발산역 6번 출구, 오로라, 페리카나",
          "answer_wordNum": 5,
          "fact": [
            "고향잔치국수,인접,발산역 6번 출구, 오로라, 페리카나"
          ]
        },
        {
          "question_id": 1,
          "question_type": "정보",
          "question": "이 곳의 대표적인 메뉴는 무엇이 있나요?",
          "question_wordNum": 6,
          "answer": "잔치국수, 비빔국수",
          "answer_wordNum": 2,
          "fact": [
            "고향잔치국수,메뉴,잔치국수, 비빔국수"
          ]
        },
        {
          "question_id": 2,
          "question_type": "정보",
          "question": "연락처가 어떻게 되나요?",
          "question_wordNum": 3,
          "answer": "02-3665-9994",
          "answer_wordNum": 1,
          "fact": [
            "고향잔치국수,연락처,02-3665-9994"
          ]
        },
        {
          "question_id": 3,
          "question_type": "정보",
          "question": "이 곳의 주소는 어떻게 되나요?",
          "question_wordNum": 5,
          "answer": "서울 강서구 우장산로 12",
          "answer_wordNum": 4,
          "fact": [
            "고향잔치국수,주소,서울 강서구 우장산로 12"
          ]
        }
      ]
    }
  ]
}