{
  "data": {
    "dataset": "2-083-219",
    "POI_id": "561391",
    "travelType": "음식점",
    "place": "가양동연탄집",
    "area": "서울"
  },
  "imageInfo": [
    {
      "image_id": 0,
      "filename": "561391_0_su_5_가양동연탄집_1_001.png",
      "mapx": 37.5703729911596,
      "mapy": 126.843247785512,
      "width": 3840,
      "height": 2160,
      "caption_info": [
        "가양동연탄집(가양동)",
        "등받이 의자"
      ]
    },
    {
      "image_id": 1,
      "filename": "561391_0_su_5_가양동연탄집_1_002.png",
      "mapx": 37.5703729911596,
      "mapy": 126.843247785512,
      "width": 3840,
      "height": 2160,
      "caption_info": [
        "가양동연탄집(가양동)",
        "간판, 등받이 의자"
      ]
    },
    {
      "image_id": 2,
      "filename": "561391_0_su_5_가양동연탄집_1_003.png",
      "mapx": 37.5703729911596,
      "mapy": 126.843247785512,
      "width": 3840,
      "height": 2160,
      "caption_info": [
        "가양동연탄집(가양동)",
        "테이블, 등받이 의자"
      ]
    },
    {
      "image_id": 3,
      "filename": "561391_0_su_5_가양동연탄집_1_004.png",
      "mapx": 37.5703729911596,
      "mapy": 126.843247785512,
      "width": 3840,
      "height": 2160,
      "caption_info": [
        "가양동연탄집(가양동)",
        "메뉴판"
      ]
    },
    {
      "image_id": 4,
      "filename": "561391_0_su_5_가양동연탄집_1_005.png",
      "mapx": 37.5703729911596,
      "mapy": 126.843247785512,
      "width": 3840,
      "height": 2160,
      "caption_info": [
        "가양동연탄집(가양동)",
        "돼지고기"
      ]
    }
  ],
  "annotations": [
    {
      "image_id": 0,
      "question": [
        {
          "question_id": 0,
          "question_type": "정보",
          "question": "이 곳의 주소를 알 수 있나요?",
          "question_wordNum": 6,
          "answer": "서울 강서구 허준로 14 1층 연탄집",
          "answer_wordNum": 6,
          "fact": [
            "가양동연탄집,주소,서울 강서구 허준로 14 1층 연탄집"
          ]
        },
        {
          "question_id": 1,
          "question_type": "정보",
          "question": "연락처를 알 수 있나요?",
          "question_wordNum": 4,
          "answer": "0507-1356-7522",
          "answer_wordNum": 1,
          "fact": [
            "가양동연탄집,연락처,0507-1356-7522"
          ]
        },
        {
          "question_id": 2,
          "question_type": "탐색",
          "question": "주차시설이 있는지 알 수 있나요?",
          "question_wordNum": 5,
          "answer": "있음",
          "answer_wordNum": 1,
          "fact": [
            "가양동연탄집,주차시설,있음"
          ]
        },
        {
          "question_id": 3,
          "question_type": "정보",
          "question": "이 곳의 메뉴를 알 수 있나요?",
          "question_wordNum": 6,
          "answer": "항정살, 삼겹살",
          "answer_wordNum": 2,
          "fact": [
            "가양동연탄집,메뉴,항정살, 삼겹살"
          ]
        }
      ]
    },
    {
      "image_id": 1,
      "question": [
        {
          "question_id": 0,
          "question_type": "정보",
          "question": "이 곳의 주소를 알 수 있나요?",
          "question_wordNum": 6,
          "answer": "서울 강서구 허준로 14 1층 연탄집",
          "answer_wordNum": 6,
          "fact": [
            "가양동연탄집,주소,서울 강서구 허준로 14 1층 연탄집"
          ]
        },
        {
          "question_id": 1,
          "question_type": "정보",
          "question": "휴무일은 어떻게 되나요?",
          "question_wordNum": 3,
          "answer": "없음",
          "answer_wordNum": 1,
          "fact": [
            "가양동연탄집,휴무일,없음"
          ]
        },
        {
          "question_id": 2,
          "question_type": "관계",
          "question": "이 곳에 인접한 시설이 있나요?",
          "question_wordNum": 5,
          "answer": "양천향교역 3번 출구, 치킨사냥, CU",
          "answer_wordNum": 5,
          "fact": [
            "가양동연탄집,인접,양천향교역 3번 출구, 치킨사냥, CU"
          ]
        },
        {
          "question_id": 3,
          "question_type": "정보",
          "question": "대표 메뉴가 무엇인가요?",
          "question_wordNum": 3,
          "answer": "항정살, 삼겹살",
          "answer_wordNum": 2,
          "fact": [
            "가양동연탄집,메뉴,항정살, 삼겹살"
          ]
        }
      ]
    },
    {
      "image_id": 2,
      "question": [
        {
          "question_id": 0,
          "question_type": "정보",
          "question": "연락처가 어떻게 되나요?",
          "question_wordNum": 3,
          "answer": "0507-1356-7522",
          "answer_wordNum": 1,
          "fact": [
            "가양동연탄집,연락처,0507-1356-7522"
          ]
        },
        {
          "question_id": 1,
          "question_type": "정보",
          "question": "휴무일은 어떻게 되나요?",
          "question_wordNum": 3,
          "answer": "없음",
          "answer_wordNum": 1,
          "fact": [
            "가양동연탄집,휴무일,없음"
          ]
        },
        {
          "question_id": 2,
          "question_type": "탐색",
          "question": "주차시설이 있나요?",
          "question_wordNum": 2,
          "answer": "있음",
          "answer_wordNum": 1,
          "fact": [
            "가양동연탄집,주차시설,있음"
          ]
        },
        {
          "question_id": 3,
          "question_type": "정보",
          "question": "영업시간은 어떻게 되나요?",
          "question_wordNum": 3,
          "answer": "14:00~23:00",
          "answer_wordNum": 1,
          "fact": [
            "가양동연탄집,영업시간,14:00~23:00"
          ]
        }
      ]
    },
    {
      "image_id": 3,
      "question": [
        {
          "question_id": 0,
          "question_type": "정보",
          "question": "이 곳의 메뉴를 알 수 있나요?",
          "question_wordNum": 6,
          "answer": "항정살, 삼겹살",
          "answer_wordNum": 2,
          "fact": [
            "가양동연탄집,메뉴,항정살, 삼겹살"
          ]
        },
        {
          "question_id": 1,
          "question_type": "정보",
          "question": "이 곳의 주소는 어떻게 되나요?",
          "question_wordNum": 5,
          "answer": "서울 강서구 허준로 14 1층 연탄집",
          "answer_wordNum": 6,
          "fact": [
            "가양동연탄집,주소,서울 강서구 허준로 14 1층 연탄집"
          ]
        },
        {
          "question_id": 2,
          "question_type": "정보",
          "question": "휴무일은 어떻게 되나요?",
          "question_wordNum": 3,
          "answer": "없음",
          "answer_wordNum": 1,
          "fact": [
            "가양동연탄집,휴무일,없음"
          ]
        },
        {
          "question_id": 3,
          "question_type": "정보",
          "question": "영업시간을 알 수 있나요?",
          "question_wordNum": 4,
          "answer": "14:00~23:00",
          "answer_wordNum": 1,
          "fact": [
            "가양동연탄집,영업시간,14:00~23:00"
          ]
        }
      ]
    },
    {
      "image_id": 4,
      "question": [
        {
          "question_id": 0,
          "question_type": "관계",
          "question": "이 곳에 인접한 시설이 있나요?",
          "question_wordNum": 5,
          "answer": "양천향교역 3번 출구, 치킨사냥, CU",
          "answer_wordNum": 5,
          "fact": [
            "가양동연탄집,인접,양천향교역 3번 출구, 치킨사냥, CU"
          ]
        },
        {
          "question_id": 1,
          "question_type": "정보",
          "question": "이 곳의 주소는 어떻게 되나요?",
          "question_wordNum": 5,
          "answer": "서울 강서구 허준로 14 1층 연탄집",
          "answer_wordNum": 6,
          "fact": [
            "가양동연탄집,주소,서울 강서구 허준로 14 1층 연탄집"
          ]
        },
        {
          "question_id": 2,
          "question_type": "정보",
          "question": "대표 메뉴가 무엇인가요?",
          "question_wordNum": 3,
          "answer": "항정살, 삼겹살",
          "answer_wordNum": 2,
          "fact": [
            "가양동연탄집,메뉴,항정살, 삼겹살"
          ]
        },
        {
          "question_id": 3,
          "question_type": "정보",
          "question": "휴무일을 알 수 있나요?",
          "question_wordNum": 4,
          "answer": "없음",
          "answer_wordNum": 1,
          "fact": [
            "가양동연탄집,휴무일,없음"
          ]
        }
      ]
    }
  ]
}