{
  "data": {
    "dataset": "2-083-219",
    "POI_id": "561679",
    "travelType": "음식점",
    "place": "할머니가차려주는밥상",
    "area": "서울"
  },
  "imageInfo": [
    {
      "image_id": 0,
      "filename": "561679_0_su_5_할머니가차려주는밥상_1_001.png",
      "mapx": 37.5581136160559,
      "mapy": 126.839771765415,
      "width": 3840,
      "height": 2160,
      "caption_info": [
        "할머니가차려주는밥상(내발산동)",
        "간판, 여닫이문"
      ]
    },
    {
      "image_id": 1,
      "filename": "561679_0_su_5_할머니가차려주는밥상_1_002.png",
      "mapx": 37.5581136160559,
      "mapy": 126.839771765415,
      "width": 3840,
      "height": 2160,
      "caption_info": [
        "할머니가차려주는밥상(내발산동)",
        "간판"
      ]
    },
    {
      "image_id": 2,
      "filename": "561679_0_su_5_할머니가차려주는밥상_1_003.png",
      "mapx": 37.5581136160559,
      "mapy": 126.839771765415,
      "width": 3840,
      "height": 2160,
      "caption_info": [
        "할머니가차려주는밥상(내발산동)",
        "테이블, 등받이의자"
      ]
    },
    {
      "image_id": 3,
      "filename": "561679_0_su_5_할머니가차려주는밥상_1_004.png",
      "mapx": 37.5581136160559,
      "mapy": 126.839771765415,
      "width": 3840,
      "height": 2160,
      "caption_info": [
        "할머니가차려주는밥상(내발산동)",
        "메뉴판"
      ]
    },
    {
      "image_id": 4,
      "filename": "561679_0_su_5_할머니가차려주는밥상_1_005.png",
      "mapx": 37.5581136160559,
      "mapy": 126.839771765415,
      "width": 3840,
      "height": 2160,
      "caption_info": [
        "할머니가차려주는밥상(내발산동)",
        "나물"
      ]
    }
  ],
  "annotations": [
    {
      "image_id": 0,
      "question": [
        {
          "question_id": 0,
          "question_type": "정보",
          "question": "연락처가 어떻게 되나요?",
          "question_wordNum": 3,
          "answer": "0507-1352-6649",
          "answer_wordNum": 1,
          "fact": [
            "할머니가차려주는밥상,연락처,0507-1352-6649"
          ]
        },
        {
          "question_id": 1,
          "question_type": "관계",
          "question": "이 곳에 인접한 시설이 있나요?",
          "question_wordNum": 5,
          "answer": "발산역 5번 출구, 대게나라, 마실",
          "answer_wordNum": 5,
          "fact": [
            "할머니가차려주는밥상,인접,발산역 5번 출구, 대게나라, 마실"
          ]
        },
        {
          "question_id": 2,
          "question_type": "정보",
          "question": "이 곳의 주소는 어떻게 되나요?",
          "question_wordNum": 5,
          "answer": "서울 강서구 공항대로 290",
          "answer_wordNum": 4,
          "fact": [
            "할머니가차려주는밥상,주소,서울 강서구 공항대로 290"
          ]
        },
        {
          "question_id": 3,
          "question_type": "정보",
          "question": "휴무일을 알 수 있나요?",
          "question_wordNum": 4,
          "answer": "알수없음",
          "answer_wordNum": 1,
          "fact": [
            "할머니가차려주는밥상,휴무일,알수없음"
          ]
        }
      ]
    },
    {
      "image_id": 1,
      "question": [
        {
          "question_id": 0,
          "question_type": "정보",
          "question": "연락처가 어떻게 되나요?",
          "question_wordNum": 3,
          "answer": "0507-1352-6649",
          "answer_wordNum": 1,
          "fact": [
            "할머니가차려주는밥상,연락처,0507-1352-6649"
          ]
        },
        {
          "question_id": 1,
          "question_type": "관계",
          "question": "이 곳에 인접한 시설이 있나요?",
          "question_wordNum": 5,
          "answer": "발산역 5번 출구, 대게나라, 마실",
          "answer_wordNum": 5,
          "fact": [
            "할머니가차려주는밥상,인접,발산역 5번 출구, 대게나라, 마실"
          ]
        },
        {
          "question_id": 2,
          "question_type": "정보",
          "question": "이 곳의 주소는 어떻게 되나요?",
          "question_wordNum": 5,
          "answer": "서울 강서구 공항대로 290",
          "answer_wordNum": 4,
          "fact": [
            "할머니가차려주는밥상,주소,서울 강서구 공항대로 290"
          ]
        },
        {
          "question_id": 3,
          "question_type": "정보",
          "question": "이곳은 어떤 음식 메뉴가 전문인가요?",
          "question_wordNum": 5,
          "answer": "청국장, 제철나물",
          "answer_wordNum": 2,
          "fact": [
            "할머니가차려주는밥상,전문,청국장, 제철나물"
          ]
        }
      ]
    },
    {
      "image_id": 2,
      "question": [
        {
          "question_id": 0,
          "question_type": "탐색",
          "question": "주차시설이 있나요?",
          "question_wordNum": 2,
          "answer": "있음",
          "answer_wordNum": 1,
          "fact": [
            "할머니가차려주는밥상,주차시설,있음"
          ]
        },
        {
          "question_id": 1,
          "question_type": "정보",
          "question": "휴무일을 알 수 있나요?",
          "question_wordNum": 4,
          "answer": "알수없음",
          "answer_wordNum": 1,
          "fact": [
            "할머니가차려주는밥상,휴무일,알수없음"
          ]
        },
        {
          "question_id": 2,
          "question_type": "정보",
          "question": "이 곳의 대표적인 메뉴는 무엇이 있나요?",
          "question_wordNum": 6,
          "answer": "할머니 보리밥, 어머니 보리밥",
          "answer_wordNum": 4,
          "fact": [
            "할머니가차려주는밥상,메뉴,할머니 보리밥, 어머니 보리밥"
          ]
        },
        {
          "question_id": 3,
          "question_type": "정보",
          "question": "이 곳의 주소는 어떻게 되나요?",
          "question_wordNum": 5,
          "answer": "서울 강서구 공항대로 290",
          "answer_wordNum": 4,
          "fact": [
            "할머니가차려주는밥상,주소,서울 강서구 공항대로 290"
          ]
        }
      ]
    },
    {
      "image_id": 3,
      "question": [
        {
          "question_id": 0,
          "question_type": "정보",
          "question": "연락처가 어떻게 되나요?",
          "question_wordNum": 3,
          "answer": "0507-1352-6649",
          "answer_wordNum": 1,
          "fact": [
            "할머니가차려주는밥상,연락처,0507-1352-6649"
          ]
        },
        {
          "question_id": 1,
          "question_type": "정보",
          "question": "이 곳의 주소는 어떻게 되나요?",
          "question_wordNum": 5,
          "answer": "서울 강서구 공항대로 290",
          "answer_wordNum": 4,
          "fact": [
            "할머니가차려주는밥상,주소,서울 강서구 공항대로 290"
          ]
        },
        {
          "question_id": 2,
          "question_type": "정보",
          "question": "이 곳의 대표적인 메뉴는 무엇이 있나요?",
          "question_wordNum": 6,
          "answer": "할머니 보리밥, 어머니 보리밥",
          "answer_wordNum": 4,
          "fact": [
            "할머니가차려주는밥상,메뉴,할머니 보리밥, 어머니 보리밥"
          ]
        },
        {
          "question_id": 3,
          "question_type": "정보",
          "question": "영업시간은 어떻게 되나요?",
          "question_wordNum": 3,
          "answer": "11:00~21:00",
          "answer_wordNum": 1,
          "fact": [
            "할머니가차려주는밥상,영업시간,11:00~21:00"
          ]
        }
      ]
    },
    {
      "image_id": 4,
      "question": [
        {
          "question_id": 0,
          "question_type": "탐색",
          "question": "주차시설이 있나요?",
          "question_wordNum": 2,
          "answer": "있음",
          "answer_wordNum": 1,
          "fact": [
            "할머니가차려주는밥상,주차시설,있음"
          ]
        },
        {
          "question_id": 1,
          "question_type": "정보",
          "question": "이 곳의 대표적인 메뉴는 무엇이 있나요?",
          "question_wordNum": 6,
          "answer": "할머니 보리밥, 어머니 보리밥",
          "answer_wordNum": 4,
          "fact": [
            "할머니가차려주는밥상,메뉴,할머니 보리밥, 어머니 보리밥"
          ]
        },
        {
          "question_id": 2,
          "question_type": "정보",
          "question": "이 곳의 주소는 어떻게 되나요?",
          "question_wordNum": 5,
          "answer": "서울 강서구 공항대로 290",
          "answer_wordNum": 4,
          "fact": [
            "할머니가차려주는밥상,주소,서울 강서구 공항대로 290"
          ]
        },
        {
          "question_id": 3,
          "question_type": "관계",
          "question": "이 곳에 인접한 시설이 있나요?",
          "question_wordNum": 5,
          "answer": "발산역 5번 출구, 대게나라, 마실",
          "answer_wordNum": 5,
          "fact": [
            "할머니가차려주는밥상,인접,발산역 5번 출구, 대게나라, 마실"
          ]
        }
      ]
    }
  ]
}