{
  "data": {
    "dataset": "2-083-219",
    "POI_id": "561711",
    "travelType": "음식점",
    "place": "명태어장 우장산역점",
    "area": "서울"
  },
  "imageInfo": [
    {
      "image_id": 0,
      "filename": "561711_0_su_5_명태어장 우장산역점_1_001.png",
      "mapx": 37.5484226173222,
      "mapy": 126.836056334562,
      "width": 3840,
      "height": 2160,
      "caption_info": [
        "명태어장 우장산역점(내발산동)",
        "간판, 계단"
      ]
    },
    {
      "image_id": 1,
      "filename": "561711_0_su_5_명태어장 우장산역점_1_002.png",
      "mapx": 37.5484226173222,
      "mapy": 126.836056334562,
      "width": 3840,
      "height": 2160,
      "caption_info": [
        "명태어장 우장산역점(내발산동)",
        "간판, 건물"
      ]
    },
    {
      "image_id": 2,
      "filename": "561711_0_su_5_명태어장 우장산역점_1_003.png",
      "mapx": 37.5484226173222,
      "mapy": 126.836056334562,
      "width": 3840,
      "height": 2160,
      "caption_info": [
        "명태어장 우장산역점(내발산동)",
        "등받이의자, 테이블"
      ]
    },
    {
      "image_id": 3,
      "filename": "561711_0_su_5_명태어장 우장산역점_1_004.png",
      "mapx": 37.5484226173222,
      "mapy": 126.836056334562,
      "width": 3840,
      "height": 2160,
      "caption_info": [
        "명태어장 우장산역점(내발산동)",
        "메뉴판"
      ]
    },
    {
      "image_id": 4,
      "filename": "561711_0_su_5_명태어장 우장산역점_1_005.png",
      "mapx": 37.5484226173222,
      "mapy": 126.836056334562,
      "width": 3840,
      "height": 2160,
      "caption_info": [
        "명태어장 우장산역점(내발산동)",
        "명태조림"
      ]
    }
  ],
  "annotations": [
    {
      "image_id": 0,
      "question": [
        {
          "question_id": 0,
          "question_type": "탐색",
          "question": "주차시설이 있는지 알 수 있나요?",
          "question_wordNum": 5,
          "answer": "있음",
          "answer_wordNum": 1,
          "fact": [
            "명태어장 우장산역점,주차시설,있음"
          ]
        },
        {
          "question_id": 1,
          "question_type": "정보",
          "question": "영업시간은 어떻게 되나요?",
          "question_wordNum": 3,
          "answer": "10:00 - 22:00",
          "answer_wordNum": 3,
          "fact": [
            "명태어장 우장산역점,영업시간,10:00 - 22:00"
          ]
        },
        {
          "question_id": 2,
          "question_type": "관계",
          "question": "이 곳에 인접한 시설이 있나요?",
          "question_wordNum": 5,
          "answer": "우장산역 3번 출구, CU, 메가커피",
          "answer_wordNum": 5,
          "fact": [
            "명태어장 우장산역점,인접,우장산역 3번 출구, CU, 메가커피"
          ]
        },
        {
          "question_id": 3,
          "question_type": "정보",
          "question": "이 곳은 무엇을 전문으로 하나요?",
          "question_wordNum": 5,
          "answer": "명태요리",
          "answer_wordNum": 1,
          "fact": [
            "명태어장 우장산역점,전문,명태요리"
          ]
        }
      ]
    },
    {
      "image_id": 1,
      "question": [
        {
          "question_id": 0,
          "question_type": "정보",
          "question": "이 곳에서는 무엇이 가능한가요?",
          "question_wordNum": 4,
          "answer": "포장",
          "answer_wordNum": 1,
          "fact": [
            "명태어장 우장산역점,가능,포장"
          ]
        },
        {
          "question_id": 1,
          "question_type": "정보",
          "question": "이 곳의 주소를 알 수 있나요?",
          "question_wordNum": 6,
          "answer": "서울 강서구 강서로 253",
          "answer_wordNum": 4,
          "fact": [
            "명태어장 우장산역점,주소,서울 강서구 강서로 253"
          ]
        },
        {
          "question_id": 2,
          "question_type": "정보",
          "question": "연락처를 알 수 있나요?",
          "question_wordNum": 4,
          "answer": "02-2607-7823",
          "answer_wordNum": 1,
          "fact": [
            "명태어장 우장산역점,연락처,02-2607-7823"
          ]
        },
        {
          "question_id": 3,
          "question_type": "정보",
          "question": "영업시간을 알 수 있나요?",
          "question_wordNum": 4,
          "answer": "10:00 - 22:00",
          "answer_wordNum": 3,
          "fact": [
            "명태어장 우장산역점,영업시간,10:00 - 22:00"
          ]
        }
      ]
    },
    {
      "image_id": 2,
      "question": [
        {
          "question_id": 0,
          "question_type": "정보",
          "question": "이 곳은 무엇을 전문으로 하나요?",
          "question_wordNum": 5,
          "answer": "명태요리",
          "answer_wordNum": 1,
          "fact": [
            "명태어장 우장산역점,전문,명태요리"
          ]
        },
        {
          "question_id": 1,
          "question_type": "정보",
          "question": "연락처를 알 수 있나요?",
          "question_wordNum": 4,
          "answer": "02-2607-7823",
          "answer_wordNum": 1,
          "fact": [
            "명태어장 우장산역점,연락처,02-2607-7823"
          ]
        },
        {
          "question_id": 2,
          "question_type": "정보",
          "question": "이 곳에서는 무엇이 가능한가요?",
          "question_wordNum": 4,
          "answer": "포장",
          "answer_wordNum": 1,
          "fact": [
            "명태어장 우장산역점,가능,포장"
          ]
        },
        {
          "question_id": 3,
          "question_type": "관계",
          "question": "이 곳에 인접한 시설을 알 수 있나요?",
          "question_wordNum": 7,
          "answer": "우장산역 3번 출구, CU, 메가커피",
          "answer_wordNum": 5,
          "fact": [
            "명태어장 우장산역점,인접,우장산역 3번 출구, CU, 메가커피"
          ]
        }
      ]
    },
    {
      "image_id": 3,
      "question": [
        {
          "question_id": 0,
          "question_type": "정보",
          "question": "이 곳의 주소는 어떻게 되나요?",
          "question_wordNum": 5,
          "answer": "서울 강서구 강서로 253",
          "answer_wordNum": 4,
          "fact": [
            "명태어장 우장산역점,주소,서울 강서구 강서로 253"
          ]
        },
        {
          "question_id": 1,
          "question_type": "관계",
          "question": "이 곳에 인접한 시설이 있나요?",
          "question_wordNum": 5,
          "answer": "우장산역 3번 출구, CU, 메가커피",
          "answer_wordNum": 5,
          "fact": [
            "명태어장 우장산역점,인접,우장산역 3번 출구, CU, 메가커피"
          ]
        },
        {
          "question_id": 2,
          "question_type": "정보",
          "question": "이 곳은 무엇을 전문으로 하나요?",
          "question_wordNum": 5,
          "answer": "명태요리",
          "answer_wordNum": 1,
          "fact": [
            "명태어장 우장산역점,전문,명태요리"
          ]
        },
        {
          "question_id": 3,
          "question_type": "정보",
          "question": "휴무일은 어떻게 되나요?",
          "question_wordNum": 3,
          "answer": "없음",
          "answer_wordNum": 1,
          "fact": [
            "명태어장 우장산역점,휴무일,없음"
          ]
        }
      ]
    },
    {
      "image_id": 4,
      "question": [
        {
          "question_id": 0,
          "question_type": "정보",
          "question": "이 곳의 주요 메뉴는 무엇이 있나요?",
          "question_wordNum": 6,
          "answer": "매콤명태조림, 매콤시래기명태조림",
          "answer_wordNum": 2,
          "fact": [
            "명태어장 우장산역점,메뉴,매콤명태조림, 매콤시래기명태조림"
          ]
        },
        {
          "question_id": 1,
          "question_type": "정보",
          "question": "휴무일은 어떻게 되나요?",
          "question_wordNum": 3,
          "answer": "없음",
          "answer_wordNum": 1,
          "fact": [
            "명태어장 우장산역점,휴무일,없음"
          ]
        },
        {
          "question_id": 2,
          "question_type": "정보",
          "question": "이 곳의 주소를 알 수 있나요?",
          "question_wordNum": 6,
          "answer": "서울 강서구 강서로 253",
          "answer_wordNum": 4,
          "fact": [
            "명태어장 우장산역점,주소,서울 강서구 강서로 253"
          ]
        },
        {
          "question_id": 3,
          "question_type": "정보",
          "question": "이 곳에서는 무엇이 가능한가요?",
          "question_wordNum": 4,
          "answer": "포장",
          "answer_wordNum": 1,
          "fact": [
            "명태어장 우장산역점,가능,포장"
          ]
        }
      ]
    }
  ]
}