{
  "data": {
    "dataset": "2-083-219",
    "POI_id": "561417",
    "travelType": "음식점",
    "place": "감사한참치",
    "area": "서울"
  },
  "imageInfo": [
    {
      "image_id": 0,
      "filename": "561417_0_su_5_감사한참치_1_001.png",
      "mapx": 37.5657010514328,
      "mapy": 126.84764409296,
      "width": 3840,
      "height": 2160,
      "caption_info": [
        "감사한참치(가양동)",
        "간판, 화분"
      ]
    },
    {
      "image_id": 1,
      "filename": "561417_0_su_5_감사한참치_1_002.png",
      "mapx": 37.5657010514328,
      "mapy": 126.84764409296,
      "width": 3840,
      "height": 2160,
      "caption_info": [
        "감사한참치(가양동)",
        "간판"
      ]
    },
    {
      "image_id": 2,
      "filename": "561417_0_su_5_감사한참치_1_003.png",
      "mapx": 37.5657010514328,
      "mapy": 126.84764409296,
      "width": 3840,
      "height": 2160,
      "caption_info": [
        "감사한참치(가양동)",
        "테이블, 등받이의자"
      ]
    },
    {
      "image_id": 3,
      "filename": "561417_0_su_5_감사한참치_1_004.png",
      "mapx": 37.5657010514328,
      "mapy": 126.84764409296,
      "width": 3840,
      "height": 2160,
      "caption_info": [
        "감사한참치(가양동)",
        "메뉴판"
      ]
    },
    {
      "image_id": 4,
      "filename": "561417_0_su_5_감사한참치_1_005.png",
      "mapx": 37.5657010514328,
      "mapy": 126.84764409296,
      "width": 3840,
      "height": 2160,
      "caption_info": [
        "감사한참치(가양동)",
        "계란찜"
      ]
    }
  ],
  "annotations": [
    {
      "image_id": 0,
      "question": [
        {
          "question_id": 0,
          "question_type": "정보",
          "question": "휴무일은 어떻게 되나요?",
          "question_wordNum": 3,
          "answer": "매주 일요일",
          "answer_wordNum": 2,
          "fact": [
            "감사한참치,휴무일,매주 일요일"
          ]
        },
        {
          "question_id": 1,
          "question_type": "정보",
          "question": "이 곳의 대표적인 메뉴는 무엇이 있나요?",
          "question_wordNum": 6,
          "answer": "참치덮밥, 연어초밥",
          "answer_wordNum": 2,
          "fact": [
            "감사한참치,메뉴,참치덮밥, 연어초밥"
          ]
        },
        {
          "question_id": 2,
          "question_type": "탐색",
          "question": "주차시설이 있나요?",
          "question_wordNum": 2,
          "answer": "있음",
          "answer_wordNum": 1,
          "fact": [
            "감사한참치,주차시설,있음"
          ]
        },
        {
          "question_id": 3,
          "question_type": "정보",
          "question": "이 곳에 인접한 시설이 있나요?",
          "question_wordNum": 5,
          "answer": "양천향교역 4번 출구, 카페게이트, 감성커피",
          "answer_wordNum": 5,
          "fact": [
            "감사한참치,인접,양천향교역 4번 출구, 카페게이트, 감성커피"
          ]
        }
      ]
    },
    {
      "image_id": 1,
      "question": [
        {
          "question_id": 0,
          "question_type": "정보",
          "question": "연락처가 어떻게 되나요?",
          "question_wordNum": 3,
          "answer": "02-2638-5550",
          "answer_wordNum": 1,
          "fact": [
            "감사한참치,연락처,02-2638-5550"
          ]
        },
        {
          "question_id": 1,
          "question_type": "정보",
          "question": "영업시간은 어떻게 되나요?",
          "question_wordNum": 3,
          "answer": "11:00~22:00",
          "answer_wordNum": 1,
          "fact": [
            "감사한참치,영업시간,11:00~22:00"
          ]
        },
        {
          "question_id": 2,
          "question_type": "정보",
          "question": "이 곳의 주소를 알 수 있나요?",
          "question_wordNum": 6,
          "answer": "서울 강서구 양천로 401 한강자이타워 B동 210호",
          "answer_wordNum": 7,
          "fact": [
            "감사한참치,주소,서울 강서구 양천로 401 한강자이타워 B동 210호"
          ]
        },
        {
          "question_id": 3,
          "question_type": "정보",
          "question": "이 곳에 인접한 시설이 있나요?",
          "question_wordNum": 5,
          "answer": "양천향교역 4번 출구, 카페게이트, 감성커피",
          "answer_wordNum": 5,
          "fact": [
            "감사한참치,인접,양천향교역 4번 출구, 카페게이트, 감성커피"
          ]
        }
      ]
    },
    {
      "image_id": 2,
      "question": [
        {
          "question_id": 0,
          "question_type": "정보",
          "question": "이 곳의 주소를 알 수 있나요?",
          "question_wordNum": 6,
          "answer": "서울 강서구 양천로 401 한강자이타워 B동 210호",
          "answer_wordNum": 7,
          "fact": [
            "감사한참치,주소,서울 강서구 양천로 401 한강자이타워 B동 210호"
          ]
        },
        {
          "question_id": 1,
          "question_type": "정보",
          "question": "이 곳의 대표적인 메뉴를 알 수 있나요?",
          "question_wordNum": 7,
          "answer": "참치덮밥, 연어초밥",
          "answer_wordNum": 2,
          "fact": [
            "감사한참치,메뉴,참치덮밥, 연어초밥"
          ]
        },
        {
          "question_id": 2,
          "question_type": "탐색",
          "question": "주차시설이 있나요?",
          "question_wordNum": 2,
          "answer": "있음",
          "answer_wordNum": 1,
          "fact": [
            "감사한참치,주차시설,있음"
          ]
        },
        {
          "question_id": 3,
          "question_type": "정보",
          "question": "이 곳에 인접한 시설이 있나요?",
          "question_wordNum": 5,
          "answer": "양천향교역 4번 출구, 카페게이트, 감성커피",
          "answer_wordNum": 5,
          "fact": [
            "감사한참치,인접,양천향교역 4번 출구, 카페게이트, 감성커피"
          ]
        }
      ]
    },
    {
      "image_id": 3,
      "question": [
        {
          "question_id": 0,
          "question_type": "정보",
          "question": "휴무일을 알 수 있나요?",
          "question_wordNum": 4,
          "answer": "매주 일요일",
          "answer_wordNum": 2,
          "fact": [
            "감사한참치,휴무일,매주 일요일"
          ]
        },
        {
          "question_id": 1,
          "question_type": "탐색",
          "question": "주차시설이 있나요?",
          "question_wordNum": 2,
          "answer": "있음",
          "answer_wordNum": 1,
          "fact": [
            "감사한참치,주차시설,있음"
          ]
        },
        {
          "question_id": 2,
          "question_type": "정보",
          "question": "연락처가 어떻게 되나요?",
          "question_wordNum": 3,
          "answer": "02-2638-5550",
          "answer_wordNum": 1,
          "fact": [
            "감사한참치,연락처,02-2638-5550"
          ]
        },
        {
          "question_id": 3,
          "question_type": "정보",
          "question": "이 곳에 인접한 시설이 있나요?",
          "question_wordNum": 5,
          "answer": "양천향교역 4번 출구, 카페게이트, 감성커피",
          "answer_wordNum": 5,
          "fact": [
            "감사한참치,인접,양천향교역 4번 출구, 카페게이트, 감성커피"
          ]
        }
      ]
    },
    {
      "image_id": 4,
      "question": [
        {
          "question_id": 0,
          "question_type": "정보",
          "question": "이 곳의 주소는 어떻게 되나요?",
          "question_wordNum": 5,
          "answer": "서울 강서구 양천로 401 한강자이타워 B동 210호",
          "answer_wordNum": 7,
          "fact": [
            "감사한참치,주소,서울 강서구 양천로 401 한강자이타워 B동 210호"
          ]
        },
        {
          "question_id": 1,
          "question_type": "정보",
          "question": "휴무일은 어떻게 되나요?",
          "question_wordNum": 3,
          "answer": "매주 일요일",
          "answer_wordNum": 2,
          "fact": [
            "감사한참치,휴무일,매주 일요일"
          ]
        },
        {
          "question_id": 2,
          "question_type": "정보",
          "question": "이 곳의 주요 메뉴는 무엇이 있나요?",
          "question_wordNum": 6,
          "answer": "참치덮밥, 연어초밥",
          "answer_wordNum": 2,
          "fact": [
            "감사한참치,메뉴,참치덮밥, 연어초밥"
          ]
        },
        {
          "question_id": 3,
          "question_type": "정보",
          "question": "이 곳에 인접한 시설이 있나요?",
          "question_wordNum": 5,
          "answer": "양천향교역 4번 출구, 카페게이트, 감성커피",
          "answer_wordNum": 5,
          "fact": [
            "감사한참치,인접,양천향교역 4번 출구, 카페게이트, 감성커피"
          ]
        }
      ]
    }
  ]
}