{
  "data": {
    "dataset": "2-083-219",
    "POI_id": "553163",
    "travelType": "음식점",
    "place": "고피자 까치산역점",
    "area": "서울"
  },
  "imageInfo": [
    {
      "image_id": 0,
      "filename": "553163_0_su_5_고피자 까치산역점_1_001.png",
      "mapx": 37.5315258019571,
      "mapy": 126.847124984298,
      "width": 3840,
      "height": 2160,
      "caption_info": [
        "고피자 까치산역점(화곡동)",
        "간판"
      ]
    },
    {
      "image_id": 1,
      "filename": "553163_0_su_5_고피자 까치산역점_1_002.png",
      "mapx": 37.5315258019571,
      "mapy": 126.847124984298,
      "width": 3840,
      "height": 2160,
      "caption_info": [
        "고피자 까치산역점(화곡동)",
        "간판"
      ]
    },
    {
      "image_id": 2,
      "filename": "553163_0_su_5_고피자 까치산역점_1_003.png",
      "mapx": 37.5315258019571,
      "mapy": 126.847124984298,
      "width": 3840,
      "height": 2160,
      "caption_info": [
        "고피자 까치산역점(화곡동)",
        "테이블, 등받이의자"
      ]
    },
    {
      "image_id": 3,
      "filename": "553163_0_su_5_고피자 까치산역점_1_004.png",
      "mapx": 37.5315258019571,
      "mapy": 126.847124984298,
      "width": 3840,
      "height": 2160,
      "caption_info": [
        "고피자 까치산역점(화곡동)",
        "메뉴판 "
      ]
    },
    {
      "image_id": 4,
      "filename": "553163_0_su_5_고피자 까치산역점_1_005.png",
      "mapx": 37.5315258019571,
      "mapy": 126.847124984298,
      "width": 3840,
      "height": 2160,
      "caption_info": [
        "고피자 까치산역점(화곡동)",
        "피자 "
      ]
    }
  ],
  "annotations": [
    {
      "image_id": 0,
      "question": [
        {
          "question_id": 0,
          "question_type": "정보",
          "question": "이 곳의 주소는 어떻게 되나요?",
          "question_wordNum": 5,
          "answer": "서울 강서구 강서로 40",
          "answer_wordNum": 4,
          "fact": [
            "고피자 까치산역점,주소,서울 강서구 강서로 40"
          ]
        },
        {
          "question_id": 1,
          "question_type": "정보",
          "question": "이 곳의 주요 메뉴는 무엇이 있나요?",
          "question_wordNum": 6,
          "answer": "콘소메 치킨 피자, 콘케이노 치킨 피자",
          "answer_wordNum": 6,
          "fact": [
            "고피자 까치산역점,메뉴,콘소메 치킨 피자, 콘케이노 치킨 피자"
          ]
        },
        {
          "question_id": 2,
          "question_type": "관계",
          "question": "이 곳에 인접한 시설이 있나요?",
          "question_wordNum": 5,
          "answer": "까치산역 2번 출구, 현대가구, 배스킨라빈스",
          "answer_wordNum": 5,
          "fact": [
            "고피자 까치산역점,인접,까치산역 2번 출구, 현대가구, 배스킨라빈스"
          ]
        },
        {
          "question_id": 3,
          "question_type": "탐색",
          "question": "주차시설이 있는지 알 수 있나요?",
          "question_wordNum": 5,
          "answer": "없음",
          "answer_wordNum": 1,
          "fact": [
            "고피자 까치산역점,주차시설,없음"
          ]
        }
      ]
    },
    {
      "image_id": 1,
      "question": [
        {
          "question_id": 0,
          "question_type": "정보",
          "question": "이 곳의 대표적인 메뉴를 알 수 있나요?",
          "question_wordNum": 7,
          "answer": "콘소메 치킨 피자, 콘케이노 치킨 피자",
          "answer_wordNum": 6,
          "fact": [
            "고피자 까치산역점,메뉴,콘소메 치킨 피자, 콘케이노 치킨 피자"
          ]
        },
        {
          "question_id": 1,
          "question_type": "정보",
          "question": "연락처를 알 수 있나요?",
          "question_wordNum": 4,
          "answer": "0507-1367-9893",
          "answer_wordNum": 1,
          "fact": [
            "고피자 까치산역점,연락처,0507-1367-9893"
          ]
        },
        {
          "question_id": 2,
          "question_type": "정보",
          "question": "영업시간은 몇시부터 몇시까지로 기재되어 있나요?",
          "question_wordNum": 5,
          "answer": "11:00/17:00~23:30",
          "answer_wordNum": 1,
          "fact": [
            "고피자 까치산역점,영업시간,11:00/17:00~23:30"
          ]
        },
        {
          "question_id": 3,
          "question_type": "관계",
          "question": "이 곳에 인접한 시설이 있나요?",
          "question_wordNum": 5,
          "answer": "까치산역 2번 출구, 현대가구, 배스킨라빈스",
          "answer_wordNum": 5,
          "fact": [
            "고피자 까치산역점,인접,까치산역 2번 출구, 현대가구, 배스킨라빈스"
          ]
        }
      ]
    },
    {
      "image_id": 2,
      "question": [
        {
          "question_id": 0,
          "question_type": "정보",
          "question": "이 곳의 주요 메뉴를 알 수 있나요?",
          "question_wordNum": 7,
          "answer": "콘소메 치킨 피자, 콘케이노 치킨 피자",
          "answer_wordNum": 6,
          "fact": [
            "고피자 까치산역점,메뉴,콘소메 치킨 피자, 콘케이노 치킨 피자"
          ]
        },
        {
          "question_id": 1,
          "question_type": "정보",
          "question": "영업시간은 어떻게 되나요?",
          "question_wordNum": 3,
          "answer": "11:00/17:00~23:30",
          "answer_wordNum": 1,
          "fact": [
            "고피자 까치산역점,영업시간,11:00/17:00~23:30"
          ]
        },
        {
          "question_id": 2,
          "question_type": "정보",
          "question": "휴무일을 알 수 있나요?",
          "question_wordNum": 4,
          "answer": "알수없음",
          "answer_wordNum": 1,
          "fact": [
            "고피자 까치산역점,휴무일,알수없음"
          ]
        },
        {
          "question_id": 3,
          "question_type": "정보",
          "question": "이 곳의 주소는 어떻게 되나요?",
          "question_wordNum": 5,
          "answer": "서울 강서구 강서로 40",
          "answer_wordNum": 4,
          "fact": [
            "고피자 까치산역점,주소,서울 강서구 강서로 40"
          ]
        }
      ]
    },
    {
      "image_id": 3,
      "question": [
        {
          "question_id": 0,
          "question_type": "탐색",
          "question": "주차시설이 있는지 알 수 있나요?",
          "question_wordNum": 5,
          "answer": "없음",
          "answer_wordNum": 1,
          "fact": [
            "고피자 까치산역점,주차시설,없음"
          ]
        },
        {
          "question_id": 1,
          "question_type": "정보",
          "question": "휴무일을 알 수 있나요?",
          "question_wordNum": 4,
          "answer": "알수없음",
          "answer_wordNum": 1,
          "fact": [
            "고피자 까치산역점,휴무일,알수없음"
          ]
        },
        {
          "question_id": 2,
          "question_type": "정보",
          "question": "영업시간은 몇시부터 몇시까지로 기재되어 있나요?",
          "question_wordNum": 5,
          "answer": "11:00/17:00~23:30",
          "answer_wordNum": 1,
          "fact": [
            "고피자 까치산역점,영업시간,11:00/17:00~23:30"
          ]
        },
        {
          "question_id": 3,
          "question_type": "정보",
          "question": "연락처를 알 수 있나요?",
          "question_wordNum": 4,
          "answer": "0507-1367-9893",
          "answer_wordNum": 1,
          "fact": [
            "고피자 까치산역점,연락처,0507-1367-9893"
          ]
        }
      ]
    },
    {
      "image_id": 4,
      "question": [
        {
          "question_id": 0,
          "question_type": "정보",
          "question": "휴무일을 알 수 있나요?",
          "question_wordNum": 4,
          "answer": "알수없음",
          "answer_wordNum": 1,
          "fact": [
            "고피자 까치산역점,휴무일,알수없음"
          ]
        },
        {
          "question_id": 1,
          "question_type": "정보",
          "question": "영업시간을 알 수 있나요?",
          "question_wordNum": 4,
          "answer": "11:00/17:00~23:30",
          "answer_wordNum": 1,
          "fact": [
            "고피자 까치산역점,영업시간,11:00/17:00~23:30"
          ]
        },
        {
          "question_id": 2,
          "question_type": "정보",
          "question": "이 곳의 주소를 알 수 있나요?",
          "question_wordNum": 6,
          "answer": "서울 강서구 강서로 40",
          "answer_wordNum": 4,
          "fact": [
            "고피자 까치산역점,주소,서울 강서구 강서로 40"
          ]
        },
        {
          "question_id": 3,
          "question_type": "정보",
          "question": "이 곳의 대표적인 메뉴는 무엇이 있나요?",
          "question_wordNum": 6,
          "answer": "콘소메 치킨 피자, 콘케이노 치킨 피자",
          "answer_wordNum": 6,
          "fact": [
            "고피자 까치산역점,메뉴,콘소메 치킨 피자, 콘케이노 치킨 피자"
          ]
        }
      ]
    }
  ]
}