{
  "data": {
    "dataset": "2-083-219",
    "POI_id": "561458",
    "travelType": "음식점",
    "place": "키누카누 ",
    "area": "서울"
  },
  "imageInfo": [
    {
      "image_id": 0,
      "filename": "561458_0_su_5_키누카누 _1_001.png",
      "mapx": 37.5593135416408,
      "mapy": 126.83523920295,
      "width": 3840,
      "height": 2160,
      "caption_info": [
        "키누카누(마곡동)",
        "메뉴판, 게시물"
      ]
    },
    {
      "image_id": 1,
      "filename": "561458_0_su_5_키누카누 _1_002.png",
      "mapx": 37.5593135416408,
      "mapy": 126.83523920295,
      "width": 3840,
      "height": 2160,
      "caption_info": [
        "키누카누(마곡동)",
        "간판"
      ]
    },
    {
      "image_id": 2,
      "filename": "561458_0_su_5_키누카누 _1_003.png",
      "mapx": 37.5593135416408,
      "mapy": 126.83523920295,
      "width": 3840,
      "height": 2160,
      "caption_info": [
        "키누카누(마곡동)",
        "쇼케이스냉장고"
      ]
    },
    {
      "image_id": 3,
      "filename": "561458_0_su_5_키누카누 _1_004.png",
      "mapx": 37.5593135416408,
      "mapy": 126.83523920295,
      "width": 3840,
      "height": 2160,
      "caption_info": [
        "키누카누(마곡동)",
        "메뉴판"
      ]
    },
    {
      "image_id": 4,
      "filename": "561458_0_su_5_키누카누 _1_005.png",
      "mapx": 37.5593135416408,
      "mapy": 126.83523920295,
      "width": 3840,
      "height": 2160,
      "caption_info": [
        "키누카누(마곡동)",
        "초밥"
      ]
    }
  ],
  "annotations": [
    {
      "image_id": 0,
      "question": [
        {
          "question_id": 0,
          "question_type": "정보",
          "question": "이 곳의 주요 메뉴는 무엇이 있나요?",
          "question_wordNum": 6,
          "answer": "연어, 광어",
          "answer_wordNum": 2,
          "fact": [
            "키누카누,메뉴,연어, 광어"
          ]
        },
        {
          "question_id": 1,
          "question_type": "정보",
          "question": "영업시간을 알 수 있나요?",
          "question_wordNum": 4,
          "answer": "11:30~22:00",
          "answer_wordNum": 1,
          "fact": [
            "키누카누,영업시간,11:30~22:00"
          ]
        },
        {
          "question_id": 2,
          "question_type": "정보",
          "question": "연락처가 어떻게 되나요?",
          "question_wordNum": 3,
          "answer": "0507-1438-9876",
          "answer_wordNum": 1,
          "fact": [
            "키누카누,연락처,0507-1438-9876"
          ]
        },
        {
          "question_id": 3,
          "question_type": "정보",
          "question": "휴무일은 어떻게 되나요?",
          "question_wordNum": 3,
          "answer": "알수없음",
          "answer_wordNum": 1,
          "fact": [
            "키누카누,휴무일,알수없음"
          ]
        }
      ]
    },
    {
      "image_id": 1,
      "question": [
        {
          "question_id": 0,
          "question_type": "정보",
          "question": "이 곳의 주소는 어떻게 되나요?",
          "question_wordNum": 5,
          "answer": "서울 강서구 공항대로 247",
          "answer_wordNum": 4,
          "fact": [
            "키누카누,주소,서울 강서구 공항대로 247"
          ]
        },
        {
          "question_id": 1,
          "question_type": "탐색",
          "question": "주차시설이 있나요?",
          "question_wordNum": 2,
          "answer": "있음",
          "answer_wordNum": 1,
          "fact": [
            "키누카누,주차시설,있음"
          ]
        },
        {
          "question_id": 2,
          "question_type": "정보",
          "question": "영업시간은 어떻게 되나요?",
          "question_wordNum": 3,
          "answer": "11:30~22:00",
          "answer_wordNum": 1,
          "fact": [
            "키누카누,영업시간,11:30~22:00"
          ]
        },
        {
          "question_id": 3,
          "question_type": "정보",
          "question": "연락처를 알 수 있나요?",
          "question_wordNum": 4,
          "answer": "0507-1438-9876",
          "answer_wordNum": 1,
          "fact": [
            "키누카누,연락처,0507-1438-9876"
          ]
        }
      ]
    },
    {
      "image_id": 2,
      "question": [
        {
          "question_id": 0,
          "question_type": "정보",
          "question": "이 곳의 주소를 알 수 있나요?",
          "question_wordNum": 6,
          "answer": "서울 강서구 공항대로 247",
          "answer_wordNum": 4,
          "fact": [
            "키누카누,주소,서울 강서구 공항대로 247"
          ]
        },
        {
          "question_id": 1,
          "question_type": "탐색",
          "question": "주차시설이 있나요?",
          "question_wordNum": 2,
          "answer": "있음",
          "answer_wordNum": 1,
          "fact": [
            "키누카누,주차시설,있음"
          ]
        },
        {
          "question_id": 2,
          "question_type": "정보",
          "question": "휴무일을 알 수 있나요?",
          "question_wordNum": 4,
          "answer": "알수없음",
          "answer_wordNum": 1,
          "fact": [
            "키누카누,휴무일,알수없음"
          ]
        },
        {
          "question_id": 3,
          "question_type": "정보",
          "question": "영업시간을 알 수 있나요?",
          "question_wordNum": 4,
          "answer": "11:30~22:00",
          "answer_wordNum": 1,
          "fact": [
            "키누카누,영업시간,11:30~22:00"
          ]
        }
      ]
    },
    {
      "image_id": 3,
      "question": [
        {
          "question_id": 0,
          "question_type": "정보",
          "question": "이 곳의 주소는 어떻게 되나요?",
          "question_wordNum": 5,
          "answer": "서울 강서구 공항대로 247",
          "answer_wordNum": 4,
          "fact": [
            "키누카누,주소,서울 강서구 공항대로 247"
          ]
        },
        {
          "question_id": 1,
          "question_type": "정보",
          "question": "이 곳의 대표적인 메뉴를 알 수 있나요?",
          "question_wordNum": 7,
          "answer": "연어, 광어",
          "answer_wordNum": 2,
          "fact": [
            "키누카누,메뉴,연어, 광어"
          ]
        },
        {
          "question_id": 2,
          "question_type": "정보",
          "question": "영업시간을 알 수 있나요?",
          "question_wordNum": 4,
          "answer": "11:30~22:00",
          "answer_wordNum": 1,
          "fact": [
            "키누카누,영업시간,11:30~22:00"
          ]
        },
        {
          "question_id": 3,
          "question_type": "관계",
          "question": "이 곳에 인접한 시설이 있나요?",
          "question_wordNum": 5,
          "answer": "발산역 9번 출구, 카페 커디, 녹지",
          "answer_wordNum": 6,
          "fact": [
            "키누카누,인접,발산역 9번 출구, 카페 커디, 녹지"
          ]
        }
      ]
    },
    {
      "image_id": 4,
      "question": [
        {
          "question_id": 0,
          "question_type": "정보",
          "question": "이 곳의 주소는 어떻게 되나요?",
          "question_wordNum": 5,
          "answer": "서울 강서구 공항대로 247",
          "answer_wordNum": 4,
          "fact": [
            "키누카누,주소,서울 강서구 공항대로 247"
          ]
        },
        {
          "question_id": 1,
          "question_type": "탐색",
          "question": "주차시설이 있나요?",
          "question_wordNum": 2,
          "answer": "있음",
          "answer_wordNum": 1,
          "fact": [
            "키누카누,주차시설,있음"
          ]
        },
        {
          "question_id": 2,
          "question_type": "정보",
          "question": "영업시간은 몇시부터 몇시까지로 기재되어 있나요?",
          "question_wordNum": 5,
          "answer": "11:30~22:00",
          "answer_wordNum": 1,
          "fact": [
            "키누카누,영업시간,11:30~22:00"
          ]
        },
        {
          "question_id": 3,
          "question_type": "정보",
          "question": "연락처를 알 수 있나요?",
          "question_wordNum": 4,
          "answer": "0507-1438-9876",
          "answer_wordNum": 1,
          "fact": [
            "키누카누,연락처,0507-1438-9876"
          ]
        }
      ]
    }
  ]
}