{
  "data": {
    "dataset": "2-083-219",
    "POI_id": "561456",
    "travelType": "음식점",
    "place": "두꺼비숙성횟집 마곡점",
    "area": "서울"
  },
  "imageInfo": [
    {
      "image_id": 0,
      "filename": "561456_0_su_5_두꺼비숙성횟집 마곡점_1_001.png",
      "mapx": 37.5601356822454,
      "mapy": 126.837697932979,
      "width": 3840,
      "height": 2160,
      "caption_info": [
        "두꺼비숙성횟집 마곡점(마곡동)",
        "간판"
      ]
    },
    {
      "image_id": 1,
      "filename": "561456_0_su_5_두꺼비숙성횟집 마곡점_1_002.png",
      "mapx": 37.5601356822454,
      "mapy": 126.837697932979,
      "width": 3840,
      "height": 2160,
      "caption_info": [
        "두꺼비숙성횟집 마곡점(마곡동)",
        "건물, 간판"
      ]
    },
    {
      "image_id": 2,
      "filename": "561456_0_su_5_두꺼비숙성횟집 마곡점_1_003.png",
      "mapx": 37.5601356822454,
      "mapy": 126.837697932979,
      "width": 3840,
      "height": 2160,
      "caption_info": [
        "두꺼비숙성횟집 마곡점(마곡동)",
        "유리창문"
      ]
    },
    {
      "image_id": 3,
      "filename": "561456_0_su_5_두꺼비숙성횟집 마곡점_1_004.png",
      "mapx": 37.5601356822454,
      "mapy": 126.837697932979,
      "width": 3840,
      "height": 2160,
      "caption_info": [
        "두꺼비숙성횟집 마곡점(마곡동)",
        "메뉴판"
      ]
    },
    {
      "image_id": 4,
      "filename": "561456_0_su_5_두꺼비숙성횟집 마곡점_1_005.png",
      "mapx": 37.5601356822454,
      "mapy": 126.837697932979,
      "width": 3840,
      "height": 2160,
      "caption_info": [
        "두꺼비숙성횟집 마곡점(마곡동)",
        "알탕"
      ]
    }
  ],
  "annotations": [
    {
      "image_id": 0,
      "question": [
        {
          "question_id": 0,
          "question_type": "탐색",
          "question": "주차시설이 있나요?",
          "question_wordNum": 2,
          "answer": "있음",
          "answer_wordNum": 1,
          "fact": [
            "두꺼비숙성횟집 마곡점,주차시설,있음"
          ]
        },
        {
          "question_id": 1,
          "question_type": "정보",
          "question": "휴무일은 어떻게 되나요?",
          "question_wordNum": 3,
          "answer": "없음",
          "answer_wordNum": 1,
          "fact": [
            "두꺼비숙성횟집 마곡점,휴무일,없음"
          ]
        },
        {
          "question_id": 2,
          "question_type": "정보",
          "question": "영업시간은 어떻게 되나요?",
          "question_wordNum": 3,
          "answer": "17:00~24:00",
          "answer_wordNum": 1,
          "fact": [
            "두꺼비숙성횟집 마곡점,영업시간,17:00~24:00"
          ]
        },
        {
          "question_id": 3,
          "question_type": "정보",
          "question": "이 곳의 주소를 알 수 있나요?",
          "question_wordNum": 6,
          "answer": "서울 강서구 마곡중앙6로 93 열린프라자 1층 112호",
          "answer_wordNum": 7,
          "fact": [
            "두꺼비숙성횟집 마곡점,주소,서울 강서구 마곡중앙6로 93 열린프라자 1층 112호"
          ]
        }
      ]
    },
    {
      "image_id": 1,
      "question": [
        {
          "question_id": 0,
          "question_type": "정보",
          "question": "연락처를 알 수 있나요?",
          "question_wordNum": 4,
          "answer": "0507-1339-7092",
          "answer_wordNum": 1,
          "fact": [
            "두꺼비숙성횟집 마곡점,연락처,0507-1339-7092"
          ]
        },
        {
          "question_id": 1,
          "question_type": "정보",
          "question": "이 곳의 주소를 알 수 있나요?",
          "question_wordNum": 6,
          "answer": "서울 강서구 마곡중앙6로 93 열린프라자 1층 112호",
          "answer_wordNum": 7,
          "fact": [
            "두꺼비숙성횟집 마곡점,주소,서울 강서구 마곡중앙6로 93 열린프라자 1층 112호"
          ]
        },
        {
          "question_id": 2,
          "question_type": "정보",
          "question": "영업시간을 알 수 있나요?",
          "question_wordNum": 4,
          "answer": "17:00~24:00",
          "answer_wordNum": 1,
          "fact": [
            "두꺼비숙성횟집 마곡점,영업시간,17:00~24:00"
          ]
        },
        {
          "question_id": 3,
          "question_type": "정보",
          "question": "이 곳의 메뉴를 알 수 있나요?",
          "question_wordNum": 6,
          "answer": "우니, 알탕",
          "answer_wordNum": 2,
          "fact": [
            "두꺼비숙성횟집 마곡점,메뉴,우니, 알탕"
          ]
        }
      ]
    },
    {
      "image_id": 2,
      "question": [
        {
          "question_id": 0,
          "question_type": "정보",
          "question": "영업시간을 알 수 있나요?",
          "question_wordNum": 4,
          "answer": "17:00~24:00",
          "answer_wordNum": 1,
          "fact": [
            "두꺼비숙성횟집 마곡점,영업시간,17:00~24:00"
          ]
        },
        {
          "question_id": 1,
          "question_type": "정보",
          "question": "연락처를 알 수 있나요?",
          "question_wordNum": 4,
          "answer": "0507-1339-7092",
          "answer_wordNum": 1,
          "fact": [
            "두꺼비숙성횟집 마곡점,연락처,0507-1339-7092"
          ]
        },
        {
          "question_id": 2,
          "question_type": "탐색",
          "question": "주차시설이 있는지 알 수 있나요?",
          "question_wordNum": 5,
          "answer": "있음",
          "answer_wordNum": 1,
          "fact": [
            "두꺼비숙성횟집 마곡점,주차시설,있음"
          ]
        },
        {
          "question_id": 3,
          "question_type": "정보",
          "question": "이 곳의 주소를 알 수 있나요?",
          "question_wordNum": 6,
          "answer": "서울 강서구 마곡중앙6로 93 열린프라자 1층 112호",
          "answer_wordNum": 7,
          "fact": [
            "두꺼비숙성횟집 마곡점,주소,서울 강서구 마곡중앙6로 93 열린프라자 1층 112호"
          ]
        }
      ]
    },
    {
      "image_id": 3,
      "question": [
        {
          "question_id": 0,
          "question_type": "정보",
          "question": "이 곳의 메뉴를 알 수 있나요?",
          "question_wordNum": 6,
          "answer": "우니, 알탕",
          "answer_wordNum": 2,
          "fact": [
            "두꺼비숙성횟집 마곡점,메뉴,우니, 알탕"
          ]
        },
        {
          "question_id": 1,
          "question_type": "정보",
          "question": "이 곳의 주소를 알 수 있나요?",
          "question_wordNum": 6,
          "answer": "서울 강서구 마곡중앙6로 93 열린프라자 1층 112호",
          "answer_wordNum": 7,
          "fact": [
            "두꺼비숙성횟집 마곡점,주소,서울 강서구 마곡중앙6로 93 열린프라자 1층 112호"
          ]
        },
        {
          "question_id": 2,
          "question_type": "관계",
          "question": "이 곳에 인접한 시설이 있나요?",
          "question_wordNum": 5,
          "answer": "발산역 1번 출구, 발산역 2번 출구, CU, 미스터힐링",
          "answer_wordNum": 8,
          "fact": [
            "두꺼비숙성횟집 마곡점,인접,발산역 1번 출구, 발산역 2번 출구, CU, 미스터힐링"
          ]
        },
        {
          "question_id": 3,
          "question_type": "탐색",
          "question": "주차시설이 있는지 알 수 있나요?",
          "question_wordNum": 5,
          "answer": "있음",
          "answer_wordNum": 1,
          "fact": [
            "두꺼비숙성횟집 마곡점,주차시설,있음"
          ]
        }
      ]
    },
    {
      "image_id": 4,
      "question": [
        {
          "question_id": 0,
          "question_type": "정보",
          "question": "대표 메뉴가 무엇인가요?",
          "question_wordNum": 3,
          "answer": "우니, 알탕",
          "answer_wordNum": 2,
          "fact": [
            "두꺼비숙성횟집 마곡점,메뉴,우니, 알탕"
          ]
        },
        {
          "question_id": 1,
          "question_type": "정보",
          "question": "연락처가 어떻게 되나요?",
          "question_wordNum": 3,
          "answer": "0507-1339-7092",
          "answer_wordNum": 1,
          "fact": [
            "두꺼비숙성횟집 마곡점,연락처,0507-1339-7092"
          ]
        },
        {
          "question_id": 2,
          "question_type": "관계",
          "question": "이 곳에 인접한 시설이 있나요?",
          "question_wordNum": 5,
          "answer": "발산역 1번 출구, 발산역 2번 출구, CU, 미스터힐링",
          "answer_wordNum": 8,
          "fact": [
            "두꺼비숙성횟집 마곡점,인접,발산역 1번 출구, 발산역 2번 출구, CU, 미스터힐링"
          ]
        },
        {
          "question_id": 3,
          "question_type": "정보",
          "question": "휴무일은 어떻게 되나요?",
          "question_wordNum": 3,
          "answer": "없음",
          "answer_wordNum": 1,
          "fact": [
            "두꺼비숙성횟집 마곡점,휴무일,없음"
          ]
        }
      ]
    }
  ]
}