{
  "data": {
    "dataset": "2-083-219",
    "POI_id": "561544",
    "travelType": "음식점",
    "place": "신세계표차 ",
    "area": "서울"
  },
  "imageInfo": [
    {
      "image_id": 0,
      "filename": "561544_0_su_5_신세계표차 _1_001.png",
      "mapx": 37.5606236765156,
      "mapy": 126.836924074085,
      "width": 3840,
      "height": 2160,
      "caption_info": [
        "신세계표차(강서구) ",
        "간판"
      ]
    },
    {
      "image_id": 1,
      "filename": "561544_0_su_5_신세계표차 _1_002.png",
      "mapx": 37.5606236765156,
      "mapy": 126.836924074085,
      "width": 3840,
      "height": 2160,
      "caption_info": [
        "신세계표차(강서구) ",
        "간판"
      ]
    },
    {
      "image_id": 2,
      "filename": "561544_0_su_5_신세계표차 _1_003.png",
      "mapx": 37.5606236765156,
      "mapy": 126.836924074085,
      "width": 3840,
      "height": 2160,
      "caption_info": [
        "신세계표차(강서구) ",
        "의자 "
      ]
    },
    {
      "image_id": 3,
      "filename": "561544_0_su_5_신세계표차 _1_004.png",
      "mapx": 37.5606236765156,
      "mapy": 126.836924074085,
      "width": 3840,
      "height": 2160,
      "caption_info": [
        "신세계표차(강서구) ",
        "메뉴판 "
      ]
    },
    {
      "image_id": 4,
      "filename": "561544_0_su_5_신세계표차 _1_005.png",
      "mapx": 37.5606236765156,
      "mapy": 126.836924074085,
      "width": 3840,
      "height": 2160,
      "caption_info": [
        "신세계표차(강서구) ",
        "고기"
      ]
    }
  ],
  "annotations": [
    {
      "image_id": 0,
      "question": [
        {
          "question_id": 0,
          "question_type": "정보",
          "question": "연락처가 어떻게 되나요?",
          "question_wordNum": 3,
          "answer": "0507-1362-7538",
          "answer_wordNum": 1,
          "fact": [
            "신세계표차,연락처,0507-1362-7538"
          ]
        },
        {
          "question_id": 1,
          "question_type": "정보",
          "question": "영업시간을 알 수 있나요?",
          "question_wordNum": 4,
          "answer": "17:00~01:00/03:00",
          "answer_wordNum": 1,
          "fact": [
            "신세계표차,영업시간,17:00~01:00/03:00"
          ]
        },
        {
          "question_id": 2,
          "question_type": "정보",
          "question": "휴무일을 알 수 있나요?",
          "question_wordNum": 4,
          "answer": "알수없음",
          "answer_wordNum": 1,
          "fact": [
            "신세계표차,휴무일,알수없음"
          ]
        },
        {
          "question_id": 3,
          "question_type": "정보",
          "question": "대표 메뉴가 무엇인가요?",
          "question_wordNum": 3,
          "answer": "고추장찌개, 닭목살구이",
          "answer_wordNum": 2,
          "fact": [
            "신세계표차,메뉴,고추장찌개, 닭목살구이"
          ]
        }
      ]
    },
    {
      "image_id": 1,
      "question": [
        {
          "question_id": 0,
          "question_type": "정보",
          "question": "영업시간은 어떻게 되나요?",
          "question_wordNum": 3,
          "answer": "17:00~01:00/03:00",
          "answer_wordNum": 1,
          "fact": [
            "신세계표차,영업시간,17:00~01:00/03:00"
          ]
        },
        {
          "question_id": 1,
          "question_type": "정보",
          "question": "휴무일을 알 수 있나요?",
          "question_wordNum": 4,
          "answer": "알수없음",
          "answer_wordNum": 1,
          "fact": [
            "신세계표차,휴무일,알수없음"
          ]
        },
        {
          "question_id": 2,
          "question_type": "정보",
          "question": "연락처를 알 수 있나요?",
          "question_wordNum": 4,
          "answer": "0507-1362-7538",
          "answer_wordNum": 1,
          "fact": [
            "신세계표차,연락처,0507-1362-7538"
          ]
        },
        {
          "question_id": 3,
          "question_type": "정보",
          "question": "이 곳의 주소는 어떻게 되나요?",
          "question_wordNum": 5,
          "answer": "서울 강서구 마곡중앙8로 86",
          "answer_wordNum": 4,
          "fact": [
            "신세계표차,주소,서울 강서구 마곡중앙8로 86"
          ]
        }
      ]
    },
    {
      "image_id": 2,
      "question": [
        {
          "question_id": 0,
          "question_type": "정보",
          "question": "연락처가 어떻게 되나요?",
          "question_wordNum": 3,
          "answer": "0507-1362-7538",
          "answer_wordNum": 1,
          "fact": [
            "신세계표차,연락처,0507-1362-7538"
          ]
        },
        {
          "question_id": 1,
          "question_type": "정보",
          "question": "휴무일을 알 수 있나요?",
          "question_wordNum": 4,
          "answer": "알수없음",
          "answer_wordNum": 1,
          "fact": [
            "신세계표차,휴무일,알수없음"
          ]
        },
        {
          "question_id": 2,
          "question_type": "관계",
          "question": "이 곳에 인접한 시설이 있나요?",
          "question_wordNum": 5,
          "answer": "발산역 2번 출구, CU, 라까사, 이마트24",
          "answer_wordNum": 6,
          "fact": [
            "신세계표차,인접,발산역 2번 출구, CU, 라까사, 이마트24"
          ]
        },
        {
          "question_id": 3,
          "question_type": "정보",
          "question": "대표 메뉴가 무엇인가요?",
          "question_wordNum": 3,
          "answer": "고추장찌개, 닭목살구이",
          "answer_wordNum": 2,
          "fact": [
            "신세계표차,메뉴,고추장찌개, 닭목살구이"
          ]
        }
      ]
    },
    {
      "image_id": 3,
      "question": [
        {
          "question_id": 0,
          "question_type": "탐색",
          "question": "주차시설이 있나요?",
          "question_wordNum": 2,
          "answer": "있음",
          "answer_wordNum": 1,
          "fact": [
            "신세계표차,주차시설,있음"
          ]
        },
        {
          "question_id": 1,
          "question_type": "정보",
          "question": "연락처가 어떻게 되나요?",
          "question_wordNum": 3,
          "answer": "0507-1362-7538",
          "answer_wordNum": 1,
          "fact": [
            "신세계표차,연락처,0507-1362-7538"
          ]
        },
        {
          "question_id": 2,
          "question_type": "관계",
          "question": "이 곳에 인접한 시설을 알 수 있나요?",
          "question_wordNum": 7,
          "answer": "발산역 2번 출구, CU, 라까사, 이마트24",
          "answer_wordNum": 6,
          "fact": [
            "신세계표차,인접,발산역 2번 출구, CU, 라까사, 이마트24"
          ]
        },
        {
          "question_id": 3,
          "question_type": "정보",
          "question": "휴무일을 알 수 있나요?",
          "question_wordNum": 4,
          "answer": "알수없음",
          "answer_wordNum": 1,
          "fact": [
            "신세계표차,휴무일,알수없음"
          ]
        }
      ]
    },
    {
      "image_id": 4,
      "question": [
        {
          "question_id": 0,
          "question_type": "정보",
          "question": "휴무일은 어떻게 되나요?",
          "question_wordNum": 3,
          "answer": "알수없음",
          "answer_wordNum": 1,
          "fact": [
            "신세계표차,휴무일,알수없음"
          ]
        },
        {
          "question_id": 1,
          "question_type": "정보",
          "question": "영업시간을 알 수 있나요?",
          "question_wordNum": 4,
          "answer": "17:00~01:00/03:00",
          "answer_wordNum": 1,
          "fact": [
            "신세계표차,영업시간,17:00~01:00/03:00"
          ]
        },
        {
          "question_id": 2,
          "question_type": "정보",
          "question": "연락처를 알 수 있나요?",
          "question_wordNum": 4,
          "answer": "0507-1362-7538",
          "answer_wordNum": 1,
          "fact": [
            "신세계표차,연락처,0507-1362-7538"
          ]
        },
        {
          "question_id": 3,
          "question_type": "정보",
          "question": "대표 메뉴가 무엇인가요?",
          "question_wordNum": 3,
          "answer": "고추장찌개, 닭목살구이",
          "answer_wordNum": 2,
          "fact": [
            "신세계표차,메뉴,고추장찌개, 닭목살구이"
          ]
        }
      ]
    }
  ]
}