{
  "data": {
    "dataset": "2-083-219",
    "POI_id": "561772",
    "travelType": "음식점",
    "place": "jyo두부명가",
    "area": "서울"
  },
  "imageInfo": [
    {
      "image_id": 0,
      "filename": "561772_0_su_5_jyo두부명가_1_001.png",
      "mapx": 37.5525039612121,
      "mapy": 126.835089873721,
      "width": 3840,
      "height": 2160,
      "caption_info": [
        "jyo두부명가(강서구)",
        "간판"
      ]
    },
    {
      "image_id": 1,
      "filename": "561772_0_su_5_jyo두부명가_1_002.png",
      "mapx": 37.5525039612121,
      "mapy": 126.835089873721,
      "width": 3840,
      "height": 2160,
      "caption_info": [
        "jyo두부명가(강서구)",
        "간판"
      ]
    },
    {
      "image_id": 2,
      "filename": "561772_0_su_5_jyo두부명가_1_003.png",
      "mapx": 37.5525039612121,
      "mapy": 126.835089873721,
      "width": 3840,
      "height": 2160,
      "caption_info": [
        "jyo두부명가(강서구)",
        "등받이 의자"
      ]
    },
    {
      "image_id": 3,
      "filename": "561772_0_su_5_jyo두부명가_1_004.png",
      "mapx": 37.5525039612121,
      "mapy": 126.835089873721,
      "width": 3840,
      "height": 2160,
      "caption_info": [
        "jyo두부명가(강서구)",
        "메뉴판 "
      ]
    },
    {
      "image_id": 4,
      "filename": "561772_0_su_5_jyo두부명가_1_005.png",
      "mapx": 37.5525039612121,
      "mapy": 126.835089873721,
      "width": 3840,
      "height": 2160,
      "caption_info": [
        "jyo두부명가(강서구)",
        "순두부쨰개 "
      ]
    }
  ],
  "annotations": [
    {
      "image_id": 0,
      "question": [
        {
          "question_id": 0,
          "question_type": "관계",
          "question": "이 곳에 인접한 시설을 알 수 있나요?",
          "question_wordNum": 7,
          "answer": "우장산역 4번 출구, 놀러와, 카페알린",
          "answer_wordNum": 5,
          "fact": [
            "jyo두부명가,인접,우장산역 4번 출구, 놀러와, 카페알린"
          ]
        },
        {
          "question_id": 1,
          "question_type": "탐색",
          "question": "주차시설이 있나요?",
          "question_wordNum": 2,
          "answer": "있음",
          "answer_wordNum": 1,
          "fact": [
            "jyo두부명가,주차시설,있음"
          ]
        },
        {
          "question_id": 2,
          "question_type": "정보",
          "question": "이 곳의 메뉴를 알 수 있나요?",
          "question_wordNum": 6,
          "answer": "김치순두부, 해물순두부",
          "answer_wordNum": 2,
          "fact": [
            "jyo두부명가,메뉴,김치순두부, 해물순두부"
          ]
        },
        {
          "question_id": 3,
          "question_type": "정보",
          "question": "영업시간을 알 수 있나요?",
          "question_wordNum": 4,
          "answer": "11:00~22:00",
          "answer_wordNum": 1,
          "fact": [
            "jyo두부명가,영업시간,11:00~22:00"
          ]
        }
      ]
    },
    {
      "image_id": 1,
      "question": [
        {
          "question_id": 0,
          "question_type": "정보",
          "question": "영업시간을 알 수 있나요?",
          "question_wordNum": 4,
          "answer": "11:00~22:00",
          "answer_wordNum": 1,
          "fact": [
            "jyo두부명가,영업시간,11:00~22:00"
          ]
        },
        {
          "question_id": 1,
          "question_type": "정보",
          "question": "이 곳의 주소는 어떻게 되나요?",
          "question_wordNum": 5,
          "answer": "서울 강서구 강서로47길 19",
          "answer_wordNum": 4,
          "fact": [
            "jyo두부명가,주소,서울 강서구 강서로47길 19"
          ]
        },
        {
          "question_id": 2,
          "question_type": "탐색",
          "question": "주차시설이 있는지 알 수 있나요?",
          "question_wordNum": 5,
          "answer": "있음",
          "answer_wordNum": 1,
          "fact": [
            "jyo두부명가,주차시설,있음"
          ]
        },
        {
          "question_id": 3,
          "question_type": "정보",
          "question": "연락처가 어떻게 되나요?",
          "question_wordNum": 3,
          "answer": "02-2661-6580",
          "answer_wordNum": 1,
          "fact": [
            "jyo두부명가,연락처,02-2661-6580"
          ]
        }
      ]
    },
    {
      "image_id": 2,
      "question": [
        {
          "question_id": 0,
          "question_type": "정보",
          "question": "영업시간은 어떻게 되나요?",
          "question_wordNum": 3,
          "answer": "11:00~22:00",
          "answer_wordNum": 1,
          "fact": [
            "jyo두부명가,영업시간,11:00~22:00"
          ]
        },
        {
          "question_id": 1,
          "question_type": "정보",
          "question": "휴무일은 어떻게 되나요?",
          "question_wordNum": 3,
          "answer": "매주 일요일",
          "answer_wordNum": 2,
          "fact": [
            "jyo두부명가,휴무일,매주 일요일"
          ]
        },
        {
          "question_id": 2,
          "question_type": "정보",
          "question": "연락처가 어떻게 되나요?",
          "question_wordNum": 3,
          "answer": "02-2661-6580",
          "answer_wordNum": 1,
          "fact": [
            "jyo두부명가,연락처,02-2661-6580"
          ]
        },
        {
          "question_id": 3,
          "question_type": "정보",
          "question": "이 곳의 주소를 알 수 있나요?",
          "question_wordNum": 6,
          "answer": "서울 강서구 강서로47길 19",
          "answer_wordNum": 4,
          "fact": [
            "jyo두부명가,주소,서울 강서구 강서로47길 19"
          ]
        }
      ]
    },
    {
      "image_id": 3,
      "question": [
        {
          "question_id": 0,
          "question_type": "정보",
          "question": "영업시간을 알 수 있나요?",
          "question_wordNum": 4,
          "answer": "11:00~22:00",
          "answer_wordNum": 1,
          "fact": [
            "jyo두부명가,영업시간,11:00~22:00"
          ]
        },
        {
          "question_id": 1,
          "question_type": "정보",
          "question": "연락처가 어떻게 되나요?",
          "question_wordNum": 3,
          "answer": "02-2661-6580",
          "answer_wordNum": 1,
          "fact": [
            "jyo두부명가,연락처,02-2661-6580"
          ]
        },
        {
          "question_id": 2,
          "question_type": "탐색",
          "question": "주차시설이 있나요?",
          "question_wordNum": 2,
          "answer": "있음",
          "answer_wordNum": 1,
          "fact": [
            "jyo두부명가,주차시설,있음"
          ]
        },
        {
          "question_id": 3,
          "question_type": "정보",
          "question": "이 곳의 주소는 어떻게 되나요?",
          "question_wordNum": 5,
          "answer": "서울 강서구 강서로47길 19",
          "answer_wordNum": 4,
          "fact": [
            "jyo두부명가,주소,서울 강서구 강서로47길 19"
          ]
        }
      ]
    },
    {
      "image_id": 4,
      "question": [
        {
          "question_id": 0,
          "question_type": "정보",
          "question": "휴무일은 어떻게 되나요?",
          "question_wordNum": 3,
          "answer": "매주 일요일",
          "answer_wordNum": 2,
          "fact": [
            "jyo두부명가,휴무일,매주 일요일"
          ]
        },
        {
          "question_id": 1,
          "question_type": "관계",
          "question": "이 곳에 인접한 시설을 알 수 있나요?",
          "question_wordNum": 7,
          "answer": "우장산역 4번 출구, 놀러와, 카페알린",
          "answer_wordNum": 5,
          "fact": [
            "jyo두부명가,인접,우장산역 4번 출구, 놀러와, 카페알린"
          ]
        },
        {
          "question_id": 2,
          "question_type": "탐색",
          "question": "주차시설이 있는지 알 수 있나요?",
          "question_wordNum": 5,
          "answer": "있음",
          "answer_wordNum": 1,
          "fact": [
            "jyo두부명가,주차시설,있음"
          ]
        },
        {
          "question_id": 3,
          "question_type": "정보",
          "question": "이 곳의 메뉴를 알 수 있나요?",
          "question_wordNum": 6,
          "answer": "김치순두부, 해물순두부",
          "answer_wordNum": 2,
          "fact": [
            "jyo두부명가,메뉴,김치순두부, 해물순두부"
          ]
        }
      ]
    }
  ]
}