{
  "data": {
    "dataset": "2-083-219",
    "POI_id": "561660",
    "travelType": "음식점",
    "place": "구백냥곱창 발산마곡점",
    "area": "서울"
  },
  "imageInfo": [
    {
      "image_id": 0,
      "filename": "561660_0_su_5_구백냥곱창 발산마곡점_1_001.png",
      "mapx": 37.5601717056669,
      "mapy": 126.837293234957,
      "width": 3840,
      "height": 2160,
      "caption_info": [
        "구백냥곱창 발산마곡점(마곡동)",
        "간판, 여닫이문"
      ]
    },
    {
      "image_id": 1,
      "filename": "561660_0_su_5_구백냥곱창 발산마곡점_1_002.png",
      "mapx": 37.5601717056669,
      "mapy": 126.837293234957,
      "width": 3840,
      "height": 2160,
      "caption_info": [
        "구백냥곱창 발산마곡점(마곡동)",
        "테이블, 간판, 여닫이문"
      ]
    },
    {
      "image_id": 2,
      "filename": "561660_0_su_5_구백냥곱창 발산마곡점_1_003.png",
      "mapx": 37.5601717056669,
      "mapy": 126.837293234957,
      "width": 3840,
      "height": 2160,
      "caption_info": [
        "구백냥곱창 발산마곡점(마곡동)",
        "태이블, 의자, 에어컨"
      ]
    },
    {
      "image_id": 3,
      "filename": "561660_0_su_5_구백냥곱창 발산마곡점_1_004.png",
      "mapx": 37.5601717056669,
      "mapy": 126.837293234957,
      "width": 3840,
      "height": 2160,
      "caption_info": [
        "구백냥곱창 발산마곡점(마곡동)",
        "메뉴판"
      ]
    },
    {
      "image_id": 4,
      "filename": "561660_0_su_5_구백냥곱창 발산마곡점_1_005.png",
      "mapx": 37.5601717056669,
      "mapy": 126.837293234957,
      "width": 3840,
      "height": 2160,
      "caption_info": [
        "구백냥곱창 발산마곡점(마곡동)",
        "야채곱창"
      ]
    }
  ],
  "annotations": [
    {
      "image_id": 0,
      "question": [
        {
          "question_id": 0,
          "question_type": "정보",
          "question": "이 곳의 주소는 어떻게 되나요?",
          "question_wordNum": 5,
          "answer": "서울 강서구 마곡중앙6로 89 뉴골든타워106호",
          "answer_wordNum": 5,
          "fact": [
            "구백냥곱창 발산마곡점,주소,서울 강서구 마곡중앙6로 89 뉴골든타워106호"
          ]
        },
        {
          "question_id": 1,
          "question_type": "관계",
          "question": "이 곳에 인접한 시설이 있나요?",
          "question_wordNum": 5,
          "answer": "발산역 2번 출구, 이마트24, 청담포차",
          "answer_wordNum": 5,
          "fact": [
            "구백냥곱창 발산마곡점,인접,발산역 2번 출구, 이마트24, 청담포차"
          ]
        },
        {
          "question_id": 2,
          "question_type": "정보",
          "question": "휴무일을 알 수 있나요?",
          "question_wordNum": 4,
          "answer": "알수없음",
          "answer_wordNum": 1,
          "fact": [
            "구백냥곱창 발산마곡점,휴무일,알수없음"
          ]
        },
        {
          "question_id": 3,
          "question_type": "정보",
          "question": "이 곳의 대표적인 메뉴는 무엇이 있나요?",
          "question_wordNum": 6,
          "answer": "알곱창, 야채곱창",
          "answer_wordNum": 2,
          "fact": [
            "구백냥곱창 발산마곡점,메뉴,알곱창, 야채곱창"
          ]
        }
      ]
    },
    {
      "image_id": 1,
      "question": [
        {
          "question_id": 0,
          "question_type": "탐색",
          "question": "주차시설이 있나요?",
          "question_wordNum": 2,
          "answer": "있음",
          "answer_wordNum": 1,
          "fact": [
            "구백냥곱창 발산마곡점,주차시설,있음"
          ]
        },
        {
          "question_id": 1,
          "question_type": "정보",
          "question": "이 곳의 대표적인 메뉴는 무엇이 있나요?",
          "question_wordNum": 6,
          "answer": "알곱창, 야채곱창",
          "answer_wordNum": 2,
          "fact": [
            "구백냥곱창 발산마곡점,메뉴,알곱창, 야채곱창"
          ]
        },
        {
          "question_id": 2,
          "question_type": "정보",
          "question": "영업시간은 어떻게 되나요?",
          "question_wordNum": 3,
          "answer": "11:30/17:00~24:00/01:00",
          "answer_wordNum": 1,
          "fact": [
            "구백냥곱창 발산마곡점,영업시간,11:30/17:00~24:00/01:00"
          ]
        },
        {
          "question_id": 3,
          "question_type": "정보",
          "question": "연락처가 어떻게 되나요?",
          "question_wordNum": 3,
          "answer": "0507-1350-7889",
          "answer_wordNum": 1,
          "fact": [
            "구백냥곱창 발산마곡점,연락처,0507-1350-7889"
          ]
        }
      ]
    },
    {
      "image_id": 2,
      "question": [
        {
          "question_id": 0,
          "question_type": "정보",
          "question": "이 곳의 대표적인 메뉴는 무엇이 있나요?",
          "question_wordNum": 6,
          "answer": "알곱창, 야채곱창",
          "answer_wordNum": 2,
          "fact": [
            "구백냥곱창 발산마곡점,메뉴,알곱창, 야채곱창"
          ]
        },
        {
          "question_id": 1,
          "question_type": "정보",
          "question": "연락처가 어떻게 되나요?",
          "question_wordNum": 3,
          "answer": "0507-1350-7889",
          "answer_wordNum": 1,
          "fact": [
            "구백냥곱창 발산마곡점,연락처,0507-1350-7889"
          ]
        },
        {
          "question_id": 2,
          "question_type": "정보",
          "question": "이 곳의 주소는 어떻게 되나요?",
          "question_wordNum": 5,
          "answer": "서울 강서구 마곡중앙6로 89 뉴골든타워106호",
          "answer_wordNum": 5,
          "fact": [
            "구백냥곱창 발산마곡점,주소,서울 강서구 마곡중앙6로 89 뉴골든타워106호"
          ]
        },
        {
          "question_id": 3,
          "question_type": "관계",
          "question": "이 곳에 인접한 시설이 있나요?",
          "question_wordNum": 5,
          "answer": "발산역 2번 출구, 이마트24, 청담포차",
          "answer_wordNum": 5,
          "fact": [
            "구백냥곱창 발산마곡점,인접,발산역 2번 출구, 이마트24, 청담포차"
          ]
        }
      ]
    },
    {
      "image_id": 3,
      "question": [
        {
          "question_id": 0,
          "question_type": "정보",
          "question": "이 곳의 주소는 어떻게 되나요?",
          "question_wordNum": 5,
          "answer": "서울 강서구 마곡중앙6로 89 뉴골든타워106호",
          "answer_wordNum": 5,
          "fact": [
            "구백냥곱창 발산마곡점,주소,서울 강서구 마곡중앙6로 89 뉴골든타워106호"
          ]
        },
        {
          "question_id": 1,
          "question_type": "정보",
          "question": "이 곳의 대표적인 메뉴는 무엇이 있나요?",
          "question_wordNum": 6,
          "answer": "알곱창, 야채곱창",
          "answer_wordNum": 2,
          "fact": [
            "구백냥곱창 발산마곡점,메뉴,알곱창, 야채곱창"
          ]
        },
        {
          "question_id": 2,
          "question_type": "정보",
          "question": "연락처가 어떻게 되나요?",
          "question_wordNum": 3,
          "answer": "0507-1350-7889",
          "answer_wordNum": 1,
          "fact": [
            "구백냥곱창 발산마곡점,연락처,0507-1350-7889"
          ]
        },
        {
          "question_id": 3,
          "question_type": "정보",
          "question": "휴무일을 알 수 있나요?",
          "question_wordNum": 4,
          "answer": "알수없음",
          "answer_wordNum": 1,
          "fact": [
            "구백냥곱창 발산마곡점,휴무일,알수없음"
          ]
        }
      ]
    },
    {
      "image_id": 4,
      "question": [
        {
          "question_id": 0,
          "question_type": "정보",
          "question": "이 곳의 주소는 어떻게 되나요?",
          "question_wordNum": 5,
          "answer": "서울 강서구 마곡중앙6로 89 뉴골든타워106호",
          "answer_wordNum": 5,
          "fact": [
            "구백냥곱창 발산마곡점,주소,서울 강서구 마곡중앙6로 89 뉴골든타워106호"
          ]
        },
        {
          "question_id": 1,
          "question_type": "정보",
          "question": "이 곳의 대표적인 메뉴는 무엇이 있나요?",
          "question_wordNum": 6,
          "answer": "알곱창, 야채곱창",
          "answer_wordNum": 2,
          "fact": [
            "구백냥곱창 발산마곡점,메뉴,알곱창, 야채곱창"
          ]
        },
        {
          "question_id": 2,
          "question_type": "정보",
          "question": "영업시간은 어떻게 되나요?",
          "question_wordNum": 3,
          "answer": "11:30/17:00~24:00/01:00",
          "answer_wordNum": 1,
          "fact": [
            "구백냥곱창 발산마곡점,영업시간,11:30/17:00~24:00/01:00"
          ]
        },
        {
          "question_id": 3,
          "question_type": "정보",
          "question": "연락처가 어떻게 되나요?",
          "question_wordNum": 3,
          "answer": "0507-1350-7889",
          "answer_wordNum": 1,
          "fact": [
            "구백냥곱창 발산마곡점,연락처,0507-1350-7889"
          ]
        }
      ]
    }
  ]
}