{
  "data": {
    "dataset": "2-083-219",
    "POI_id": "561770",
    "travelType": "음식점",
    "place": "토마토김밥 수명산점",
    "area": "서울"
  },
  "imageInfo": [
    {
      "image_id": 0,
      "filename": "561770_0_su_5_토마토김밥 수명산점_1_001.png",
      "mapx": 37.552871895432,
      "mapy": 126.830611291758,
      "width": 3840,
      "height": 2160,
      "caption_info": [
        "토마토김밥 수명산점(내발산동)",
        "간판, 전봇대"
      ]
    },
    {
      "image_id": 1,
      "filename": "561770_0_su_5_토마토김밥 수명산점_1_002.png",
      "mapx": 37.552871895432,
      "mapy": 126.830611291758,
      "width": 3840,
      "height": 2160,
      "caption_info": [
        "토마토김밥 수명산점(내발산동)",
        "간판"
      ]
    },
    {
      "image_id": 2,
      "filename": "561770_0_su_5_토마토김밥 수명산점_1_003.png",
      "mapx": 37.552871895432,
      "mapy": 126.830611291758,
      "width": 3840,
      "height": 2160,
      "caption_info": [
        "토마토김밥 수명산점(내발산동)",
        "테이블, 등받이 의자"
      ]
    },
    {
      "image_id": 3,
      "filename": "561770_0_su_5_토마토김밥 수명산점_1_004.png",
      "mapx": 37.552871895432,
      "mapy": 126.830611291758,
      "width": 3840,
      "height": 2160,
      "caption_info": [
        "토마토김밥 수명산점(내발산동)",
        "메뉴판"
      ]
    },
    {
      "image_id": 4,
      "filename": "561770_0_su_5_토마토김밥 수명산점_1_005.png",
      "mapx": 37.552871895432,
      "mapy": 126.830611291758,
      "width": 3840,
      "height": 2160,
      "caption_info": [
        "토마토김밥 수명산점(내발산동)",
        "돈까스"
      ]
    }
  ],
  "annotations": [
    {
      "image_id": 0,
      "question": [
        {
          "question_id": 0,
          "question_type": "정보",
          "question": "휴무일을 알 수 있나요?",
          "question_wordNum": 4,
          "answer": "매주 월요일",
          "answer_wordNum": 2,
          "fact": [
            "토마토김밥 수명산점,휴무일,매주 월요일"
          ]
        },
        {
          "question_id": 1,
          "question_type": "정보",
          "question": "영업시간은 몇시부터 몇시까지로 기재되어 있나요?",
          "question_wordNum": 5,
          "answer": "08:00~21:30",
          "answer_wordNum": 1,
          "fact": [
            "토마토김밥 수명산점,영업시간,08:00~21:30"
          ]
        },
        {
          "question_id": 2,
          "question_type": "정보",
          "question": "연락처가 어떻게 되나요?",
          "question_wordNum": 3,
          "answer": "02-2667-6669",
          "answer_wordNum": 1,
          "fact": [
            "토마토김밥 수명산점,연락처,02-2667-6669"
          ]
        },
        {
          "question_id": 3,
          "question_type": "정보",
          "question": "이 곳의 대표적인 메뉴를 알 수 있나요?",
          "question_wordNum": 7,
          "answer": "떡만두국, 송탄부대찌개",
          "answer_wordNum": 2,
          "fact": [
            "토마토김밥 수명산점,메뉴,떡만두국, 송탄부대찌개"
          ]
        }
      ]
    },
    {
      "image_id": 1,
      "question": [
        {
          "question_id": 0,
          "question_type": "정보",
          "question": "이 곳의 대표적인 메뉴는 무엇이 있나요?",
          "question_wordNum": 6,
          "answer": "떡만두국, 송탄부대찌개",
          "answer_wordNum": 2,
          "fact": [
            "토마토김밥 수명산점,메뉴,떡만두국, 송탄부대찌개"
          ]
        },
        {
          "question_id": 1,
          "question_type": "탐색",
          "question": "주차시설이 있나요?",
          "question_wordNum": 2,
          "answer": "있음",
          "answer_wordNum": 1,
          "fact": [
            "토마토김밥 수명산점,주차시설,있음"
          ]
        },
        {
          "question_id": 2,
          "question_type": "관계",
          "question": "이 곳에 인접한 시설이 있나요?",
          "question_wordNum": 5,
          "answer": "우장산역 4번 출구, 가마치통닭, 카페동네",
          "answer_wordNum": 5,
          "fact": [
            "토마토김밥 수명산점,인접,우장산역 4번 출구, 가마치통닭, 카페동네"
          ]
        },
        {
          "question_id": 3,
          "question_type": "정보",
          "question": "영업시간은 몇시부터 몇시까지로 기재되어 있나요?",
          "question_wordNum": 5,
          "answer": "08:00~21:30",
          "answer_wordNum": 1,
          "fact": [
            "토마토김밥 수명산점,영업시간,08:00~21:30"
          ]
        }
      ]
    },
    {
      "image_id": 2,
      "question": [
        {
          "question_id": 0,
          "question_type": "탐색",
          "question": "주차시설이 있나요?",
          "question_wordNum": 2,
          "answer": "있음",
          "answer_wordNum": 1,
          "fact": [
            "토마토김밥 수명산점,주차시설,있음"
          ]
        },
        {
          "question_id": 1,
          "question_type": "관계",
          "question": "이 곳에 인접한 시설을 알 수 있나요?",
          "question_wordNum": 7,
          "answer": "우장산역 4번 출구, 가마치통닭, 카페동네",
          "answer_wordNum": 5,
          "fact": [
            "토마토김밥 수명산점,인접,우장산역 4번 출구, 가마치통닭, 카페동네"
          ]
        },
        {
          "question_id": 2,
          "question_type": "정보",
          "question": "연락처를 알 수 있나요?",
          "question_wordNum": 4,
          "answer": "02-2667-6669",
          "answer_wordNum": 1,
          "fact": [
            "토마토김밥 수명산점,연락처,02-2667-6669"
          ]
        },
        {
          "question_id": 3,
          "question_type": "정보",
          "question": "휴무일을 알 수 있나요?",
          "question_wordNum": 4,
          "answer": "매주 월요일",
          "answer_wordNum": 2,
          "fact": [
            "토마토김밥 수명산점,휴무일,매주 월요일"
          ]
        }
      ]
    },
    {
      "image_id": 3,
      "question": [
        {
          "question_id": 0,
          "question_type": "탐색",
          "question": "주차시설이 있는지 알 수 있나요?",
          "question_wordNum": 5,
          "answer": "있음",
          "answer_wordNum": 1,
          "fact": [
            "토마토김밥 수명산점,주차시설,있음"
          ]
        },
        {
          "question_id": 1,
          "question_type": "정보",
          "question": "연락처를 알 수 있나요?",
          "question_wordNum": 4,
          "answer": "02-2667-6669",
          "answer_wordNum": 1,
          "fact": [
            "토마토김밥 수명산점,연락처,02-2667-6669"
          ]
        },
        {
          "question_id": 2,
          "question_type": "정보",
          "question": "이 곳의 주요 메뉴는 무엇이 있나요?",
          "question_wordNum": 6,
          "answer": "떡만두국, 송탄부대찌개",
          "answer_wordNum": 2,
          "fact": [
            "토마토김밥 수명산점,메뉴,떡만두국, 송탄부대찌개"
          ]
        },
        {
          "question_id": 3,
          "question_type": "정보",
          "question": "이 곳의 주소를 알 수 있나요?",
          "question_wordNum": 6,
          "answer": "서울 강서구 강서로45길 174",
          "answer_wordNum": 4,
          "fact": [
            "토마토김밥 수명산점,주소,서울 강서구 강서로45길 174"
          ]
        }
      ]
    },
    {
      "image_id": 4,
      "question": [
        {
          "question_id": 0,
          "question_type": "정보",
          "question": "영업시간은 몇시부터 몇시까지로 기재되어 있나요?",
          "question_wordNum": 5,
          "answer": "08:00~21:30",
          "answer_wordNum": 1,
          "fact": [
            "토마토김밥 수명산점,영업시간,08:00~21:30"
          ]
        },
        {
          "question_id": 1,
          "question_type": "정보",
          "question": "휴무일을 알 수 있나요?",
          "question_wordNum": 4,
          "answer": "매주 월요일",
          "answer_wordNum": 2,
          "fact": [
            "토마토김밥 수명산점,휴무일,매주 월요일"
          ]
        },
        {
          "question_id": 2,
          "question_type": "정보",
          "question": "이 곳의 주소를 알 수 있나요?",
          "question_wordNum": 6,
          "answer": "서울 강서구 강서로45길 174",
          "answer_wordNum": 4,
          "fact": [
            "토마토김밥 수명산점,주소,서울 강서구 강서로45길 174"
          ]
        },
        {
          "question_id": 3,
          "question_type": "탐색",
          "question": "주차시설이 있는지 알 수 있나요?",
          "question_wordNum": 5,
          "answer": "있음",
          "answer_wordNum": 1,
          "fact": [
            "토마토김밥 수명산점,주차시설,있음"
          ]
        }
      ]
    }
  ]
}