{
  "data": {
    "dataset": "2-083-219",
    "POI_id": "561518",
    "travelType": "음식점",
    "place": "타이투고 ",
    "area": "서울"
  },
  "imageInfo": [
    {
      "image_id": 0,
      "filename": "561518_0_su_5_타이투고 _1_001.png",
      "mapx": 37.5606312206415,
      "mapy": 126.832720625607,
      "width": 3840,
      "height": 2160,
      "caption_info": [
        "타이투고(강서구) ",
        "어닝 "
      ]
    },
    {
      "image_id": 1,
      "filename": "561518_0_su_5_타이투고 _1_002.png",
      "mapx": 37.5606312206415,
      "mapy": 126.832720625607,
      "width": 3840,
      "height": 2160,
      "caption_info": [
        "타이투고(강서구) ",
        "어닝 "
      ]
    },
    {
      "image_id": 2,
      "filename": "561518_0_su_5_타이투고 _1_003.png",
      "mapx": 37.5606312206415,
      "mapy": 126.832720625607,
      "width": 3840,
      "height": 2160,
      "caption_info": [
        "타이투고(강서구) ",
        "카운터 "
      ]
    },
    {
      "image_id": 3,
      "filename": "561518_0_su_5_타이투고 _1_004.png",
      "mapx": 37.5606312206415,
      "mapy": 126.832720625607,
      "width": 3840,
      "height": 2160,
      "caption_info": [
        "타이투고(강서구) ",
        "메뉴판 "
      ]
    },
    {
      "image_id": 4,
      "filename": "561518_0_su_5_타이투고 _1_005.png",
      "mapx": 37.5606312206415,
      "mapy": 126.832720625607,
      "width": 3840,
      "height": 2160,
      "caption_info": [
        "타이투고(강서구) ",
        "그릇 "
      ]
    }
  ],
  "annotations": [
    {
      "image_id": 0,
      "question": [
        {
          "question_id": 0,
          "question_type": "정보",
          "question": "연락처를 알 수 있나요?",
          "question_wordNum": 4,
          "answer": "0507-1434-9915",
          "answer_wordNum": 1,
          "fact": [
            "타이투고,연락처,0507-1434-9915"
          ]
        },
        {
          "question_id": 1,
          "question_type": "탐색",
          "question": "주차시설이 있나요?",
          "question_wordNum": 2,
          "answer": "있음",
          "answer_wordNum": 1,
          "fact": [
            "타이투고,주차시설,있음"
          ]
        },
        {
          "question_id": 2,
          "question_type": "관계",
          "question": "이 곳에 인접한 시설을 알 수 있나요?",
          "question_wordNum": 7,
          "answer": "발산역 9번 출구, 리더스퀘어, 몽슈크레, 옥소반",
          "answer_wordNum": 6,
          "fact": [
            "타이투고,인접,발산역 9번 출구, 리더스퀘어, 몽슈크레, 옥소반"
          ]
        },
        {
          "question_id": 3,
          "question_type": "정보",
          "question": "휴무일은 어떻게 되나요?",
          "question_wordNum": 3,
          "answer": "다섯째 월요일",
          "answer_wordNum": 2,
          "fact": [
            "타이투고,휴무일,다섯째 월요일"
          ]
        }
      ]
    },
    {
      "image_id": 1,
      "question": [
        {
          "question_id": 0,
          "question_type": "정보",
          "question": "이 곳의 주소를 알 수 있나요?",
          "question_wordNum": 6,
          "answer": "서울 강서구 마곡중앙6로 45",
          "answer_wordNum": 4,
          "fact": [
            "타이투고,주소,서울 강서구 마곡중앙6로 45"
          ]
        },
        {
          "question_id": 1,
          "question_type": "탐색",
          "question": "주차시설이 있는지 알 수 있나요?",
          "question_wordNum": 5,
          "answer": "있음",
          "answer_wordNum": 1,
          "fact": [
            "타이투고,주차시설,있음"
          ]
        },
        {
          "question_id": 2,
          "question_type": "관계",
          "question": "이 곳에 인접한 시설을 알 수 있나요?",
          "question_wordNum": 7,
          "answer": "발산역 9번 출구, 리더스퀘어, 몽슈크레, 옥소반",
          "answer_wordNum": 6,
          "fact": [
            "타이투고,인접,발산역 9번 출구, 리더스퀘어, 몽슈크레, 옥소반"
          ]
        },
        {
          "question_id": 3,
          "question_type": "정보",
          "question": "대표 메뉴가 무엇인가요?",
          "question_wordNum": 3,
          "answer": "팟타이 꿍, 뿌님 팟퐁커리",
          "answer_wordNum": 4,
          "fact": [
            "타이투고,메뉴,팟타이 꿍, 뿌님 팟퐁커리"
          ]
        }
      ]
    },
    {
      "image_id": 2,
      "question": [
        {
          "question_id": 0,
          "question_type": "정보",
          "question": "이 곳의 주소는 어떻게 되나요?",
          "question_wordNum": 5,
          "answer": "서울 강서구 마곡중앙6로 45",
          "answer_wordNum": 4,
          "fact": [
            "타이투고,주소,서울 강서구 마곡중앙6로 45"
          ]
        },
        {
          "question_id": 1,
          "question_type": "정보",
          "question": "대표 메뉴가 무엇인가요?",
          "question_wordNum": 3,
          "answer": "팟타이 꿍, 뿌님 팟퐁커리",
          "answer_wordNum": 4,
          "fact": [
            "타이투고,메뉴,팟타이 꿍, 뿌님 팟퐁커리"
          ]
        },
        {
          "question_id": 2,
          "question_type": "정보",
          "question": "연락처가 어떻게 되나요?",
          "question_wordNum": 3,
          "answer": "0507-1434-9915",
          "answer_wordNum": 1,
          "fact": [
            "타이투고,연락처,0507-1434-9915"
          ]
        },
        {
          "question_id": 3,
          "question_type": "정보",
          "question": "영업시간을 알 수 있나요?",
          "question_wordNum": 4,
          "answer": "11:00/11:30~21:00",
          "answer_wordNum": 1,
          "fact": [
            "타이투고,영업시간,11:00/11:30~21:00"
          ]
        }
      ]
    },
    {
      "image_id": 3,
      "question": [
        {
          "question_id": 0,
          "question_type": "정보",
          "question": "영업시간은 어떻게 되나요?",
          "question_wordNum": 3,
          "answer": "11:00/11:30~21:00",
          "answer_wordNum": 1,
          "fact": [
            "타이투고,영업시간,11:00/11:30~21:00"
          ]
        },
        {
          "question_id": 1,
          "question_type": "정보",
          "question": "이 곳의 주소를 알 수 있나요?",
          "question_wordNum": 6,
          "answer": "서울 강서구 마곡중앙6로 45",
          "answer_wordNum": 4,
          "fact": [
            "타이투고,주소,서울 강서구 마곡중앙6로 45"
          ]
        },
        {
          "question_id": 2,
          "question_type": "정보",
          "question": "휴무일을 알 수 있나요?",
          "question_wordNum": 4,
          "answer": "다섯째 월요일",
          "answer_wordNum": 2,
          "fact": [
            "타이투고,휴무일,다섯째 월요일"
          ]
        },
        {
          "question_id": 3,
          "question_type": "탐색",
          "question": "주차시설이 있나요?",
          "question_wordNum": 2,
          "answer": "있음",
          "answer_wordNum": 1,
          "fact": [
            "타이투고,주차시설,있음"
          ]
        }
      ]
    },
    {
      "image_id": 4,
      "question": [
        {
          "question_id": 0,
          "question_type": "정보",
          "question": "영업시간을 알 수 있나요?",
          "question_wordNum": 4,
          "answer": "11:00/11:30~21:00",
          "answer_wordNum": 1,
          "fact": [
            "타이투고,영업시간,11:00/11:30~21:00"
          ]
        },
        {
          "question_id": 1,
          "question_type": "정보",
          "question": "이 곳의 주소는 어떻게 되나요?",
          "question_wordNum": 5,
          "answer": "서울 강서구 마곡중앙6로 45",
          "answer_wordNum": 4,
          "fact": [
            "타이투고,주소,서울 강서구 마곡중앙6로 45"
          ]
        },
        {
          "question_id": 2,
          "question_type": "정보",
          "question": "이 곳의 메뉴를 알 수 있나요?",
          "question_wordNum": 6,
          "answer": "팟타이 꿍, 뿌님 팟퐁커리",
          "answer_wordNum": 4,
          "fact": [
            "타이투고,메뉴,팟타이 꿍, 뿌님 팟퐁커리"
          ]
        },
        {
          "question_id": 3,
          "question_type": "탐색",
          "question": "주차시설이 있는지 알 수 있나요?",
          "question_wordNum": 5,
          "answer": "있음",
          "answer_wordNum": 1,
          "fact": [
            "타이투고,주차시설,있음"
          ]
        }
      ]
    }
  ]
}