{
  "data": {
    "dataset": "2-083-219",
    "POI_id": "561510",
    "travelType": "음식점",
    "place": "오토김밥 마곡점",
    "area": "서울"
  },
  "imageInfo": [
    {
      "image_id": 0,
      "filename": "561510_0_su_5_오토김밥 마곡점_1_001.png",
      "mapx": 37.5582829549403,
      "mapy": 126.829009917866,
      "width": 3840,
      "height": 2160,
      "caption_info": [
        "오토김밥 마곡점(강서구)",
        "간판"
      ]
    },
    {
      "image_id": 1,
      "filename": "561510_0_su_5_오토김밥 마곡점_1_002.png",
      "mapx": 37.5582829549403,
      "mapy": 126.829009917866,
      "width": 3840,
      "height": 2160,
      "caption_info": [
        "오토김밥 마곡점(강서구)",
        "간판"
      ]
    },
    {
      "image_id": 2,
      "filename": "561510_0_su_5_오토김밥 마곡점_1_003.png",
      "mapx": 37.5582829549403,
      "mapy": 126.829009917866,
      "width": 3840,
      "height": 2160,
      "caption_info": [
        "오토김밥 마곡점(강서구)",
        "수저통 "
      ]
    },
    {
      "image_id": 3,
      "filename": "561510_0_su_5_오토김밥 마곡점_1_004.png",
      "mapx": 37.5582829549403,
      "mapy": 126.829009917866,
      "width": 3840,
      "height": 2160,
      "caption_info": [
        "오토김밥 마곡점(강서구)",
        "메뉴판 "
      ]
    },
    {
      "image_id": 4,
      "filename": "561510_0_su_5_오토김밥 마곡점_1_005.png",
      "mapx": 37.5582829549403,
      "mapy": 126.829009917866,
      "width": 3840,
      "height": 2160,
      "caption_info": [
        "오토김밥 마곡점(강서구)",
        "김밥 "
      ]
    }
  ],
  "annotations": [
    {
      "image_id": 0,
      "question": [
        {
          "question_id": 0,
          "question_type": "탐색",
          "question": "주차시설이 있나요?",
          "question_wordNum": 2,
          "answer": "있음",
          "answer_wordNum": 1,
          "fact": [
            "오토김밥 마곡점,주차시설,있음"
          ]
        },
        {
          "question_id": 1,
          "question_type": "정보",
          "question": "연락처가 어떻게 되나요?",
          "question_wordNum": 3,
          "answer": "0507-1489-0550",
          "answer_wordNum": 1,
          "fact": [
            "오토김밥 마곡점,연락처,0507-1489-0550"
          ]
        },
        {
          "question_id": 2,
          "question_type": "정보",
          "question": "영업시간은 어떻게 되나요?",
          "question_wordNum": 3,
          "answer": "10:00~21:00",
          "answer_wordNum": 1,
          "fact": [
            "오토김밥 마곡점,영업시간,10:00~21:00"
          ]
        },
        {
          "question_id": 3,
          "question_type": "정보",
          "question": "휴무일을 알 수 있나요?",
          "question_wordNum": 4,
          "answer": "매주 월요일",
          "answer_wordNum": 2,
          "fact": [
            "오토김밥 마곡점,휴무일,매주 월요일"
          ]
        }
      ]
    },
    {
      "image_id": 1,
      "question": [
        {
          "question_id": 0,
          "question_type": "정보",
          "question": "이 곳의 주소는 어떻게 되나요?",
          "question_wordNum": 5,
          "answer": "서울 강서구 마곡중앙4로 22",
          "answer_wordNum": 4,
          "fact": [
            "오토김밥 마곡점,주소,서울 강서구 마곡중앙4로 22"
          ]
        },
        {
          "question_id": 1,
          "question_type": "정보",
          "question": "영업시간을 알 수 있나요?",
          "question_wordNum": 4,
          "answer": "10:00~21:00",
          "answer_wordNum": 1,
          "fact": [
            "오토김밥 마곡점,영업시간,10:00~21:00"
          ]
        },
        {
          "question_id": 2,
          "question_type": "정보",
          "question": "휴무일은 어떻게 되나요?",
          "question_wordNum": 3,
          "answer": "매주 월요일",
          "answer_wordNum": 2,
          "fact": [
            "오토김밥 마곡점,휴무일,매주 월요일"
          ]
        },
        {
          "question_id": 3,
          "question_type": "관계",
          "question": "이 곳에 인접한 시설이 있나요?",
          "question_wordNum": 5,
          "answer": "마곡역 4번 출구, 희희잇, 카페 조제",
          "answer_wordNum": 6,
          "fact": [
            "오토김밥 마곡점,인접,마곡역 4번 출구, 희희잇, 카페 조제"
          ]
        }
      ]
    },
    {
      "image_id": 2,
      "question": [
        {
          "question_id": 0,
          "question_type": "정보",
          "question": "영업시간은 어떻게 되나요?",
          "question_wordNum": 3,
          "answer": "10:00~21:00",
          "answer_wordNum": 1,
          "fact": [
            "오토김밥 마곡점,영업시간,10:00~21:00"
          ]
        },
        {
          "question_id": 1,
          "question_type": "정보",
          "question": "이 곳의 메뉴를 알 수 있나요?",
          "question_wordNum": 6,
          "answer": "오토김밥, 고추냉이김밥",
          "answer_wordNum": 2,
          "fact": [
            "오토김밥 마곡점,메뉴,오토김밥, 고추냉이김밥"
          ]
        },
        {
          "question_id": 2,
          "question_type": "정보",
          "question": "휴무일을 알 수 있나요?",
          "question_wordNum": 4,
          "answer": "매주 월요일",
          "answer_wordNum": 2,
          "fact": [
            "오토김밥 마곡점,휴무일,매주 월요일"
          ]
        },
        {
          "question_id": 3,
          "question_type": "정보",
          "question": "연락처가 어떻게 되나요?",
          "question_wordNum": 3,
          "answer": "0507-1489-0550",
          "answer_wordNum": 1,
          "fact": [
            "오토김밥 마곡점,연락처,0507-1489-0550"
          ]
        }
      ]
    },
    {
      "image_id": 3,
      "question": [
        {
          "question_id": 0,
          "question_type": "정보",
          "question": "이 곳의 메뉴를 알 수 있나요?",
          "question_wordNum": 6,
          "answer": "오토김밥, 고추냉이김밥",
          "answer_wordNum": 2,
          "fact": [
            "오토김밥 마곡점,메뉴,오토김밥, 고추냉이김밥"
          ]
        },
        {
          "question_id": 1,
          "question_type": "탐색",
          "question": "주차시설이 있나요?",
          "question_wordNum": 2,
          "answer": "있음",
          "answer_wordNum": 1,
          "fact": [
            "오토김밥 마곡점,주차시설,있음"
          ]
        },
        {
          "question_id": 2,
          "question_type": "정보",
          "question": "영업시간을 알 수 있나요?",
          "question_wordNum": 4,
          "answer": "10:00~21:00",
          "answer_wordNum": 1,
          "fact": [
            "오토김밥 마곡점,영업시간,10:00~21:00"
          ]
        },
        {
          "question_id": 3,
          "question_type": "정보",
          "question": "이 곳의 주소를 알 수 있나요?",
          "question_wordNum": 6,
          "answer": "서울 강서구 마곡중앙4로 22",
          "answer_wordNum": 4,
          "fact": [
            "오토김밥 마곡점,주소,서울 강서구 마곡중앙4로 22"
          ]
        }
      ]
    },
    {
      "image_id": 4,
      "question": [
        {
          "question_id": 0,
          "question_type": "정보",
          "question": "휴무일은 어떻게 되나요?",
          "question_wordNum": 3,
          "answer": "매주 월요일",
          "answer_wordNum": 2,
          "fact": [
            "오토김밥 마곡점,휴무일,매주 월요일"
          ]
        },
        {
          "question_id": 1,
          "question_type": "정보",
          "question": "영업시간은 어떻게 되나요?",
          "question_wordNum": 3,
          "answer": "10:00~21:00",
          "answer_wordNum": 1,
          "fact": [
            "오토김밥 마곡점,영업시간,10:00~21:00"
          ]
        },
        {
          "question_id": 2,
          "question_type": "관계",
          "question": "이 곳에 인접한 시설을 알 수 있나요?",
          "question_wordNum": 7,
          "answer": "마곡역 4번 출구, 희희잇, 카페 조제",
          "answer_wordNum": 6,
          "fact": [
            "오토김밥 마곡점,인접,마곡역 4번 출구, 희희잇, 카페 조제"
          ]
        },
        {
          "question_id": 3,
          "question_type": "정보",
          "question": "이 곳의 주소를 알 수 있나요?",
          "question_wordNum": 6,
          "answer": "서울 강서구 마곡중앙4로 22",
          "answer_wordNum": 4,
          "fact": [
            "오토김밥 마곡점,주소,서울 강서구 마곡중앙4로 22"
          ]
        }
      ]
    }
  ]
}