{
  "data": {
    "dataset": "2-083-219",
    "POI_id": "561430",
    "travelType": "음식점",
    "place": "바른생갈비 가양점",
    "area": "서울"
  },
  "imageInfo": [
    {
      "image_id": 0,
      "filename": "561430_0_su_5_바른생갈비 가양점_1_001.png",
      "mapx": 37.5657010514328,
      "mapy": 126.84764409296,
      "width": 3840,
      "height": 2160,
      "caption_info": [
        "바른생갈비 가양점(가양동)",
        "메뉴,왕소금갈비,마늘갈매기,돼지한마리"
      ]
    },
    {
      "image_id": 1,
      "filename": "561430_0_su_5_바른생갈비 가양점_1_002.png",
      "mapx": 37.5657010514328,
      "mapy": 126.84764409296,
      "width": 3840,
      "height": 2160,
      "caption_info": [
        "바른생갈비 가양점(가양동)",
        "국내산수제돼지갈비,소양념왕갈비"
      ]
    },
    {
      "image_id": 2,
      "filename": "561430_0_su_5_바른생갈비 가양점_1_003.png",
      "mapx": 37.5657010514328,
      "mapy": 126.84764409296,
      "width": 3840,
      "height": 2160,
      "caption_info": [
        "바른생갈비 가양점(가양동)",
        "식탁불판,닥트,의자"
      ]
    },
    {
      "image_id": 3,
      "filename": "561430_0_su_5_바른생갈비 가양점_1_004.png",
      "mapx": 37.5657010514328,
      "mapy": 126.84764409296,
      "width": 3840,
      "height": 2160,
      "caption_info": [
        "바른생갈비 가양점(가양동)",
        "못난이소양념갈비,소갈비살"
      ]
    },
    {
      "image_id": 4,
      "filename": "561430_0_su_5_바른생갈비 가양점_1_005.png",
      "mapx": 37.5657010514328,
      "mapy": 126.84764409296,
      "width": 3840,
      "height": 2160,
      "caption_info": [
        "바른생갈비 가양점(가양동)",
        "삼겹살,가위,파절이"
      ]
    }
  ],
  "annotations": [
    {
      "image_id": 0,
      "question": [
        {
          "question_id": 0,
          "question_type": "탐색",
          "question": "주차시설이 있나요?",
          "question_wordNum": 2,
          "answer": "있음",
          "answer_wordNum": 1,
          "fact": [
            "바른생갈비 가양점,주차시설,있음"
          ]
        },
        {
          "question_id": 1,
          "question_type": "정보",
          "question": "이 곳의 주소를 알 수 있나요?",
          "question_wordNum": 6,
          "answer": "서울 강서구 양천로 401",
          "answer_wordNum": 4,
          "fact": [
            "바른생갈비 가양점,주소,서울 강서구 양천로 401"
          ]
        },
        {
          "question_id": 2,
          "question_type": "정보",
          "question": "영업시간을 알 수 있나요?",
          "question_wordNum": 4,
          "answer": "11:00~22:30",
          "answer_wordNum": 1,
          "fact": [
            "바른생갈비 가양점,영업시간,11:00~22:30"
          ]
        },
        {
          "question_id": 3,
          "question_type": "관계",
          "question": "이 곳에 인접한 시설이 있나요?",
          "question_wordNum": 5,
          "answer": "양천향교역 4번 출구, 올래김밥, 카페게이트",
          "answer_wordNum": 5,
          "fact": [
            "바른생갈비 가양점,인접,양천향교역 4번 출구, 올래김밥, 카페게이트"
          ]
        }
      ]
    },
    {
      "image_id": 1,
      "question": [
        {
          "question_id": 0,
          "question_type": "정보",
          "question": "이 곳의 대표적인 메뉴를 알 수 있나요?",
          "question_wordNum": 7,
          "answer": "국내산 수제 포갈비, 국내산 왕소금구이",
          "answer_wordNum": 5,
          "fact": [
            "바른생갈비 가양점,메뉴,국내산 수제 포갈비, 국내산 왕소금구이"
          ]
        },
        {
          "question_id": 1,
          "question_type": "정보",
          "question": "영업시간을 알 수 있나요?",
          "question_wordNum": 4,
          "answer": "11:00~22:30",
          "answer_wordNum": 1,
          "fact": [
            "바른생갈비 가양점,영업시간,11:00~22:30"
          ]
        },
        {
          "question_id": 2,
          "question_type": "정보",
          "question": "이 곳의 주소를 알 수 있나요?",
          "question_wordNum": 6,
          "answer": "서울 강서구 양천로 401",
          "answer_wordNum": 4,
          "fact": [
            "바른생갈비 가양점,주소,서울 강서구 양천로 401"
          ]
        },
        {
          "question_id": 3,
          "question_type": "탐색",
          "question": "주차시설이 있는지 알 수 있나요?",
          "question_wordNum": 5,
          "answer": "있음",
          "answer_wordNum": 1,
          "fact": [
            "바른생갈비 가양점,주차시설,있음"
          ]
        }
      ]
    },
    {
      "image_id": 2,
      "question": [
        {
          "question_id": 0,
          "question_type": "정보",
          "question": "휴무일을 알 수 있나요?",
          "question_wordNum": 4,
          "answer": "매주 일요일",
          "answer_wordNum": 2,
          "fact": [
            "바른생갈비 가양점,휴무일,매주 일요일"
          ]
        },
        {
          "question_id": 1,
          "question_type": "탐색",
          "question": "주차시설이 있는지 알 수 있나요?",
          "question_wordNum": 5,
          "answer": "있음",
          "answer_wordNum": 1,
          "fact": [
            "바른생갈비 가양점,주차시설,있음"
          ]
        },
        {
          "question_id": 2,
          "question_type": "정보",
          "question": "이 곳의 대표적인 메뉴를 알 수 있나요?",
          "question_wordNum": 7,
          "answer": "국내산 수제 포갈비, 국내산 왕소금구이",
          "answer_wordNum": 5,
          "fact": [
            "바른생갈비 가양점,메뉴,국내산 수제 포갈비, 국내산 왕소금구이"
          ]
        },
        {
          "question_id": 3,
          "question_type": "정보",
          "question": "이 곳의 주소를 알 수 있나요?",
          "question_wordNum": 6,
          "answer": "서울 강서구 양천로 401",
          "answer_wordNum": 4,
          "fact": [
            "바른생갈비 가양점,주소,서울 강서구 양천로 401"
          ]
        }
      ]
    },
    {
      "image_id": 3,
      "question": [
        {
          "question_id": 0,
          "question_type": "정보",
          "question": "연락처를 알 수 있나요?",
          "question_wordNum": 4,
          "answer": "02-2638-5454",
          "answer_wordNum": 1,
          "fact": [
            "바른생갈비 가양점,연락처,02-2638-5454"
          ]
        },
        {
          "question_id": 1,
          "question_type": "정보",
          "question": "이 곳의 주소는 어떻게 되나요?",
          "question_wordNum": 5,
          "answer": "서울 강서구 양천로 401",
          "answer_wordNum": 4,
          "fact": [
            "바른생갈비 가양점,주소,서울 강서구 양천로 401"
          ]
        },
        {
          "question_id": 2,
          "question_type": "정보",
          "question": "이 곳의 주요 메뉴는 무엇이 있나요?",
          "question_wordNum": 6,
          "answer": "국내산 수제 포갈비, 국내산 왕소금구이",
          "answer_wordNum": 5,
          "fact": [
            "바른생갈비 가양점,메뉴,국내산 수제 포갈비, 국내산 왕소금구이"
          ]
        },
        {
          "question_id": 3,
          "question_type": "관계",
          "question": "이 곳에 인접한 시설이 있나요?",
          "question_wordNum": 5,
          "answer": "양천향교역 4번 출구, 올래김밥, 카페게이트",
          "answer_wordNum": 5,
          "fact": [
            "바른생갈비 가양점,인접,양천향교역 4번 출구, 올래김밥, 카페게이트"
          ]
        }
      ]
    },
    {
      "image_id": 4,
      "question": [
        {
          "question_id": 0,
          "question_type": "관계",
          "question": "이 곳에 인접한 시설을 알 수 있나요?",
          "question_wordNum": 7,
          "answer": "양천향교역 4번 출구, 올래김밥, 카페게이트",
          "answer_wordNum": 5,
          "fact": [
            "바른생갈비 가양점,인접,양천향교역 4번 출구, 올래김밥, 카페게이트"
          ]
        },
        {
          "question_id": 1,
          "question_type": "정보",
          "question": "이 곳의 주요 메뉴는 무엇이 있나요?",
          "question_wordNum": 6,
          "answer": "국내산 수제 포갈비, 국내산 왕소금구이",
          "answer_wordNum": 5,
          "fact": [
            "바른생갈비 가양점,메뉴,국내산 수제 포갈비, 국내산 왕소금구이"
          ]
        },
        {
          "question_id": 2,
          "question_type": "정보",
          "question": "휴무일을 알 수 있나요?",
          "question_wordNum": 4,
          "answer": "매주 일요일",
          "answer_wordNum": 2,
          "fact": [
            "바른생갈비 가양점,휴무일,매주 일요일"
          ]
        },
        {
          "question_id": 3,
          "question_type": "정보",
          "question": "영업시간은 몇시부터 몇시까지로 기재되어 있나요?",
          "question_wordNum": 5,
          "answer": "11:00~22:30",
          "answer_wordNum": 1,
          "fact": [
            "바른생갈비 가양점,영업시간,11:00~22:30"
          ]
        }
      ]
    }
  ]
}