{
  "data": {
    "dataset": "2-083-219",
    "POI_id": "561673",
    "travelType": "음식점",
    "place": "포에버얌 발산점",
    "area": "서울"
  },
  "imageInfo": [
    {
      "image_id": 0,
      "filename": "561673_0_su_5_포에버얌 발산점_1_001.png",
      "mapx": 37.5576845042108,
      "mapy": 126.838934950863,
      "width": 3840,
      "height": 2160,
      "caption_info": [
        "포에버얌 발산점(내발산동)",
        "간판, 여닫이문, 화분, 입간판"
      ]
    },
    {
      "image_id": 1,
      "filename": "561673_0_su_5_포에버얌 발산점_1_002.png",
      "mapx": 37.5576845042108,
      "mapy": 126.838934950863,
      "width": 3840,
      "height": 2160,
      "caption_info": [
        "포에버얌 발산점(내발산동)",
        "간판, 입간판, 커튼"
      ]
    },
    {
      "image_id": 2,
      "filename": "561673_0_su_5_포에버얌 발산점_1_003.png",
      "mapx": 37.5576845042108,
      "mapy": 126.838934950863,
      "width": 3840,
      "height": 2160,
      "caption_info": [
        "포에버얌 발산점(내발산동)",
        "테이블, 등받이의자"
      ]
    },
    {
      "image_id": 3,
      "filename": "561673_0_su_5_포에버얌 발산점_1_004.png",
      "mapx": 37.5576845042108,
      "mapy": 126.838934950863,
      "width": 3840,
      "height": 2160,
      "caption_info": [
        "포에버얌 발산점(내발산동)",
        "메뉴판"
      ]
    },
    {
      "image_id": 4,
      "filename": "561673_0_su_5_포에버얌 발산점_1_005.png",
      "mapx": 37.5576845042108,
      "mapy": 126.838934950863,
      "width": 3840,
      "height": 2160,
      "caption_info": [
        "포에버얌 발산점(내발산동)",
        "접시, 쌀국수"
      ]
    }
  ],
  "annotations": [
    {
      "image_id": 0,
      "question": [
        {
          "question_id": 0,
          "question_type": "관계",
          "question": "이 곳에 인접한 시설이 있나요?",
          "question_wordNum": 5,
          "answer": "발산역 5번 출구, 브루클린커피, 세븐일레븐",
          "answer_wordNum": 5,
          "fact": [
            "포에버얌 발산점,인접,발산역 5번 출구, 브루클린커피, 세븐일레븐"
          ]
        },
        {
          "question_id": 1,
          "question_type": "탐색",
          "question": "주차시설이 있나요?",
          "question_wordNum": 2,
          "answer": "있음",
          "answer_wordNum": 1,
          "fact": [
            "포에버얌 발산점,주차시설,있음"
          ]
        },
        {
          "question_id": 2,
          "question_type": "정보",
          "question": "연락처가 어떻게 되나요?",
          "question_wordNum": 3,
          "answer": "070-8838-4200",
          "answer_wordNum": 1,
          "fact": [
            "포에버얌 발산점,연락처,070-8838-4200"
          ]
        },
        {
          "question_id": 3,
          "question_type": "정보",
          "question": "영업시간은 어떻게 되나요?",
          "question_wordNum": 3,
          "answer": "11:30~21:00",
          "answer_wordNum": 1,
          "fact": [
            "포에버얌 발산점,영업시간,11:30~21:00"
          ]
        }
      ]
    },
    {
      "image_id": 1,
      "question": [
        {
          "question_id": 0,
          "question_type": "정보",
          "question": "이 곳의 주소는 어떻게 되나요?",
          "question_wordNum": 5,
          "answer": "서울 강서구 강서로52길 16 포에버얌",
          "answer_wordNum": 5,
          "fact": [
            "포에버얌 발산점,주소,서울 강서구 강서로52길 16 포에버얌"
          ]
        },
        {
          "question_id": 1,
          "question_type": "정보",
          "question": "영업시간은 어떻게 되나요?",
          "question_wordNum": 3,
          "answer": "11:30~21:00",
          "answer_wordNum": 1,
          "fact": [
            "포에버얌 발산점,영업시간,11:30~21:00"
          ]
        },
        {
          "question_id": 2,
          "question_type": "정보",
          "question": "휴무일을 알 수 있나요?",
          "question_wordNum": 4,
          "answer": "알수없음",
          "answer_wordNum": 1,
          "fact": [
            "포에버얌 발산점,휴무일,알수없음"
          ]
        },
        {
          "question_id": 3,
          "question_type": "정보",
          "question": "이 곳의 주요 메뉴는 무엇이 있나요?",
          "question_wordNum": 6,
          "answer": "왕갈비쌀국수, 분짜",
          "answer_wordNum": 2,
          "fact": [
            "포에버얌 발산점,메뉴,왕갈비쌀국수, 분짜"
          ]
        }
      ]
    },
    {
      "image_id": 2,
      "question": [
        {
          "question_id": 0,
          "question_type": "관계",
          "question": "이 곳에 인접한 시설이 있나요?",
          "question_wordNum": 5,
          "answer": "발산역 5번 출구, 브루클린커피, 세븐일레븐",
          "answer_wordNum": 5,
          "fact": [
            "포에버얌 발산점,인접,발산역 5번 출구, 브루클린커피, 세븐일레븐"
          ]
        },
        {
          "question_id": 1,
          "question_type": "정보",
          "question": "이 곳의 주요 메뉴는 무엇이 있나요?",
          "question_wordNum": 6,
          "answer": "왕갈비쌀국수, 분짜",
          "answer_wordNum": 2,
          "fact": [
            "포에버얌 발산점,메뉴,왕갈비쌀국수, 분짜"
          ]
        },
        {
          "question_id": 2,
          "question_type": "정보",
          "question": "연락처가 어떻게 되나요?",
          "question_wordNum": 3,
          "answer": "070-8838-4200",
          "answer_wordNum": 1,
          "fact": [
            "포에버얌 발산점,연락처,070-8838-4200"
          ]
        },
        {
          "question_id": 3,
          "question_type": "정보",
          "question": "영업시간은 어떻게 되나요?",
          "question_wordNum": 3,
          "answer": "11:30~21:00",
          "answer_wordNum": 1,
          "fact": [
            "포에버얌 발산점,영업시간,11:30~21:00"
          ]
        }
      ]
    },
    {
      "image_id": 3,
      "question": [
        {
          "question_id": 0,
          "question_type": "정보",
          "question": "휴무일을 알 수 있나요?",
          "question_wordNum": 4,
          "answer": "알수없음",
          "answer_wordNum": 1,
          "fact": [
            "포에버얌 발산점,휴무일,알수없음"
          ]
        },
        {
          "question_id": 1,
          "question_type": "탐색",
          "question": "주차시설이 있나요?",
          "question_wordNum": 2,
          "answer": "있음",
          "answer_wordNum": 1,
          "fact": [
            "포에버얌 발산점,주차시설,있음"
          ]
        },
        {
          "question_id": 2,
          "question_type": "정보",
          "question": "이 곳의 주소는 어떻게 되나요?",
          "question_wordNum": 5,
          "answer": "서울 강서구 강서로52길 16 포에버얌",
          "answer_wordNum": 5,
          "fact": [
            "포에버얌 발산점,주소,서울 강서구 강서로52길 16 포에버얌"
          ]
        },
        {
          "question_id": 3,
          "question_type": "정보",
          "question": "이 곳의 주요 메뉴는 무엇이 있나요?",
          "question_wordNum": 6,
          "answer": "왕갈비쌀국수, 분짜",
          "answer_wordNum": 2,
          "fact": [
            "포에버얌 발산점,메뉴,왕갈비쌀국수, 분짜"
          ]
        }
      ]
    },
    {
      "image_id": 4,
      "question": [
        {
          "question_id": 0,
          "question_type": "관계",
          "question": "이 곳에 인접한 시설이 있나요?",
          "question_wordNum": 5,
          "answer": "발산역 5번 출구, 브루클린커피, 세븐일레븐",
          "answer_wordNum": 5,
          "fact": [
            "포에버얌 발산점,인접,발산역 5번 출구, 브루클린커피, 세븐일레븐"
          ]
        },
        {
          "question_id": 1,
          "question_type": "정보",
          "question": "휴무일을 알 수 있나요?",
          "question_wordNum": 4,
          "answer": "알수없음",
          "answer_wordNum": 1,
          "fact": [
            "포에버얌 발산점,휴무일,알수없음"
          ]
        },
        {
          "question_id": 2,
          "question_type": "정보",
          "question": "이 곳의 주소는 어떻게 되나요?",
          "question_wordNum": 5,
          "answer": "서울 강서구 강서로52길 16 포에버얌",
          "answer_wordNum": 5,
          "fact": [
            "포에버얌 발산점,주소,서울 강서구 강서로52길 16 포에버얌"
          ]
        },
        {
          "question_id": 3,
          "question_type": "탐색",
          "question": "주차시설이 있나요?",
          "question_wordNum": 2,
          "answer": "있음",
          "answer_wordNum": 1,
          "fact": [
            "포에버얌 발산점,주차시설,있음"
          ]
        }
      ]
    }
  ]
}