{
  "data": {
    "dataset": "2-083-219",
    "POI_id": "561738",
    "travelType": "음식점",
    "place": "고수통닭 ",
    "area": "서울"
  },
  "imageInfo": [
    {
      "image_id": 0,
      "filename": "561738_0_su_5_고수통닭 _1_001.png",
      "mapx": 37.5532440805507,
      "mapy": 126.829847684279,
      "width": 3840,
      "height": 2160,
      "caption_info": [
        "고수통닭(내발산동)",
        "간판"
      ]
    },
    {
      "image_id": 1,
      "filename": "561738_0_su_5_고수통닭 _1_002.png",
      "mapx": 37.5532440805507,
      "mapy": 126.829847684279,
      "width": 3840,
      "height": 2160,
      "caption_info": [
        "고수통닭(내발산동)",
        "간판"
      ]
    },
    {
      "image_id": 2,
      "filename": "561738_0_su_5_고수통닭 _1_003.png",
      "mapx": 37.5532440805507,
      "mapy": 126.829847684279,
      "width": 3840,
      "height": 2160,
      "caption_info": [
        "고수통닭(내발산동)",
        "테이블, 카운터, 냉장고"
      ]
    },
    {
      "image_id": 3,
      "filename": "561738_0_su_5_고수통닭 _1_004.png",
      "mapx": 37.5532440805507,
      "mapy": 126.829847684279,
      "width": 3840,
      "height": 2160,
      "caption_info": [
        "고수통닭(내발산동)",
        "메뉴판"
      ]
    },
    {
      "image_id": 4,
      "filename": "561738_0_su_5_고수통닭 _1_005.png",
      "mapx": 37.5532440805507,
      "mapy": 126.829847684279,
      "width": 3840,
      "height": 2160,
      "caption_info": [
        "고수통닭(내발산동)",
        "치킨, 새우강정"
      ]
    }
  ],
  "annotations": [
    {
      "image_id": 0,
      "question": [
        {
          "question_id": 0,
          "question_type": "정보",
          "question": "이 곳의 대표적인 메뉴는 무엇이 있나요?",
          "question_wordNum": 6,
          "answer": "후라이드치킨, 마늘간장치킨",
          "answer_wordNum": 2,
          "fact": [
            "고수통닭,메뉴,후라이드치킨, 마늘간장치킨"
          ]
        },
        {
          "question_id": 1,
          "question_type": "정보",
          "question": "이 곳의 주소는 어떻게 되나요?",
          "question_wordNum": 5,
          "answer": "서울 강서구 강서로47길 113",
          "answer_wordNum": 4,
          "fact": [
            "고수통닭,주소,서울 강서구 강서로47길 113"
          ]
        },
        {
          "question_id": 2,
          "question_type": "정보",
          "question": "연락처를 알 수 있나요?",
          "question_wordNum": 4,
          "answer": "02-2665-1119",
          "answer_wordNum": 1,
          "fact": [
            "고수통닭,연락처,02-2665-1119"
          ]
        },
        {
          "question_id": 3,
          "question_type": "정보",
          "question": "영업시간은 몇시부터 몇시까지로 기재되어 있나요?",
          "question_wordNum": 5,
          "answer": "16:00~02:00",
          "answer_wordNum": 1,
          "fact": [
            "고수통닭,영업시간,16:00~02:00"
          ]
        }
      ]
    },
    {
      "image_id": 1,
      "question": [
        {
          "question_id": 0,
          "question_type": "탐색",
          "question": "주차시설이 있는지 알 수 있나요?",
          "question_wordNum": 5,
          "answer": "있음",
          "answer_wordNum": 1,
          "fact": [
            "고수통닭,주차시설,있음"
          ]
        },
        {
          "question_id": 1,
          "question_type": "정보",
          "question": "이 곳의 대표적인 메뉴를 알 수 있나요?",
          "question_wordNum": 7,
          "answer": "후라이드치킨, 마늘간장치킨",
          "answer_wordNum": 2,
          "fact": [
            "고수통닭,메뉴,후라이드치킨, 마늘간장치킨"
          ]
        },
        {
          "question_id": 2,
          "question_type": "정보",
          "question": "영업시간을 알 수 있나요?",
          "question_wordNum": 4,
          "answer": "16:00~02:00",
          "answer_wordNum": 1,
          "fact": [
            "고수통닭,영업시간,16:00~02:00"
          ]
        },
        {
          "question_id": 3,
          "question_type": "관계",
          "question": "이 곳에 인접한 시설이 있나요?",
          "question_wordNum": 5,
          "answer": "마곡역 5번 출구, 피자애, 투존치킨",
          "answer_wordNum": 5,
          "fact": [
            "고수통닭,인접,마곡역 5번 출구, 피자애, 투존치킨"
          ]
        }
      ]
    },
    {
      "image_id": 2,
      "question": [
        {
          "question_id": 0,
          "question_type": "정보",
          "question": "이 곳의 주소를 알 수 있나요?",
          "question_wordNum": 6,
          "answer": "서울 강서구 강서로47길 113",
          "answer_wordNum": 4,
          "fact": [
            "고수통닭,주소,서울 강서구 강서로47길 113"
          ]
        },
        {
          "question_id": 1,
          "question_type": "정보",
          "question": "연락처가 어떻게 되나요?",
          "question_wordNum": 3,
          "answer": "02-2665-1119",
          "answer_wordNum": 1,
          "fact": [
            "고수통닭,연락처,02-2665-1119"
          ]
        },
        {
          "question_id": 2,
          "question_type": "관계",
          "question": "이 곳에 인접한 시설을 알 수 있나요?",
          "question_wordNum": 7,
          "answer": "마곡역 5번 출구, 피자애, 투존치킨",
          "answer_wordNum": 5,
          "fact": [
            "고수통닭,인접,마곡역 5번 출구, 피자애, 투존치킨"
          ]
        },
        {
          "question_id": 3,
          "question_type": "정보",
          "question": "이 곳은 무엇을 사용하나요?",
          "question_wordNum": 4,
          "answer": "국내산 닭고기",
          "answer_wordNum": 2,
          "fact": [
            "고수통닭,사용,국내산 닭고기"
          ]
        }
      ]
    },
    {
      "image_id": 3,
      "question": [
        {
          "question_id": 0,
          "question_type": "탐색",
          "question": "주차시설이 있나요?",
          "question_wordNum": 2,
          "answer": "있음",
          "answer_wordNum": 1,
          "fact": [
            "고수통닭,주차시설,있음"
          ]
        },
        {
          "question_id": 1,
          "question_type": "정보",
          "question": "휴무일을 알 수 있나요?",
          "question_wordNum": 4,
          "answer": "없음",
          "answer_wordNum": 1,
          "fact": [
            "고수통닭,휴무일,없음"
          ]
        },
        {
          "question_id": 2,
          "question_type": "정보",
          "question": "이 곳은 무엇을 사용하나요?",
          "question_wordNum": 4,
          "answer": "국내산 닭고기",
          "answer_wordNum": 2,
          "fact": [
            "고수통닭,사용,국내산 닭고기"
          ]
        },
        {
          "question_id": 3,
          "question_type": "정보",
          "question": "이 곳은 무엇을 제공하나요?",
          "question_wordNum": 4,
          "answer": "감자튀김, 떡",
          "answer_wordNum": 2,
          "fact": [
            "고수통닭,제공,감자튀김, 떡"
          ]
        }
      ]
    },
    {
      "image_id": 4,
      "question": [
        {
          "question_id": 0,
          "question_type": "정보",
          "question": "휴무일을 알 수 있나요?",
          "question_wordNum": 4,
          "answer": "없음",
          "answer_wordNum": 1,
          "fact": [
            "고수통닭,휴무일,없음"
          ]
        },
        {
          "question_id": 1,
          "question_type": "정보",
          "question": "연락처가 어떻게 되나요?",
          "question_wordNum": 3,
          "answer": "02-2665-1119",
          "answer_wordNum": 1,
          "fact": [
            "고수통닭,연락처,02-2665-1119"
          ]
        },
        {
          "question_id": 2,
          "question_type": "정보",
          "question": "이 곳의 주요 메뉴를 알 수 있나요?",
          "question_wordNum": 7,
          "answer": "후라이드치킨, 마늘간장치킨",
          "answer_wordNum": 2,
          "fact": [
            "고수통닭,메뉴,후라이드치킨, 마늘간장치킨"
          ]
        },
        {
          "question_id": 3,
          "question_type": "정보",
          "question": "이 곳은 무엇을 제공하나요?",
          "question_wordNum": 4,
          "answer": "감자튀김, 떡",
          "answer_wordNum": 2,
          "fact": [
            "고수통닭,제공,감자튀김, 떡"
          ]
        }
      ]
    }
  ]
}