{
  "data": {
    "dataset": "2-083-219",
    "POI_id": "561473",
    "travelType": "음식점",
    "place": "봉이밥 ",
    "area": "서울"
  },
  "imageInfo": [
    {
      "image_id": 0,
      "filename": "561473_0_su_5_봉이밥 _1_001.png",
      "mapx": 37.5690270688312,
      "mapy": 126.827780298847,
      "width": 3840,
      "height": 2160,
      "caption_info": [
        "봉이밥(강서구) ",
        "간판"
      ]
    },
    {
      "image_id": 1,
      "filename": "561473_0_su_5_봉이밥 _1_002.png",
      "mapx": 37.5690270688312,
      "mapy": 126.827780298847,
      "width": 3840,
      "height": 2160,
      "caption_info": [
        "봉이밥(강서구) ",
        "간판"
      ]
    },
    {
      "image_id": 2,
      "filename": "561473_0_su_5_봉이밥 _1_003.png",
      "mapx": 37.5690270688312,
      "mapy": 126.827780298847,
      "width": 3840,
      "height": 2160,
      "caption_info": [
        "봉이밥(강서구) ",
        "사각 테이블"
      ]
    },
    {
      "image_id": 3,
      "filename": "561473_0_su_5_봉이밥 _1_004.png",
      "mapx": 37.5690270688312,
      "mapy": 126.827780298847,
      "width": 3840,
      "height": 2160,
      "caption_info": [
        "봉이밥(강서구) ",
        "메뉴판 "
      ]
    },
    {
      "image_id": 4,
      "filename": "561473_0_su_5_봉이밥 _1_005.png",
      "mapx": 37.5690270688312,
      "mapy": 126.827780298847,
      "width": 3840,
      "height": 2160,
      "caption_info": [
        "봉이밥(강서구) ",
        "접시 "
      ]
    }
  ],
  "annotations": [
    {
      "image_id": 0,
      "question": [
        {
          "question_id": 0,
          "question_type": "정보",
          "question": "이 곳의 메뉴를 알 수 있나요?",
          "question_wordNum": 6,
          "answer": "시래기털래기, 주꾸미볶음",
          "answer_wordNum": 2,
          "fact": [
            "봉이밥,메뉴,시래기털래기, 주꾸미볶음"
          ]
        },
        {
          "question_id": 1,
          "question_type": "정보",
          "question": "휴무일을 알 수 있나요?",
          "question_wordNum": 4,
          "answer": "알수없음",
          "answer_wordNum": 1,
          "fact": [
            "봉이밥,휴무일,알수없음"
          ]
        },
        {
          "question_id": 2,
          "question_type": "정보",
          "question": "이 곳의 주소는 어떻게 되나요?",
          "question_wordNum": 5,
          "answer": "서울 강서구 마곡중앙로 171",
          "answer_wordNum": 4,
          "fact": [
            "봉이밥,주소,서울 강서구 마곡중앙로 171"
          ]
        },
        {
          "question_id": 3,
          "question_type": "정보",
          "question": "영업시간을 알 수 있나요?",
          "question_wordNum": 4,
          "answer": "11:00~21:00",
          "answer_wordNum": 1,
          "fact": [
            "봉이밥,영업시간,11:00~21:00"
          ]
        }
      ]
    },
    {
      "image_id": 1,
      "question": [
        {
          "question_id": 0,
          "question_type": "정보",
          "question": "영업시간은 어떻게 되나요?",
          "question_wordNum": 3,
          "answer": "11:00~21:00",
          "answer_wordNum": 1,
          "fact": [
            "봉이밥,영업시간,11:00~21:00"
          ]
        },
        {
          "question_id": 1,
          "question_type": "관계",
          "question": "이 곳에 인접한 시설이 있나요?",
          "question_wordNum": 5,
          "answer": "마곡나루역 2번 출구, 나루돈, 남도향",
          "answer_wordNum": 5,
          "fact": [
            "봉이밥,인접,마곡나루역 2번 출구, 나루돈, 남도향"
          ]
        },
        {
          "question_id": 2,
          "question_type": "정보",
          "question": "이 곳의 메뉴를 알 수 있나요?",
          "question_wordNum": 6,
          "answer": "시래기털래기, 주꾸미볶음",
          "answer_wordNum": 2,
          "fact": [
            "봉이밥,메뉴,시래기털래기, 주꾸미볶음"
          ]
        },
        {
          "question_id": 3,
          "question_type": "탐색",
          "question": "주차시설이 있나요?",
          "question_wordNum": 2,
          "answer": "있음",
          "answer_wordNum": 1,
          "fact": [
            "봉이밥,주차시설,있음"
          ]
        }
      ]
    },
    {
      "image_id": 2,
      "question": [
        {
          "question_id": 0,
          "question_type": "정보",
          "question": "휴무일을 알 수 있나요?",
          "question_wordNum": 4,
          "answer": "알수없음",
          "answer_wordNum": 1,
          "fact": [
            "봉이밥,휴무일,알수없음"
          ]
        },
        {
          "question_id": 1,
          "question_type": "정보",
          "question": "영업시간은 어떻게 되나요?",
          "question_wordNum": 3,
          "answer": "11:00~21:00",
          "answer_wordNum": 1,
          "fact": [
            "봉이밥,영업시간,11:00~21:00"
          ]
        },
        {
          "question_id": 2,
          "question_type": "관계",
          "question": "이 곳에 인접한 시설이 있나요?",
          "question_wordNum": 5,
          "answer": "마곡나루역 2번 출구, 나루돈, 남도향",
          "answer_wordNum": 5,
          "fact": [
            "봉이밥,인접,마곡나루역 2번 출구, 나루돈, 남도향"
          ]
        },
        {
          "question_id": 3,
          "question_type": "정보",
          "question": "대표 메뉴가 무엇인가요?",
          "question_wordNum": 3,
          "answer": "시래기털래기, 주꾸미볶음",
          "answer_wordNum": 2,
          "fact": [
            "봉이밥,메뉴,시래기털래기, 주꾸미볶음"
          ]
        }
      ]
    },
    {
      "image_id": 3,
      "question": [
        {
          "question_id": 0,
          "question_type": "탐색",
          "question": "주차시설이 있나요?",
          "question_wordNum": 2,
          "answer": "있음",
          "answer_wordNum": 1,
          "fact": [
            "봉이밥,주차시설,있음"
          ]
        },
        {
          "question_id": 1,
          "question_type": "정보",
          "question": "이 곳의 주소는 어떻게 되나요?",
          "question_wordNum": 5,
          "answer": "서울 강서구 마곡중앙로 171",
          "answer_wordNum": 4,
          "fact": [
            "봉이밥,주소,서울 강서구 마곡중앙로 171"
          ]
        },
        {
          "question_id": 2,
          "question_type": "정보",
          "question": "휴무일을 알 수 있나요?",
          "question_wordNum": 4,
          "answer": "알수없음",
          "answer_wordNum": 1,
          "fact": [
            "봉이밥,휴무일,알수없음"
          ]
        },
        {
          "question_id": 3,
          "question_type": "관계",
          "question": "이 곳에 인접한 시설을 알 수 있나요?",
          "question_wordNum": 7,
          "answer": "마곡나루역 2번 출구, 나루돈, 남도향",
          "answer_wordNum": 5,
          "fact": [
            "봉이밥,인접,마곡나루역 2번 출구, 나루돈, 남도향"
          ]
        }
      ]
    },
    {
      "image_id": 4,
      "question": [
        {
          "question_id": 0,
          "question_type": "정보",
          "question": "영업시간을 알 수 있나요?",
          "question_wordNum": 4,
          "answer": "11:00~21:00",
          "answer_wordNum": 1,
          "fact": [
            "봉이밥,영업시간,11:00~21:00"
          ]
        },
        {
          "question_id": 1,
          "question_type": "정보",
          "question": "이 곳의 주소를 알 수 있나요?",
          "question_wordNum": 6,
          "answer": "서울 강서구 마곡중앙로 171",
          "answer_wordNum": 4,
          "fact": [
            "봉이밥,주소,서울 강서구 마곡중앙로 171"
          ]
        },
        {
          "question_id": 2,
          "question_type": "탐색",
          "question": "주차시설이 있나요?",
          "question_wordNum": 2,
          "answer": "있음",
          "answer_wordNum": 1,
          "fact": [
            "봉이밥,주차시설,있음"
          ]
        },
        {
          "question_id": 3,
          "question_type": "정보",
          "question": "휴무일을 알 수 있나요?",
          "question_wordNum": 4,
          "answer": "알수없음",
          "answer_wordNum": 1,
          "fact": [
            "봉이밥,휴무일,알수없음"
          ]
        }
      ]
    }
  ]
}