{
  "data": {
    "dataset": "2-083-219",
    "POI_id": "561606",
    "travelType": "음식점",
    "place": "롱타임노씨 마곡점",
    "area": "서울"
  },
  "imageInfo": [
    {
      "image_id": 0,
      "filename": "561606_0_su_5_롱타임노씨 마곡점_1_001.png",
      "mapx": 37.5598562142859,
      "mapy": 126.834854214935,
      "width": 3840,
      "height": 2160,
      "caption_info": [
        "롱타임노씨 마곡점(강서구)",
        "화분 "
      ]
    },
    {
      "image_id": 1,
      "filename": "561606_0_su_5_롱타임노씨 마곡점_1_002.png",
      "mapx": 37.5598562142859,
      "mapy": 126.834854214935,
      "width": 3840,
      "height": 2160,
      "caption_info": [
        "롱타임노씨 마곡점(강서구)",
        "간판"
      ]
    },
    {
      "image_id": 2,
      "filename": "561606_0_su_5_롱타임노씨 마곡점_1_003.png",
      "mapx": 37.5598562142859,
      "mapy": 126.834854214935,
      "width": 3840,
      "height": 2160,
      "caption_info": [
        "롱타임노씨 마곡점(강서구)",
        "사각 테이블"
      ]
    },
    {
      "image_id": 3,
      "filename": "561606_0_su_5_롱타임노씨 마곡점_1_004.png",
      "mapx": 37.5598562142859,
      "mapy": 126.834854214935,
      "width": 3840,
      "height": 2160,
      "caption_info": [
        "롱타임노씨 마곡점(강서구)",
        "메뉴판 "
      ]
    },
    {
      "image_id": 4,
      "filename": "561606_0_su_5_롱타임노씨 마곡점_1_005.png",
      "mapx": 37.5598562142859,
      "mapy": 126.834854214935,
      "width": 3840,
      "height": 2160,
      "caption_info": [
        "롱타임노씨 마곡점(강서구)",
        "피자"
      ]
    }
  ],
  "annotations": [
    {
      "image_id": 0,
      "question": [
        {
          "question_id": 0,
          "question_type": "정보",
          "question": "연락처를 알 수 있나요?",
          "question_wordNum": 4,
          "answer": "0507-1391-2215",
          "answer_wordNum": 1,
          "fact": [
            "롱타임노씨 마곡점,연락처,0507-1391-2215"
          ]
        },
        {
          "question_id": 1,
          "question_type": "정보",
          "question": "영업시간을 알 수 있나요?",
          "question_wordNum": 4,
          "answer": "16:00~24:00/01:00/03:00",
          "answer_wordNum": 1,
          "fact": [
            "롱타임노씨 마곡점,영업시간,16:00~24:00/01:00/03:00"
          ]
        },
        {
          "question_id": 2,
          "question_type": "탐색",
          "question": "주차시설이 있는지 알 수 있나요?",
          "question_wordNum": 5,
          "answer": "있음",
          "answer_wordNum": 1,
          "fact": [
            "롱타임노씨 마곡점,주차시설,있음"
          ]
        },
        {
          "question_id": 3,
          "question_type": "정보",
          "question": "이 곳의 메뉴를 알 수 있나요?",
          "question_wordNum": 6,
          "answer": "피자의정석, 치즈 오븐 스파게티",
          "answer_wordNum": 4,
          "fact": [
            "롱타임노씨 마곡점,메뉴,피자의정석, 치즈 오븐 스파게티"
          ]
        }
      ]
    },
    {
      "image_id": 1,
      "question": [
        {
          "question_id": 0,
          "question_type": "정보",
          "question": "영업시간은 어떻게 되나요?",
          "question_wordNum": 3,
          "answer": "16:00~24:00/01:00/03:00",
          "answer_wordNum": 1,
          "fact": [
            "롱타임노씨 마곡점,영업시간,16:00~24:00/01:00/03:00"
          ]
        },
        {
          "question_id": 1,
          "question_type": "정보",
          "question": "이 곳의 주소를 알 수 있나요?",
          "question_wordNum": 6,
          "answer": "서울 강서구 마곡중앙6로 70",
          "answer_wordNum": 4,
          "fact": [
            "롱타임노씨 마곡점,주소,서울 강서구 마곡중앙6로 70"
          ]
        },
        {
          "question_id": 2,
          "question_type": "관계",
          "question": "이 곳에 인접한 시설을 알 수 있나요?",
          "question_wordNum": 7,
          "answer": "발산역 9번 출구, 꾸꾸케이크, 새마을식당",
          "answer_wordNum": 5,
          "fact": [
            "롱타임노씨 마곡점,인접,발산역 9번 출구, 꾸꾸케이크, 새마을식당"
          ]
        },
        {
          "question_id": 3,
          "question_type": "정보",
          "question": "대표 메뉴가 무엇인가요?",
          "question_wordNum": 3,
          "answer": "피자의정석, 치즈 오븐 스파게티",
          "answer_wordNum": 4,
          "fact": [
            "롱타임노씨 마곡점,메뉴,피자의정석, 치즈 오븐 스파게티"
          ]
        }
      ]
    },
    {
      "image_id": 2,
      "question": [
        {
          "question_id": 0,
          "question_type": "정보",
          "question": "이 곳의 메뉴를 알 수 있나요?",
          "question_wordNum": 6,
          "answer": "피자의정석, 치즈 오븐 스파게티",
          "answer_wordNum": 4,
          "fact": [
            "롱타임노씨 마곡점,메뉴,피자의정석, 치즈 오븐 스파게티"
          ]
        },
        {
          "question_id": 1,
          "question_type": "정보",
          "question": "휴무일은 어떻게 되나요?",
          "question_wordNum": 3,
          "answer": "알수없음",
          "answer_wordNum": 1,
          "fact": [
            "롱타임노씨 마곡점,휴무일,알수없음"
          ]
        },
        {
          "question_id": 2,
          "question_type": "관계",
          "question": "이 곳에 인접한 시설이 있나요?",
          "question_wordNum": 5,
          "answer": "발산역 9번 출구, 꾸꾸케이크, 새마을식당",
          "answer_wordNum": 5,
          "fact": [
            "롱타임노씨 마곡점,인접,발산역 9번 출구, 꾸꾸케이크, 새마을식당"
          ]
        },
        {
          "question_id": 3,
          "question_type": "정보",
          "question": "영업시간은 어떻게 되나요?",
          "question_wordNum": 3,
          "answer": "16:00~24:00/01:00/03:00",
          "answer_wordNum": 1,
          "fact": [
            "롱타임노씨 마곡점,영업시간,16:00~24:00/01:00/03:00"
          ]
        }
      ]
    },
    {
      "image_id": 3,
      "question": [
        {
          "question_id": 0,
          "question_type": "탐색",
          "question": "주차시설이 있나요?",
          "question_wordNum": 2,
          "answer": "있음",
          "answer_wordNum": 1,
          "fact": [
            "롱타임노씨 마곡점,주차시설,있음"
          ]
        },
        {
          "question_id": 1,
          "question_type": "정보",
          "question": "영업시간은 어떻게 되나요?",
          "question_wordNum": 3,
          "answer": "16:00~24:00/01:00/03:00",
          "answer_wordNum": 1,
          "fact": [
            "롱타임노씨 마곡점,영업시간,16:00~24:00/01:00/03:00"
          ]
        },
        {
          "question_id": 2,
          "question_type": "정보",
          "question": "이 곳의 메뉴를 알 수 있나요?",
          "question_wordNum": 6,
          "answer": "피자의정석, 치즈 오븐 스파게티",
          "answer_wordNum": 4,
          "fact": [
            "롱타임노씨 마곡점,메뉴,피자의정석, 치즈 오븐 스파게티"
          ]
        },
        {
          "question_id": 3,
          "question_type": "정보",
          "question": "연락처를 알 수 있나요?",
          "question_wordNum": 4,
          "answer": "0507-1391-2215",
          "answer_wordNum": 1,
          "fact": [
            "롱타임노씨 마곡점,연락처,0507-1391-2215"
          ]
        }
      ]
    },
    {
      "image_id": 4,
      "question": [
        {
          "question_id": 0,
          "question_type": "정보",
          "question": "영업시간을 알 수 있나요?",
          "question_wordNum": 4,
          "answer": "16:00~24:00/01:00/03:00",
          "answer_wordNum": 1,
          "fact": [
            "롱타임노씨 마곡점,영업시간,16:00~24:00/01:00/03:00"
          ]
        },
        {
          "question_id": 1,
          "question_type": "정보",
          "question": "이 곳의 주소를 알 수 있나요?",
          "question_wordNum": 6,
          "answer": "서울 강서구 마곡중앙6로 70",
          "answer_wordNum": 4,
          "fact": [
            "롱타임노씨 마곡점,주소,서울 강서구 마곡중앙6로 70"
          ]
        },
        {
          "question_id": 2,
          "question_type": "정보",
          "question": "대표 메뉴가 무엇인가요?",
          "question_wordNum": 3,
          "answer": "피자의정석, 치즈 오븐 스파게티",
          "answer_wordNum": 4,
          "fact": [
            "롱타임노씨 마곡점,메뉴,피자의정석, 치즈 오븐 스파게티"
          ]
        },
        {
          "question_id": 3,
          "question_type": "관계",
          "question": "이 곳에 인접한 시설을 알 수 있나요?",
          "question_wordNum": 7,
          "answer": "발산역 9번 출구, 꾸꾸케이크, 새마을식당",
          "answer_wordNum": 5,
          "fact": [
            "롱타임노씨 마곡점,인접,발산역 9번 출구, 꾸꾸케이크, 새마을식당"
          ]
        }
      ]
    }
  ]
}