{
  "data": {
    "dataset": "2-083-219",
    "POI_id": "561434",
    "travelType": "음식점",
    "place": "오시오",
    "area": "서울"
  },
  "imageInfo": [
    {
      "image_id": 0,
      "filename": "561434_0_su_5_오시오_2_001.png",
      "mapx": 37.5695081963718,
      "mapy": 126.841277070182,
      "width": 3840,
      "height": 2160,
      "caption_info": [
        "오시오(가양동)",
        "간판"
      ]
    },
    {
      "image_id": 1,
      "filename": "561434_0_su_5_오시오_2_002.png",
      "mapx": 37.5695081963718,
      "mapy": 126.841277070182,
      "width": 3840,
      "height": 2160,
      "caption_info": [
        "오시오(가양동)",
        "간판"
      ]
    },
    {
      "image_id": 2,
      "filename": "561434_0_su_5_오시오_2_003.png",
      "mapx": 37.5695081963718,
      "mapy": 126.841277070182,
      "width": 3840,
      "height": 2160,
      "caption_info": [
        "오시오(가양동)",
        "테이블, 등받이의자"
      ]
    },
    {
      "image_id": 3,
      "filename": "561434_0_su_5_오시오_2_004.png",
      "mapx": 37.5695081963718,
      "mapy": 126.841277070182,
      "width": 3840,
      "height": 2160,
      "caption_info": [
        "오시오(가양동)",
        "메뉴판"
      ]
    },
    {
      "image_id": 4,
      "filename": "561434_0_su_5_오시오_2_005.png",
      "mapx": 37.5695081963718,
      "mapy": 126.841277070182,
      "width": 3840,
      "height": 2160,
      "caption_info": [
        "오시오(가양동)",
        "초밥"
      ]
    }
  ],
  "annotations": [
    {
      "image_id": 0,
      "question": [
        {
          "question_id": 0,
          "question_type": "정보",
          "question": "이 곳의 대표적인 메뉴는 무엇이 있나요?",
          "question_wordNum": 6,
          "answer": "광어회, 도미회",
          "answer_wordNum": 2,
          "fact": [
            "오시오,메뉴,광어회, 도미회"
          ]
        },
        {
          "question_id": 1,
          "question_type": "탐색",
          "question": "주차시설이 있나요?",
          "question_wordNum": 2,
          "answer": "있음",
          "answer_wordNum": 1,
          "fact": [
            "오시오,주차시설,있음"
          ]
        },
        {
          "question_id": 2,
          "question_type": "정보",
          "question": "연락처를 알 수 있나요?",
          "question_wordNum": 4,
          "answer": "0507-1343-5125",
          "answer_wordNum": 1,
          "fact": [
            "오시오,연락처,0507-1343-5125"
          ]
        },
        {
          "question_id": 3,
          "question_type": "정보",
          "question": "이 곳에 인접한 시설이 있나요?",
          "question_wordNum": 5,
          "answer": "양천향교역 2번 출구, 정가네, 대박집",
          "answer_wordNum": 5,
          "fact": [
            "오시오,인접,양천향교역 2번 출구, 정가네, 대박집"
          ]
        }
      ]
    },
    {
      "image_id": 1,
      "question": [
        {
          "question_id": 0,
          "question_type": "정보",
          "question": "연락처를 알 수 있나요?",
          "question_wordNum": 4,
          "answer": "0507-1343-5125",
          "answer_wordNum": 1,
          "fact": [
            "오시오,연락처,0507-1343-5125"
          ]
        },
        {
          "question_id": 1,
          "question_type": "탐색",
          "question": "주차시설이 있나요?",
          "question_wordNum": 2,
          "answer": "있음",
          "answer_wordNum": 1,
          "fact": [
            "오시오,주차시설,있음"
          ]
        },
        {
          "question_id": 2,
          "question_type": "정보",
          "question": "이 곳의 주요 메뉴를 알 수 있나요?",
          "question_wordNum": 7,
          "answer": "광어회, 도미회",
          "answer_wordNum": 2,
          "fact": [
            "오시오,메뉴,광어회, 도미회"
          ]
        },
        {
          "question_id": 3,
          "question_type": "정보",
          "question": "이 곳에 인접한 시설이 있나요?",
          "question_wordNum": 5,
          "answer": "양천향교역 2번 출구, 정가네, 대박집",
          "answer_wordNum": 5,
          "fact": [
            "오시오,인접,양천향교역 2번 출구, 정가네, 대박집"
          ]
        }
      ]
    },
    {
      "image_id": 2,
      "question": [
        {
          "question_id": 0,
          "question_type": "탐색",
          "question": "주차시설이 있나요?",
          "question_wordNum": 2,
          "answer": "있음",
          "answer_wordNum": 1,
          "fact": [
            "오시오,주차시설,있음"
          ]
        },
        {
          "question_id": 1,
          "question_type": "정보",
          "question": "이 곳의 주소는 어떻게 되나요?",
          "question_wordNum": 5,
          "answer": "서울 강서구 강서로 493 1층",
          "answer_wordNum": 5,
          "fact": [
            "오시오,주소,서울 강서구 강서로 493 1층"
          ]
        },
        {
          "question_id": 2,
          "question_type": "정보",
          "question": "연락처가 어떻게 되나요?",
          "question_wordNum": 3,
          "answer": "0507-1343-5125",
          "answer_wordNum": 1,
          "fact": [
            "오시오,연락처,0507-1343-5125"
          ]
        },
        {
          "question_id": 3,
          "question_type": "정보",
          "question": "이 곳에 인접한 시설이 있나요?",
          "question_wordNum": 5,
          "answer": "양천향교역 2번 출구, 정가네, 대박집",
          "answer_wordNum": 5,
          "fact": [
            "오시오,인접,양천향교역 2번 출구, 정가네, 대박집"
          ]
        }
      ]
    },
    {
      "image_id": 3,
      "question": [
        {
          "question_id": 0,
          "question_type": "탐색",
          "question": "주차시설이 있나요?",
          "question_wordNum": 2,
          "answer": "있음",
          "answer_wordNum": 1,
          "fact": [
            "오시오,주차시설,있음"
          ]
        },
        {
          "question_id": 1,
          "question_type": "정보",
          "question": "이 곳의 대표적인 메뉴는 무엇이 있나요?",
          "question_wordNum": 6,
          "answer": "광어회, 도미회",
          "answer_wordNum": 2,
          "fact": [
            "오시오,메뉴,광어회, 도미회"
          ]
        },
        {
          "question_id": 2,
          "question_type": "정보",
          "question": "휴무일은 어떻게 되나요?",
          "question_wordNum": 3,
          "answer": "매주 일요일",
          "answer_wordNum": 2,
          "fact": [
            "오시오,휴무일,매주 일요일"
          ]
        },
        {
          "question_id": 3,
          "question_type": "정보",
          "question": "이 곳에 인접한 시설이 있나요?",
          "question_wordNum": 5,
          "answer": "양천향교역 2번 출구, 정가네, 대박집",
          "answer_wordNum": 5,
          "fact": [
            "오시오,인접,양천향교역 2번 출구, 정가네, 대박집"
          ]
        }
      ]
    },
    {
      "image_id": 4,
      "question": [
        {
          "question_id": 0,
          "question_type": "정보",
          "question": "휴무일을 알 수 있나요?",
          "question_wordNum": 4,
          "answer": "매주 일요일",
          "answer_wordNum": 2,
          "fact": [
            "오시오,휴무일,매주 일요일"
          ]
        },
        {
          "question_id": 1,
          "question_type": "정보",
          "question": "영업시간을 알 수 있나요?",
          "question_wordNum": 4,
          "answer": "11:00~23:00",
          "answer_wordNum": 1,
          "fact": [
            "오시오,영업시간,11:00~23:00"
          ]
        },
        {
          "question_id": 2,
          "question_type": "정보",
          "question": "이 곳의 주소를 알 수 있나요?",
          "question_wordNum": 6,
          "answer": "서울 강서구 강서로 493 1층",
          "answer_wordNum": 5,
          "fact": [
            "오시오,주소,서울 강서구 강서로 493 1층"
          ]
        },
        {
          "question_id": 3,
          "question_type": "정보",
          "question": "이 곳에 인접한 시설이 있나요?",
          "question_wordNum": 5,
          "answer": "양천향교역 2번 출구, 정가네, 대박집",
          "answer_wordNum": 5,
          "fact": [
            "오시오,인접,양천향교역 2번 출구, 정가네, 대박집"
          ]
        }
      ]
    }
  ]
}