{
  "data": {
    "dataset": "2-083-219",
    "POI_id": "561708",
    "travelType": "음식점",
    "place": "육회한녀석들 내발산점",
    "area": "서울"
  },
  "imageInfo": [
    {
      "image_id": 0,
      "filename": "561708_0_su_5_육회한녀석들 내발산점_1_001.png",
      "mapx": 37.5576286863977,
      "mapy": 126.843932268195,
      "width": 3840,
      "height": 2160,
      "caption_info": [
        "육회한녀석들 내발산점(내발산동)",
        "간판, 입간판"
      ]
    },
    {
      "image_id": 1,
      "filename": "561708_0_su_5_육회한녀석들 내발산점_1_002.png",
      "mapx": 37.5576286863977,
      "mapy": 126.843932268195,
      "width": 3840,
      "height": 2160,
      "caption_info": [
        "육회한녀석들 내발산점(내발산동)",
        "건물, 간판"
      ]
    },
    {
      "image_id": 2,
      "filename": "561708_0_su_5_육회한녀석들 내발산점_1_003.png",
      "mapx": 37.5576286863977,
      "mapy": 126.843932268195,
      "width": 3840,
      "height": 2160,
      "caption_info": [
        "육회한녀석들 내발산점(내발산동)",
        "테이블, 등받이의자"
      ]
    },
    {
      "image_id": 3,
      "filename": "561708_0_su_5_육회한녀석들 내발산점_1_004.png",
      "mapx": 37.5576286863977,
      "mapy": 126.843932268195,
      "width": 3840,
      "height": 2160,
      "caption_info": [
        "육회한녀석들 내발산점(내발산동)",
        "메뉴판"
      ]
    },
    {
      "image_id": 4,
      "filename": "561708_0_su_5_육회한녀석들 내발산점_1_005.png",
      "mapx": 37.5576286863977,
      "mapy": 126.843932268195,
      "width": 3840,
      "height": 2160,
      "caption_info": [
        "육회한녀석들 내발산점(내발산동)",
        "육회, 고추냉이"
      ]
    }
  ],
  "annotations": [
    {
      "image_id": 0,
      "question": [
        {
          "question_id": 0,
          "question_type": "정보",
          "question": "영업시간을 알 수 있나요?",
          "question_wordNum": 4,
          "answer": "16:00~24:00",
          "answer_wordNum": 1,
          "fact": [
            "육회한녀석들 내발산점,영업시간,16:00~24:00"
          ]
        },
        {
          "question_id": 1,
          "question_type": "정보",
          "question": "이 곳의 대표적인 메뉴를 알 수 있나요?",
          "question_wordNum": 7,
          "answer": "한우육회한상, 영천한우육회",
          "answer_wordNum": 2,
          "fact": [
            "육회한녀석들 내발산점,메뉴,한우육회한상, 영천한우육회"
          ]
        },
        {
          "question_id": 2,
          "question_type": "관계",
          "question": "이 곳에 인접한 시설이 있나요?",
          "question_wordNum": 5,
          "answer": "발산역 5번 출구, 교촌치킨, 마키아",
          "answer_wordNum": 5,
          "fact": [
            "육회한녀석들 내발산점,인접,발산역 5번 출구, 교촌치킨, 마키아"
          ]
        },
        {
          "question_id": 3,
          "question_type": "탐색",
          "question": "주차시설이 있나요?",
          "question_wordNum": 2,
          "answer": "있음",
          "answer_wordNum": 1,
          "fact": [
            "육회한녀석들 내발산점,주차시설,있음"
          ]
        }
      ]
    },
    {
      "image_id": 1,
      "question": [
        {
          "question_id": 0,
          "question_type": "정보",
          "question": "영업시간은 몇시부터 몇시까지로 기재되어 있나요?",
          "question_wordNum": 5,
          "answer": "16:00~24:00",
          "answer_wordNum": 1,
          "fact": [
            "육회한녀석들 내발산점,영업시간,16:00~24:00"
          ]
        },
        {
          "question_id": 1,
          "question_type": "정보",
          "question": "이 곳의 대표적인 메뉴는 무엇이 있나요?",
          "question_wordNum": 6,
          "answer": "한우육회한상, 영천한우육회",
          "answer_wordNum": 2,
          "fact": [
            "육회한녀석들 내발산점,메뉴,한우육회한상, 영천한우육회"
          ]
        },
        {
          "question_id": 2,
          "question_type": "정보",
          "question": "휴무일을 알 수 있나요?",
          "question_wordNum": 4,
          "answer": "매주 일요일",
          "answer_wordNum": 2,
          "fact": [
            "육회한녀석들 내발산점,휴무일,매주 일요일"
          ]
        },
        {
          "question_id": 3,
          "question_type": "정보",
          "question": "연락처를 알 수 있나요?",
          "question_wordNum": 4,
          "answer": "0507-1332-1649",
          "answer_wordNum": 1,
          "fact": [
            "육회한녀석들 내발산점,연락처,0507-1332-1649"
          ]
        }
      ]
    },
    {
      "image_id": 2,
      "question": [
        {
          "question_id": 0,
          "question_type": "관계",
          "question": "이 곳에 인접한 시설이 있나요?",
          "question_wordNum": 5,
          "answer": "발산역 5번 출구, 교촌치킨, 마키아",
          "answer_wordNum": 5,
          "fact": [
            "육회한녀석들 내발산점,인접,발산역 5번 출구, 교촌치킨, 마키아"
          ]
        },
        {
          "question_id": 1,
          "question_type": "정보",
          "question": "휴무일은 어떻게 되나요?",
          "question_wordNum": 3,
          "answer": "매주 일요일",
          "answer_wordNum": 2,
          "fact": [
            "육회한녀석들 내발산점,휴무일,매주 일요일"
          ]
        },
        {
          "question_id": 2,
          "question_type": "탐색",
          "question": "주차시설이 있나요?",
          "question_wordNum": 2,
          "answer": "있음",
          "answer_wordNum": 1,
          "fact": [
            "육회한녀석들 내발산점,주차시설,있음"
          ]
        },
        {
          "question_id": 3,
          "question_type": "정보",
          "question": "연락처가 어떻게 되나요?",
          "question_wordNum": 3,
          "answer": "0507-1332-1649",
          "answer_wordNum": 1,
          "fact": [
            "육회한녀석들 내발산점,연락처,0507-1332-1649"
          ]
        }
      ]
    },
    {
      "image_id": 3,
      "question": [
        {
          "question_id": 0,
          "question_type": "정보",
          "question": "영업시간은 몇시부터 몇시까지로 기재되어 있나요?",
          "question_wordNum": 5,
          "answer": "16:00~24:00",
          "answer_wordNum": 1,
          "fact": [
            "육회한녀석들 내발산점,영업시간,16:00~24:00"
          ]
        },
        {
          "question_id": 1,
          "question_type": "탐색",
          "question": "주차시설이 있나요?",
          "question_wordNum": 2,
          "answer": "있음",
          "answer_wordNum": 1,
          "fact": [
            "육회한녀석들 내발산점,주차시설,있음"
          ]
        },
        {
          "question_id": 2,
          "question_type": "정보",
          "question": "이 곳의 주소를 알 수 있나요?",
          "question_wordNum": 6,
          "answer": "서울 강서구 공항대로42길 8",
          "answer_wordNum": 4,
          "fact": [
            "육회한녀석들 내발산점,주소,서울 강서구 공항대로42길 8"
          ]
        },
        {
          "question_id": 3,
          "question_type": "정보",
          "question": "이 곳은 무엇이 가능하나요?",
          "question_wordNum": 4,
          "answer": "오후5시 이후 주문",
          "answer_wordNum": 3,
          "fact": [
            "육회한녀석들 내발산점,가능,오후5시 이후 주문"
          ]
        }
      ]
    },
    {
      "image_id": 4,
      "question": [
        {
          "question_id": 0,
          "question_type": "정보",
          "question": "이 곳의 주요 메뉴를 알 수 있나요?",
          "question_wordNum": 7,
          "answer": "한우육회한상, 영천한우육회",
          "answer_wordNum": 2,
          "fact": [
            "육회한녀석들 내발산점,메뉴,한우육회한상, 영천한우육회"
          ]
        },
        {
          "question_id": 1,
          "question_type": "탐색",
          "question": "이 곳은 무엇이 가능하나요?",
          "question_wordNum": 4,
          "answer": "오후5시 이후 주문",
          "answer_wordNum": 3,
          "fact": [
            "육회한녀석들 내발산점,가능,오후5시 이후 주문"
          ]
        },
        {
          "question_id": 2,
          "question_type": "정보",
          "question": "이 곳의 주소는 어떻게 되나요?",
          "question_wordNum": 5,
          "answer": "서울 강서구 공항대로42길 8",
          "answer_wordNum": 4,
          "fact": [
            "육회한녀석들 내발산점,주소,서울 강서구 공항대로42길 8"
          ]
        },
        {
          "question_id": 3,
          "question_type": "정보",
          "question": "휴무일을 알 수 있나요?",
          "question_wordNum": 4,
          "answer": "매주 일요일",
          "answer_wordNum": 2,
          "fact": [
            "육회한녀석들 내발산점,휴무일,매주 일요일"
          ]
        }
      ]
    }
  ]
}