{
  "data": {
    "dataset": "2-083-219",
    "POI_id": "561558",
    "travelType": "음식점",
    "place": "서가앤쿡 마곡점",
    "area": "서울"
  },
  "imageInfo": [
    {
      "image_id": 0,
      "filename": "561558_0_su_5_서가앤쿡 마곡점_1_001.png",
      "mapx": 37.5600682769751,
      "mapy": 126.833037883356,
      "width": 3840,
      "height": 2160,
      "caption_info": [
        "서가앤쿡 마곡점(마곡동)",
        "간판"
      ]
    },
    {
      "image_id": 1,
      "filename": "561558_0_su_5_서가앤쿡 마곡점_1_002.png",
      "mapx": 37.5600682769751,
      "mapy": 126.833037883356,
      "width": 3840,
      "height": 2160,
      "caption_info": [
        "서가앤쿡 마곡점(마곡동)",
        "간판, 건물"
      ]
    },
    {
      "image_id": 2,
      "filename": "561558_0_su_5_서가앤쿡 마곡점_1_003.png",
      "mapx": 37.5600682769751,
      "mapy": 126.833037883356,
      "width": 3840,
      "height": 2160,
      "caption_info": [
        "서가앤쿡 마곡점(마곡동)",
        "진열대, 테이블, 등받이 의자"
      ]
    },
    {
      "image_id": 3,
      "filename": "561558_0_su_5_서가앤쿡 마곡점_1_004.png",
      "mapx": 37.5600682769751,
      "mapy": 126.833037883356,
      "width": 3840,
      "height": 2160,
      "caption_info": [
        "서가앤쿡 마곡점(마곡동)",
        "메뉴판"
      ]
    },
    {
      "image_id": 4,
      "filename": "561558_0_su_5_서가앤쿡 마곡점_1_005.png",
      "mapx": 37.5600682769751,
      "mapy": 126.833037883356,
      "width": 3840,
      "height": 2160,
      "caption_info": [
        "서가앤쿡 마곡점(마곡동)",
        "목살 스테이크 샐러드,  파스타"
      ]
    }
  ],
  "annotations": [
    {
      "image_id": 0,
      "question": [
        {
          "question_id": 0,
          "question_type": "정보",
          "question": "대표 메뉴가 무엇인가요?",
          "question_wordNum": 3,
          "answer": "목살 스테이크 샐러드, 베이컨 까르보나라",
          "answer_wordNum": 5,
          "fact": [
            "서가앤쿡 마곡점,메뉴,목살 스테이크 샐러드, 베이컨 까르보나라"
          ]
        },
        {
          "question_id": 1,
          "question_type": "탐색",
          "question": "주차시설이 있나요?",
          "question_wordNum": 2,
          "answer": "있음",
          "answer_wordNum": 1,
          "fact": [
            "서가앤쿡 마곡점,주차시설,있음"
          ]
        },
        {
          "question_id": 2,
          "question_type": "정보",
          "question": "휴무일을 알 수 있나요?",
          "question_wordNum": 4,
          "answer": "없음",
          "answer_wordNum": 1,
          "fact": [
            "서가앤쿡 마곡점,휴무일,없음"
          ]
        },
        {
          "question_id": 3,
          "question_type": "관계",
          "question": "이 곳에 인접한 시설을 알 수 있나요?",
          "question_wordNum": 7,
          "answer": "발산역 9번 출구, 마곡역, 강남면옥, 커피빈, 스시사라",
          "answer_wordNum": 7,
          "fact": [
            "서가앤쿡 마곡점,인접,발산역 9번 출구, 마곡역, 강남면옥, 커피빈, 스시사라"
          ]
        }
      ]
    },
    {
      "image_id": 1,
      "question": [
        {
          "question_id": 0,
          "question_type": "관계",
          "question": "이 곳에 인접한 시설이 있나요?",
          "question_wordNum": 5,
          "answer": "발산역 9번 출구, 마곡역, 강남면옥, 커피빈, 스시사라",
          "answer_wordNum": 7,
          "fact": [
            "서가앤쿡 마곡점,인접,발산역 9번 출구, 마곡역, 강남면옥, 커피빈, 스시사라"
          ]
        },
        {
          "question_id": 1,
          "question_type": "정보",
          "question": "이 곳의 주소를 알 수 있나요?",
          "question_wordNum": 6,
          "answer": "서울 강서구 마곡동로 55",
          "answer_wordNum": 4,
          "fact": [
            "서가앤쿡 마곡점,주소,서울 강서구 마곡동로 55"
          ]
        },
        {
          "question_id": 2,
          "question_type": "정보",
          "question": "휴무일은 어떻게 되나요?",
          "question_wordNum": 3,
          "answer": "없음",
          "answer_wordNum": 1,
          "fact": [
            "서가앤쿡 마곡점,휴무일,없음"
          ]
        },
        {
          "question_id": 3,
          "question_type": "정보",
          "question": "이 곳의 메뉴를 알 수 있나요?",
          "question_wordNum": 6,
          "answer": "목살 스테이크 샐러드, 베이컨 까르보나라",
          "answer_wordNum": 5,
          "fact": [
            "서가앤쿡 마곡점,메뉴,목살 스테이크 샐러드, 베이컨 까르보나라"
          ]
        }
      ]
    },
    {
      "image_id": 2,
      "question": [
        {
          "question_id": 0,
          "question_type": "관계",
          "question": "이 곳에 인접한 시설이 있나요?",
          "question_wordNum": 5,
          "answer": "발산역 9번 출구, 마곡역, 강남면옥, 커피빈, 스시사라",
          "answer_wordNum": 7,
          "fact": [
            "서가앤쿡 마곡점,인접,발산역 9번 출구, 마곡역, 강남면옥, 커피빈, 스시사라"
          ]
        },
        {
          "question_id": 1,
          "question_type": "정보",
          "question": "영업시간은 어떻게 되나요?",
          "question_wordNum": 3,
          "answer": "11:30~21:30",
          "answer_wordNum": 1,
          "fact": [
            "서가앤쿡 마곡점,영업시간,11:30~21:30"
          ]
        },
        {
          "question_id": 2,
          "question_type": "정보",
          "question": "연락처를 알 수 있나요?",
          "question_wordNum": 4,
          "answer": "0507-1403-3029",
          "answer_wordNum": 1,
          "fact": [
            "서가앤쿡 마곡점,연락처,0507-1403-3029"
          ]
        },
        {
          "question_id": 3,
          "question_type": "정보",
          "question": "휴무일은 어떻게 되나요?",
          "question_wordNum": 3,
          "answer": "없음",
          "answer_wordNum": 1,
          "fact": [
            "서가앤쿡 마곡점,휴무일,없음"
          ]
        }
      ]
    },
    {
      "image_id": 3,
      "question": [
        {
          "question_id": 0,
          "question_type": "정보",
          "question": "대표 메뉴가 무엇인가요?",
          "question_wordNum": 3,
          "answer": "목살 스테이크 샐러드, 베이컨 까르보나라",
          "answer_wordNum": 5,
          "fact": [
            "서가앤쿡 마곡점,메뉴,목살 스테이크 샐러드, 베이컨 까르보나라"
          ]
        },
        {
          "question_id": 1,
          "question_type": "정보",
          "question": "영업시간은 어떻게 되나요?",
          "question_wordNum": 3,
          "answer": "11:30~21:30",
          "answer_wordNum": 1,
          "fact": [
            "서가앤쿡 마곡점,영업시간,11:30~21:30"
          ]
        },
        {
          "question_id": 2,
          "question_type": "정보",
          "question": "휴무일을 알 수 있나요?",
          "question_wordNum": 4,
          "answer": "없음",
          "answer_wordNum": 1,
          "fact": [
            "서가앤쿡 마곡점,휴무일,없음"
          ]
        },
        {
          "question_id": 3,
          "question_type": "관계",
          "question": "이 곳에 인접한 시설을 알 수 있나요?",
          "question_wordNum": 7,
          "answer": "발산역 9번 출구, 마곡역, 강남면옥, 커피빈, 스시사라",
          "answer_wordNum": 7,
          "fact": [
            "서가앤쿡 마곡점,인접,발산역 9번 출구, 마곡역, 강남면옥, 커피빈, 스시사라"
          ]
        }
      ]
    },
    {
      "image_id": 4,
      "question": [
        {
          "question_id": 0,
          "question_type": "정보",
          "question": "영업시간을 알 수 있나요?",
          "question_wordNum": 4,
          "answer": "11:30~21:30",
          "answer_wordNum": 1,
          "fact": [
            "서가앤쿡 마곡점,영업시간,11:30~21:30"
          ]
        },
        {
          "question_id": 1,
          "question_type": "정보",
          "question": "이 곳의 메뉴를 알 수 있나요?",
          "question_wordNum": 6,
          "answer": "목살 스테이크 샐러드, 베이컨 까르보나라",
          "answer_wordNum": 5,
          "fact": [
            "서가앤쿡 마곡점,메뉴,목살 스테이크 샐러드, 베이컨 까르보나라"
          ]
        },
        {
          "question_id": 2,
          "question_type": "관계",
          "question": "이 곳에 인접한 시설을 알 수 있나요?",
          "question_wordNum": 7,
          "answer": "발산역 9번 출구, 마곡역, 강남면옥, 커피빈, 스시사라",
          "answer_wordNum": 7,
          "fact": [
            "서가앤쿡 마곡점,인접,발산역 9번 출구, 마곡역, 강남면옥, 커피빈, 스시사라"
          ]
        },
        {
          "question_id": 3,
          "question_type": "탐색",
          "question": "주차시설이 있나요?",
          "question_wordNum": 2,
          "answer": "있음",
          "answer_wordNum": 1,
          "fact": [
            "서가앤쿡 마곡점,주차시설,있음"
          ]
        }
      ]
    }
  ]
}