{
  "data": {
    "dataset": "2-083-219",
    "POI_id": "561796",
    "travelType": "음식점",
    "place": "살구나무집 ",
    "area": "서울"
  },
  "imageInfo": [
    {
      "image_id": 0,
      "filename": "561796_0_su_5_살구나무집 _4_001.png",
      "mapx": 37.5471891063514,
      "mapy": 126.821724625483,
      "width": 3840,
      "height": 2160,
      "caption_info": [
        "살구나무집(외발산동)",
        "간판"
      ]
    },
    {
      "image_id": 1,
      "filename": "561796_0_su_5_살구나무집 _4_002.png",
      "mapx": 37.5471891063514,
      "mapy": 126.821724625483,
      "width": 3840,
      "height": 2160,
      "caption_info": [
        "살구나무집(외발산동)",
        "실외기, 항아리, 등받이 의자, 파라솔"
      ]
    },
    {
      "image_id": 2,
      "filename": "561796_0_su_5_살구나무집 _4_003.png",
      "mapx": 37.5471891063514,
      "mapy": 126.821724625483,
      "width": 3840,
      "height": 2160,
      "caption_info": [
        "살구나무집(외발산동)",
        "테이블, 등받이 의자, 옷걸이"
      ]
    },
    {
      "image_id": 3,
      "filename": "561796_0_su_5_살구나무집 _4_004.png",
      "mapx": 37.5471891063514,
      "mapy": 126.821724625483,
      "width": 3840,
      "height": 2160,
      "caption_info": [
        "살구나무집(외발산동)",
        "메뉴판"
      ]
    },
    {
      "image_id": 4,
      "filename": "561796_0_su_5_살구나무집 _4_005.png",
      "mapx": 37.5471891063514,
      "mapy": 126.821724625483,
      "width": 3840,
      "height": 2160,
      "caption_info": [
        "살구나무집(외발산동)",
        "전골"
      ]
    }
  ],
  "annotations": [
    {
      "image_id": 0,
      "question": [
        {
          "question_id": 0,
          "question_type": "정보",
          "question": "영업시간을 알 수 있나요?",
          "question_wordNum": 4,
          "answer": "10:00 - 22:00",
          "answer_wordNum": 3,
          "fact": [
            "살구나무집,영업시간,10:00 - 22:00"
          ]
        },
        {
          "question_id": 1,
          "question_type": "정보",
          "question": "이 곳의 주요 메뉴는 무엇이 있나요?",
          "question_wordNum": 6,
          "answer": "전골, 무침",
          "answer_wordNum": 2,
          "fact": [
            "살구나무집,메뉴,전골, 무침"
          ]
        },
        {
          "question_id": 2,
          "question_type": "관계",
          "question": "이 곳에 인접한 시설이 있나요?",
          "question_wordNum": 5,
          "answer": "크레파스, 까치울",
          "answer_wordNum": 2,
          "fact": [
            "살구나무집,인접,크레파스, 까치울"
          ]
        },
        {
          "question_id": 3,
          "question_type": "탐색",
          "question": "주차시설이 있나요?",
          "question_wordNum": 2,
          "answer": "있음",
          "answer_wordNum": 1,
          "fact": [
            "살구나무집,주차시설,있음"
          ]
        }
      ]
    },
    {
      "image_id": 1,
      "question": [
        {
          "question_id": 0,
          "question_type": "정보",
          "question": "이 곳의 대표적인 메뉴를 알 수 있나요?",
          "question_wordNum": 7,
          "answer": "전골, 무침",
          "answer_wordNum": 2,
          "fact": [
            "살구나무집,메뉴,전골, 무침"
          ]
        },
        {
          "question_id": 1,
          "question_type": "정보",
          "question": "영업시간은 몇시부터 몇시까지로 기재되어 있나요?",
          "question_wordNum": 5,
          "answer": "10:00 - 22:00",
          "answer_wordNum": 3,
          "fact": [
            "살구나무집,영업시간,10:00 - 22:00"
          ]
        },
        {
          "question_id": 2,
          "question_type": "정보",
          "question": "휴무일은 어떻게 되나요?",
          "question_wordNum": 3,
          "answer": "없음",
          "answer_wordNum": 1,
          "fact": [
            "살구나무집,휴무일,없음"
          ]
        },
        {
          "question_id": 3,
          "question_type": "정보",
          "question": "연락처가 어떻게 되나요?",
          "question_wordNum": 3,
          "answer": "02-2667-0068",
          "answer_wordNum": 1,
          "fact": [
            "살구나무집,연락처,02-2667-0068"
          ]
        }
      ]
    },
    {
      "image_id": 2,
      "question": [
        {
          "question_id": 0,
          "question_type": "정보",
          "question": "휴무일은 어떻게 되나요?",
          "question_wordNum": 3,
          "answer": "없음",
          "answer_wordNum": 1,
          "fact": [
            "살구나무집,휴무일,없음"
          ]
        },
        {
          "question_id": 1,
          "question_type": "정보",
          "question": "연락처를 알 수 있나요?",
          "question_wordNum": 4,
          "answer": "02-2667-0068",
          "answer_wordNum": 1,
          "fact": [
            "살구나무집,연락처,02-2667-0068"
          ]
        },
        {
          "question_id": 2,
          "question_type": "관계",
          "question": "이 곳에 인접한 시설이 있나요?",
          "question_wordNum": 5,
          "answer": "크레파스, 까치울",
          "answer_wordNum": 2,
          "fact": [
            "살구나무집,인접,크레파스, 까치울"
          ]
        },
        {
          "question_id": 3,
          "question_type": "탐색",
          "question": "주차시설이 있는지 알 수 있나요?",
          "question_wordNum": 5,
          "answer": "있음",
          "answer_wordNum": 1,
          "fact": [
            "살구나무집,주차시설,있음"
          ]
        }
      ]
    },
    {
      "image_id": 3,
      "question": [
        {
          "question_id": 0,
          "question_type": "탐색",
          "question": "주차시설이 있는지 알 수 있나요?",
          "question_wordNum": 5,
          "answer": "있음",
          "answer_wordNum": 1,
          "fact": [
            "살구나무집,주차시설,있음"
          ]
        },
        {
          "question_id": 1,
          "question_type": "정보",
          "question": "연락처가 어떻게 되나요?",
          "question_wordNum": 3,
          "answer": "02-2667-0068",
          "answer_wordNum": 1,
          "fact": [
            "살구나무집,연락처,02-2667-0068"
          ]
        },
        {
          "question_id": 2,
          "question_type": "정보",
          "question": "이 곳의 주요 메뉴를 알 수 있나요?",
          "question_wordNum": 7,
          "answer": "전골, 무침",
          "answer_wordNum": 2,
          "fact": [
            "살구나무집,메뉴,전골, 무침"
          ]
        },
        {
          "question_id": 3,
          "question_type": "정보",
          "question": "이 곳의 주소를 알 수 있나요?",
          "question_wordNum": 6,
          "answer": "서울 강서구 남부순환로19길 130",
          "answer_wordNum": 4,
          "fact": [
            "살구나무집,주소,서울 강서구 남부순환로19길 130"
          ]
        }
      ]
    },
    {
      "image_id": 4,
      "question": [
        {
          "question_id": 0,
          "question_type": "정보",
          "question": "이 곳의 주소를 알 수 있나요?",
          "question_wordNum": 6,
          "answer": "서울 강서구 남부순환로19길 130",
          "answer_wordNum": 4,
          "fact": [
            "살구나무집,주소,서울 강서구 남부순환로19길 130"
          ]
        },
        {
          "question_id": 1,
          "question_type": "정보",
          "question": "휴무일을 알 수 있나요?",
          "question_wordNum": 4,
          "answer": "없음",
          "answer_wordNum": 1,
          "fact": [
            "살구나무집,휴무일,없음"
          ]
        },
        {
          "question_id": 2,
          "question_type": "정보",
          "question": "영업시간은 어떻게 되나요?",
          "question_wordNum": 3,
          "answer": "10:00 - 22:00",
          "answer_wordNum": 3,
          "fact": [
            "살구나무집,영업시간,10:00 - 22:00"
          ]
        },
        {
          "question_id": 3,
          "question_type": "관계",
          "question": "이 곳에 인접한 시설이 있나요?",
          "question_wordNum": 5,
          "answer": "크레파스, 까치울",
          "answer_wordNum": 2,
          "fact": [
            "살구나무집,인접,크레파스, 까치울"
          ]
        }
      ]
    }
  ]
}