{
  "data": {
    "dataset": "2-083-219",
    "POI_id": "561737",
    "travelType": "음식점",
    "place": "1번지옛날통닭 내발산점",
    "area": "서울"
  },
  "imageInfo": [
    {
      "image_id": 0,
      "filename": "561737_0_su_5_1번지옛날통닭 내발산점_1_001.png",
      "mapx": 37.5529862473925,
      "mapy": 126.82677164429,
      "width": 3840,
      "height": 2160,
      "caption_info": [
        "1번지옛날통닭 내발산점(내발산동)",
        "간판, 여닫이문"
      ]
    },
    {
      "image_id": 1,
      "filename": "561737_0_su_5_1번지옛날통닭 내발산점_1_002.png",
      "mapx": 37.5529862473925,
      "mapy": 126.82677164429,
      "width": 3840,
      "height": 2160,
      "caption_info": [
        "1번지옛날통닭 내발산점(내발산동)",
        "간판, 여닫이문"
      ]
    },
    {
      "image_id": 2,
      "filename": "561737_0_su_5_1번지옛날통닭 내발산점_1_003.png",
      "mapx": 37.5529862473925,
      "mapy": 126.82677164429,
      "width": 3840,
      "height": 2160,
      "caption_info": [
        "1번지옛날통닭 내발산점(내발산동)",
        "테이블, 등받이 의자"
      ]
    },
    {
      "image_id": 3,
      "filename": "561737_0_su_5_1번지옛날통닭 내발산점_1_004.png",
      "mapx": 37.5529862473925,
      "mapy": 126.82677164429,
      "width": 3840,
      "height": 2160,
      "caption_info": [
        "1번지옛날통닭 내발산점(내발산동)",
        "메뉴판 "
      ]
    },
    {
      "image_id": 4,
      "filename": "561737_0_su_5_1번지옛날통닭 내발산점_1_005.png",
      "mapx": 37.5529862473925,
      "mapy": 126.82677164429,
      "width": 3840,
      "height": 2160,
      "caption_info": [
        "1번지옛날통닭 내발산점(내발산동)",
        "통닭"
      ]
    }
  ],
  "annotations": [
    {
      "image_id": 0,
      "question": [
        {
          "question_id": 0,
          "question_type": "정보",
          "question": "이 곳의 대표적인 메뉴는 무엇이 있나요?",
          "question_wordNum": 6,
          "answer": "옛날통닭, 양념통닭",
          "answer_wordNum": 2,
          "fact": [
            "1번지옛날통닭 내발산점,메뉴,옛날통닭, 양념통닭"
          ]
        },
        {
          "question_id": 1,
          "question_type": "정보",
          "question": "휴무일을 알 수 있나요?",
          "question_wordNum": 4,
          "answer": "없음",
          "answer_wordNum": 1,
          "fact": [
            "1번지옛날통닭 내발산점,휴무일,없음"
          ]
        },
        {
          "question_id": 2,
          "question_type": "정보",
          "question": "연락처를 알 수 있나요?",
          "question_wordNum": 4,
          "answer": "0507-1487-7756",
          "answer_wordNum": 1,
          "fact": [
            "1번지옛날통닭 내발산점,연락처,0507-1487-7756"
          ]
        },
        {
          "question_id": 3,
          "question_type": "정보",
          "question": "영업시간은 몇시부터 몇시까지로 기재되어 있나요?",
          "question_wordNum": 5,
          "answer": "15:00 - 01:30",
          "answer_wordNum": 3,
          "fact": [
            "1번지옛날통닭 내발산점,영업시간,15:00 -  01:30"
          ]
        }
      ]
    },
    {
      "image_id": 1,
      "question": [
        {
          "question_id": 0,
          "question_type": "관계",
          "question": "이 곳에 인접한 시설을 알 수 있나요?",
          "question_wordNum": 7,
          "answer": "마곡역 5번 출구, . 마곡수명산파크5단지아파트, 뚜레쥬르, 홈플러스 익스프레스, 더벤티, 농협",
          "answer_wordNum": 10,
          "fact": [
            "1번지옛날통닭 내발산점,인접,마곡역 5번 출구, . 마곡수명산파크5단지아파트, 뚜레쥬르, 홈플러스 익스프레스, 더벤티, 농협"
          ]
        },
        {
          "question_id": 1,
          "question_type": "정보",
          "question": "휴무일을 알 수 있나요?",
          "question_wordNum": 4,
          "answer": "없음",
          "answer_wordNum": 1,
          "fact": [
            "1번지옛날통닭 내발산점,휴무일,없음"
          ]
        },
        {
          "question_id": 2,
          "question_type": "탐색",
          "question": "주차시설이 있나요?",
          "question_wordNum": 2,
          "answer": "있음",
          "answer_wordNum": 1,
          "fact": [
            "1번지옛날통닭 내발산점,주차시설,있음"
          ]
        },
        {
          "question_id": 3,
          "question_type": "정보",
          "question": "연락처를 알 수 있나요?",
          "question_wordNum": 4,
          "answer": "0507-1487-7756",
          "answer_wordNum": 1,
          "fact": [
            "1번지옛날통닭 내발산점,연락처,0507-1487-7756"
          ]
        }
      ]
    },
    {
      "image_id": 2,
      "question": [
        {
          "question_id": 0,
          "question_type": "탐색",
          "question": "주차시설이 있는지 알 수 있나요?",
          "question_wordNum": 5,
          "answer": "있음",
          "answer_wordNum": 1,
          "fact": [
            "1번지옛날통닭 내발산점,주차시설,있음"
          ]
        },
        {
          "question_id": 1,
          "question_type": "정보",
          "question": "이 곳의 주요 메뉴는 무엇이 있나요?",
          "question_wordNum": 6,
          "answer": "옛날통닭, 양념통닭",
          "answer_wordNum": 2,
          "fact": [
            "1번지옛날통닭 내발산점,메뉴,옛날통닭, 양념통닭"
          ]
        },
        {
          "question_id": 2,
          "question_type": "관계",
          "question": "이 곳에 인접한 시설을 알 수 있나요?",
          "question_wordNum": 7,
          "answer": "마곡역 5번 출구, . 마곡수명산파크5단지아파트, 뚜레쥬르, 홈플러스 익스프레스, 더벤티, 농협",
          "answer_wordNum": 10,
          "fact": [
            "1번지옛날통닭 내발산점,인접,마곡역 5번 출구, . 마곡수명산파크5단지아파트, 뚜레쥬르, 홈플러스 익스프레스, 더벤티, 농협"
          ]
        },
        {
          "question_id": 3,
          "question_type": "정보",
          "question": "영업시간은 어떻게 되나요?",
          "question_wordNum": 3,
          "answer": "15:00 - 01:30",
          "answer_wordNum": 3,
          "fact": [
            "1번지옛날통닭 내발산점,영업시간,15:00 -  01:30"
          ]
        }
      ]
    },
    {
      "image_id": 3,
      "question": [
        {
          "question_id": 0,
          "question_type": "정보",
          "question": "이 곳의 주소는 어떻게 되나요?",
          "question_wordNum": 5,
          "answer": "서울 강서구 수명로 68-35",
          "answer_wordNum": 4,
          "fact": [
            "1번지옛날통닭 내발산점,주소,서울 강서구 수명로 68-35"
          ]
        },
        {
          "question_id": 1,
          "question_type": "관계",
          "question": "이 곳에 인접한 시설이 있나요?",
          "question_wordNum": 5,
          "answer": "마곡역 5번 출구, . 마곡수명산파크5단지아파트, 뚜레쥬르, 홈플러스 익스프레스, 더벤티, 농협",
          "answer_wordNum": 10,
          "fact": [
            "1번지옛날통닭 내발산점,인접,마곡역 5번 출구, . 마곡수명산파크5단지아파트, 뚜레쥬르, 홈플러스 익스프레스, 더벤티, 농협"
          ]
        },
        {
          "question_id": 2,
          "question_type": "정보",
          "question": "이 곳의 주요 메뉴는 무엇이 있나요?",
          "question_wordNum": 6,
          "answer": "옛날통닭, 양념통닭",
          "answer_wordNum": 2,
          "fact": [
            "1번지옛날통닭 내발산점,메뉴,옛날통닭, 양념통닭"
          ]
        },
        {
          "question_id": 3,
          "question_type": "정보",
          "question": "이 곳은 무엇을 사용하나요?",
          "question_wordNum": 4,
          "answer": "하림 생닭",
          "answer_wordNum": 2,
          "fact": [
            "1번지옛날통닭 내발산점,사용,하림 생닭"
          ]
        }
      ]
    },
    {
      "image_id": 4,
      "question": [
        {
          "question_id": 0,
          "question_type": "정보",
          "question": "연락처가 어떻게 되나요?",
          "question_wordNum": 3,
          "answer": "0507-1487-7756",
          "answer_wordNum": 1,
          "fact": [
            "1번지옛날통닭 내발산점,연락처,0507-1487-7756"
          ]
        },
        {
          "question_id": 1,
          "question_type": "탐색",
          "question": "주차시설이 있는지 알 수 있나요?",
          "question_wordNum": 5,
          "answer": "있음",
          "answer_wordNum": 1,
          "fact": [
            "1번지옛날통닭 내발산점,주차시설,있음"
          ]
        },
        {
          "question_id": 2,
          "question_type": "탐색",
          "question": "이 곳은 무엇을 사용하나요?",
          "question_wordNum": 4,
          "answer": "하림 생닭",
          "answer_wordNum": 2,
          "fact": [
            "1번지옛날통닭 내발산점,사용,하림 생닭"
          ]
        },
        {
          "question_id": 3,
          "question_type": "정보",
          "question": "이 곳의 주소는 어떻게 되나요?",
          "question_wordNum": 5,
          "answer": "서울 강서구 수명로 68-35",
          "answer_wordNum": 4,
          "fact": [
            "1번지옛날통닭 내발산점,주소,서울 강서구 수명로 68-35"
          ]
        }
      ]
    }
  ]
}