{
  "data": {
    "dataset": "2-083-219",
    "POI_id": "561630",
    "travelType": "음식점",
    "place": "도화림 마곡점",
    "area": "서울"
  },
  "imageInfo": [
    {
      "image_id": 0,
      "filename": "561630_0_su_5_도화림 마곡점_1_001.png",
      "mapx": 37.5589809916906,
      "mapy": 126.829034127455,
      "width": 3840,
      "height": 2160,
      "caption_info": [
        "도화림 마곡점(강서구)",
        "여닫이문 "
      ]
    },
    {
      "image_id": 1,
      "filename": "561630_0_su_5_도화림 마곡점_1_002.png",
      "mapx": 37.5589809916906,
      "mapy": 126.829034127455,
      "width": 3840,
      "height": 2160,
      "caption_info": [
        "도화림 마곡점(강서구)",
        "간판"
      ]
    },
    {
      "image_id": 2,
      "filename": "561630_0_su_5_도화림 마곡점_1_003.png",
      "mapx": 37.5589809916906,
      "mapy": 126.829034127455,
      "width": 3840,
      "height": 2160,
      "caption_info": [
        "도화림 마곡점(강서구)",
        "등받이 의자"
      ]
    },
    {
      "image_id": 3,
      "filename": "561630_0_su_5_도화림 마곡점_1_004.png",
      "mapx": 37.5589809916906,
      "mapy": 126.829034127455,
      "width": 3840,
      "height": 2160,
      "caption_info": [
        "도화림 마곡점(강서구)",
        "메뉴판 "
      ]
    },
    {
      "image_id": 4,
      "filename": "561630_0_su_5_도화림 마곡점_1_005.png",
      "mapx": 37.5589809916906,
      "mapy": 126.829034127455,
      "width": 3840,
      "height": 2160,
      "caption_info": [
        "도화림 마곡점(강서구)",
        "짬뽕 "
      ]
    }
  ],
  "annotations": [
    {
      "image_id": 0,
      "question": [
        {
          "question_id": 0,
          "question_type": "정보",
          "question": "휴무일을 알 수 있나요?",
          "question_wordNum": 4,
          "answer": "매주 일요일",
          "answer_wordNum": 2,
          "fact": [
            "도화림 마곡점,휴무일,매주 일요일"
          ]
        },
        {
          "question_id": 1,
          "question_type": "정보",
          "question": "연락처가 어떻게 되나요?",
          "question_wordNum": 3,
          "answer": "0507-1391-9597",
          "answer_wordNum": 1,
          "fact": [
            "도화림 마곡점,연락처,0507-1391-9597"
          ]
        },
        {
          "question_id": 2,
          "question_type": "정보",
          "question": "이 곳의 메뉴를 알 수 있나요?",
          "question_wordNum": 6,
          "answer": "통문어짬뽕, 어향전복",
          "answer_wordNum": 2,
          "fact": [
            "도화림 마곡점,메뉴,통문어짬뽕, 어향전복"
          ]
        },
        {
          "question_id": 3,
          "question_type": "관계",
          "question": "이 곳에 인접한 시설을 알 수 있나요?",
          "question_wordNum": 7,
          "answer": "마곡역 4번 출구, 김밥날다, 더숲",
          "answer_wordNum": 5,
          "fact": [
            "도화림 마곡점,인접,마곡역 4번 출구, 김밥날다, 더숲"
          ]
        }
      ]
    },
    {
      "image_id": 1,
      "question": [
        {
          "question_id": 0,
          "question_type": "탐색",
          "question": "주차시설이 있는지 알 수 있나요?",
          "question_wordNum": 5,
          "answer": "있음",
          "answer_wordNum": 1,
          "fact": [
            "도화림 마곡점,주차시설,있음"
          ]
        },
        {
          "question_id": 1,
          "question_type": "정보",
          "question": "휴무일을 알 수 있나요?",
          "question_wordNum": 4,
          "answer": "매주 일요일",
          "answer_wordNum": 2,
          "fact": [
            "도화림 마곡점,휴무일,매주 일요일"
          ]
        },
        {
          "question_id": 2,
          "question_type": "정보",
          "question": "연락처가 어떻게 되나요?",
          "question_wordNum": 3,
          "answer": "0507-1391-9597",
          "answer_wordNum": 1,
          "fact": [
            "도화림 마곡점,연락처,0507-1391-9597"
          ]
        },
        {
          "question_id": 3,
          "question_type": "관계",
          "question": "이 곳에 인접한 시설을 알 수 있나요?",
          "question_wordNum": 7,
          "answer": "마곡역 4번 출구, 김밥날다, 더숲",
          "answer_wordNum": 5,
          "fact": [
            "도화림 마곡점,인접,마곡역 4번 출구, 김밥날다, 더숲"
          ]
        }
      ]
    },
    {
      "image_id": 2,
      "question": [
        {
          "question_id": 0,
          "question_type": "정보",
          "question": "휴무일을 알 수 있나요?",
          "question_wordNum": 4,
          "answer": "매주 일요일",
          "answer_wordNum": 2,
          "fact": [
            "도화림 마곡점,휴무일,매주 일요일"
          ]
        },
        {
          "question_id": 1,
          "question_type": "탐색",
          "question": "주차시설이 있는지 알 수 있나요?",
          "question_wordNum": 5,
          "answer": "있음",
          "answer_wordNum": 1,
          "fact": [
            "도화림 마곡점,주차시설,있음"
          ]
        },
        {
          "question_id": 2,
          "question_type": "정보",
          "question": "이 곳의 메뉴를 알 수 있나요?",
          "question_wordNum": 6,
          "answer": "통문어짬뽕, 어향전복",
          "answer_wordNum": 2,
          "fact": [
            "도화림 마곡점,메뉴,통문어짬뽕, 어향전복"
          ]
        },
        {
          "question_id": 3,
          "question_type": "정보",
          "question": "이 곳의 주소는 어떻게 되나요?",
          "question_wordNum": 5,
          "answer": "서울 강서구 공항대로 194",
          "answer_wordNum": 4,
          "fact": [
            "도화림 마곡점,주소,서울 강서구 공항대로 194"
          ]
        }
      ]
    },
    {
      "image_id": 3,
      "question": [
        {
          "question_id": 0,
          "question_type": "탐색",
          "question": "주차시설이 있나요?",
          "question_wordNum": 2,
          "answer": "있음",
          "answer_wordNum": 1,
          "fact": [
            "도화림 마곡점,주차시설,있음"
          ]
        },
        {
          "question_id": 1,
          "question_type": "정보",
          "question": "휴무일을 알 수 있나요?",
          "question_wordNum": 4,
          "answer": "매주 일요일",
          "answer_wordNum": 2,
          "fact": [
            "도화림 마곡점,휴무일,매주 일요일"
          ]
        },
        {
          "question_id": 2,
          "question_type": "정보",
          "question": "연락처를 알 수 있나요?",
          "question_wordNum": 4,
          "answer": "0507-1391-9597",
          "answer_wordNum": 1,
          "fact": [
            "도화림 마곡점,연락처,0507-1391-9597"
          ]
        },
        {
          "question_id": 3,
          "question_type": "정보",
          "question": "이 곳의 메뉴를 알 수 있나요?",
          "question_wordNum": 6,
          "answer": "통문어짬뽕, 어향전복",
          "answer_wordNum": 2,
          "fact": [
            "도화림 마곡점,메뉴,통문어짬뽕, 어향전복"
          ]
        }
      ]
    },
    {
      "image_id": 4,
      "question": [
        {
          "question_id": 0,
          "question_type": "정보",
          "question": "휴무일은 어떻게 되나요?",
          "question_wordNum": 3,
          "answer": "매주 일요일",
          "answer_wordNum": 2,
          "fact": [
            "도화림 마곡점,휴무일,매주 일요일"
          ]
        },
        {
          "question_id": 1,
          "question_type": "관계",
          "question": "이 곳에 인접한 시설을 알 수 있나요?",
          "question_wordNum": 7,
          "answer": "마곡역 4번 출구, 김밥날다, 더숲",
          "answer_wordNum": 5,
          "fact": [
            "도화림 마곡점,인접,마곡역 4번 출구, 김밥날다, 더숲"
          ]
        },
        {
          "question_id": 2,
          "question_type": "정보",
          "question": "이 곳의 주소를 알 수 있나요?",
          "question_wordNum": 6,
          "answer": "서울 강서구 공항대로 194",
          "answer_wordNum": 4,
          "fact": [
            "도화림 마곡점,주소,서울 강서구 공항대로 194"
          ]
        },
        {
          "question_id": 3,
          "question_type": "탐색",
          "question": "주차시설이 있는지 알 수 있나요?",
          "question_wordNum": 5,
          "answer": "있음",
          "answer_wordNum": 1,
          "fact": [
            "도화림 마곡점,주차시설,있음"
          ]
        }
      ]
    }
  ]
}