{
  "data": {
    "dataset": "2-083-219",
    "POI_id": "561525",
    "travelType": "음식점",
    "place": "레피큐르 ",
    "area": "서울"
  },
  "imageInfo": [
    {
      "image_id": 0,
      "filename": "561525_0_su_5_레피큐르 _1_001.png",
      "mapx": 37.5593135416408,
      "mapy": 126.83523920295,
      "width": 3840,
      "height": 2160,
      "caption_info": [
        "레피큐르(마곡동)",
        "미닫이문"
      ]
    },
    {
      "image_id": 1,
      "filename": "561525_0_su_5_레피큐르 _1_002.png",
      "mapx": 37.5593135416408,
      "mapy": 126.83523920295,
      "width": 3840,
      "height": 2160,
      "caption_info": [
        "레피큐르(마곡동)",
        "간판"
      ]
    },
    {
      "image_id": 2,
      "filename": "561525_0_su_5_레피큐르 _1_003.png",
      "mapx": 37.5593135416408,
      "mapy": 126.83523920295,
      "width": 3840,
      "height": 2160,
      "caption_info": [
        "레피큐르(마곡동)",
        "와인"
      ]
    },
    {
      "image_id": 3,
      "filename": "561525_0_su_5_레피큐르 _1_004.png",
      "mapx": 37.5593135416408,
      "mapy": 126.83523920295,
      "width": 3840,
      "height": 2160,
      "caption_info": [
        "레피큐르(마곡동)",
        "메뉴판"
      ]
    },
    {
      "image_id": 4,
      "filename": "561525_0_su_5_레피큐르 _1_005.png",
      "mapx": 37.5593135416408,
      "mapy": 126.83523920295,
      "width": 3840,
      "height": 2160,
      "caption_info": [
        "레피큐르(마곡동)",
        "파스타"
      ]
    }
  ],
  "annotations": [
    {
      "image_id": 0,
      "question": [
        {
          "question_id": 0,
          "question_type": "정보",
          "question": "연락처가 어떻게 되나요?",
          "question_wordNum": 3,
          "answer": "02-2604-8420",
          "answer_wordNum": 1,
          "fact": [
            "레피큐르,연락처,02-2604-8420"
          ]
        },
        {
          "question_id": 1,
          "question_type": "탐색",
          "question": "주차시설이 있나요?",
          "question_wordNum": 2,
          "answer": "있음",
          "answer_wordNum": 1,
          "fact": [
            "레피큐르,주차시설,있음"
          ]
        },
        {
          "question_id": 2,
          "question_type": "정보",
          "question": "이 곳의 대표적인 메뉴는 무엇이 있나요?",
          "question_wordNum": 6,
          "answer": "송아지갈비, 돼지안심구이",
          "answer_wordNum": 2,
          "fact": [
            "레피큐르,메뉴,송아지갈비, 돼지안심구이"
          ]
        },
        {
          "question_id": 3,
          "question_type": "정보",
          "question": "휴무일은 어떻게 되나요?",
          "question_wordNum": 3,
          "answer": "매주 일요일, 월요일",
          "answer_wordNum": 3,
          "fact": [
            "레피큐르,휴무일,매주 일요일, 월요일"
          ]
        }
      ]
    },
    {
      "image_id": 1,
      "question": [
        {
          "question_id": 0,
          "question_type": "정보",
          "question": "이 곳의 주요 메뉴는 무엇이 있나요?",
          "question_wordNum": 6,
          "answer": "송아지갈비, 돼지안심구이",
          "answer_wordNum": 2,
          "fact": [
            "레피큐르,메뉴,송아지갈비, 돼지안심구이"
          ]
        },
        {
          "question_id": 1,
          "question_type": "정보",
          "question": "휴무일은 어떻게 되나요?",
          "question_wordNum": 3,
          "answer": "매주 일요일, 월요일",
          "answer_wordNum": 3,
          "fact": [
            "레피큐르,휴무일,매주 일요일, 월요일"
          ]
        },
        {
          "question_id": 2,
          "question_type": "정보",
          "question": "영업시간은 어떻게 되나요?",
          "question_wordNum": 3,
          "answer": "11:30~21:30",
          "answer_wordNum": 1,
          "fact": [
            "레피큐르,영업시간,11:30~21:30"
          ]
        },
        {
          "question_id": 3,
          "question_type": "정보",
          "question": "연락처가 어떻게 되나요?",
          "question_wordNum": 3,
          "answer": "02-2604-8420",
          "answer_wordNum": 1,
          "fact": [
            "레피큐르,연락처,02-2604-8420"
          ]
        }
      ]
    },
    {
      "image_id": 2,
      "question": [
        {
          "question_id": 0,
          "question_type": "정보",
          "question": "휴무일은 어떻게 되나요?",
          "question_wordNum": 3,
          "answer": "매주 일요일, 월요일",
          "answer_wordNum": 3,
          "fact": [
            "레피큐르,휴무일,매주 일요일, 월요일"
          ]
        },
        {
          "question_id": 1,
          "question_type": "관계",
          "question": "이 곳에 인접한 시설이 있나요?",
          "question_wordNum": 5,
          "answer": "발산역 9번 출구, 메가박스, 녹지",
          "answer_wordNum": 5,
          "fact": [
            "레피큐르,인접,발산역 9번 출구, 메가박스, 녹지"
          ]
        },
        {
          "question_id": 2,
          "question_type": "정보",
          "question": "이 곳의 주소는 어떻게 되나요?",
          "question_wordNum": 5,
          "answer": "서울 강서구 공항대로 247 퀸즈파크9 A동 205호",
          "answer_wordNum": 7,
          "fact": [
            "레피큐르,주소,서울 강서구 공항대로 247 퀸즈파크9 A동 205호"
          ]
        },
        {
          "question_id": 3,
          "question_type": "정보",
          "question": "연락처가 어떻게 되나요?",
          "question_wordNum": 3,
          "answer": "02-2604-8420",
          "answer_wordNum": 1,
          "fact": [
            "레피큐르,연락처,02-2604-8420"
          ]
        }
      ]
    },
    {
      "image_id": 3,
      "question": [
        {
          "question_id": 0,
          "question_type": "정보",
          "question": "휴무일은 어떻게 되나요?",
          "question_wordNum": 3,
          "answer": "매주 일요일, 월요일",
          "answer_wordNum": 3,
          "fact": [
            "레피큐르,휴무일,매주 일요일, 월요일"
          ]
        },
        {
          "question_id": 1,
          "question_type": "정보",
          "question": "이 곳의 주소는 어떻게 되나요?",
          "question_wordNum": 5,
          "answer": "서울 강서구 공항대로 247 퀸즈파크9 A동 205호",
          "answer_wordNum": 7,
          "fact": [
            "레피큐르,주소,서울 강서구 공항대로 247 퀸즈파크9 A동 205호"
          ]
        },
        {
          "question_id": 2,
          "question_type": "관계",
          "question": "이 곳에 인접한 시설이 있나요?",
          "question_wordNum": 5,
          "answer": "발산역 9번 출구, 메가박스, 녹지",
          "answer_wordNum": 5,
          "fact": [
            "레피큐르,인접,발산역 9번 출구, 메가박스, 녹지"
          ]
        },
        {
          "question_id": 3,
          "question_type": "정보",
          "question": "연락처가 어떻게 되나요?",
          "question_wordNum": 3,
          "answer": "02-2604-8420",
          "answer_wordNum": 1,
          "fact": [
            "레피큐르,연락처,02-2604-8420"
          ]
        }
      ]
    },
    {
      "image_id": 4,
      "question": [
        {
          "question_id": 0,
          "question_type": "정보",
          "question": "연락처가 어떻게 되나요?",
          "question_wordNum": 3,
          "answer": "02-2604-8420",
          "answer_wordNum": 1,
          "fact": [
            "레피큐르,연락처,02-2604-8420"
          ]
        },
        {
          "question_id": 1,
          "question_type": "정보",
          "question": "이 곳의 주요 메뉴는 무엇이 있나요?",
          "question_wordNum": 6,
          "answer": "송아지갈비, 돼지안심구이",
          "answer_wordNum": 2,
          "fact": [
            "레피큐르,메뉴,송아지갈비, 돼지안심구이"
          ]
        },
        {
          "question_id": 2,
          "question_type": "정보",
          "question": "영업시간은 어떻게 되나요?",
          "question_wordNum": 3,
          "answer": "11:30~21:30",
          "answer_wordNum": 1,
          "fact": [
            "레피큐르,영업시간,11:30~21:30"
          ]
        },
        {
          "question_id": 3,
          "question_type": "정보",
          "question": "이 곳의 주소는 어떻게 되나요?",
          "question_wordNum": 5,
          "answer": "서울 강서구 공항대로 247 퀸즈파크9 A동 205호",
          "answer_wordNum": 7,
          "fact": [
            "레피큐르,주소,서울 강서구 공항대로 247 퀸즈파크9 A동 205호"
          ]
        }
      ]
    }
  ]
}