{
  "data": {
    "dataset": "2-083-219",
    "POI_id": "561501",
    "travelType": "음식점",
    "place": "또보겠지떡볶이집 숲속동화점",
    "area": "서울"
  },
  "imageInfo": [
    {
      "image_id": 0,
      "filename": "561501_0_su_5_또보겠지떡볶이집 숲속동화점_1_001.png",
      "mapx": 37.5606312206415,
      "mapy": 126.832720625607,
      "width": 3840,
      "height": 2160,
      "caption_info": [
        "또보겠지떡볶이집 숲속동화점(마곡동)",
        "간판"
      ]
    },
    {
      "image_id": 1,
      "filename": "561501_0_su_5_또보겠지떡볶이집 숲속동화점_1_002.png",
      "mapx": 37.5606312206415,
      "mapy": 126.832720625607,
      "width": 3840,
      "height": 2160,
      "caption_info": [
        "또보겠지떡볶이집 숲속동화점(마곡동)",
        "건물, 간판"
      ]
    },
    {
      "image_id": 2,
      "filename": "561501_0_su_5_또보겠지떡볶이집 숲속동화점_1_003.png",
      "mapx": 37.5606312206415,
      "mapy": 126.832720625607,
      "width": 3840,
      "height": 2160,
      "caption_info": [
        "또보겠지떡볶이집 숲속동화점(마곡동)",
        "포스터"
      ]
    },
    {
      "image_id": 3,
      "filename": "561501_0_su_5_또보겠지떡볶이집 숲속동화점_1_004.png",
      "mapx": 37.5606312206415,
      "mapy": 126.832720625607,
      "width": 3840,
      "height": 2160,
      "caption_info": [
        "또보겠지떡볶이집 숲속동화점(마곡동)",
        "메뉴판"
      ]
    },
    {
      "image_id": 4,
      "filename": "561501_0_su_5_또보겠지떡볶이집 숲속동화점_1_005.png",
      "mapx": 37.5606312206415,
      "mapy": 126.832720625607,
      "width": 3840,
      "height": 2160,
      "caption_info": [
        "또보겠지떡볶이집 숲속동화점(마곡동)",
        "떡볶이"
      ]
    }
  ],
  "annotations": [
    {
      "image_id": 0,
      "question": [
        {
          "question_id": 0,
          "question_type": "정보",
          "question": "영업시간은 어떻게 되나요?",
          "question_wordNum": 3,
          "answer": "11:00~21:00",
          "answer_wordNum": 1,
          "fact": [
            "또보겠지떡볶이집 숲속동화점,영업시간,11:00~21:00"
          ]
        },
        {
          "question_id": 1,
          "question_type": "정보",
          "question": "연락처가 어떻게 되나요?",
          "question_wordNum": 3,
          "answer": "0507-1318-1233",
          "answer_wordNum": 1,
          "fact": [
            "또보겠지떡볶이집 숲속동화점,연락처,0507-1318-1233"
          ]
        },
        {
          "question_id": 2,
          "question_type": "관계",
          "question": "이 곳에 인접한 시설이 있나요?",
          "question_wordNum": 5,
          "answer": "마곡역 3번 출구, 타이투고, 경양카츠",
          "answer_wordNum": 5,
          "fact": [
            "또보겠지떡볶이집 숲속동화점,인접,마곡역 3번 출구, 타이투고, 경양카츠"
          ]
        },
        {
          "question_id": 3,
          "question_type": "정보",
          "question": "이 곳의 주소는 어떻게 되나요?",
          "question_wordNum": 5,
          "answer": "서울 강서구 마곡중앙6로 45 리더스퀘어마곡 2층 214호",
          "answer_wordNum": 7,
          "fact": [
            "또보겠지떡볶이집 숲속동화점,주소,서울 강서구 마곡중앙6로 45 리더스퀘어마곡 2층 214호"
          ]
        }
      ]
    },
    {
      "image_id": 1,
      "question": [
        {
          "question_id": 0,
          "question_type": "정보",
          "question": "이 곳의 주소는 어떻게 되나요?",
          "question_wordNum": 5,
          "answer": "서울 강서구 마곡중앙6로 45 리더스퀘어마곡 2층 214호",
          "answer_wordNum": 7,
          "fact": [
            "또보겠지떡볶이집 숲속동화점,주소,서울 강서구 마곡중앙6로 45 리더스퀘어마곡 2층 214호"
          ]
        },
        {
          "question_id": 1,
          "question_type": "정보",
          "question": "연락처가 어떻게 되나요?",
          "question_wordNum": 3,
          "answer": "0507-1318-1233",
          "answer_wordNum": 1,
          "fact": [
            "또보겠지떡볶이집 숲속동화점,연락처,0507-1318-1233"
          ]
        },
        {
          "question_id": 2,
          "question_type": "정보",
          "question": "영업시간은 어떻게 되나요?",
          "question_wordNum": 3,
          "answer": "11:00~21:00",
          "answer_wordNum": 1,
          "fact": [
            "또보겠지떡볶이집 숲속동화점,영업시간,11:00~21:00"
          ]
        },
        {
          "question_id": 3,
          "question_type": "정보",
          "question": "휴무일은 어떻게 되나요?",
          "question_wordNum": 3,
          "answer": "매주 일요일",
          "answer_wordNum": 2,
          "fact": [
            "또보겠지떡볶이집 숲속동화점,휴무일,매주 일요일"
          ]
        }
      ]
    },
    {
      "image_id": 2,
      "question": [
        {
          "question_id": 0,
          "question_type": "정보",
          "question": "이 곳의 주요 메뉴는 무엇이 있나요?",
          "question_wordNum": 6,
          "answer": "날치알볶음밥, 버터갈릭감자튀김",
          "answer_wordNum": 2,
          "fact": [
            "또보겠지떡볶이집 숲속동화점,메뉴,날치알볶음밥, 버터갈릭감자튀김"
          ]
        },
        {
          "question_id": 1,
          "question_type": "정보",
          "question": "이 곳의 주소는 어떻게 되나요?",
          "question_wordNum": 5,
          "answer": "서울 강서구 마곡중앙6로 45 리더스퀘어마곡 2층 214호",
          "answer_wordNum": 7,
          "fact": [
            "또보겠지떡볶이집 숲속동화점,주소,서울 강서구 마곡중앙6로 45 리더스퀘어마곡 2층 214호"
          ]
        },
        {
          "question_id": 2,
          "question_type": "정보",
          "question": "휴무일은 어떻게 되나요?",
          "question_wordNum": 3,
          "answer": "매주 일요일",
          "answer_wordNum": 2,
          "fact": [
            "또보겠지떡볶이집 숲속동화점,휴무일,매주 일요일"
          ]
        },
        {
          "question_id": 3,
          "question_type": "관계",
          "question": "이 곳에 인접한 시설이 있나요?",
          "question_wordNum": 5,
          "answer": "마곡역 3번 출구, 타이투고, 경양카츠",
          "answer_wordNum": 5,
          "fact": [
            "또보겠지떡볶이집 숲속동화점,인접,마곡역 3번 출구, 타이투고, 경양카츠"
          ]
        }
      ]
    },
    {
      "image_id": 3,
      "question": [
        {
          "question_id": 0,
          "question_type": "정보",
          "question": "휴무일은 어떻게 되나요?",
          "question_wordNum": 3,
          "answer": "매주 일요일",
          "answer_wordNum": 2,
          "fact": [
            "또보겠지떡볶이집 숲속동화점,휴무일,매주 일요일"
          ]
        },
        {
          "question_id": 1,
          "question_type": "정보",
          "question": "이 곳의 주소는 어떻게 되나요?",
          "question_wordNum": 5,
          "answer": "서울 강서구 마곡중앙6로 45 리더스퀘어마곡 2층 214호",
          "answer_wordNum": 7,
          "fact": [
            "또보겠지떡볶이집 숲속동화점,주소,서울 강서구 마곡중앙6로 45 리더스퀘어마곡 2층 214호"
          ]
        },
        {
          "question_id": 2,
          "question_type": "정보",
          "question": "이 곳의 주요 메뉴는 무엇이 있나요?",
          "question_wordNum": 6,
          "answer": "날치알볶음밥, 버터갈릭감자튀김",
          "answer_wordNum": 2,
          "fact": [
            "또보겠지떡볶이집 숲속동화점,메뉴,날치알볶음밥, 버터갈릭감자튀김"
          ]
        },
        {
          "question_id": 3,
          "question_type": "탐색",
          "question": "주차시설이 있나요?",
          "question_wordNum": 2,
          "answer": "있음",
          "answer_wordNum": 1,
          "fact": [
            "또보겠지떡볶이집 숲속동화점,주차시설,있음"
          ]
        }
      ]
    },
    {
      "image_id": 4,
      "question": [
        {
          "question_id": 0,
          "question_type": "정보",
          "question": "영업시간은 어떻게 되나요?",
          "question_wordNum": 3,
          "answer": "11:00~21:00",
          "answer_wordNum": 1,
          "fact": [
            "또보겠지떡볶이집 숲속동화점,영업시간,11:00~21:00"
          ]
        },
        {
          "question_id": 1,
          "question_type": "관계",
          "question": "이 곳에 인접한 시설이 있나요?",
          "question_wordNum": 5,
          "answer": "마곡역 3번 출구, 타이투고, 경양카츠",
          "answer_wordNum": 5,
          "fact": [
            "또보겠지떡볶이집 숲속동화점,인접,마곡역 3번 출구, 타이투고, 경양카츠"
          ]
        },
        {
          "question_id": 2,
          "question_type": "정보",
          "question": "연락처가 어떻게 되나요?",
          "question_wordNum": 3,
          "answer": "0507-1318-1233",
          "answer_wordNum": 1,
          "fact": [
            "또보겠지떡볶이집 숲속동화점,연락처,0507-1318-1233"
          ]
        },
        {
          "question_id": 3,
          "question_type": "정보",
          "question": "이 곳의 주소는 어떻게 되나요?",
          "question_wordNum": 5,
          "answer": "서울 강서구 마곡중앙6로 45 리더스퀘어마곡 2층 214호",
          "answer_wordNum": 7,
          "fact": [
            "또보겠지떡볶이집 숲속동화점,주소,서울 강서구 마곡중앙6로 45 리더스퀘어마곡 2층 214호"
          ]
        }
      ]
    }
  ]
}