{
  "data": {
    "dataset": "2-083-219",
    "POI_id": "561484",
    "travelType": "음식점",
    "place": "마부자생삼겹살",
    "area": "서울"
  },
  "imageInfo": [
    {
      "image_id": 0,
      "filename": "561484_0_su_5_마부자생삼겹살_1_001.png",
      "mapx": 37.5673140391214,
      "mapy": 126.827554917518,
      "width": 3840,
      "height": 2160,
      "caption_info": [
        "마부자생삼겹살(강서구)",
        "간판"
      ]
    },
    {
      "image_id": 1,
      "filename": "561484_0_su_5_마부자생삼겹살_1_002.png",
      "mapx": 37.5673140391214,
      "mapy": 126.827554917518,
      "width": 3840,
      "height": 2160,
      "caption_info": [
        "마부자생삼겹살(강서구)",
        "간판"
      ]
    },
    {
      "image_id": 2,
      "filename": "561484_0_su_5_마부자생삼겹살_1_003.png",
      "mapx": 37.5673140391214,
      "mapy": 126.827554917518,
      "width": 3840,
      "height": 2160,
      "caption_info": [
        "마부자생삼겹살(강서구)",
        "의자 "
      ]
    },
    {
      "image_id": 3,
      "filename": "561484_0_su_5_마부자생삼겹살_1_004.png",
      "mapx": 37.5673140391214,
      "mapy": 126.827554917518,
      "width": 3840,
      "height": 2160,
      "caption_info": [
        "마부자생삼겹살(강서구)",
        "메뉴판 "
      ]
    },
    {
      "image_id": 4,
      "filename": "561484_0_su_5_마부자생삼겹살_1_005.png",
      "mapx": 37.5673140391214,
      "mapy": 126.827554917518,
      "width": 3840,
      "height": 2160,
      "caption_info": [
        "마부자생삼겹살(강서구)",
        "고기"
      ]
    }
  ],
  "annotations": [
    {
      "image_id": 0,
      "question": [
        {
          "question_id": 0,
          "question_type": "정보",
          "question": "이 곳의 메뉴를 알 수 있나요?",
          "question_wordNum": 6,
          "answer": "생삼겹살, 목살",
          "answer_wordNum": 2,
          "fact": [
            "마부자생삼겹살,메뉴,생삼겹살, 목살"
          ]
        },
        {
          "question_id": 1,
          "question_type": "관계",
          "question": "이 곳에 인접한 시설을 알 수 있나요?",
          "question_wordNum": 7,
          "answer": "마곡나루역 1번 출구, 미네뜨, 에머이",
          "answer_wordNum": 5,
          "fact": [
            "마부자생삼겹살,인접,마곡나루역 1번 출구, 미네뜨, 에머이"
          ]
        },
        {
          "question_id": 2,
          "question_type": "정보",
          "question": "연락처가 어떻게 되나요?",
          "question_wordNum": 3,
          "answer": "0507-1308-0788",
          "answer_wordNum": 1,
          "fact": [
            "마부자생삼겹살,연락처,0507-1308-0788"
          ]
        },
        {
          "question_id": 3,
          "question_type": "정보",
          "question": "휴무일을 알 수 있나요?",
          "question_wordNum": 4,
          "answer": "알수없음",
          "answer_wordNum": 1,
          "fact": [
            "마부자생삼겹살,휴무일,알수없음"
          ]
        }
      ]
    },
    {
      "image_id": 1,
      "question": [
        {
          "question_id": 0,
          "question_type": "정보",
          "question": "이 곳의 주소를 알 수 있나요?",
          "question_wordNum": 6,
          "answer": "서울 강서구 마곡중앙5로 6",
          "answer_wordNum": 4,
          "fact": [
            "마부자생삼겹살,주소,서울 강서구 마곡중앙5로 6"
          ]
        },
        {
          "question_id": 1,
          "question_type": "정보",
          "question": "대표 메뉴가 무엇인가요?",
          "question_wordNum": 3,
          "answer": "생삼겹살, 목살",
          "answer_wordNum": 2,
          "fact": [
            "마부자생삼겹살,메뉴,생삼겹살, 목살"
          ]
        },
        {
          "question_id": 2,
          "question_type": "관계",
          "question": "이 곳에 인접한 시설이 있나요?",
          "question_wordNum": 5,
          "answer": "마곡나루역 1번 출구, 미네뜨, 에머이",
          "answer_wordNum": 5,
          "fact": [
            "마부자생삼겹살,인접,마곡나루역 1번 출구, 미네뜨, 에머이"
          ]
        },
        {
          "question_id": 3,
          "question_type": "정보",
          "question": "영업시간을 알 수 있나요?",
          "question_wordNum": 4,
          "answer": "알수없음",
          "answer_wordNum": 1,
          "fact": [
            "마부자생삼겹살,영업시간,알수없음"
          ]
        }
      ]
    },
    {
      "image_id": 2,
      "question": [
        {
          "question_id": 0,
          "question_type": "정보",
          "question": "연락처를 알 수 있나요?",
          "question_wordNum": 4,
          "answer": "0507-1308-0788",
          "answer_wordNum": 1,
          "fact": [
            "마부자생삼겹살,연락처,0507-1308-0788"
          ]
        },
        {
          "question_id": 1,
          "question_type": "탐색",
          "question": "주차시설이 있나요?",
          "question_wordNum": 2,
          "answer": "있음",
          "answer_wordNum": 1,
          "fact": [
            "마부자생삼겹살,주차시설,있음"
          ]
        },
        {
          "question_id": 2,
          "question_type": "정보",
          "question": "영업시간을 알 수 있나요?",
          "question_wordNum": 4,
          "answer": "알수없음",
          "answer_wordNum": 1,
          "fact": [
            "마부자생삼겹살,영업시간,알수없음"
          ]
        },
        {
          "question_id": 3,
          "question_type": "정보",
          "question": "휴무일은 어떻게 되나요?",
          "question_wordNum": 3,
          "answer": "알수없음",
          "answer_wordNum": 1,
          "fact": [
            "마부자생삼겹살,휴무일,알수없음"
          ]
        }
      ]
    },
    {
      "image_id": 3,
      "question": [
        {
          "question_id": 0,
          "question_type": "정보",
          "question": "이 곳의 메뉴를 알 수 있나요?",
          "question_wordNum": 6,
          "answer": "생삼겹살, 목살",
          "answer_wordNum": 2,
          "fact": [
            "마부자생삼겹살,메뉴,생삼겹살, 목살"
          ]
        },
        {
          "question_id": 1,
          "question_type": "정보",
          "question": "연락처를 알 수 있나요?",
          "question_wordNum": 4,
          "answer": "0507-1308-0788",
          "answer_wordNum": 1,
          "fact": [
            "마부자생삼겹살,연락처,0507-1308-0788"
          ]
        },
        {
          "question_id": 2,
          "question_type": "정보",
          "question": "영업시간을 알 수 있나요?",
          "question_wordNum": 4,
          "answer": "알수없음",
          "answer_wordNum": 1,
          "fact": [
            "마부자생삼겹살,영업시간,알수없음"
          ]
        },
        {
          "question_id": 3,
          "question_type": "정보",
          "question": "휴무일은 어떻게 되나요?",
          "question_wordNum": 3,
          "answer": "알수없음",
          "answer_wordNum": 1,
          "fact": [
            "마부자생삼겹살,휴무일,알수없음"
          ]
        }
      ]
    },
    {
      "image_id": 4,
      "question": [
        {
          "question_id": 0,
          "question_type": "정보",
          "question": "연락처를 알 수 있나요?",
          "question_wordNum": 4,
          "answer": "0507-1308-0788",
          "answer_wordNum": 1,
          "fact": [
            "마부자생삼겹살,연락처,0507-1308-0788"
          ]
        },
        {
          "question_id": 1,
          "question_type": "관계",
          "question": "이 곳에 인접한 시설을 알 수 있나요?",
          "question_wordNum": 7,
          "answer": "마곡나루역 1번 출구, 미네뜨, 에머이",
          "answer_wordNum": 5,
          "fact": [
            "마부자생삼겹살,인접,마곡나루역 1번 출구, 미네뜨, 에머이"
          ]
        },
        {
          "question_id": 2,
          "question_type": "정보",
          "question": "휴무일을 알 수 있나요?",
          "question_wordNum": 4,
          "answer": "알수없음",
          "answer_wordNum": 1,
          "fact": [
            "마부자생삼겹살,휴무일,알수없음"
          ]
        },
        {
          "question_id": 3,
          "question_type": "정보",
          "question": "이 곳의 주소를 알 수 있나요?",
          "question_wordNum": 6,
          "answer": "서울 강서구 마곡중앙5로 6",
          "answer_wordNum": 4,
          "fact": [
            "마부자생삼겹살,주소,서울 강서구 마곡중앙5로 6"
          ]
        }
      ]
    }
  ]
}