{
  "data": {
    "dataset": "2-083-219",
    "POI_id": "561672",
    "travelType": "음식점",
    "place": "발산삼계탕 ",
    "area": "서울"
  },
  "imageInfo": [
    {
      "image_id": 0,
      "filename": "561672_0_su_5_발산삼계탕 _1_001.png",
      "mapx": 37.5562703004056,
      "mapy": 126.837816209225,
      "width": 3840,
      "height": 2160,
      "caption_info": [
        "발산삼계탕(내발산동)",
        "간판, 건물"
      ]
    },
    {
      "image_id": 1,
      "filename": "561672_0_su_5_발산삼계탕 _1_002.png",
      "mapx": 37.5562703004056,
      "mapy": 126.837816209225,
      "width": 3840,
      "height": 2160,
      "caption_info": [
        "발산삼계탕(내발산동)",
        "건물, 간판"
      ]
    },
    {
      "image_id": 2,
      "filename": "561672_0_su_5_발산삼계탕 _1_003.png",
      "mapx": 37.5562703004056,
      "mapy": 126.837816209225,
      "width": 3840,
      "height": 2160,
      "caption_info": [
        "발산삼계탕(내발산동)",
        "테이블, 등받이의자"
      ]
    },
    {
      "image_id": 3,
      "filename": "561672_0_su_5_발산삼계탕 _1_004.png",
      "mapx": 37.5562703004056,
      "mapy": 126.837816209225,
      "width": 3840,
      "height": 2160,
      "caption_info": [
        "발산삼계탕(내발산동)",
        "메뉴판"
      ]
    },
    {
      "image_id": 4,
      "filename": "561672_0_su_5_발산삼계탕 _1_005.png",
      "mapx": 37.5562703004056,
      "mapy": 126.837816209225,
      "width": 3840,
      "height": 2160,
      "caption_info": [
        "발산삼계탕(내발산동)",
        "삼계탕"
      ]
    }
  ],
  "annotations": [
    {
      "image_id": 0,
      "question": [
        {
          "question_id": 0,
          "question_type": "정보",
          "question": "이 곳의 주소는 어떻게 되나요?",
          "question_wordNum": 5,
          "answer": "서울 강서구 강서로 344",
          "answer_wordNum": 4,
          "fact": [
            "발산삼계탕,주소,서울 강서구 강서로 344"
          ]
        },
        {
          "question_id": 1,
          "question_type": "탐색",
          "question": "주차시설이 있나요?",
          "question_wordNum": 2,
          "answer": "있음",
          "answer_wordNum": 1,
          "fact": [
            "발산삼계탕,주차시설,있음"
          ]
        },
        {
          "question_id": 2,
          "question_type": "정보",
          "question": "휴무일을 알 수 있나요?",
          "question_wordNum": 4,
          "answer": "알수없음",
          "answer_wordNum": 1,
          "fact": [
            "발산삼계탕,휴무일,알수없음"
          ]
        },
        {
          "question_id": 3,
          "question_type": "관계",
          "question": "이 곳에 인접한 시설이 있나요?",
          "question_wordNum": 5,
          "answer": "발산역 6번 출구, 봄보약국, 한촌설렁탕",
          "answer_wordNum": 5,
          "fact": [
            "발산삼계탕,인접,발산역 6번 출구, 봄보약국, 한촌설렁탕"
          ]
        }
      ]
    },
    {
      "image_id": 1,
      "question": [
        {
          "question_id": 0,
          "question_type": "정보",
          "question": "영업시간은 어떻게 되나요?",
          "question_wordNum": 3,
          "answer": "11:00~21:00",
          "answer_wordNum": 1,
          "fact": [
            "발산삼계탕,영업시간,11:00~21:00"
          ]
        },
        {
          "question_id": 1,
          "question_type": "정보",
          "question": "휴무일을 알 수 있나요?",
          "question_wordNum": 4,
          "answer": "알수없음",
          "answer_wordNum": 1,
          "fact": [
            "발산삼계탕,휴무일,알수없음"
          ]
        },
        {
          "question_id": 2,
          "question_type": "정보",
          "question": "연락처가 어떻게 되나요?",
          "question_wordNum": 3,
          "answer": "02-3662-3930",
          "answer_wordNum": 1,
          "fact": [
            "발산삼계탕,연락처,02-3662-3930"
          ]
        },
        {
          "question_id": 3,
          "question_type": "정보",
          "question": "이 곳의 주요 메뉴는 무엇이 있나요?",
          "question_wordNum": 6,
          "answer": "발산삼계탕, 누룽지삼계탕",
          "answer_wordNum": 2,
          "fact": [
            "발산삼계탕,메뉴,발산삼계탕, 누룽지삼계탕"
          ]
        }
      ]
    },
    {
      "image_id": 2,
      "question": [
        {
          "question_id": 0,
          "question_type": "관계",
          "question": "이 곳에 인접한 시설이 있나요?",
          "question_wordNum": 5,
          "answer": "발산역 6번 출구, 봄보약국, 한촌설렁탕",
          "answer_wordNum": 5,
          "fact": [
            "발산삼계탕,인접,발산역 6번 출구, 봄보약국, 한촌설렁탕"
          ]
        },
        {
          "question_id": 1,
          "question_type": "정보",
          "question": "휴무일을 알 수 있나요?",
          "question_wordNum": 4,
          "answer": "알수없음",
          "answer_wordNum": 1,
          "fact": [
            "발산삼계탕,휴무일,알수없음"
          ]
        },
        {
          "question_id": 2,
          "question_type": "정보",
          "question": "이 곳의 주소는 어떻게 되나요?",
          "question_wordNum": 5,
          "answer": "서울 강서구 강서로 344",
          "answer_wordNum": 4,
          "fact": [
            "발산삼계탕,주소,서울 강서구 강서로 344"
          ]
        },
        {
          "question_id": 3,
          "question_type": "정보",
          "question": "연락처가 어떻게 되나요?",
          "question_wordNum": 3,
          "answer": "02-3662-3930",
          "answer_wordNum": 1,
          "fact": [
            "발산삼계탕,연락처,02-3662-3930"
          ]
        }
      ]
    },
    {
      "image_id": 3,
      "question": [
        {
          "question_id": 0,
          "question_type": "정보",
          "question": "휴무일을 알 수 있나요?",
          "question_wordNum": 4,
          "answer": "알수없음",
          "answer_wordNum": 1,
          "fact": [
            "발산삼계탕,휴무일,알수없음"
          ]
        },
        {
          "question_id": 1,
          "question_type": "정보",
          "question": "이 곳의 주요 메뉴는 무엇이 있나요?",
          "question_wordNum": 6,
          "answer": "발산삼계탕, 누룽지삼계탕",
          "answer_wordNum": 2,
          "fact": [
            "발산삼계탕,메뉴,발산삼계탕, 누룽지삼계탕"
          ]
        },
        {
          "question_id": 2,
          "question_type": "탐색",
          "question": "주차시설이 있나요?",
          "question_wordNum": 2,
          "answer": "있음",
          "answer_wordNum": 1,
          "fact": [
            "발산삼계탕,주차시설,있음"
          ]
        },
        {
          "question_id": 3,
          "question_type": "정보",
          "question": "영업시간은 어떻게 되나요?",
          "question_wordNum": 3,
          "answer": "11:00~21:00",
          "answer_wordNum": 1,
          "fact": [
            "발산삼계탕,영업시간,11:00~21:00"
          ]
        }
      ]
    },
    {
      "image_id": 4,
      "question": [
        {
          "question_id": 0,
          "question_type": "정보",
          "question": "영업시간은 어떻게 되나요?",
          "question_wordNum": 3,
          "answer": "11:00~21:00",
          "answer_wordNum": 1,
          "fact": [
            "발산삼계탕,영업시간,11:00~21:00"
          ]
        },
        {
          "question_id": 1,
          "question_type": "정보",
          "question": "휴무일을 알 수 있나요?",
          "question_wordNum": 4,
          "answer": "알수없음",
          "answer_wordNum": 1,
          "fact": [
            "발산삼계탕,휴무일,알수없음"
          ]
        },
        {
          "question_id": 2,
          "question_type": "관계",
          "question": "이 곳에 인접한 시설이 있나요?",
          "question_wordNum": 5,
          "answer": "발산역 6번 출구, 봄보약국, 한촌설렁탕",
          "answer_wordNum": 5,
          "fact": [
            "발산삼계탕,인접,발산역 6번 출구, 봄보약국, 한촌설렁탕"
          ]
        },
        {
          "question_id": 3,
          "question_type": "탐색",
          "question": "주차시설이 있나요?",
          "question_wordNum": 2,
          "answer": "있음",
          "answer_wordNum": 1,
          "fact": [
            "발산삼계탕,주차시설,있음"
          ]
        }
      ]
    }
  ]
}