{
  "data": {
    "dataset": "2-083-219",
    "POI_id": "561686",
    "travelType": "음식점",
    "place": "개성손만두 ",
    "area": "서울"
  },
  "imageInfo": [
    {
      "image_id": 0,
      "filename": "561686_0_su_5_개성손만두 _11_001.png",
      "mapx": 37.5532440805507,
      "mapy": 126.829847684279,
      "width": 3840,
      "height": 2160,
      "caption_info": [
        "개성손만두(강서구) ",
        "여닫이문 "
      ]
    },
    {
      "image_id": 1,
      "filename": "561686_0_su_5_개성손만두 _11_002.png",
      "mapx": 37.5532440805507,
      "mapy": 126.829847684279,
      "width": 3840,
      "height": 2160,
      "caption_info": [
        "개성손만두(강서구) ",
        "간판"
      ]
    },
    {
      "image_id": 2,
      "filename": "561686_0_su_5_개성손만두 _11_003.png",
      "mapx": 37.5532440805507,
      "mapy": 126.829847684279,
      "width": 3840,
      "height": 2160,
      "caption_info": [
        "개성손만두(강서구) ",
        "등받이 의자 "
      ]
    },
    {
      "image_id": 3,
      "filename": "561686_0_su_5_개성손만두 _11_004.png",
      "mapx": 37.5532440805507,
      "mapy": 126.829847684279,
      "width": 3840,
      "height": 2160,
      "caption_info": [
        "개성손만두(강서구) ",
        "메뉴판 "
      ]
    },
    {
      "image_id": 4,
      "filename": "561686_0_su_5_개성손만두 _11_005.png",
      "mapx": 37.5532440805507,
      "mapy": 126.829847684279,
      "width": 3840,
      "height": 2160,
      "caption_info": [
        "개성손만두(강서구) ",
        "만두 "
      ]
    }
  ],
  "annotations": [
    {
      "image_id": 0,
      "question": [
        {
          "question_id": 0,
          "question_type": "정보",
          "question": "이 곳의 주소는 어떻게 되나요?",
          "question_wordNum": 5,
          "answer": "서울 강서구 강서로47길 113",
          "answer_wordNum": 4,
          "fact": [
            "개성손만두,주소,서울 강서구 강서로47길 113"
          ]
        },
        {
          "question_id": 1,
          "question_type": "정보",
          "question": "이 곳의 메뉴를 알 수 있나요?",
          "question_wordNum": 6,
          "answer": "만두전골, 찐만두",
          "answer_wordNum": 2,
          "fact": [
            "개성손만두,메뉴,만두전골, 찐만두"
          ]
        },
        {
          "question_id": 2,
          "question_type": "관계",
          "question": "이 곳에 인접한 시설을 알 수 있나요?",
          "question_wordNum": 7,
          "answer": "마곡역 5번 출구, 마곡수명산파크1단지아파트, 어린이공원, GS2",
          "answer_wordNum": 6,
          "fact": [
            "개성손만두,인접,마곡역 5번 출구, 마곡수명산파크1단지아파트, 어린이공원, GS2"
          ]
        },
        {
          "question_id": 3,
          "question_type": "정보",
          "question": "영업시간은 어떻게 되나요?",
          "question_wordNum": 3,
          "answer": "09:00~21:00",
          "answer_wordNum": 1,
          "fact": [
            "개성손만두,영업시간,09:00~21:00"
          ]
        }
      ]
    },
    {
      "image_id": 1,
      "question": [
        {
          "question_id": 0,
          "question_type": "관계",
          "question": "이 곳에 인접한 시설을 알 수 있나요?",
          "question_wordNum": 7,
          "answer": "마곡역 5번 출구, 마곡수명산파크1단지아파트, 어린이공원, GS2",
          "answer_wordNum": 6,
          "fact": [
            "개성손만두,인접,마곡역 5번 출구, 마곡수명산파크1단지아파트, 어린이공원, GS2"
          ]
        },
        {
          "question_id": 1,
          "question_type": "정보",
          "question": "휴무일은 어떻게 되나요?",
          "question_wordNum": 3,
          "answer": "매주 화요일",
          "answer_wordNum": 2,
          "fact": [
            "개성손만두,휴무일,매주 화요일"
          ]
        },
        {
          "question_id": 2,
          "question_type": "정보",
          "question": "이 곳의 주소를 알 수 있나요?",
          "question_wordNum": 6,
          "answer": "서울 강서구 강서로47길 113",
          "answer_wordNum": 4,
          "fact": [
            "개성손만두,주소,서울 강서구 강서로47길 113"
          ]
        },
        {
          "question_id": 3,
          "question_type": "정보",
          "question": "대표 메뉴가 무엇인가요?",
          "question_wordNum": 3,
          "answer": "만두전골, 찐만두",
          "answer_wordNum": 2,
          "fact": [
            "개성손만두,메뉴,만두전골, 찐만두"
          ]
        }
      ]
    },
    {
      "image_id": 2,
      "question": [
        {
          "question_id": 0,
          "question_type": "정보",
          "question": "휴무일은 어떻게 되나요?",
          "question_wordNum": 3,
          "answer": "매주 화요일",
          "answer_wordNum": 2,
          "fact": [
            "개성손만두,휴무일,매주 화요일"
          ]
        },
        {
          "question_id": 1,
          "question_type": "정보",
          "question": "이 곳의 주소를 알 수 있나요?",
          "question_wordNum": 6,
          "answer": "서울 강서구 강서로47길 113",
          "answer_wordNum": 4,
          "fact": [
            "개성손만두,주소,서울 강서구 강서로47길 113"
          ]
        },
        {
          "question_id": 2,
          "question_type": "정보",
          "question": "연락처를 알 수 있나요?",
          "question_wordNum": 4,
          "answer": "0507-1444-5256",
          "answer_wordNum": 1,
          "fact": [
            "개성손만두,연락처,0507-1444-5256"
          ]
        },
        {
          "question_id": 3,
          "question_type": "정보",
          "question": "영업시간은 어떻게 되나요?",
          "question_wordNum": 3,
          "answer": "09:00~21:00",
          "answer_wordNum": 1,
          "fact": [
            "개성손만두,영업시간,09:00~21:00"
          ]
        }
      ]
    },
    {
      "image_id": 3,
      "question": [
        {
          "question_id": 0,
          "question_type": "탐색",
          "question": "주차시설이 있는지 알 수 있나요?",
          "question_wordNum": 5,
          "answer": "있음",
          "answer_wordNum": 1,
          "fact": [
            "개성손만두,주차시설,있음"
          ]
        },
        {
          "question_id": 1,
          "question_type": "정보",
          "question": "연락처를 알 수 있나요?",
          "question_wordNum": 4,
          "answer": "0507-1444-5256",
          "answer_wordNum": 1,
          "fact": [
            "개성손만두,연락처,0507-1444-5256"
          ]
        },
        {
          "question_id": 2,
          "question_type": "관계",
          "question": "이 곳에 인접한 시설을 알 수 있나요?",
          "question_wordNum": 7,
          "answer": "마곡역 5번 출구, 마곡수명산파크1단지아파트, 어린이공원, GS2",
          "answer_wordNum": 6,
          "fact": [
            "개성손만두,인접,마곡역 5번 출구, 마곡수명산파크1단지아파트, 어린이공원, GS2"
          ]
        },
        {
          "question_id": 3,
          "question_type": "정보",
          "question": "이 곳의 주소를 알 수 있나요?",
          "question_wordNum": 6,
          "answer": "서울 강서구 강서로47길 113",
          "answer_wordNum": 4,
          "fact": [
            "개성손만두,주소,서울 강서구 강서로47길 113"
          ]
        }
      ]
    },
    {
      "image_id": 4,
      "question": [
        {
          "question_id": 0,
          "question_type": "정보",
          "question": "영업시간은 어떻게 되나요?",
          "question_wordNum": 3,
          "answer": "09:00~21:00",
          "answer_wordNum": 1,
          "fact": [
            "개성손만두,영업시간,09:00~21:00"
          ]
        },
        {
          "question_id": 1,
          "question_type": "탐색",
          "question": "주차시설이 있나요?",
          "question_wordNum": 2,
          "answer": "있음",
          "answer_wordNum": 1,
          "fact": [
            "개성손만두,주차시설,있음"
          ]
        },
        {
          "question_id": 2,
          "question_type": "정보",
          "question": "연락처를 알 수 있나요?",
          "question_wordNum": 4,
          "answer": "0507-1444-5256",
          "answer_wordNum": 1,
          "fact": [
            "개성손만두,연락처,0507-1444-5256"
          ]
        },
        {
          "question_id": 3,
          "question_type": "관계",
          "question": "이 곳에 인접한 시설을 알 수 있나요?",
          "question_wordNum": 7,
          "answer": "마곡역 5번 출구, 마곡수명산파크1단지아파트, 어린이공원, GS2",
          "answer_wordNum": 6,
          "fact": [
            "개성손만두,인접,마곡역 5번 출구, 마곡수명산파크1단지아파트, 어린이공원, GS2"
          ]
        }
      ]
    }
  ]
}