{
  "data": {
    "dataset": "2-083-219",
    "POI_id": "561671",
    "travelType": "음식점",
    "place": "타르데마베이커리 우장산점",
    "area": "서울"
  },
  "imageInfo": [
    {
      "image_id": 0,
      "filename": "561671_0_su_5_타르데마베이커리 우장산점_1_001.png",
      "mapx": 37.5508932986207,
      "mapy": 126.836942560718,
      "width": 3840,
      "height": 2160,
      "caption_info": [
        "타르데마베이커리 우장산점(내발산동)",
        "여닫이문, 간판"
      ]
    },
    {
      "image_id": 1,
      "filename": "561671_0_su_5_타르데마베이커리 우장산점_1_002.png",
      "mapx": 37.5508932986207,
      "mapy": 126.836942560718,
      "width": 3840,
      "height": 2160,
      "caption_info": [
        "타르데마베이커리 우장산점(내발산동)",
        "실외기, 간판"
      ]
    },
    {
      "image_id": 2,
      "filename": "561671_0_su_5_타르데마베이커리 우장산점_1_003.png",
      "mapx": 37.5508932986207,
      "mapy": 126.836942560718,
      "width": 3840,
      "height": 2160,
      "caption_info": [
        "타르데마베이커리 우장산점(내발산동)",
        "진열대, 책, 테이블"
      ]
    },
    {
      "image_id": 3,
      "filename": "561671_0_su_5_타르데마베이커리 우장산점_1_004.png",
      "mapx": 37.5508932986207,
      "mapy": 126.836942560718,
      "width": 3840,
      "height": 2160,
      "caption_info": [
        "타르데마베이커리 우장산점(내발산동)",
        "가격표"
      ]
    },
    {
      "image_id": 4,
      "filename": "561671_0_su_5_타르데마베이커리 우장산점_1_005.png",
      "mapx": 37.5508932986207,
      "mapy": 126.836942560718,
      "width": 3840,
      "height": 2160,
      "caption_info": [
        "타르데마베이커리 우장산점(내발산동)",
        "빵"
      ]
    }
  ],
  "annotations": [
    {
      "image_id": 0,
      "question": [
        {
          "question_id": 0,
          "question_type": "관계",
          "question": "이 곳에 인접한 시설이 있나요?",
          "question_wordNum": 5,
          "answer": "우장산역 1번 출구, 어클락, 빽보이피자",
          "answer_wordNum": 5,
          "fact": [
            "타르데마베이커리 우장산점,인접,우장산역 1번 출구, 어클락, 빽보이피자"
          ]
        },
        {
          "question_id": 1,
          "question_type": "탐색",
          "question": "주차시설이 있나요?",
          "question_wordNum": 2,
          "answer": "있음",
          "answer_wordNum": 1,
          "fact": [
            "타르데마베이커리 우장산점,주차시설,있음"
          ]
        },
        {
          "question_id": 2,
          "question_type": "정보",
          "question": "영업시간은 어떻게 되나요?",
          "question_wordNum": 3,
          "answer": "11:00/13:00~16:00/17:00",
          "answer_wordNum": 1,
          "fact": [
            "타르데마베이커리 우장산점,영업시간,11:00/13:00~16:00/17:00"
          ]
        },
        {
          "question_id": 3,
          "question_type": "정보",
          "question": "휴무일은 어떻게 되나요?",
          "question_wordNum": 3,
          "answer": "매주 일요일, 월요일",
          "answer_wordNum": 3,
          "fact": [
            "타르데마베이커리 우장산점,휴무일,매주 일요일, 월요일"
          ]
        }
      ]
    },
    {
      "image_id": 1,
      "question": [
        {
          "question_id": 0,
          "question_type": "관계",
          "question": "이 곳에 인접한 시설이 있나요?",
          "question_wordNum": 5,
          "answer": "우장산역 1번 출구, 어클락, 빽보이피자",
          "answer_wordNum": 5,
          "fact": [
            "타르데마베이커리 우장산점,인접,우장산역 1번 출구, 어클락, 빽보이피자"
          ]
        },
        {
          "question_id": 1,
          "question_type": "정보",
          "question": "이 곳의 주요 메뉴는 무엇이 있나요?",
          "question_wordNum": 6,
          "answer": "치토스식빵, 마약소금빵",
          "answer_wordNum": 2,
          "fact": [
            "타르데마베이커리 우장산점,메뉴,치토스식빵, 마약소금빵"
          ]
        },
        {
          "question_id": 2,
          "question_type": "정보",
          "question": "이 곳의 주소는 어떻게 되나요?",
          "question_wordNum": 5,
          "answer": "서울 강서구 강서로46길 9",
          "answer_wordNum": 4,
          "fact": [
            "타르데마베이커리 우장산점,주소,서울 강서구 강서로46길 9"
          ]
        },
        {
          "question_id": 3,
          "question_type": "정보",
          "question": "연락처가 어떻게 되나요?",
          "question_wordNum": 3,
          "answer": "02-6397-1782",
          "answer_wordNum": 1,
          "fact": [
            "타르데마베이커리 우장산점,연락처,02-6397-1782"
          ]
        }
      ]
    },
    {
      "image_id": 2,
      "question": [
        {
          "question_id": 0,
          "question_type": "관계",
          "question": "이 곳에 인접한 시설이 있나요?",
          "question_wordNum": 5,
          "answer": "우장산역 1번 출구, 어클락, 빽보이피자",
          "answer_wordNum": 5,
          "fact": [
            "타르데마베이커리 우장산점,인접,우장산역 1번 출구, 어클락, 빽보이피자"
          ]
        },
        {
          "question_id": 1,
          "question_type": "정보",
          "question": "연락처가 어떻게 되나요?",
          "question_wordNum": 3,
          "answer": "02-6397-1782",
          "answer_wordNum": 1,
          "fact": [
            "타르데마베이커리 우장산점,연락처,02-6397-1782"
          ]
        },
        {
          "question_id": 2,
          "question_type": "정보",
          "question": "이 곳의 대표적인 메뉴는 무엇이 있나요?",
          "question_wordNum": 6,
          "answer": "치토스식빵, 마약소금빵",
          "answer_wordNum": 2,
          "fact": [
            "타르데마베이커리 우장산점,메뉴,치토스식빵, 마약소금빵"
          ]
        },
        {
          "question_id": 3,
          "question_type": "탐색",
          "question": "주차시설이 있나요?",
          "question_wordNum": 2,
          "answer": "있음",
          "answer_wordNum": 1,
          "fact": [
            "타르데마베이커리 우장산점,주차시설,있음"
          ]
        }
      ]
    },
    {
      "image_id": 3,
      "question": [
        {
          "question_id": 0,
          "question_type": "관계",
          "question": "이 곳에 인접한 시설이 있나요?",
          "question_wordNum": 5,
          "answer": "우장산역 1번 출구, 어클락, 빽보이피자",
          "answer_wordNum": 5,
          "fact": [
            "타르데마베이커리 우장산점,인접,우장산역 1번 출구, 어클락, 빽보이피자"
          ]
        },
        {
          "question_id": 1,
          "question_type": "정보",
          "question": "영업시간은 어떻게 되나요?",
          "question_wordNum": 3,
          "answer": "11:00/13:00~16:00/17:00",
          "answer_wordNum": 1,
          "fact": [
            "타르데마베이커리 우장산점,영업시간,11:00/13:00~16:00/17:00"
          ]
        },
        {
          "question_id": 2,
          "question_type": "정보",
          "question": "이 곳의 주소는 어떻게 되나요?",
          "question_wordNum": 5,
          "answer": "서울 강서구 강서로46길 9",
          "answer_wordNum": 4,
          "fact": [
            "타르데마베이커리 우장산점,주소,서울 강서구 강서로46길 9"
          ]
        },
        {
          "question_id": 3,
          "question_type": "정보",
          "question": "휴무일은 어떻게 되나요?",
          "question_wordNum": 3,
          "answer": "매주 일요일, 월요일",
          "answer_wordNum": 3,
          "fact": [
            "타르데마베이커리 우장산점,휴무일,매주 일요일, 월요일"
          ]
        }
      ]
    },
    {
      "image_id": 4,
      "question": [
        {
          "question_id": 0,
          "question_type": "정보",
          "question": "휴무일은 어떻게 되나요?",
          "question_wordNum": 3,
          "answer": "매주 일요일, 월요일",
          "answer_wordNum": 3,
          "fact": [
            "타르데마베이커리 우장산점,휴무일,매주 일요일, 월요일"
          ]
        },
        {
          "question_id": 1,
          "question_type": "정보",
          "question": "연락처가 어떻게 되나요?",
          "question_wordNum": 3,
          "answer": "02-6397-1782",
          "answer_wordNum": 1,
          "fact": [
            "타르데마베이커리 우장산점,연락처,02-6397-1782"
          ]
        },
        {
          "question_id": 2,
          "question_type": "정보",
          "question": "이 곳의 주요 메뉴는 무엇이 있나요?",
          "question_wordNum": 6,
          "answer": "치토스식빵, 마약소금빵",
          "answer_wordNum": 2,
          "fact": [
            "타르데마베이커리 우장산점,메뉴,치토스식빵, 마약소금빵"
          ]
        },
        {
          "question_id": 3,
          "question_type": "관계",
          "question": "이 곳에 인접한 시설이 있나요?",
          "question_wordNum": 5,
          "answer": "우장산역 1번 출구, 어클락, 빽보이피자",
          "answer_wordNum": 5,
          "fact": [
            "타르데마베이커리 우장산점,인접,우장산역 1번 출구, 어클락, 빽보이피자"
          ]
        }
      ]
    }
  ]
}