{
  "data": {
    "dataset": "2-083-219",
    "POI_id": "561666",
    "travelType": "음식점",
    "place": "고향옥얼큰순대국 마곡나루역점",
    "area": "서울"
  },
  "imageInfo": [
    {
      "image_id": 0,
      "filename": "561666_0_su_5_고향옥얼큰순대국 마곡나루역점_1_001.png",
      "mapx": 0,
      "mapy": 0,
      "width": 3840,
      "height": 2160,
      "caption_info": [
        "고향옥얼큰순대국 마곡나루역점(강서구)",
        "간판"
      ]
    },
    {
      "image_id": 1,
      "filename": "561666_0_su_5_고향옥얼큰순대국 마곡나루역점_1_002.png",
      "mapx": 0,
      "mapy": 0,
      "width": 3840,
      "height": 2160,
      "caption_info": [
        "고향옥얼큰순대국 마곡나루역점(강서구)",
        "간판"
      ]
    },
    {
      "image_id": 2,
      "filename": "561666_0_su_5_고향옥얼큰순대국 마곡나루역점_1_003.png",
      "mapx": 0,
      "mapy": 0,
      "width": 3840,
      "height": 2160,
      "caption_info": [
        "고향옥얼큰순대국 마곡나루역점(강서구)",
        "사각 테이블"
      ]
    },
    {
      "image_id": 3,
      "filename": "561666_0_su_5_고향옥얼큰순대국 마곡나루역점_1_004.png",
      "mapx": 0,
      "mapy": 0,
      "width": 3840,
      "height": 2160,
      "caption_info": [
        "고향옥얼큰순대국 마곡나루역점(강서구)",
        "메뉴판 "
      ]
    },
    {
      "image_id": 4,
      "filename": "561666_0_su_5_고향옥얼큰순대국 마곡나루역점_1_005.png",
      "mapx": 0,
      "mapy": 0,
      "width": 3840,
      "height": 2160,
      "caption_info": [
        "고향옥얼큰순대국 마곡나루역점(강서구)",
        "순대국"
      ]
    }
  ],
  "annotations": [
    {
      "image_id": 0,
      "question": [
        {
          "question_id": 0,
          "question_type": "탐색",
          "question": "주차시설이 있나요?",
          "question_wordNum": 2,
          "answer": "있음",
          "answer_wordNum": 1,
          "fact": [
            "고향옥얼큰순대국 마곡나루역점,주차시설,있음"
          ]
        },
        {
          "question_id": 1,
          "question_type": "정보",
          "question": "연락처를 알 수 있나요?",
          "question_wordNum": 4,
          "answer": "02-3663-9939",
          "answer_wordNum": 1,
          "fact": [
            "고향옥얼큰순대국 마곡나루역점,연락처,02-3663-9939"
          ]
        },
        {
          "question_id": 2,
          "question_type": "정보",
          "question": "이 곳의 주소는 어떻게 되나요?",
          "question_wordNum": 5,
          "answer": "서울 강서구 마곡서로 157 103-1",
          "answer_wordNum": 5,
          "fact": [
            "고향옥얼큰순대국 마곡나루역점,주소,서울 강서구 마곡서로 157 103-1"
          ]
        },
        {
          "question_id": 3,
          "question_type": "정보",
          "question": "대표 메뉴가 무엇인가요?",
          "question_wordNum": 3,
          "answer": "얼큰순대국, 순대국",
          "answer_wordNum": 2,
          "fact": [
            "고향옥얼큰순대국 마곡나루역점,메뉴,얼큰순대국, 순대국"
          ]
        }
      ]
    },
    {
      "image_id": 1,
      "question": [
        {
          "question_id": 0,
          "question_type": "정보",
          "question": "대표 메뉴가 무엇인가요?",
          "question_wordNum": 3,
          "answer": "얼큰순대국, 순대국",
          "answer_wordNum": 2,
          "fact": [
            "고향옥얼큰순대국 마곡나루역점,메뉴,얼큰순대국, 순대국"
          ]
        },
        {
          "question_id": 1,
          "question_type": "정보",
          "question": "영업시간은 어떻게 되나요?",
          "question_wordNum": 3,
          "answer": "10:00~22:00",
          "answer_wordNum": 1,
          "fact": [
            "고향옥얼큰순대국 마곡나루역점,영업시간,10:00~22:00"
          ]
        },
        {
          "question_id": 2,
          "question_type": "정보",
          "question": "연락처를 알 수 있나요?",
          "question_wordNum": 4,
          "answer": "02-3663-9939",
          "answer_wordNum": 1,
          "fact": [
            "고향옥얼큰순대국 마곡나루역점,연락처,02-3663-9939"
          ]
        },
        {
          "question_id": 3,
          "question_type": "관계",
          "question": "이 곳에 인접한 시설이 있나요?",
          "question_wordNum": 5,
          "answer": "마곡나루역 1번 출구, 장수촌, 우아하게",
          "answer_wordNum": 5,
          "fact": [
            "고향옥얼큰순대국 마곡나루역점,인접,마곡나루역 1번 출구, 장수촌, 우아하게"
          ]
        }
      ]
    },
    {
      "image_id": 2,
      "question": [
        {
          "question_id": 0,
          "question_type": "정보",
          "question": "이 곳의 주소는 어떻게 되나요?",
          "question_wordNum": 5,
          "answer": "서울 강서구 마곡서로 157 103-1",
          "answer_wordNum": 5,
          "fact": [
            "고향옥얼큰순대국 마곡나루역점,주소,서울 강서구 마곡서로 157 103-1"
          ]
        },
        {
          "question_id": 1,
          "question_type": "정보",
          "question": "휴무일은 어떻게 되나요?",
          "question_wordNum": 3,
          "answer": "매주 토요일",
          "answer_wordNum": 2,
          "fact": [
            "고향옥얼큰순대국 마곡나루역점,휴무일,매주 토요일"
          ]
        },
        {
          "question_id": 2,
          "question_type": "정보",
          "question": "연락처를 알 수 있나요?",
          "question_wordNum": 4,
          "answer": "02-3663-9939",
          "answer_wordNum": 1,
          "fact": [
            "고향옥얼큰순대국 마곡나루역점,연락처,02-3663-9939"
          ]
        },
        {
          "question_id": 3,
          "question_type": "정보",
          "question": "이 곳의 메뉴를 알 수 있나요?",
          "question_wordNum": 6,
          "answer": "얼큰순대국, 순대국",
          "answer_wordNum": 2,
          "fact": [
            "고향옥얼큰순대국 마곡나루역점,메뉴,얼큰순대국, 순대국"
          ]
        }
      ]
    },
    {
      "image_id": 3,
      "question": [
        {
          "question_id": 0,
          "question_type": "관계",
          "question": "이 곳에 인접한 시설이 있나요?",
          "question_wordNum": 5,
          "answer": "마곡나루역 1번 출구, 장수촌, 우아하게",
          "answer_wordNum": 5,
          "fact": [
            "고향옥얼큰순대국 마곡나루역점,인접,마곡나루역 1번 출구, 장수촌, 우아하게"
          ]
        },
        {
          "question_id": 1,
          "question_type": "정보",
          "question": "휴무일은 어떻게 되나요?",
          "question_wordNum": 3,
          "answer": "매주 토요일",
          "answer_wordNum": 2,
          "fact": [
            "고향옥얼큰순대국 마곡나루역점,휴무일,매주 토요일"
          ]
        },
        {
          "question_id": 2,
          "question_type": "정보",
          "question": "이 곳의 메뉴를 알 수 있나요?",
          "question_wordNum": 6,
          "answer": "얼큰순대국, 순대국",
          "answer_wordNum": 2,
          "fact": [
            "고향옥얼큰순대국 마곡나루역점,메뉴,얼큰순대국, 순대국"
          ]
        },
        {
          "question_id": 3,
          "question_type": "정보",
          "question": "연락처를 알 수 있나요?",
          "question_wordNum": 4,
          "answer": "02-3663-9939",
          "answer_wordNum": 1,
          "fact": [
            "고향옥얼큰순대국 마곡나루역점,연락처,02-3663-9939"
          ]
        }
      ]
    },
    {
      "image_id": 4,
      "question": [
        {
          "question_id": 0,
          "question_type": "정보",
          "question": "연락처가 어떻게 되나요?",
          "question_wordNum": 3,
          "answer": "02-3663-9939",
          "answer_wordNum": 1,
          "fact": [
            "고향옥얼큰순대국 마곡나루역점,연락처,02-3663-9939"
          ]
        },
        {
          "question_id": 1,
          "question_type": "탐색",
          "question": "주차시설이 있는지 알 수 있나요?",
          "question_wordNum": 5,
          "answer": "있음",
          "answer_wordNum": 1,
          "fact": [
            "고향옥얼큰순대국 마곡나루역점,주차시설,있음"
          ]
        },
        {
          "question_id": 2,
          "question_type": "관계",
          "question": "이 곳에 인접한 시설을 알 수 있나요?",
          "question_wordNum": 7,
          "answer": "마곡나루역 1번 출구, 장수촌, 우아하게",
          "answer_wordNum": 5,
          "fact": [
            "고향옥얼큰순대국 마곡나루역점,인접,마곡나루역 1번 출구, 장수촌, 우아하게"
          ]
        },
        {
          "question_id": 3,
          "question_type": "정보",
          "question": "영업시간을 알 수 있나요?",
          "question_wordNum": 4,
          "answer": "10:00~22:00",
          "answer_wordNum": 1,
          "fact": [
            "고향옥얼큰순대국 마곡나루역점,영업시간,10:00~22:00"
          ]
        }
      ]
    }
  ]
}