{
  "data": {
    "dataset": "2-083-219",
    "POI_id": "553167",
    "travelType": "음식점",
    "place": "소화연빵",
    "area": "서울"
  },
  "imageInfo": [
    {
      "image_id": 0,
      "filename": "553167_0_su_5_소화연빵_1_001.png",
      "mapx": 37.5488859020161,
      "mapy": 126.849658230772,
      "width": 3840,
      "height": 2160,
      "caption_info": [
        "소화연빵(화곡동)",
        "간판, 여닫이문"
      ]
    },
    {
      "image_id": 1,
      "filename": "553167_0_su_5_소화연빵_1_002.png",
      "mapx": 37.5488859020161,
      "mapy": 126.849658230772,
      "width": 3840,
      "height": 2160,
      "caption_info": [
        "소화연빵(화곡동)",
        "간판"
      ]
    },
    {
      "image_id": 2,
      "filename": "553167_0_su_5_소화연빵_1_003.png",
      "mapx": 37.5488859020161,
      "mapy": 126.849658230772,
      "width": 3840,
      "height": 2160,
      "caption_info": [
        "소화연빵(화곡동)",
        "빵, 진열대"
      ]
    },
    {
      "image_id": 3,
      "filename": "553167_0_su_5_소화연빵_1_004.png",
      "mapx": 37.5488859020161,
      "mapy": 126.849658230772,
      "width": 3840,
      "height": 2160,
      "caption_info": [
        "소화연빵(화곡동)",
        "메뉴판 "
      ]
    },
    {
      "image_id": 4,
      "filename": "553167_0_su_5_소화연빵_1_005.png",
      "mapx": 37.5488859020161,
      "mapy": 126.849658230772,
      "width": 3840,
      "height": 2160,
      "caption_info": [
        "소화연빵(화곡동)",
        "빵"
      ]
    }
  ],
  "annotations": [
    {
      "image_id": 0,
      "question": [
        {
          "question_id": 0,
          "question_type": "정보",
          "question": "영업시간을 알 수 있나요?",
          "question_wordNum": 4,
          "answer": "12:00/13:00 ~ 19:00",
          "answer_wordNum": 3,
          "fact": [
            "소화연빵,영업시간,12:00/13:00 ~ 19:00"
          ]
        },
        {
          "question_id": 1,
          "question_type": "탐색",
          "question": "주차시설이 있는지 알 수 있나요?",
          "question_wordNum": 5,
          "answer": "없음",
          "answer_wordNum": 1,
          "fact": [
            "소화연빵,주차시설,없음"
          ]
        },
        {
          "question_id": 2,
          "question_type": "정보",
          "question": "이 곳의 대표적인 메뉴를 알 수 있나요?",
          "question_wordNum": 7,
          "answer": "오트밀 현미빵, 쑥인절미빵",
          "answer_wordNum": 3,
          "fact": [
            "소화연빵,메뉴,오트밀 현미빵, 쑥인절미빵"
          ]
        },
        {
          "question_id": 3,
          "question_type": "관계",
          "question": "이 곳에 인접한 시설이 있나요?",
          "question_wordNum": 5,
          "answer": "강서구청, 벨헤어, 맘스팝콘",
          "answer_wordNum": 3,
          "fact": [
            "소화연빵,인접,강서구청, 벨헤어, 맘스팝콘"
          ]
        }
      ]
    },
    {
      "image_id": 1,
      "question": [
        {
          "question_id": 0,
          "question_type": "탐색",
          "question": "주차시설이 있는지 알 수 있나요?",
          "question_wordNum": 5,
          "answer": "없음",
          "answer_wordNum": 1,
          "fact": [
            "소화연빵,주차시설,없음"
          ]
        },
        {
          "question_id": 1,
          "question_type": "정보",
          "question": "영업시간은 몇시부터 몇시까지로 기재되어 있나요?",
          "question_wordNum": 5,
          "answer": "12:00/13:00 ~ 19:00",
          "answer_wordNum": 3,
          "fact": [
            "소화연빵,영업시간,12:00/13:00 ~ 19:00"
          ]
        },
        {
          "question_id": 2,
          "question_type": "정보",
          "question": "이 곳의 주소를 알 수 있나요?",
          "question_wordNum": 6,
          "answer": "서울 강서구 화곡로50길 34 소화연빵",
          "answer_wordNum": 5,
          "fact": [
            "소화연빵,주소,서울 강서구 화곡로50길 34 소화연빵"
          ]
        },
        {
          "question_id": 3,
          "question_type": "정보",
          "question": "연락처를 알 수 있나요?",
          "question_wordNum": 4,
          "answer": "010-9060-6112",
          "answer_wordNum": 1,
          "fact": [
            "소화연빵,연락처,010-9060-6112"
          ]
        }
      ]
    },
    {
      "image_id": 2,
      "question": [
        {
          "question_id": 0,
          "question_type": "정보",
          "question": "이 곳의 주소를 알 수 있나요?",
          "question_wordNum": 6,
          "answer": "서울 강서구 화곡로50길 34 소화연빵",
          "answer_wordNum": 5,
          "fact": [
            "소화연빵,주소,서울 강서구 화곡로50길 34 소화연빵"
          ]
        },
        {
          "question_id": 1,
          "question_type": "정보",
          "question": "이 곳의 대표적인 메뉴는 무엇이 있나요?",
          "question_wordNum": 6,
          "answer": "오트밀 현미빵, 쑥인절미빵",
          "answer_wordNum": 3,
          "fact": [
            "소화연빵,메뉴,오트밀 현미빵, 쑥인절미빵"
          ]
        },
        {
          "question_id": 2,
          "question_type": "정보",
          "question": "휴무일을 알 수 있나요?",
          "question_wordNum": 4,
          "answer": "매주 월요일, 화요일, 수요일, 목요일, 일요일",
          "answer_wordNum": 6,
          "fact": [
            "소화연빵,휴무일,매주 월요일, 화요일, 수요일, 목요일, 일요일"
          ]
        },
        {
          "question_id": 3,
          "question_type": "정보",
          "question": "영업시간은 몇시부터 몇시까지로 기재되어 있나요?",
          "question_wordNum": 5,
          "answer": "12:00/13:00 ~ 19:00",
          "answer_wordNum": 3,
          "fact": [
            "소화연빵,영업시간,12:00/13:00 ~ 19:00"
          ]
        }
      ]
    },
    {
      "image_id": 3,
      "question": [
        {
          "question_id": 0,
          "question_type": "정보",
          "question": "휴무일을 알 수 있나요?",
          "question_wordNum": 4,
          "answer": "매주 월요일, 화요일, 수요일, 목요일, 일요일",
          "answer_wordNum": 6,
          "fact": [
            "소화연빵,휴무일,매주 월요일, 화요일, 수요일, 목요일, 일요일"
          ]
        },
        {
          "question_id": 1,
          "question_type": "탐색",
          "question": "주차시설이 있는지 알 수 있나요?",
          "question_wordNum": 5,
          "answer": "없음",
          "answer_wordNum": 1,
          "fact": [
            "소화연빵,주차시설,없음"
          ]
        },
        {
          "question_id": 2,
          "question_type": "정보",
          "question": "영업시간은 어떻게 되나요?",
          "question_wordNum": 3,
          "answer": "12:00/13:00 ~ 19:00",
          "answer_wordNum": 3,
          "fact": [
            "소화연빵,영업시간,12:00/13:00 ~ 19:00"
          ]
        },
        {
          "question_id": 3,
          "question_type": "정보",
          "question": "이 곳의 주소를 알 수 있나요?",
          "question_wordNum": 6,
          "answer": "서울 강서구 화곡로50길 34 소화연빵",
          "answer_wordNum": 5,
          "fact": [
            "소화연빵,주소,서울 강서구 화곡로50길 34 소화연빵"
          ]
        }
      ]
    },
    {
      "image_id": 4,
      "question": [
        {
          "question_id": 0,
          "question_type": "탐색",
          "question": "주차시설이 있는지 알 수 있나요?",
          "question_wordNum": 5,
          "answer": "없음",
          "answer_wordNum": 1,
          "fact": [
            "소화연빵,주차시설,없음"
          ]
        },
        {
          "question_id": 1,
          "question_type": "정보",
          "question": "연락처를 알 수 있나요?",
          "question_wordNum": 4,
          "answer": "010-9060-6112",
          "answer_wordNum": 1,
          "fact": [
            "소화연빵,연락처,010-9060-6112"
          ]
        },
        {
          "question_id": 2,
          "question_type": "정보",
          "question": "휴무일은 어떻게 되나요?",
          "question_wordNum": 3,
          "answer": "매주 월요일, 화요일, 수요일, 목요일, 일요일",
          "answer_wordNum": 6,
          "fact": [
            "소화연빵,휴무일,매주 월요일, 화요일, 수요일, 목요일, 일요일"
          ]
        },
        {
          "question_id": 3,
          "question_type": "정보",
          "question": "이 곳의 대표적인 메뉴는 무엇이 있나요?",
          "question_wordNum": 6,
          "answer": "오트밀 현미빵, 쑥인절미빵",
          "answer_wordNum": 3,
          "fact": [
            "소화연빵,메뉴,오트밀 현미빵, 쑥인절미빵"
          ]
        }
      ]
    }
  ]
}