{
  "data": {
    "dataset": "2-083-219",
    "POI_id": "561468",
    "travelType": "음식점",
    "place": "목동송식당먹고기",
    "area": "서울"
  },
  "imageInfo": [
    {
      "image_id": 0,
      "filename": "561468_0_su_5_목동송식당먹고기_2_001.png",
      "mapx": 37.5686751510585,
      "mapy": 126.839355910873,
      "width": 3840,
      "height": 2160,
      "caption_info": [
        "목동송식당먹고기(마곡동)",
        "간판, 에어컨실외기"
      ]
    },
    {
      "image_id": 1,
      "filename": "561468_0_su_5_목동송식당먹고기_2_002.png",
      "mapx": 37.5686751510585,
      "mapy": 126.839355910873,
      "width": 3840,
      "height": 2160,
      "caption_info": [
        "목동송식당먹고기(마곡동)",
        "간판, 여닫이문"
      ]
    },
    {
      "image_id": 2,
      "filename": "561468_0_su_5_목동송식당먹고기_2_003.png",
      "mapx": 37.5686751510585,
      "mapy": 126.839355910873,
      "width": 3840,
      "height": 2160,
      "caption_info": [
        "목동송식당먹고기(마곡동)",
        "테이블, 의자"
      ]
    },
    {
      "image_id": 3,
      "filename": "561468_0_su_5_목동송식당먹고기_2_004.png",
      "mapx": 37.5686751510585,
      "mapy": 126.839355910873,
      "width": 3840,
      "height": 2160,
      "caption_info": [
        "목동송식당먹고기(마곡동)",
        "메뉴판"
      ]
    },
    {
      "image_id": 4,
      "filename": "561468_0_su_5_목동송식당먹고기_2_005.png",
      "mapx": 37.5686751510585,
      "mapy": 126.839355910873,
      "width": 3840,
      "height": 2160,
      "caption_info": [
        "목동송식당먹고기(마곡동)",
        "삼겹살, 꽈리고추"
      ]
    }
  ],
  "annotations": [
    {
      "image_id": 0,
      "question": [
        {
          "question_id": 0,
          "question_type": "정보",
          "question": "이 곳의 대표적인 메뉴는 무엇이 있나요?",
          "question_wordNum": 6,
          "answer": "숙성육, 껍데기",
          "answer_wordNum": 2,
          "fact": [
            "목동송식당먹고기,메뉴,숙성육, 껍데기"
          ]
        },
        {
          "question_id": 1,
          "question_type": "탐색",
          "question": "주차시설이 있는지 알 수 있나요?",
          "question_wordNum": 5,
          "answer": "있음",
          "answer_wordNum": 1,
          "fact": [
            "목동송식당먹고기,주차시설,있음"
          ]
        },
        {
          "question_id": 2,
          "question_type": "정보",
          "question": "영업시간은 몇시부터 몇시까지로 기재되어 있나요?",
          "question_wordNum": 5,
          "answer": "16:30~22:00/23:00",
          "answer_wordNum": 1,
          "fact": [
            "목동송식당먹고기,영업시간,16:30~22:00/23:00"
          ]
        },
        {
          "question_id": 3,
          "question_type": "정보",
          "question": "연락처를 알 수 있나요?",
          "question_wordNum": 4,
          "answer": "02-6052-2395",
          "answer_wordNum": 1,
          "fact": [
            "목동송식당먹고기,연락처,02-6052-2395"
          ]
        }
      ]
    },
    {
      "image_id": 1,
      "question": [
        {
          "question_id": 0,
          "question_type": "정보",
          "question": "휴무일을 알 수 있나요?",
          "question_wordNum": 4,
          "answer": "알수없음",
          "answer_wordNum": 1,
          "fact": [
            "목동송식당먹고기,휴무일,알수없음"
          ]
        },
        {
          "question_id": 1,
          "question_type": "탐색",
          "question": "주차시설이 있나요?",
          "question_wordNum": 2,
          "answer": "있음",
          "answer_wordNum": 1,
          "fact": [
            "목동송식당먹고기,주차시설,있음"
          ]
        },
        {
          "question_id": 2,
          "question_type": "정보",
          "question": "연락처를 알 수 있나요?",
          "question_wordNum": 4,
          "answer": "02-6052-2395",
          "answer_wordNum": 1,
          "fact": [
            "목동송식당먹고기,연락처,02-6052-2395"
          ]
        },
        {
          "question_id": 3,
          "question_type": "정보",
          "question": "이 곳의 주소를 알 수 있나요?",
          "question_wordNum": 6,
          "answer": "서울 강서구 마곡동로10길 23",
          "answer_wordNum": 4,
          "fact": [
            "목동송식당먹고기,주소,서울 강서구 마곡동로10길 23"
          ]
        }
      ]
    },
    {
      "image_id": 2,
      "question": [
        {
          "question_id": 0,
          "question_type": "정보",
          "question": "이 곳의 주소를 알 수 있나요?",
          "question_wordNum": 6,
          "answer": "서울 강서구 마곡동로10길 23",
          "answer_wordNum": 4,
          "fact": [
            "목동송식당먹고기,주소,서울 강서구 마곡동로10길 23"
          ]
        },
        {
          "question_id": 1,
          "question_type": "관계",
          "question": "이 곳에 인접한 시설을 알 수 있나요?",
          "question_wordNum": 7,
          "answer": "양천향교역 8번 출구, 피자탑, 오늘와인한잔",
          "answer_wordNum": 5,
          "fact": [
            "목동송식당먹고기,인접,양천향교역 8번 출구, 피자탑, 오늘와인한잔"
          ]
        },
        {
          "question_id": 2,
          "question_type": "정보",
          "question": "영업시간을 알 수 있나요?",
          "question_wordNum": 4,
          "answer": "16:30~22:00/23:00",
          "answer_wordNum": 1,
          "fact": [
            "목동송식당먹고기,영업시간,16:30~22:00/23:00"
          ]
        },
        {
          "question_id": 3,
          "question_type": "정보",
          "question": "연락처를 알 수 있나요?",
          "question_wordNum": 4,
          "answer": "02-6052-2395",
          "answer_wordNum": 1,
          "fact": [
            "목동송식당먹고기,연락처,02-6052-2395"
          ]
        }
      ]
    },
    {
      "image_id": 3,
      "question": [
        {
          "question_id": 0,
          "question_type": "탐색",
          "question": "주차시설이 있나요?",
          "question_wordNum": 2,
          "answer": "있음",
          "answer_wordNum": 1,
          "fact": [
            "목동송식당먹고기,주차시설,있음"
          ]
        },
        {
          "question_id": 1,
          "question_type": "정보",
          "question": "이 곳의 주소는 어떻게 되나요?",
          "question_wordNum": 5,
          "answer": "서울 강서구 마곡동로10길 23",
          "answer_wordNum": 4,
          "fact": [
            "목동송식당먹고기,주소,서울 강서구 마곡동로10길 23"
          ]
        },
        {
          "question_id": 2,
          "question_type": "정보",
          "question": "연락처를 알 수 있나요?",
          "question_wordNum": 4,
          "answer": "02-6052-2395",
          "answer_wordNum": 1,
          "fact": [
            "목동송식당먹고기,연락처,02-6052-2395"
          ]
        },
        {
          "question_id": 3,
          "question_type": "정보",
          "question": "영업시간을 알 수 있나요?",
          "question_wordNum": 4,
          "answer": "16:30~22:00/23:00",
          "answer_wordNum": 1,
          "fact": [
            "목동송식당먹고기,영업시간,16:30~22:00/23:00"
          ]
        }
      ]
    },
    {
      "image_id": 4,
      "question": [
        {
          "question_id": 0,
          "question_type": "정보",
          "question": "이 곳의 주소는 어떻게 되나요?",
          "question_wordNum": 5,
          "answer": "서울 강서구 마곡동로10길 23",
          "answer_wordNum": 4,
          "fact": [
            "목동송식당먹고기,주소,서울 강서구 마곡동로10길 23"
          ]
        },
        {
          "question_id": 1,
          "question_type": "정보",
          "question": "영업시간은 몇시부터 몇시까지로 기재되어 있나요?",
          "question_wordNum": 5,
          "answer": "16:30~22:00/23:00",
          "answer_wordNum": 1,
          "fact": [
            "목동송식당먹고기,영업시간,16:30~22:00/23:00"
          ]
        },
        {
          "question_id": 2,
          "question_type": "정보",
          "question": "휴무일은 어떻게 되나요?",
          "question_wordNum": 3,
          "answer": "알수없음",
          "answer_wordNum": 1,
          "fact": [
            "목동송식당먹고기,휴무일,알수없음"
          ]
        },
        {
          "question_id": 3,
          "question_type": "정보",
          "question": "연락처를 알 수 있나요?",
          "question_wordNum": 4,
          "answer": "02-6052-2395",
          "answer_wordNum": 1,
          "fact": [
            "목동송식당먹고기,연락처,02-6052-2395"
          ]
        }
      ]
    }
  ]
}