{
  "data": {
    "dataset": "2-083-219",
    "POI_id": "561379",
    "travelType": "음식점",
    "place": "브루더베이커리",
    "area": "서울"
  },
  "imageInfo": [
    {
      "image_id": 0,
      "filename": "561379_0_su_5_브루더베이커리_1_001.png",
      "mapx": 37.5657010514328,
      "mapy": 126.84764409296,
      "width": 3840,
      "height": 2160,
      "caption_info": [
        "브루더베이커리(가양동)",
        "입간판, 여닫이문"
      ]
    },
    {
      "image_id": 1,
      "filename": "561379_0_su_5_브루더베이커리_1_002.png",
      "mapx": 37.5657010514328,
      "mapy": 126.84764409296,
      "width": 3840,
      "height": 2160,
      "caption_info": [
        "브루더베이커리(가양동)",
        "여닫이문, 간판"
      ]
    },
    {
      "image_id": 2,
      "filename": "561379_0_su_5_브루더베이커리_1_003.png",
      "mapx": 37.5657010514328,
      "mapy": 126.84764409296,
      "width": 3840,
      "height": 2160,
      "caption_info": [
        "브루더베이커리(가양동)",
        "테이블, 등받이의자, 의자"
      ]
    },
    {
      "image_id": 3,
      "filename": "561379_0_su_5_브루더베이커리_1_004.png",
      "mapx": 37.5657010514328,
      "mapy": 126.84764409296,
      "width": 3840,
      "height": 2160,
      "caption_info": [
        "브루더베이커리(가양동)",
        "메뉴판"
      ]
    },
    {
      "image_id": 4,
      "filename": "561379_0_su_5_브루더베이커리_1_005.png",
      "mapx": 37.5657010514328,
      "mapy": 126.84764409296,
      "width": 3840,
      "height": 2160,
      "caption_info": [
        "브루더베이커리(가양동)",
        "휘낭시에"
      ]
    }
  ],
  "annotations": [
    {
      "image_id": 0,
      "question": [
        {
          "question_id": 0,
          "question_type": "정보",
          "question": "연락처가 어떻게 되나요?",
          "question_wordNum": 3,
          "answer": "0507-1369-5643",
          "answer_wordNum": 1,
          "fact": [
            "브루더베이커리,연락처,0507-1369-5643"
          ]
        },
        {
          "question_id": 1,
          "question_type": "정보",
          "question": "이 곳의 주소는 어떻게 되나요?",
          "question_wordNum": 5,
          "answer": "서울 강서구 양천로 401",
          "answer_wordNum": 4,
          "fact": [
            "브루더베이커리,주소,서울 강서구 양천로 401"
          ]
        },
        {
          "question_id": 2,
          "question_type": "관계",
          "question": "이 곳에 인접한 시설이 있나요?",
          "question_wordNum": 5,
          "answer": "가양역 1번 출구, 강서한강자이타워, CU, 감성커피",
          "answer_wordNum": 6,
          "fact": [
            "브루더베이커리,인접,가양역 1번 출구, 강서한강자이타워, CU, 감성커피"
          ]
        },
        {
          "question_id": 3,
          "question_type": "탐색",
          "question": "주차시설이 있나요?",
          "question_wordNum": 2,
          "answer": "있음",
          "answer_wordNum": 1,
          "fact": [
            "브루더베이커리,주차시설,있음"
          ]
        }
      ]
    },
    {
      "image_id": 1,
      "question": [
        {
          "question_id": 0,
          "question_type": "정보",
          "question": "영업시간은 어떻게 되나요?",
          "question_wordNum": 3,
          "answer": "11:00~19:00",
          "answer_wordNum": 1,
          "fact": [
            "브루더베이커리,영업시간,11:00~19:00"
          ]
        },
        {
          "question_id": 1,
          "question_type": "탐색",
          "question": "주차시설이 있나요?",
          "question_wordNum": 2,
          "answer": "있음",
          "answer_wordNum": 1,
          "fact": [
            "브루더베이커리,주차시설,있음"
          ]
        },
        {
          "question_id": 2,
          "question_type": "관계",
          "question": "이 곳에 인접한 시설이 있나요?",
          "question_wordNum": 5,
          "answer": "가양역 1번 출구, 강서한강자이타워, CU, 감성커피",
          "answer_wordNum": 6,
          "fact": [
            "브루더베이커리,인접,가양역 1번 출구, 강서한강자이타워, CU, 감성커피"
          ]
        },
        {
          "question_id": 3,
          "question_type": "정보",
          "question": "휴무일은 어떻게 되나요?",
          "question_wordNum": 3,
          "answer": "매주 토요일, 일요일",
          "answer_wordNum": 3,
          "fact": [
            "브루더베이커리,휴무일,매주 토요일, 일요일"
          ]
        }
      ]
    },
    {
      "image_id": 2,
      "question": [
        {
          "question_id": 0,
          "question_type": "정보",
          "question": "연락처가 어떻게 되나요?",
          "question_wordNum": 3,
          "answer": "0507-1369-5643",
          "answer_wordNum": 1,
          "fact": [
            "브루더베이커리,연락처,0507-1369-5643"
          ]
        },
        {
          "question_id": 1,
          "question_type": "탐색",
          "question": "주차시설이 있나요?",
          "question_wordNum": 2,
          "answer": "있음",
          "answer_wordNum": 1,
          "fact": [
            "브루더베이커리,주차시설,있음"
          ]
        },
        {
          "question_id": 2,
          "question_type": "정보",
          "question": "이 곳의 주소는 어떻게 되나요?",
          "question_wordNum": 5,
          "answer": "서울 강서구 양천로 401",
          "answer_wordNum": 4,
          "fact": [
            "브루더베이커리,주소,서울 강서구 양천로 401"
          ]
        },
        {
          "question_id": 3,
          "question_type": "정보",
          "question": "이 곳의 주요 메뉴는 무엇이 있나요?",
          "question_wordNum": 6,
          "answer": "고르곤졸라휘낭시에, 브륄레마들렌",
          "answer_wordNum": 2,
          "fact": [
            "브루더베이커리,메뉴,고르곤졸라휘낭시에, 브륄레마들렌"
          ]
        }
      ]
    },
    {
      "image_id": 3,
      "question": [
        {
          "question_id": 0,
          "question_type": "정보",
          "question": "휴무일은 어떻게 되나요?",
          "question_wordNum": 3,
          "answer": "매주 토요일, 일요일",
          "answer_wordNum": 3,
          "fact": [
            "브루더베이커리,휴무일,매주 토요일, 일요일"
          ]
        },
        {
          "question_id": 1,
          "question_type": "정보",
          "question": "이 곳의 주요 메뉴는 무엇이 있나요?",
          "question_wordNum": 6,
          "answer": "고르곤졸라휘낭시에, 브륄레마들렌",
          "answer_wordNum": 2,
          "fact": [
            "브루더베이커리,메뉴,고르곤졸라휘낭시에, 브륄레마들렌"
          ]
        },
        {
          "question_id": 2,
          "question_type": "정보",
          "question": "이 곳의 주소는 어떻게 되나요?",
          "question_wordNum": 5,
          "answer": "서울 강서구 양천로 401",
          "answer_wordNum": 4,
          "fact": [
            "브루더베이커리,주소,서울 강서구 양천로 401"
          ]
        },
        {
          "question_id": 3,
          "question_type": "정보",
          "question": "연락처가 어떻게 되나요?",
          "question_wordNum": 3,
          "answer": "0507-1369-5643",
          "answer_wordNum": 1,
          "fact": [
            "브루더베이커리,연락처,0507-1369-5643"
          ]
        }
      ]
    },
    {
      "image_id": 4,
      "question": [
        {
          "question_id": 0,
          "question_type": "정보",
          "question": "영업시간은 어떻게 되나요?",
          "question_wordNum": 3,
          "answer": "11:00~19:00",
          "answer_wordNum": 1,
          "fact": [
            "브루더베이커리,영업시간,11:00~19:00"
          ]
        },
        {
          "question_id": 1,
          "question_type": "정보",
          "question": "연락처가 어떻게 되나요?",
          "question_wordNum": 3,
          "answer": "0507-1369-5643",
          "answer_wordNum": 1,
          "fact": [
            "브루더베이커리,연락처,0507-1369-5643"
          ]
        },
        {
          "question_id": 2,
          "question_type": "정보",
          "question": "이 곳의 주요 메뉴는 무엇이 있나요?",
          "question_wordNum": 6,
          "answer": "고르곤졸라휘낭시에, 브륄레마들렌",
          "answer_wordNum": 2,
          "fact": [
            "브루더베이커리,메뉴,고르곤졸라휘낭시에, 브륄레마들렌"
          ]
        },
        {
          "question_id": 3,
          "question_type": "탐색",
          "question": "주차시설이 있나요?",
          "question_wordNum": 2,
          "answer": "있음",
          "answer_wordNum": 1,
          "fact": [
            "브루더베이커리,주차시설,있음"
          ]
        }
      ]
    }
  ]
}