{
  "data": {
    "dataset": "2-083-219",
    "POI_id": "561717",
    "travelType": "음식점",
    "place": "한촌설렁탕 발산역점",
    "area": "서울"
  },
  "imageInfo": [
    {
      "image_id": 0,
      "filename": "561717_0_su_5_한촌설렁탕 발산역점_1_001.png",
      "mapx": 37.5563410207384,
      "mapy": 126.837221210297,
      "width": 3840,
      "height": 2160,
      "caption_info": [
        "한촌설렁탕 발산역점(내발산동)",
        "간판, 여닫이문"
      ]
    },
    {
      "image_id": 1,
      "filename": "561717_0_su_5_한촌설렁탕 발산역점_1_002.png",
      "mapx": 37.5563410207384,
      "mapy": 126.837221210297,
      "width": 3840,
      "height": 2160,
      "caption_info": [
        "한촌설렁탕 발산역점(내발산동)",
        "간판, 자동차, 화분"
      ]
    },
    {
      "image_id": 2,
      "filename": "561717_0_su_5_한촌설렁탕 발산역점_1_003.png",
      "mapx": 37.5563410207384,
      "mapy": 126.837221210297,
      "width": 3840,
      "height": 2160,
      "caption_info": [
        "한촌설렁탕 발산역점(내발산동)",
        "테이블, 등받이의자"
      ]
    },
    {
      "image_id": 3,
      "filename": "561717_0_su_5_한촌설렁탕 발산역점_1_004.png",
      "mapx": 37.5563410207384,
      "mapy": 126.837221210297,
      "width": 3840,
      "height": 2160,
      "caption_info": [
        "한촌설렁탕 발산역점(내발산동)",
        "메뉴판"
      ]
    },
    {
      "image_id": 4,
      "filename": "561717_0_su_5_한촌설렁탕 발산역점_1_005.png",
      "mapx": 37.5563410207384,
      "mapy": 126.837221210297,
      "width": 3840,
      "height": 2160,
      "caption_info": [
        "한촌설렁탕 발산역점(내발산동)",
        "설렁탕"
      ]
    }
  ],
  "annotations": [
    {
      "image_id": 0,
      "question": [
        {
          "question_id": 0,
          "question_type": "정보",
          "question": "영업시간을 알 수 있나요?",
          "question_wordNum": 4,
          "answer": "10:00~21:00",
          "answer_wordNum": 1,
          "fact": [
            "한촌설렁탕 발산역점,영업시간,10:00~21:00"
          ]
        },
        {
          "question_id": 1,
          "question_type": "관계",
          "question": "이 곳에 인접한 시설이 있나요?",
          "question_wordNum": 5,
          "answer": "발산역 7번 출구, 발산삼계탕, 개나리식당, 봄봄약국",
          "answer_wordNum": 6,
          "fact": [
            "한촌설렁탕 발산역점,인접,발산역 7번 출구, 발산삼계탕, 개나리식당, 봄봄약국"
          ]
        },
        {
          "question_id": 2,
          "question_type": "탐색",
          "question": "주차시설이 있는지 알 수 있나요?",
          "question_wordNum": 5,
          "answer": "있음",
          "answer_wordNum": 1,
          "fact": [
            "한촌설렁탕 발산역점,주차시설,있음"
          ]
        },
        {
          "question_id": 3,
          "question_type": "정보",
          "question": "이 곳은 어떤 것을 전문으로 하나요?",
          "question_wordNum": 6,
          "answer": "설렁탕",
          "answer_wordNum": 1,
          "fact": [
            "한촌설렁탕 발산역점,전문,설렁탕"
          ]
        }
      ]
    },
    {
      "image_id": 1,
      "question": [
        {
          "question_id": 0,
          "question_type": "정보",
          "question": "연락처가 어떻게 되나요?",
          "question_wordNum": 3,
          "answer": "0507-1339-2508",
          "answer_wordNum": 1,
          "fact": [
            "한촌설렁탕 발산역점,연락처,0507-1339-2508"
          ]
        },
        {
          "question_id": 1,
          "question_type": "정보",
          "question": "이 곳의 주요 메뉴는 무엇이 있나요?",
          "question_wordNum": 6,
          "answer": "설렁탕, 양곰탕",
          "answer_wordNum": 2,
          "fact": [
            "한촌설렁탕 발산역점,메뉴,설렁탕, 양곰탕"
          ]
        },
        {
          "question_id": 2,
          "question_type": "정보",
          "question": "이 곳의 주소는 어떻게 되나요?",
          "question_wordNum": 5,
          "answer": "서울 강서구 강서로 341",
          "answer_wordNum": 4,
          "fact": [
            "한촌설렁탕 발산역점,주소,서울 강서구 강서로 341"
          ]
        },
        {
          "question_id": 3,
          "question_type": "정보",
          "question": "인접한 시설이 있나요?",
          "question_wordNum": 3,
          "answer": "발산역 7번 출구, 발산삼계탕, 개나리식당, 봄봄약국",
          "answer_wordNum": 6,
          "fact": [
            "한촌설렁탕 발산역점,인접,발산역 7번 출구, 발산삼계탕, 개나리식당, 봄봄약국"
          ]
        }
      ]
    },
    {
      "image_id": 2,
      "question": [
        {
          "question_id": 0,
          "question_type": "정보",
          "question": "영업시간은 어떻게 되나요?",
          "question_wordNum": 3,
          "answer": "10:00~21:00",
          "answer_wordNum": 1,
          "fact": [
            "한촌설렁탕 발산역점,영업시간,10:00~21:00"
          ]
        },
        {
          "question_id": 1,
          "question_type": "정보",
          "question": "연락처를 알 수 있나요?",
          "question_wordNum": 4,
          "answer": "0507-1339-2508",
          "answer_wordNum": 1,
          "fact": [
            "한촌설렁탕 발산역점,연락처,0507-1339-2508"
          ]
        },
        {
          "question_id": 2,
          "question_type": "관계",
          "question": "이 곳에 인접한 시설이 있나요?",
          "question_wordNum": 5,
          "answer": "발산역 7번 출구, 발산삼계탕, 개나리식당, 봄봄약국",
          "answer_wordNum": 6,
          "fact": [
            "한촌설렁탕 발산역점,인접,발산역 7번 출구, 발산삼계탕, 개나리식당, 봄봄약국"
          ]
        },
        {
          "question_id": 3,
          "question_type": "정보",
          "question": "휴무일은 어떻게 되나요?",
          "question_wordNum": 3,
          "answer": "없음",
          "answer_wordNum": 1,
          "fact": [
            "한촌설렁탕 발산역점,휴무일,없음"
          ]
        }
      ]
    },
    {
      "image_id": 3,
      "question": [
        {
          "question_id": 0,
          "question_type": "정보",
          "question": "연락처가 어떻게 되나요?",
          "question_wordNum": 3,
          "answer": "0507-1339-2508",
          "answer_wordNum": 1,
          "fact": [
            "한촌설렁탕 발산역점,연락처,0507-1339-2508"
          ]
        },
        {
          "question_id": 1,
          "question_type": "탐색",
          "question": "주차시설이 있나요?",
          "question_wordNum": 2,
          "answer": "있음",
          "answer_wordNum": 1,
          "fact": [
            "한촌설렁탕 발산역점,주차시설,있음"
          ]
        },
        {
          "question_id": 2,
          "question_type": "관계",
          "question": "이 곳에 인접한 시설을 알 수 있나요?",
          "question_wordNum": 7,
          "answer": "발산역 7번 출구, 발산삼계탕, 개나리식당, 봄봄약국",
          "answer_wordNum": 6,
          "fact": [
            "한촌설렁탕 발산역점,인접,발산역 7번 출구, 발산삼계탕, 개나리식당, 봄봄약국"
          ]
        },
        {
          "question_id": 3,
          "question_type": "정보",
          "question": "주소는 어떻게 되나요?",
          "question_wordNum": 3,
          "answer": "서울 강서구 강서로 341",
          "answer_wordNum": 4,
          "fact": [
            "한촌설렁탕 발산역점,주소,서울 강서구 강서로 341"
          ]
        }
      ]
    },
    {
      "image_id": 4,
      "question": [
        {
          "question_id": 0,
          "question_type": "정보",
          "question": "이 곳의 주소를 알 수 있나요?",
          "question_wordNum": 6,
          "answer": "서울 강서구 강서로 341",
          "answer_wordNum": 4,
          "fact": [
            "한촌설렁탕 발산역점,주소,서울 강서구 강서로 341"
          ]
        },
        {
          "question_id": 1,
          "question_type": "정보",
          "question": "이 곳의 대표적인 메뉴는 무엇이 있나요?",
          "question_wordNum": 6,
          "answer": "설렁탕, 양곰탕",
          "answer_wordNum": 2,
          "fact": [
            "한촌설렁탕 발산역점,메뉴,설렁탕, 양곰탕"
          ]
        },
        {
          "question_id": 2,
          "question_type": "정보",
          "question": "연락처를 알 수 있나요?",
          "question_wordNum": 4,
          "answer": "0507-1339-2508",
          "answer_wordNum": 1,
          "fact": [
            "한촌설렁탕 발산역점,연락처,0507-1339-2508"
          ]
        },
        {
          "question_id": 3,
          "question_type": "정보",
          "question": "인접한 시설이 있나요?",
          "question_wordNum": 3,
          "answer": "발산역 7번 출구, 발산삼계탕, 개나리식당, 봄봄약국",
          "answer_wordNum": 6,
          "fact": [
            "한촌설렁탕 발산역점,인접,발산역 7번 출구, 발산삼계탕, 개나리식당, 봄봄약국"
          ]
        }
      ]
    }
  ]
}