{
  "data": {
    "dataset": "2-083-219",
    "POI_id": "553170",
    "travelType": "음식점",
    "place": "호수한우곱창전문 우장산점",
    "area": "서울"
  },
  "imageInfo": [
    {
      "image_id": 0,
      "filename": "553170_0_su_5_호수한우곱창전문 우장산점_1_001.png",
      "mapx": 37.5476371859303,
      "mapy": 126.835774245891,
      "width": 3840,
      "height": 2160,
      "caption_info": [
        "호수한우곱창전문 우장산점(화곡동)",
        "간판, 미닫이문"
      ]
    },
    {
      "image_id": 1,
      "filename": "553170_0_su_5_호수한우곱창전문 우장산점_1_002.png",
      "mapx": 37.5476371859303,
      "mapy": 126.835774245891,
      "width": 3840,
      "height": 2160,
      "caption_info": [
        "호수한우곱창전문 우장산점(화곡동)",
        "간판"
      ]
    },
    {
      "image_id": 2,
      "filename": "553170_0_su_5_호수한우곱창전문 우장산점_1_003.png",
      "mapx": 37.5476371859303,
      "mapy": 126.835774245891,
      "width": 3840,
      "height": 2160,
      "caption_info": [
        "호수한우곱창전문 우장산점(화곡동)",
        "테이블, 의자, 선풍기"
      ]
    },
    {
      "image_id": 3,
      "filename": "553170_0_su_5_호수한우곱창전문 우장산점_1_004.png",
      "mapx": 37.5476371859303,
      "mapy": 126.835774245891,
      "width": 3840,
      "height": 2160,
      "caption_info": [
        "호수한우곱창전문 우장산점(화곡동)",
        "메뉴판 "
      ]
    },
    {
      "image_id": 4,
      "filename": "553170_0_su_5_호수한우곱창전문 우장산점_1_005.png",
      "mapx": 37.5476371859303,
      "mapy": 126.835774245891,
      "width": 3840,
      "height": 2160,
      "caption_info": [
        "호수한우곱창전문 우장산점(화곡동)",
        "곱창전골"
      ]
    }
  ],
  "annotations": [
    {
      "image_id": 0,
      "question": [
        {
          "question_id": 0,
          "question_type": "정보",
          "question": "연락처를 알 수 있나요?",
          "question_wordNum": 4,
          "answer": "02-2065-9854",
          "answer_wordNum": 1,
          "fact": [
            "호수한우곱창전문 우장산점,연락처,02-2065-9854"
          ]
        },
        {
          "question_id": 1,
          "question_type": "탐색",
          "question": "주차시설이 있는지 알 수 있나요?",
          "question_wordNum": 5,
          "answer": "있음",
          "answer_wordNum": 1,
          "fact": [
            "호수한우곱창전문 우장산점,주차시설,있음"
          ]
        },
        {
          "question_id": 2,
          "question_type": "정보",
          "question": "휴무일은 어떻게 되나요?",
          "question_wordNum": 3,
          "answer": "알수없음",
          "answer_wordNum": 1,
          "fact": [
            "호수한우곱창전문 우장산점,휴무일,알수없음"
          ]
        },
        {
          "question_id": 3,
          "question_type": "관계",
          "question": "이 곳에 인접한 시설이 있나요?",
          "question_wordNum": 5,
          "answer": "우장산역 3번 출구, 충북식당, 호미불닭발",
          "answer_wordNum": 5,
          "fact": [
            "호수한우곱창전문 우장산점,인접,우장산역 3번 출구, 충북식당, 호미불닭발"
          ]
        }
      ]
    },
    {
      "image_id": 1,
      "question": [
        {
          "question_id": 0,
          "question_type": "정보",
          "question": "이 곳의 주소는 어떻게 되나요?",
          "question_wordNum": 5,
          "answer": "서울 강서구 강서로 243-8",
          "answer_wordNum": 4,
          "fact": [
            "호수한우곱창전문 우장산점,주소,서울 강서구 강서로 243-8"
          ]
        },
        {
          "question_id": 1,
          "question_type": "정보",
          "question": "휴무일은 어떻게 되나요?",
          "question_wordNum": 3,
          "answer": "알수없음",
          "answer_wordNum": 1,
          "fact": [
            "호수한우곱창전문 우장산점,휴무일,알수없음"
          ]
        },
        {
          "question_id": 2,
          "question_type": "탐색",
          "question": "주차시설이 있나요?",
          "question_wordNum": 2,
          "answer": "있음",
          "answer_wordNum": 1,
          "fact": [
            "호수한우곱창전문 우장산점,주차시설,있음"
          ]
        },
        {
          "question_id": 3,
          "question_type": "정보",
          "question": "연락처를 알 수 있나요?",
          "question_wordNum": 4,
          "answer": "02-2065-9854",
          "answer_wordNum": 1,
          "fact": [
            "호수한우곱창전문 우장산점,연락처,02-2065-9854"
          ]
        }
      ]
    },
    {
      "image_id": 2,
      "question": [
        {
          "question_id": 0,
          "question_type": "관계",
          "question": "이 곳에 인접한 시설이 있나요?",
          "question_wordNum": 5,
          "answer": "우장산역 3번 출구, 충북식당, 호미불닭발",
          "answer_wordNum": 5,
          "fact": [
            "호수한우곱창전문 우장산점,인접,우장산역 3번 출구, 충북식당, 호미불닭발"
          ]
        },
        {
          "question_id": 1,
          "question_type": "정보",
          "question": "영업시간을 알 수 있나요?",
          "question_wordNum": 4,
          "answer": "알수없음",
          "answer_wordNum": 1,
          "fact": [
            "호수한우곱창전문 우장산점,영업시간,알수없음"
          ]
        },
        {
          "question_id": 2,
          "question_type": "정보",
          "question": "이 곳의 주요 메뉴를 알 수 있나요?",
          "question_wordNum": 7,
          "answer": "곱창구이, 대창구이",
          "answer_wordNum": 2,
          "fact": [
            "호수한우곱창전문 우장산점,메뉴,곱창구이, 대창구이"
          ]
        },
        {
          "question_id": 3,
          "question_type": "정보",
          "question": "이 곳의 주소를 알 수 있나요?",
          "question_wordNum": 6,
          "answer": "서울 강서구 강서로 243-8",
          "answer_wordNum": 4,
          "fact": [
            "호수한우곱창전문 우장산점,주소,서울 강서구 강서로 243-8"
          ]
        }
      ]
    },
    {
      "image_id": 3,
      "question": [
        {
          "question_id": 0,
          "question_type": "정보",
          "question": "이 곳의 대표적인 메뉴를 알 수 있나요?",
          "question_wordNum": 7,
          "answer": "곱창구이, 대창구이",
          "answer_wordNum": 2,
          "fact": [
            "호수한우곱창전문 우장산점,메뉴,곱창구이, 대창구이"
          ]
        },
        {
          "question_id": 1,
          "question_type": "정보",
          "question": "휴무일을 알 수 있나요?",
          "question_wordNum": 4,
          "answer": "알수없음",
          "answer_wordNum": 1,
          "fact": [
            "호수한우곱창전문 우장산점,휴무일,알수없음"
          ]
        },
        {
          "question_id": 2,
          "question_type": "탐색",
          "question": "주차시설이 있는지 알 수 있나요?",
          "question_wordNum": 5,
          "answer": "있음",
          "answer_wordNum": 1,
          "fact": [
            "호수한우곱창전문 우장산점,주차시설,있음"
          ]
        },
        {
          "question_id": 3,
          "question_type": "정보",
          "question": "영업시간은 몇시부터 몇시까지로 기재되어 있나요?",
          "question_wordNum": 5,
          "answer": "알수없음",
          "answer_wordNum": 1,
          "fact": [
            "호수한우곱창전문 우장산점,영업시간,알수없음"
          ]
        }
      ]
    },
    {
      "image_id": 4,
      "question": [
        {
          "question_id": 0,
          "question_type": "관계",
          "question": "이 곳에 인접한 시설이 있나요?",
          "question_wordNum": 5,
          "answer": "우장산역 3번 출구, 충북식당, 호미불닭발",
          "answer_wordNum": 5,
          "fact": [
            "호수한우곱창전문 우장산점,인접,우장산역 3번 출구, 충북식당, 호미불닭발"
          ]
        },
        {
          "question_id": 1,
          "question_type": "정보",
          "question": "이 곳의 주요 메뉴를 알 수 있나요?",
          "question_wordNum": 7,
          "answer": "곱창구이, 대창구이",
          "answer_wordNum": 2,
          "fact": [
            "호수한우곱창전문 우장산점,메뉴,곱창구이, 대창구이"
          ]
        },
        {
          "question_id": 2,
          "question_type": "정보",
          "question": "이 곳의 주소를 알 수 있나요?",
          "question_wordNum": 6,
          "answer": "서울 강서구 강서로 243-8",
          "answer_wordNum": 4,
          "fact": [
            "호수한우곱창전문 우장산점,주소,서울 강서구 강서로 243-8"
          ]
        },
        {
          "question_id": 3,
          "question_type": "정보",
          "question": "휴무일을 알 수 있나요?",
          "question_wordNum": 4,
          "answer": "알수없음",
          "answer_wordNum": 1,
          "fact": [
            "호수한우곱창전문 우장산점,휴무일,알수없음"
          ]
        }
      ]
    }
  ]
}