{
  "data": {
    "dataset": "2-083-219",
    "POI_id": "561566",
    "travelType": "음식점",
    "place": "옥소반 마곡나루점",
    "area": "서울"
  },
  "imageInfo": [
    {
      "image_id": 0,
      "filename": "561566_0_su_5_옥소반 마곡나루점_1_001.png",
      "mapx": 37.5679745986878,
      "mapy": 126.826720979429,
      "width": 3840,
      "height": 2160,
      "caption_info": [
        "옥소반 마곡나루점(강서구)",
        "화분 "
      ]
    },
    {
      "image_id": 1,
      "filename": "561566_0_su_5_옥소반 마곡나루점_1_002.png",
      "mapx": 37.5679745986878,
      "mapy": 126.826720979429,
      "width": 3840,
      "height": 2160,
      "caption_info": [
        "옥소반 마곡나루점(강서구)",
        "간판"
      ]
    },
    {
      "image_id": 2,
      "filename": "561566_0_su_5_옥소반 마곡나루점_1_003.png",
      "mapx": 37.5679745986878,
      "mapy": 126.826720979429,
      "width": 3840,
      "height": 2160,
      "caption_info": [
        "옥소반 마곡나루점(강서구)",
        "사각 테이블"
      ]
    },
    {
      "image_id": 3,
      "filename": "561566_0_su_5_옥소반 마곡나루점_1_004.png",
      "mapx": 37.5679745986878,
      "mapy": 126.826720979429,
      "width": 3840,
      "height": 2160,
      "caption_info": [
        "옥소반 마곡나루점(강서구)",
        "메뉴판 "
      ]
    },
    {
      "image_id": 4,
      "filename": "561566_0_su_5_옥소반 마곡나루점_1_005.png",
      "mapx": 37.5679745986878,
      "mapy": 126.826720979429,
      "width": 3840,
      "height": 2160,
      "caption_info": [
        "옥소반 마곡나루점(강서구)",
        "고기"
      ]
    }
  ],
  "annotations": [
    {
      "image_id": 0,
      "question": [
        {
          "question_id": 0,
          "question_type": "정보",
          "question": "이 곳의 메뉴를 알 수 있나요?",
          "question_wordNum": 6,
          "answer": "샤브샤브, 스키야키",
          "answer_wordNum": 2,
          "fact": [
            "옥소반 마곡나루점,메뉴,샤브샤브, 스키야키"
          ]
        },
        {
          "question_id": 1,
          "question_type": "관계",
          "question": "이 곳에 인접한 시설이 있나요?",
          "question_wordNum": 5,
          "answer": "마곡나루역 1번 출구, 디저트39, 구름공방",
          "answer_wordNum": 5,
          "fact": [
            "옥소반 마곡나루점,인접,마곡나루역 1번 출구, 디저트39, 구름공방"
          ]
        },
        {
          "question_id": 2,
          "question_type": "정보",
          "question": "이 곳의 주소를 알 수 있나요?",
          "question_wordNum": 6,
          "answer": "서울 강서구 마곡중앙로 161-11",
          "answer_wordNum": 4,
          "fact": [
            "옥소반 마곡나루점,주소,서울 강서구 마곡중앙로 161-11"
          ]
        },
        {
          "question_id": 3,
          "question_type": "정보",
          "question": "휴무일은 어떻게 되나요?",
          "question_wordNum": 3,
          "answer": "알수없음",
          "answer_wordNum": 1,
          "fact": [
            "옥소반 마곡나루점,휴무일,알수없음"
          ]
        }
      ]
    },
    {
      "image_id": 1,
      "question": [
        {
          "question_id": 0,
          "question_type": "정보",
          "question": "대표 메뉴가 무엇인가요?",
          "question_wordNum": 3,
          "answer": "샤브샤브, 스키야키",
          "answer_wordNum": 2,
          "fact": [
            "옥소반 마곡나루점,메뉴,샤브샤브, 스키야키"
          ]
        },
        {
          "question_id": 1,
          "question_type": "정보",
          "question": "영업시간을 알 수 있나요?",
          "question_wordNum": 4,
          "answer": "11:00~22:30",
          "answer_wordNum": 1,
          "fact": [
            "옥소반 마곡나루점,영업시간,11:00~22:30"
          ]
        },
        {
          "question_id": 2,
          "question_type": "정보",
          "question": "이 곳의 주소는 어떻게 되나요?",
          "question_wordNum": 5,
          "answer": "서울 강서구 마곡중앙로 161-11",
          "answer_wordNum": 4,
          "fact": [
            "옥소반 마곡나루점,주소,서울 강서구 마곡중앙로 161-11"
          ]
        },
        {
          "question_id": 3,
          "question_type": "관계",
          "question": "이 곳에 인접한 시설이 있나요?",
          "question_wordNum": 5,
          "answer": "마곡나루역 1번 출구, 디저트39, 구름공방",
          "answer_wordNum": 5,
          "fact": [
            "옥소반 마곡나루점,인접,마곡나루역 1번 출구, 디저트39, 구름공방"
          ]
        }
      ]
    },
    {
      "image_id": 2,
      "question": [
        {
          "question_id": 0,
          "question_type": "정보",
          "question": "대표 메뉴가 무엇인가요?",
          "question_wordNum": 3,
          "answer": "샤브샤브, 스키야키",
          "answer_wordNum": 2,
          "fact": [
            "옥소반 마곡나루점,메뉴,샤브샤브, 스키야키"
          ]
        },
        {
          "question_id": 1,
          "question_type": "관계",
          "question": "이 곳에 인접한 시설이 있나요?",
          "question_wordNum": 5,
          "answer": "마곡나루역 1번 출구, 디저트39, 구름공방",
          "answer_wordNum": 5,
          "fact": [
            "옥소반 마곡나루점,인접,마곡나루역 1번 출구, 디저트39, 구름공방"
          ]
        },
        {
          "question_id": 2,
          "question_type": "정보",
          "question": "이 곳의 주소를 알 수 있나요?",
          "question_wordNum": 6,
          "answer": "서울 강서구 마곡중앙로 161-11",
          "answer_wordNum": 4,
          "fact": [
            "옥소반 마곡나루점,주소,서울 강서구 마곡중앙로 161-11"
          ]
        },
        {
          "question_id": 3,
          "question_type": "탐색",
          "question": "주차시설이 있는지 알 수 있나요?",
          "question_wordNum": 5,
          "answer": "있음",
          "answer_wordNum": 1,
          "fact": [
            "옥소반 마곡나루점,주차시설,있음"
          ]
        }
      ]
    },
    {
      "image_id": 3,
      "question": [
        {
          "question_id": 0,
          "question_type": "정보",
          "question": "이 곳의 메뉴를 알 수 있나요?",
          "question_wordNum": 6,
          "answer": "샤브샤브, 스키야키",
          "answer_wordNum": 2,
          "fact": [
            "옥소반 마곡나루점,메뉴,샤브샤브, 스키야키"
          ]
        },
        {
          "question_id": 1,
          "question_type": "관계",
          "question": "이 곳에 인접한 시설을 알 수 있나요?",
          "question_wordNum": 7,
          "answer": "마곡나루역 1번 출구, 디저트39, 구름공방",
          "answer_wordNum": 5,
          "fact": [
            "옥소반 마곡나루점,인접,마곡나루역 1번 출구, 디저트39, 구름공방"
          ]
        },
        {
          "question_id": 2,
          "question_type": "정보",
          "question": "휴무일을 알 수 있나요?",
          "question_wordNum": 4,
          "answer": "알수없음",
          "answer_wordNum": 1,
          "fact": [
            "옥소반 마곡나루점,휴무일,알수없음"
          ]
        },
        {
          "question_id": 3,
          "question_type": "탐색",
          "question": "주차시설이 있는지 알 수 있나요?",
          "question_wordNum": 5,
          "answer": "있음",
          "answer_wordNum": 1,
          "fact": [
            "옥소반 마곡나루점,주차시설,있음"
          ]
        }
      ]
    },
    {
      "image_id": 4,
      "question": [
        {
          "question_id": 0,
          "question_type": "정보",
          "question": "휴무일을 알 수 있나요?",
          "question_wordNum": 4,
          "answer": "알수없음",
          "answer_wordNum": 1,
          "fact": [
            "옥소반 마곡나루점,휴무일,알수없음"
          ]
        },
        {
          "question_id": 1,
          "question_type": "정보",
          "question": "이 곳의 메뉴를 알 수 있나요?",
          "question_wordNum": 6,
          "answer": "샤브샤브, 스키야키",
          "answer_wordNum": 2,
          "fact": [
            "옥소반 마곡나루점,메뉴,샤브샤브, 스키야키"
          ]
        },
        {
          "question_id": 2,
          "question_type": "정보",
          "question": "연락처를 알 수 있나요?",
          "question_wordNum": 4,
          "answer": "02-6949-2888",
          "answer_wordNum": 1,
          "fact": [
            "옥소반 마곡나루점,연락처,02-6949-2888"
          ]
        },
        {
          "question_id": 3,
          "question_type": "정보",
          "question": "이 곳의 주소를 알 수 있나요?",
          "question_wordNum": 6,
          "answer": "서울 강서구 마곡중앙로 161-11",
          "answer_wordNum": 4,
          "fact": [
            "옥소반 마곡나루점,주소,서울 강서구 마곡중앙로 161-11"
          ]
        }
      ]
    }
  ]
}