{
  "data": {
    "dataset": "2-083-219",
    "POI_id": "561555",
    "travelType": "음식점",
    "place": "양평해장국 강서마곡점",
    "area": "서울"
  },
  "imageInfo": [
    {
      "image_id": 0,
      "filename": "561555_0_su_5_양평해장국 강서마곡점_1_001.png",
      "mapx": 37.5584801960397,
      "mapy": 126.834327579685,
      "width": 3840,
      "height": 2160,
      "caption_info": [
        "양평해장국 강서마곡점(강서구)",
        "여닫이문 "
      ]
    },
    {
      "image_id": 1,
      "filename": "561555_0_su_5_양평해장국 강서마곡점_1_002.png",
      "mapx": 37.5584801960397,
      "mapy": 126.834327579685,
      "width": 3840,
      "height": 2160,
      "caption_info": [
        "양평해장국 강서마곡점(강서구)",
        "간판"
      ]
    },
    {
      "image_id": 2,
      "filename": "561555_0_su_5_양평해장국 강서마곡점_1_003.png",
      "mapx": 37.5584801960397,
      "mapy": 126.834327579685,
      "width": 3840,
      "height": 2160,
      "caption_info": [
        "양평해장국 강서마곡점(강서구)",
        "사각 테이블"
      ]
    },
    {
      "image_id": 3,
      "filename": "561555_0_su_5_양평해장국 강서마곡점_1_004.png",
      "mapx": 37.5584801960397,
      "mapy": 126.834327579685,
      "width": 3840,
      "height": 2160,
      "caption_info": [
        "양평해장국 강서마곡점(강서구)",
        "메뉴판 "
      ]
    },
    {
      "image_id": 4,
      "filename": "561555_0_su_5_양평해장국 강서마곡점_1_005.png",
      "mapx": 37.5584801960397,
      "mapy": 126.834327579685,
      "width": 3840,
      "height": 2160,
      "caption_info": [
        "양평해장국 강서마곡점(강서구)",
        "내장탕 "
      ]
    }
  ],
  "annotations": [
    {
      "image_id": 0,
      "question": [
        {
          "question_id": 0,
          "question_type": "정보",
          "question": "이 곳의 주소를 알 수 있나요?",
          "question_wordNum": 6,
          "answer": "서울 강서구 공항대로 242",
          "answer_wordNum": 4,
          "fact": [
            "양평해장국 강서마곡점,주소,서울 강서구 공항대로 242"
          ]
        },
        {
          "question_id": 1,
          "question_type": "탐색",
          "question": "주차시설이 있는지 알 수 있나요?",
          "question_wordNum": 5,
          "answer": "있음",
          "answer_wordNum": 1,
          "fact": [
            "양평해장국 강서마곡점,주차시설,있음"
          ]
        },
        {
          "question_id": 2,
          "question_type": "정보",
          "question": "연락처가 어떻게 되나요?",
          "question_wordNum": 3,
          "answer": "0507-1340-0877",
          "answer_wordNum": 1,
          "fact": [
            "양평해장국 강서마곡점,연락처,0507-1340-0877"
          ]
        },
        {
          "question_id": 3,
          "question_type": "정보",
          "question": "휴무일을 알 수 있나요?",
          "question_wordNum": 4,
          "answer": "매주 토요일",
          "answer_wordNum": 2,
          "fact": [
            "양평해장국 강서마곡점,휴무일,매주 토요일"
          ]
        }
      ]
    },
    {
      "image_id": 1,
      "question": [
        {
          "question_id": 0,
          "question_type": "정보",
          "question": "휴무일은 어떻게 되나요?",
          "question_wordNum": 3,
          "answer": "매주 토요일",
          "answer_wordNum": 2,
          "fact": [
            "양평해장국 강서마곡점,휴무일,매주 토요일"
          ]
        },
        {
          "question_id": 1,
          "question_type": "정보",
          "question": "이 곳의 주소는 어떻게 되나요?",
          "question_wordNum": 5,
          "answer": "서울 강서구 공항대로 242",
          "answer_wordNum": 4,
          "fact": [
            "양평해장국 강서마곡점,주소,서울 강서구 공항대로 242"
          ]
        },
        {
          "question_id": 2,
          "question_type": "탐색",
          "question": "주차시설이 있는지 알 수 있나요?",
          "question_wordNum": 5,
          "answer": "있음",
          "answer_wordNum": 1,
          "fact": [
            "양평해장국 강서마곡점,주차시설,있음"
          ]
        },
        {
          "question_id": 3,
          "question_type": "관계",
          "question": "이 곳에 인접한 시설이 있나요?",
          "question_wordNum": 5,
          "answer": "발산역 8번 출구, 세븐일레븐, 장모님밥상",
          "answer_wordNum": 5,
          "fact": [
            "양평해장국 강서마곡점,인접,발산역 8번 출구, 세븐일레븐, 장모님밥상"
          ]
        }
      ]
    },
    {
      "image_id": 2,
      "question": [
        {
          "question_id": 0,
          "question_type": "탐색",
          "question": "주차시설이 있는지 알 수 있나요?",
          "question_wordNum": 5,
          "answer": "있음",
          "answer_wordNum": 1,
          "fact": [
            "양평해장국 강서마곡점,주차시설,있음"
          ]
        },
        {
          "question_id": 1,
          "question_type": "정보",
          "question": "대표 메뉴가 무엇인가요?",
          "question_wordNum": 3,
          "answer": "소고기국밥, 황태해장국, 내장탕, 해내탕, 수육, 곱창전골, 내장볶음",
          "answer_wordNum": 7,
          "fact": [
            "양평해장국 강서마곡점,메뉴,소고기국밥, 황태해장국, 내장탕, 해내탕, 수육, 곱창전골, 내장볶음"
          ]
        },
        {
          "question_id": 2,
          "question_type": "정보",
          "question": "영업시간은 어떻게 되나요?",
          "question_wordNum": 3,
          "answer": "09:00~20:00/21:00",
          "answer_wordNum": 1,
          "fact": [
            "양평해장국 강서마곡점,영업시간,09:00~20:00/21:00"
          ]
        },
        {
          "question_id": 3,
          "question_type": "정보",
          "question": "연락처를 알 수 있나요?",
          "question_wordNum": 4,
          "answer": "0507-1340-0877",
          "answer_wordNum": 1,
          "fact": [
            "양평해장국 강서마곡점,연락처,0507-1340-0877"
          ]
        }
      ]
    },
    {
      "image_id": 3,
      "question": [
        {
          "question_id": 0,
          "question_type": "정보",
          "question": "대표 메뉴가 무엇인가요?",
          "question_wordNum": 3,
          "answer": "소고기국밥, 황태해장국, 내장탕, 해내탕, 수육, 곱창전골, 내장볶음",
          "answer_wordNum": 7,
          "fact": [
            "양평해장국 강서마곡점,메뉴,소고기국밥, 황태해장국, 내장탕, 해내탕, 수육, 곱창전골, 내장볶음"
          ]
        },
        {
          "question_id": 1,
          "question_type": "관계",
          "question": "이 곳에 인접한 시설이 있나요?",
          "question_wordNum": 5,
          "answer": "발산역 8번 출구, 세븐일레븐, 장모님밥상",
          "answer_wordNum": 5,
          "fact": [
            "양평해장국 강서마곡점,인접,발산역 8번 출구, 세븐일레븐, 장모님밥상"
          ]
        },
        {
          "question_id": 2,
          "question_type": "정보",
          "question": "휴무일을 알 수 있나요?",
          "question_wordNum": 4,
          "answer": "매주 토요일",
          "answer_wordNum": 2,
          "fact": [
            "양평해장국 강서마곡점,휴무일,매주 토요일"
          ]
        },
        {
          "question_id": 3,
          "question_type": "탐색",
          "question": "주차시설이 있는지 알 수 있나요?",
          "question_wordNum": 5,
          "answer": "있음",
          "answer_wordNum": 1,
          "fact": [
            "양평해장국 강서마곡점,주차시설,있음"
          ]
        }
      ]
    },
    {
      "image_id": 4,
      "question": [
        {
          "question_id": 0,
          "question_type": "정보",
          "question": "휴무일을 알 수 있나요?",
          "question_wordNum": 4,
          "answer": "매주 토요일",
          "answer_wordNum": 2,
          "fact": [
            "양평해장국 강서마곡점,휴무일,매주 토요일"
          ]
        },
        {
          "question_id": 1,
          "question_type": "관계",
          "question": "이 곳에 인접한 시설이 있나요?",
          "question_wordNum": 5,
          "answer": "발산역 8번 출구, 세븐일레븐, 장모님밥상",
          "answer_wordNum": 5,
          "fact": [
            "양평해장국 강서마곡점,인접,발산역 8번 출구, 세븐일레븐, 장모님밥상"
          ]
        },
        {
          "question_id": 2,
          "question_type": "정보",
          "question": "영업시간을 알 수 있나요?",
          "question_wordNum": 4,
          "answer": "09:00~20:00/21:00",
          "answer_wordNum": 1,
          "fact": [
            "양평해장국 강서마곡점,영업시간,09:00~20:00/21:00"
          ]
        },
        {
          "question_id": 3,
          "question_type": "정보",
          "question": "이 곳의 메뉴를 알 수 있나요?",
          "question_wordNum": 6,
          "answer": "소고기국밥, 황태해장국, 내장탕, 해내탕, 수육, 곱창전골, 내장볶음",
          "answer_wordNum": 7,
          "fact": [
            "양평해장국 강서마곡점,메뉴,소고기국밥, 황태해장국, 내장탕, 해내탕, 수육, 곱창전골, 내장볶음"
          ]
        }
      ]
    }
  ]
}