{
  "data": {
    "dataset": "2-083-219",
    "POI_id": "561752",
    "travelType": "음식점",
    "place": "동화마을잔칫날직영2호점",
    "area": "서울"
  },
  "imageInfo": [
    {
      "image_id": 0,
      "filename": "561752_0_su_5_동화마을잔칫날직영2호점_2_001.png",
      "mapx": 37.5511102446913,
      "mapy": 126.835762212279,
      "width": 3840,
      "height": 2160,
      "caption_info": [
        "동화마을잔칫날직영2호점(강서구)",
        "간판"
      ]
    },
    {
      "image_id": 1,
      "filename": "561752_0_su_5_동화마을잔칫날직영2호점_2_002.png",
      "mapx": 37.5511102446913,
      "mapy": 126.835762212279,
      "width": 3840,
      "height": 2160,
      "caption_info": [
        "동화마을잔칫날직영2호점(강서구)",
        "간판"
      ]
    },
    {
      "image_id": 2,
      "filename": "561752_0_su_5_동화마을잔칫날직영2호점_2_003.png",
      "mapx": 37.5511102446913,
      "mapy": 126.835762212279,
      "width": 3840,
      "height": 2160,
      "caption_info": [
        "동화마을잔칫날직영2호점(강서구)",
        "냅킨 "
      ]
    },
    {
      "image_id": 3,
      "filename": "561752_0_su_5_동화마을잔칫날직영2호점_2_004.png",
      "mapx": 37.5511102446913,
      "mapy": 126.835762212279,
      "width": 3840,
      "height": 2160,
      "caption_info": [
        "동화마을잔칫날직영2호점(강서구)",
        "메뉴판 "
      ]
    },
    {
      "image_id": 4,
      "filename": "561752_0_su_5_동화마을잔칫날직영2호점_2_005.png",
      "mapx": 37.5511102446913,
      "mapy": 126.835762212279,
      "width": 3840,
      "height": 2160,
      "caption_info": [
        "동화마을잔칫날직영2호점(강서구)",
        "국수 "
      ]
    }
  ],
  "annotations": [
    {
      "image_id": 0,
      "question": [
        {
          "question_id": 0,
          "question_type": "정보",
          "question": "영업시간을 알 수 있나요?",
          "question_wordNum": 4,
          "answer": "11:00~21:00",
          "answer_wordNum": 1,
          "fact": [
            "동화마을잔칫날직영2호점,영업시간,11:00~21:00"
          ]
        },
        {
          "question_id": 1,
          "question_type": "관계",
          "question": "이 곳에 인접한 시설이 있나요?",
          "question_wordNum": 5,
          "answer": "우장산역 4번 출구, 미스터피자, 마모루, 어클락",
          "answer_wordNum": 6,
          "fact": [
            "동화마을잔칫날직영2호점,인접,우장산역 4번 출구, 미스터피자, 마모루, 어클락"
          ]
        },
        {
          "question_id": 2,
          "question_type": "정보",
          "question": "휴무일은 어떻게 되나요?",
          "question_wordNum": 3,
          "answer": "매주 일요일",
          "answer_wordNum": 2,
          "fact": [
            "동화마을잔칫날직영2호점,휴무일,매주 일요일"
          ]
        },
        {
          "question_id": 3,
          "question_type": "정보",
          "question": "대표 메뉴가 무엇인가요?",
          "question_wordNum": 3,
          "answer": "가마솥잔치국수, 비빔국수",
          "answer_wordNum": 2,
          "fact": [
            "동화마을잔칫날직영2호점,메뉴,가마솥잔치국수, 비빔국수"
          ]
        }
      ]
    },
    {
      "image_id": 1,
      "question": [
        {
          "question_id": 0,
          "question_type": "정보",
          "question": "이 곳의 주소를 알 수 있나요?",
          "question_wordNum": 6,
          "answer": "서울 강서구 강서로47가길 33",
          "answer_wordNum": 4,
          "fact": [
            "동화마을잔칫날직영2호점,주소,서울 강서구 강서로47가길 33"
          ]
        },
        {
          "question_id": 1,
          "question_type": "정보",
          "question": "영업시간을 알 수 있나요?",
          "question_wordNum": 4,
          "answer": "11:00~21:00",
          "answer_wordNum": 1,
          "fact": [
            "동화마을잔칫날직영2호점,영업시간,11:00~21:00"
          ]
        },
        {
          "question_id": 2,
          "question_type": "탐색",
          "question": "주차시설이 있나요?",
          "question_wordNum": 2,
          "answer": "있음",
          "answer_wordNum": 1,
          "fact": [
            "동화마을잔칫날직영2호점,주차시설,있음"
          ]
        },
        {
          "question_id": 3,
          "question_type": "정보",
          "question": "휴무일을 알 수 있나요?",
          "question_wordNum": 4,
          "answer": "매주 일요일",
          "answer_wordNum": 2,
          "fact": [
            "동화마을잔칫날직영2호점,휴무일,매주 일요일"
          ]
        }
      ]
    },
    {
      "image_id": 2,
      "question": [
        {
          "question_id": 0,
          "question_type": "정보",
          "question": "영업시간을 알 수 있나요?",
          "question_wordNum": 4,
          "answer": "11:00~21:00",
          "answer_wordNum": 1,
          "fact": [
            "동화마을잔칫날직영2호점,영업시간,11:00~21:00"
          ]
        },
        {
          "question_id": 1,
          "question_type": "정보",
          "question": "이 곳의 메뉴를 알 수 있나요?",
          "question_wordNum": 6,
          "answer": "가마솥잔치국수, 비빔국수",
          "answer_wordNum": 2,
          "fact": [
            "동화마을잔칫날직영2호점,메뉴,가마솥잔치국수, 비빔국수"
          ]
        },
        {
          "question_id": 2,
          "question_type": "탐색",
          "question": "주차시설이 있나요?",
          "question_wordNum": 2,
          "answer": "있음",
          "answer_wordNum": 1,
          "fact": [
            "동화마을잔칫날직영2호점,주차시설,있음"
          ]
        },
        {
          "question_id": 3,
          "question_type": "정보",
          "question": "이 곳의 주소를 알 수 있나요?",
          "question_wordNum": 6,
          "answer": "서울 강서구 강서로47가길 33",
          "answer_wordNum": 4,
          "fact": [
            "동화마을잔칫날직영2호점,주소,서울 강서구 강서로47가길 33"
          ]
        }
      ]
    },
    {
      "image_id": 3,
      "question": [
        {
          "question_id": 0,
          "question_type": "관계",
          "question": "이 곳에 인접한 시설이 있나요?",
          "question_wordNum": 5,
          "answer": "우장산역 4번 출구, 미스터피자, 마모루, 어클락",
          "answer_wordNum": 6,
          "fact": [
            "동화마을잔칫날직영2호점,인접,우장산역 4번 출구, 미스터피자, 마모루, 어클락"
          ]
        },
        {
          "question_id": 1,
          "question_type": "탐색",
          "question": "주차시설이 있나요?",
          "question_wordNum": 2,
          "answer": "있음",
          "answer_wordNum": 1,
          "fact": [
            "동화마을잔칫날직영2호점,주차시설,있음"
          ]
        },
        {
          "question_id": 2,
          "question_type": "정보",
          "question": "영업시간을 알 수 있나요?",
          "question_wordNum": 4,
          "answer": "11:00~21:00",
          "answer_wordNum": 1,
          "fact": [
            "동화마을잔칫날직영2호점,영업시간,11:00~21:00"
          ]
        },
        {
          "question_id": 3,
          "question_type": "정보",
          "question": "이 곳의 주소를 알 수 있나요?",
          "question_wordNum": 6,
          "answer": "서울 강서구 강서로47가길 33",
          "answer_wordNum": 4,
          "fact": [
            "동화마을잔칫날직영2호점,주소,서울 강서구 강서로47가길 33"
          ]
        }
      ]
    },
    {
      "image_id": 4,
      "question": [
        {
          "question_id": 0,
          "question_type": "정보",
          "question": "영업시간을 알 수 있나요?",
          "question_wordNum": 4,
          "answer": "11:00~21:00",
          "answer_wordNum": 1,
          "fact": [
            "동화마을잔칫날직영2호점,영업시간,11:00~21:00"
          ]
        },
        {
          "question_id": 1,
          "question_type": "정보",
          "question": "연락처가 어떻게 되나요?",
          "question_wordNum": 3,
          "answer": "02-2665-8881",
          "answer_wordNum": 1,
          "fact": [
            "동화마을잔칫날직영2호점,연락처,02-2665-8881"
          ]
        },
        {
          "question_id": 2,
          "question_type": "정보",
          "question": "휴무일은 어떻게 되나요?",
          "question_wordNum": 3,
          "answer": "매주 일요일",
          "answer_wordNum": 2,
          "fact": [
            "동화마을잔칫날직영2호점,휴무일,매주 일요일"
          ]
        },
        {
          "question_id": 3,
          "question_type": "탐색",
          "question": "주차시설이 있는지 알 수 있나요?",
          "question_wordNum": 5,
          "answer": "있음",
          "answer_wordNum": 1,
          "fact": [
            "동화마을잔칫날직영2호점,주차시설,있음"
          ]
        }
      ]
    }
  ]
}