{
  "data": {
    "dataset": "2-083-219",
    "POI_id": "561682",
    "travelType": "음식점",
    "place": "우장회관",
    "area": "서울"
  },
  "imageInfo": [
    {
      "image_id": 0,
      "filename": "561682_0_su_5_우장회관_1_001.png",
      "mapx": 37.5481276695219,
      "mapy": 126.833572278793,
      "width": 3840,
      "height": 2160,
      "caption_info": [
        "우장회관(내발산동)",
        "간판, 의자, 여닫이문"
      ]
    },
    {
      "image_id": 1,
      "filename": "561682_0_su_5_우장회관_1_002.png",
      "mapx": 37.5481276695219,
      "mapy": 126.833572278793,
      "width": 3840,
      "height": 2160,
      "caption_info": [
        "우장회관(내발산동)",
        "간판, 여닫이문"
      ]
    },
    {
      "image_id": 2,
      "filename": "561682_0_su_5_우장회관_1_003.png",
      "mapx": 37.5481276695219,
      "mapy": 126.833572278793,
      "width": 3840,
      "height": 2160,
      "caption_info": [
        "우장회관(내발산동)",
        "테이블, 등받이의자, 에어컨"
      ]
    },
    {
      "image_id": 3,
      "filename": "561682_0_su_5_우장회관_1_004.png",
      "mapx": 37.5481276695219,
      "mapy": 126.833572278793,
      "width": 3840,
      "height": 2160,
      "caption_info": [
        "우장회관(내발산동)",
        "메뉴판"
      ]
    },
    {
      "image_id": 4,
      "filename": "561682_0_su_5_우장회관_1_005.png",
      "mapx": 37.5481276695219,
      "mapy": 126.833572278793,
      "width": 3840,
      "height": 2160,
      "caption_info": [
        "우장회관(내발산동)",
        "냉동삼겹살"
      ]
    }
  ],
  "annotations": [
    {
      "image_id": 0,
      "question": [
        {
          "question_id": 0,
          "question_type": "정보",
          "question": "이 곳의 주소는 어떻게 되나요?",
          "question_wordNum": 5,
          "answer": "서울 강서구 강서로45길 46",
          "answer_wordNum": 4,
          "fact": [
            "우장회관,주소,서울 강서구 강서로45길 46"
          ]
        },
        {
          "question_id": 1,
          "question_type": "정보",
          "question": "영업시간은 어떻게 되나요?",
          "question_wordNum": 3,
          "answer": "11:00/15:00~23:00",
          "answer_wordNum": 1,
          "fact": [
            "우장회관,영업시간,11:00/15:00~23:00"
          ]
        },
        {
          "question_id": 2,
          "question_type": "탐색",
          "question": "주차시설이 있나요?",
          "question_wordNum": 2,
          "answer": "있음",
          "answer_wordNum": 1,
          "fact": [
            "우장회관,주차시설,있음"
          ]
        },
        {
          "question_id": 3,
          "question_type": "정보",
          "question": "연락처가 어떻게 되나요?",
          "question_wordNum": 3,
          "answer": "02-2602-3392",
          "answer_wordNum": 1,
          "fact": [
            "우장회관,연락처,02-2602-3392"
          ]
        }
      ]
    },
    {
      "image_id": 1,
      "question": [
        {
          "question_id": 0,
          "question_type": "관계",
          "question": "이 곳에 인접한 시설이 있나요?",
          "question_wordNum": 5,
          "answer": "우장산역 3번 출구, 화곡중학교, CU, 프랭크버거",
          "answer_wordNum": 6,
          "fact": [
            "우장회관,인접,우장산역 3번 출구, 화곡중학교, CU, 프랭크버거"
          ]
        },
        {
          "question_id": 1,
          "question_type": "정보",
          "question": "이 곳의 주소는 어떻게 되나요?",
          "question_wordNum": 5,
          "answer": "서울 강서구 강서로45길 46",
          "answer_wordNum": 4,
          "fact": [
            "우장회관,주소,서울 강서구 강서로45길 46"
          ]
        },
        {
          "question_id": 2,
          "question_type": "탐색",
          "question": "주차시설이 있나요?",
          "question_wordNum": 2,
          "answer": "있음",
          "answer_wordNum": 1,
          "fact": [
            "우장회관,주차시설,있음"
          ]
        },
        {
          "question_id": 3,
          "question_type": "정보",
          "question": "휴무일을 알 수 있나요?",
          "question_wordNum": 4,
          "answer": "알수없음",
          "answer_wordNum": 1,
          "fact": [
            "우장회관,휴무일,알수없음"
          ]
        }
      ]
    },
    {
      "image_id": 2,
      "question": [
        {
          "question_id": 0,
          "question_type": "정보",
          "question": "이 곳의 주요 메뉴는 무엇이 있나요?",
          "question_wordNum": 6,
          "answer": "냉동삼겹살, 숙성삼겹살",
          "answer_wordNum": 2,
          "fact": [
            "우장회관,메뉴,냉동삼겹살, 숙성삼겹살"
          ]
        },
        {
          "question_id": 1,
          "question_type": "정보",
          "question": "연락처가 어떻게 되나요?",
          "question_wordNum": 3,
          "answer": "02-2602-3392",
          "answer_wordNum": 1,
          "fact": [
            "우장회관,연락처,02-2602-3392"
          ]
        },
        {
          "question_id": 2,
          "question_type": "정보",
          "question": "이 곳의 주소는 어떻게 되나요?",
          "question_wordNum": 5,
          "answer": "서울 강서구 강서로45길 46",
          "answer_wordNum": 4,
          "fact": [
            "우장회관,주소,서울 강서구 강서로45길 46"
          ]
        },
        {
          "question_id": 3,
          "question_type": "관계",
          "question": "이 곳에 인접한 시설이 있나요?",
          "question_wordNum": 5,
          "answer": "우장산역 3번 출구, 화곡중학교, CU, 프랭크버거",
          "answer_wordNum": 6,
          "fact": [
            "우장회관,인접,우장산역 3번 출구, 화곡중학교, CU, 프랭크버거"
          ]
        }
      ]
    },
    {
      "image_id": 3,
      "question": [
        {
          "question_id": 0,
          "question_type": "정보",
          "question": "이 곳의 주소는 어떻게 되나요?",
          "question_wordNum": 5,
          "answer": "서울 강서구 강서로45길 46",
          "answer_wordNum": 4,
          "fact": [
            "우장회관,주소,서울 강서구 강서로45길 46"
          ]
        },
        {
          "question_id": 1,
          "question_type": "관계",
          "question": "이 곳에 인접한 시설이 있나요?",
          "question_wordNum": 5,
          "answer": "우장산역 3번 출구, 화곡중학교, CU, 프랭크버거",
          "answer_wordNum": 6,
          "fact": [
            "우장회관,인접,우장산역 3번 출구, 화곡중학교, CU, 프랭크버거"
          ]
        },
        {
          "question_id": 2,
          "question_type": "탐색",
          "question": "주차시설이 있나요?",
          "question_wordNum": 2,
          "answer": "있음",
          "answer_wordNum": 1,
          "fact": [
            "우장회관,주차시설,있음"
          ]
        },
        {
          "question_id": 3,
          "question_type": "정보",
          "question": "연락처가 어떻게 되나요?",
          "question_wordNum": 3,
          "answer": "02-2602-3392",
          "answer_wordNum": 1,
          "fact": [
            "우장회관,연락처,02-2602-3392"
          ]
        }
      ]
    },
    {
      "image_id": 4,
      "question": [
        {
          "question_id": 0,
          "question_type": "정보",
          "question": "연락처가 어떻게 되나요?",
          "question_wordNum": 3,
          "answer": "02-2602-3392",
          "answer_wordNum": 1,
          "fact": [
            "우장회관,연락처,02-2602-3392"
          ]
        },
        {
          "question_id": 1,
          "question_type": "정보",
          "question": "휴무일을 알 수 있나요?",
          "question_wordNum": 4,
          "answer": "알수없음",
          "answer_wordNum": 1,
          "fact": [
            "우장회관,휴무일,알수없음"
          ]
        },
        {
          "question_id": 2,
          "question_type": "정보",
          "question": "이 곳의 대표적인 메뉴는 무엇이 있나요?",
          "question_wordNum": 6,
          "answer": "냉동삼겹살, 숙성삼겹살",
          "answer_wordNum": 2,
          "fact": [
            "우장회관,메뉴,냉동삼겹살, 숙성삼겹살"
          ]
        },
        {
          "question_id": 3,
          "question_type": "정보",
          "question": "이 곳의 주소는 어떻게 되나요?",
          "question_wordNum": 5,
          "answer": "서울 강서구 강서로45길 46",
          "answer_wordNum": 4,
          "fact": [
            "우장회관,주소,서울 강서구 강서로45길 46"
          ]
        }
      ]
    }
  ]
}