{
  "data": {
    "dataset": "2-083-219",
    "POI_id": "561565",
    "travelType": "음식점",
    "place": "탐라포차 마곡점",
    "area": "서울"
  },
  "imageInfo": [
    {
      "image_id": 0,
      "filename": "561565_0_su_5_탐라포차 마곡점_1_001.png",
      "mapx": 37.5598184721733,
      "mapy": 126.83524805093,
      "width": 3840,
      "height": 2160,
      "caption_info": [
        "탐라포차 마곡점(강서구)",
        "입간판 "
      ]
    },
    {
      "image_id": 1,
      "filename": "561565_0_su_5_탐라포차 마곡점_1_002.png",
      "mapx": 37.5598184721733,
      "mapy": 126.83524805093,
      "width": 3840,
      "height": 2160,
      "caption_info": [
        "탐라포차 마곡점(강서구)",
        "간판"
      ]
    },
    {
      "image_id": 2,
      "filename": "561565_0_su_5_탐라포차 마곡점_1_003.png",
      "mapx": 37.5598184721733,
      "mapy": 126.83524805093,
      "width": 3840,
      "height": 2160,
      "caption_info": [
        "탐라포차 마곡점(강서구)",
        "등받이 의자"
      ]
    },
    {
      "image_id": 3,
      "filename": "561565_0_su_5_탐라포차 마곡점_1_004.png",
      "mapx": 37.5598184721733,
      "mapy": 126.83524805093,
      "width": 3840,
      "height": 2160,
      "caption_info": [
        "탐라포차 마곡점(강서구)",
        "메뉴판 "
      ]
    },
    {
      "image_id": 4,
      "filename": "561565_0_su_5_탐라포차 마곡점_1_005.png",
      "mapx": 37.5598184721733,
      "mapy": 126.83524805093,
      "width": 3840,
      "height": 2160,
      "caption_info": [
        "탐라포차 마곡점(강서구)",
        "새우 "
      ]
    }
  ],
  "annotations": [
    {
      "image_id": 0,
      "question": [
        {
          "question_id": 0,
          "question_type": "탐색",
          "question": "주차시설이 있나요?",
          "question_wordNum": 2,
          "answer": "있음",
          "answer_wordNum": 1,
          "fact": [
            "탐라포차 마곡점,주차시설,있음"
          ]
        },
        {
          "question_id": 1,
          "question_type": "관계",
          "question": "이 곳에 인접한 시설을 알 수 있나요?",
          "question_wordNum": 7,
          "answer": "발산역 9번 출구, CU, 곱창시대",
          "answer_wordNum": 5,
          "fact": [
            "탐라포차 마곡점,인접,발산역 9번 출구, CU, 곱창시대"
          ]
        },
        {
          "question_id": 2,
          "question_type": "정보",
          "question": "영업시간은 어떻게 되나요?",
          "question_wordNum": 3,
          "answer": "17:00~02:00/04:00",
          "answer_wordNum": 1,
          "fact": [
            "탐라포차 마곡점,영업시간,17:00~02:00/04:00"
          ]
        },
        {
          "question_id": 3,
          "question_type": "정보",
          "question": "휴무일은 어떻게 되나요?",
          "question_wordNum": 3,
          "answer": "알수없음",
          "answer_wordNum": 1,
          "fact": [
            "탐라포차 마곡점,휴무일,알수없음"
          ]
        }
      ]
    },
    {
      "image_id": 1,
      "question": [
        {
          "question_id": 0,
          "question_type": "탐색",
          "question": "주차시설이 있나요?",
          "question_wordNum": 2,
          "answer": "있음",
          "answer_wordNum": 1,
          "fact": [
            "탐라포차 마곡점,주차시설,있음"
          ]
        },
        {
          "question_id": 1,
          "question_type": "정보",
          "question": "대표 메뉴가 무엇인가요?",
          "question_wordNum": 3,
          "answer": "올레시장 모닥치기, 해물 로제뽕",
          "answer_wordNum": 4,
          "fact": [
            "탐라포차 마곡점,메뉴,올레시장 모닥치기, 해물 로제뽕"
          ]
        },
        {
          "question_id": 2,
          "question_type": "정보",
          "question": "영업시간을 알 수 있나요?",
          "question_wordNum": 4,
          "answer": "17:00~02:00/04:00",
          "answer_wordNum": 1,
          "fact": [
            "탐라포차 마곡점,영업시간,17:00~02:00/04:00"
          ]
        },
        {
          "question_id": 3,
          "question_type": "정보",
          "question": "이 곳의 주소는 어떻게 되나요?",
          "question_wordNum": 5,
          "answer": "서울 강서구 마곡동로4길 15",
          "answer_wordNum": 4,
          "fact": [
            "탐라포차 마곡점,주소,서울 강서구 마곡동로4길 15"
          ]
        }
      ]
    },
    {
      "image_id": 2,
      "question": [
        {
          "question_id": 0,
          "question_type": "정보",
          "question": "영업시간은 어떻게 되나요?",
          "question_wordNum": 3,
          "answer": "17:00~02:00/04:00",
          "answer_wordNum": 1,
          "fact": [
            "탐라포차 마곡점,영업시간,17:00~02:00/04:00"
          ]
        },
        {
          "question_id": 1,
          "question_type": "정보",
          "question": "연락처가 어떻게 되나요?",
          "question_wordNum": 3,
          "answer": "0507-1405-7801",
          "answer_wordNum": 1,
          "fact": [
            "탐라포차 마곡점,연락처,0507-1405-7801"
          ]
        },
        {
          "question_id": 2,
          "question_type": "정보",
          "question": "이 곳의 메뉴를 알 수 있나요?",
          "question_wordNum": 6,
          "answer": "올레시장 모닥치기, 해물 로제뽕",
          "answer_wordNum": 4,
          "fact": [
            "탐라포차 마곡점,메뉴,올레시장 모닥치기, 해물 로제뽕"
          ]
        },
        {
          "question_id": 3,
          "question_type": "정보",
          "question": "휴무일을 알 수 있나요?",
          "question_wordNum": 4,
          "answer": "알수없음",
          "answer_wordNum": 1,
          "fact": [
            "탐라포차 마곡점,휴무일,알수없음"
          ]
        }
      ]
    },
    {
      "image_id": 3,
      "question": [
        {
          "question_id": 0,
          "question_type": "관계",
          "question": "이 곳에 인접한 시설을 알 수 있나요?",
          "question_wordNum": 7,
          "answer": "발산역 9번 출구, CU, 곱창시대",
          "answer_wordNum": 5,
          "fact": [
            "탐라포차 마곡점,인접,발산역 9번 출구, CU, 곱창시대"
          ]
        },
        {
          "question_id": 1,
          "question_type": "정보",
          "question": "연락처가 어떻게 되나요?",
          "question_wordNum": 3,
          "answer": "0507-1405-7801",
          "answer_wordNum": 1,
          "fact": [
            "탐라포차 마곡점,연락처,0507-1405-7801"
          ]
        },
        {
          "question_id": 2,
          "question_type": "탐색",
          "question": "주차시설이 있나요?",
          "question_wordNum": 2,
          "answer": "있음",
          "answer_wordNum": 1,
          "fact": [
            "탐라포차 마곡점,주차시설,있음"
          ]
        },
        {
          "question_id": 3,
          "question_type": "정보",
          "question": "이 곳의 메뉴를 알 수 있나요?",
          "question_wordNum": 6,
          "answer": "올레시장 모닥치기, 해물 로제뽕",
          "answer_wordNum": 4,
          "fact": [
            "탐라포차 마곡점,메뉴,올레시장 모닥치기, 해물 로제뽕"
          ]
        }
      ]
    },
    {
      "image_id": 4,
      "question": [
        {
          "question_id": 0,
          "question_type": "관계",
          "question": "이 곳에 인접한 시설을 알 수 있나요?",
          "question_wordNum": 7,
          "answer": "발산역 9번 출구, CU, 곱창시대",
          "answer_wordNum": 5,
          "fact": [
            "탐라포차 마곡점,인접,발산역 9번 출구, CU, 곱창시대"
          ]
        },
        {
          "question_id": 1,
          "question_type": "정보",
          "question": "대표 메뉴가 무엇인가요?",
          "question_wordNum": 3,
          "answer": "올레시장 모닥치기, 해물 로제뽕",
          "answer_wordNum": 4,
          "fact": [
            "탐라포차 마곡점,메뉴,올레시장 모닥치기, 해물 로제뽕"
          ]
        },
        {
          "question_id": 2,
          "question_type": "정보",
          "question": "연락처를 알 수 있나요?",
          "question_wordNum": 4,
          "answer": "0507-1405-7801",
          "answer_wordNum": 1,
          "fact": [
            "탐라포차 마곡점,연락처,0507-1405-7801"
          ]
        },
        {
          "question_id": 3,
          "question_type": "정보",
          "question": "휴무일은 어떻게 되나요?",
          "question_wordNum": 3,
          "answer": "알수없음",
          "answer_wordNum": 1,
          "fact": [
            "탐라포차 마곡점,휴무일,알수없음"
          ]
        }
      ]
    }
  ]
}