{
  "data": {
    "dataset": "2-083-219",
    "POI_id": "561611",
    "travelType": "음식점",
    "place": "도쿄파스타",
    "area": "서울"
  },
  "imageInfo": [
    {
      "image_id": 0,
      "filename": "561611_0_su_5_도쿄파스타_1_001.png",
      "mapx": 37.5600926354663,
      "mapy": 126.838304106686,
      "width": 3840,
      "height": 2160,
      "caption_info": [
        "도쿄파스타(강서구)",
        "간판"
      ]
    },
    {
      "image_id": 1,
      "filename": "561611_0_su_5_도쿄파스타_1_002.png",
      "mapx": 37.5600926354663,
      "mapy": 126.838304106686,
      "width": 3840,
      "height": 2160,
      "caption_info": [
        "도쿄파스타(강서구)",
        "간판"
      ]
    },
    {
      "image_id": 2,
      "filename": "561611_0_su_5_도쿄파스타_1_003.png",
      "mapx": 37.5600926354663,
      "mapy": 126.838304106686,
      "width": 3840,
      "height": 2160,
      "caption_info": [
        "도쿄파스타(강서구)",
        "텀블러 "
      ]
    },
    {
      "image_id": 3,
      "filename": "561611_0_su_5_도쿄파스타_1_004.png",
      "mapx": 37.5600926354663,
      "mapy": 126.838304106686,
      "width": 3840,
      "height": 2160,
      "caption_info": [
        "도쿄파스타(강서구)",
        "주문확인서 "
      ]
    },
    {
      "image_id": 4,
      "filename": "561611_0_su_5_도쿄파스타_1_005.png",
      "mapx": 37.5600926354663,
      "mapy": 126.838304106686,
      "width": 3840,
      "height": 2160,
      "caption_info": [
        "도쿄파스타(강서구)",
        "파스타 "
      ]
    }
  ],
  "annotations": [
    {
      "image_id": 0,
      "question": [
        {
          "question_id": 0,
          "question_type": "정보",
          "question": "대표 메뉴가 무엇인가요?",
          "question_wordNum": 3,
          "answer": "크림파스타, 명란까르보나라",
          "answer_wordNum": 2,
          "fact": [
            "도쿄파스타,메뉴,크림파스타, 명란까르보나라"
          ]
        },
        {
          "question_id": 1,
          "question_type": "정보",
          "question": "연락처를 알 수 있나요?",
          "question_wordNum": 4,
          "answer": "02-3663-6787",
          "answer_wordNum": 1,
          "fact": [
            "도쿄파스타,연락처,02-3663-6787"
          ]
        },
        {
          "question_id": 2,
          "question_type": "탐색",
          "question": "주차시설이 있나요?",
          "question_wordNum": 2,
          "answer": "있음",
          "answer_wordNum": 1,
          "fact": [
            "도쿄파스타,주차시설,있음"
          ]
        },
        {
          "question_id": 3,
          "question_type": "정보",
          "question": "휴무일을 알 수 있나요?",
          "question_wordNum": 4,
          "answer": "매주 월요일",
          "answer_wordNum": 2,
          "fact": [
            "도쿄파스타,휴무일,매주 월요일"
          ]
        }
      ]
    },
    {
      "image_id": 1,
      "question": [
        {
          "question_id": 0,
          "question_type": "정보",
          "question": "휴무일은 어떻게 되나요?",
          "question_wordNum": 3,
          "answer": "매주 월요일",
          "answer_wordNum": 2,
          "fact": [
            "도쿄파스타,휴무일,매주 월요일"
          ]
        },
        {
          "question_id": 1,
          "question_type": "정보",
          "question": "영업시간은 어떻게 되나요?",
          "question_wordNum": 3,
          "answer": "11:00~22:00",
          "answer_wordNum": 1,
          "fact": [
            "도쿄파스타,영업시간,11:00~22:00"
          ]
        },
        {
          "question_id": 2,
          "question_type": "정보",
          "question": "연락처가 어떻게 되나요?",
          "question_wordNum": 3,
          "answer": "02-3663-6787",
          "answer_wordNum": 1,
          "fact": [
            "도쿄파스타,연락처,02-3663-6787"
          ]
        },
        {
          "question_id": 3,
          "question_type": "탐색",
          "question": "주차시설이 있는지 알 수 있나요?",
          "question_wordNum": 5,
          "answer": "있음",
          "answer_wordNum": 1,
          "fact": [
            "도쿄파스타,주차시설,있음"
          ]
        }
      ]
    },
    {
      "image_id": 2,
      "question": [
        {
          "question_id": 0,
          "question_type": "정보",
          "question": "대표 메뉴가 무엇인가요?",
          "question_wordNum": 3,
          "answer": "크림파스타, 명란까르보나라",
          "answer_wordNum": 2,
          "fact": [
            "도쿄파스타,메뉴,크림파스타, 명란까르보나라"
          ]
        },
        {
          "question_id": 1,
          "question_type": "탐색",
          "question": "주차시설이 있나요?",
          "question_wordNum": 2,
          "answer": "있음",
          "answer_wordNum": 1,
          "fact": [
            "도쿄파스타,주차시설,있음"
          ]
        },
        {
          "question_id": 2,
          "question_type": "정보",
          "question": "영업시간은 어떻게 되나요?",
          "question_wordNum": 3,
          "answer": "11:00~22:00",
          "answer_wordNum": 1,
          "fact": [
            "도쿄파스타,영업시간,11:00~22:00"
          ]
        },
        {
          "question_id": 3,
          "question_type": "정보",
          "question": "연락처를 알 수 있나요?",
          "question_wordNum": 4,
          "answer": "02-3663-6787",
          "answer_wordNum": 1,
          "fact": [
            "도쿄파스타,연락처,02-3663-6787"
          ]
        }
      ]
    },
    {
      "image_id": 3,
      "question": [
        {
          "question_id": 0,
          "question_type": "정보",
          "question": "이 곳의 주소는 어떻게 되나요?",
          "question_wordNum": 5,
          "answer": "서울 강서구 강서로 385",
          "answer_wordNum": 4,
          "fact": [
            "도쿄파스타,주소,서울 강서구 강서로 385"
          ]
        },
        {
          "question_id": 1,
          "question_type": "정보",
          "question": "연락처가 어떻게 되나요?",
          "question_wordNum": 3,
          "answer": "02-3663-6787",
          "answer_wordNum": 1,
          "fact": [
            "도쿄파스타,연락처,02-3663-6787"
          ]
        },
        {
          "question_id": 2,
          "question_type": "탐색",
          "question": "주차시설이 있는지 알 수 있나요?",
          "question_wordNum": 5,
          "answer": "있음",
          "answer_wordNum": 1,
          "fact": [
            "도쿄파스타,주차시설,있음"
          ]
        },
        {
          "question_id": 3,
          "question_type": "정보",
          "question": "대표 메뉴가 무엇인가요?",
          "question_wordNum": 3,
          "answer": "크림파스타, 명란까르보나라",
          "answer_wordNum": 2,
          "fact": [
            "도쿄파스타,메뉴,크림파스타, 명란까르보나라"
          ]
        }
      ]
    },
    {
      "image_id": 4,
      "question": [
        {
          "question_id": 0,
          "question_type": "관계",
          "question": "이 곳에 인접한 시설을 알 수 있나요?",
          "question_wordNum": 7,
          "answer": "발산역 2번 출구, KB국민은행, 이삭토스트, 명동찌개마을",
          "answer_wordNum": 6,
          "fact": [
            "도쿄파스타,인접,발산역 2번 출구, KB국민은행, 이삭토스트, 명동찌개마을"
          ]
        },
        {
          "question_id": 1,
          "question_type": "정보",
          "question": "이 곳의 메뉴를 알 수 있나요?",
          "question_wordNum": 6,
          "answer": "크림파스타, 명란까르보나라",
          "answer_wordNum": 2,
          "fact": [
            "도쿄파스타,메뉴,크림파스타, 명란까르보나라"
          ]
        },
        {
          "question_id": 2,
          "question_type": "정보",
          "question": "휴무일을 알 수 있나요?",
          "question_wordNum": 4,
          "answer": "매주 월요일",
          "answer_wordNum": 2,
          "fact": [
            "도쿄파스타,휴무일,매주 월요일"
          ]
        },
        {
          "question_id": 3,
          "question_type": "정보",
          "question": "연락처를 알 수 있나요?",
          "question_wordNum": 4,
          "answer": "02-3663-6787",
          "answer_wordNum": 1,
          "fact": [
            "도쿄파스타,연락처,02-3663-6787"
          ]
        }
      ]
    }
  ]
}