{
  "data": {
    "dataset": "2-083-219",
    "POI_id": "561540",
    "travelType": "음식점",
    "place": "마린셰프 ",
    "area": "서울"
  },
  "imageInfo": [
    {
      "image_id": 0,
      "filename": "561540_0_su_5_마린셰프 _1_001.png",
      "mapx": 37.5680890965874,
      "mapy": 126.825424095847,
      "width": 3840,
      "height": 2160,
      "caption_info": [
        "마린셰프(강서구) ",
        "간판"
      ]
    },
    {
      "image_id": 1,
      "filename": "561540_0_su_5_마린셰프 _1_002.png",
      "mapx": 37.5680890965874,
      "mapy": 126.825424095847,
      "width": 3840,
      "height": 2160,
      "caption_info": [
        "마린셰프(강서구) ",
        "간판"
      ]
    },
    {
      "image_id": 2,
      "filename": "561540_0_su_5_마린셰프 _1_003.png",
      "mapx": 37.5680890965874,
      "mapy": 126.825424095847,
      "width": 3840,
      "height": 2160,
      "caption_info": [
        "마린셰프(강서구) ",
        "사각 테이블"
      ]
    },
    {
      "image_id": 3,
      "filename": "561540_0_su_5_마린셰프 _1_004.png",
      "mapx": 37.5680890965874,
      "mapy": 126.825424095847,
      "width": 3840,
      "height": 2160,
      "caption_info": [
        "마린셰프(강서구) ",
        "메뉴판 "
      ]
    },
    {
      "image_id": 4,
      "filename": "561540_0_su_5_마린셰프 _1_005.png",
      "mapx": 37.5680890965874,
      "mapy": 126.825424095847,
      "width": 3840,
      "height": 2160,
      "caption_info": [
        "마린셰프(강서구) ",
        "파스타 "
      ]
    }
  ],
  "annotations": [
    {
      "image_id": 0,
      "question": [
        {
          "question_id": 0,
          "question_type": "정보",
          "question": "영업시간은 어떻게 되나요?",
          "question_wordNum": 3,
          "answer": "17:00~01:00",
          "answer_wordNum": 1,
          "fact": [
            "마린셰프,영업시간,17:00~01:00"
          ]
        },
        {
          "question_id": 1,
          "question_type": "탐색",
          "question": "주차시설이 있나요?",
          "question_wordNum": 2,
          "answer": "있음",
          "answer_wordNum": 1,
          "fact": [
            "마린셰프,주차시설,있음"
          ]
        },
        {
          "question_id": 2,
          "question_type": "정보",
          "question": "대표 메뉴가 무엇인가요?",
          "question_wordNum": 3,
          "answer": "신선한 바다 한접시, 이태리 어부의 산더미 해물 파스타",
          "answer_wordNum": 8,
          "fact": [
            "마린셰프,메뉴,신선한 바다 한접시, 이태리 어부의 산더미 해물 파스타"
          ]
        },
        {
          "question_id": 3,
          "question_type": "관계",
          "question": "이 곳에 인접한 시설이 있나요?",
          "question_wordNum": 5,
          "answer": "마곡나루역 1번 출구, 집밥생각, 몽키마루",
          "answer_wordNum": 5,
          "fact": [
            "마린셰프,인접,마곡나루역 1번 출구, 집밥생각, 몽키마루"
          ]
        }
      ]
    },
    {
      "image_id": 1,
      "question": [
        {
          "question_id": 0,
          "question_type": "정보",
          "question": "영업시간을 알 수 있나요?",
          "question_wordNum": 4,
          "answer": "17:00~01:00",
          "answer_wordNum": 1,
          "fact": [
            "마린셰프,영업시간,17:00~01:00"
          ]
        },
        {
          "question_id": 1,
          "question_type": "정보",
          "question": "이 곳의 주소는 어떻게 되나요?",
          "question_wordNum": 5,
          "answer": "서울 강서구 마곡서로 158",
          "answer_wordNum": 4,
          "fact": [
            "마린셰프,주소,서울 강서구 마곡서로 158"
          ]
        },
        {
          "question_id": 2,
          "question_type": "정보",
          "question": "이 곳의 메뉴를 알 수 있나요?",
          "question_wordNum": 6,
          "answer": "신선한 바다 한접시, 이태리 어부의 산더미 해물 파스타",
          "answer_wordNum": 8,
          "fact": [
            "마린셰프,메뉴,신선한 바다 한접시, 이태리 어부의 산더미 해물 파스타"
          ]
        },
        {
          "question_id": 3,
          "question_type": "탐색",
          "question": "주차시설이 있는지 알 수 있나요?",
          "question_wordNum": 5,
          "answer": "있음",
          "answer_wordNum": 1,
          "fact": [
            "마린셰프,주차시설,있음"
          ]
        }
      ]
    },
    {
      "image_id": 2,
      "question": [
        {
          "question_id": 0,
          "question_type": "관계",
          "question": "이 곳에 인접한 시설이 있나요?",
          "question_wordNum": 5,
          "answer": "마곡나루역 1번 출구, 집밥생각, 몽키마루",
          "answer_wordNum": 5,
          "fact": [
            "마린셰프,인접,마곡나루역 1번 출구, 집밥생각, 몽키마루"
          ]
        },
        {
          "question_id": 1,
          "question_type": "정보",
          "question": "영업시간은 어떻게 되나요?",
          "question_wordNum": 3,
          "answer": "17:00~01:00",
          "answer_wordNum": 1,
          "fact": [
            "마린셰프,영업시간,17:00~01:00"
          ]
        },
        {
          "question_id": 2,
          "question_type": "정보",
          "question": "이 곳의 메뉴를 알 수 있나요?",
          "question_wordNum": 6,
          "answer": "신선한 바다 한접시, 이태리 어부의 산더미 해물 파스타",
          "answer_wordNum": 8,
          "fact": [
            "마린셰프,메뉴,신선한 바다 한접시, 이태리 어부의 산더미 해물 파스타"
          ]
        },
        {
          "question_id": 3,
          "question_type": "정보",
          "question": "휴무일을 알 수 있나요?",
          "question_wordNum": 4,
          "answer": "매주 일요일",
          "answer_wordNum": 2,
          "fact": [
            "마린셰프,휴무일,매주 일요일"
          ]
        }
      ]
    },
    {
      "image_id": 3,
      "question": [
        {
          "question_id": 0,
          "question_type": "관계",
          "question": "이 곳에 인접한 시설을 알 수 있나요?",
          "question_wordNum": 7,
          "answer": "마곡나루역 1번 출구, 집밥생각, 몽키마루",
          "answer_wordNum": 5,
          "fact": [
            "마린셰프,인접,마곡나루역 1번 출구, 집밥생각, 몽키마루"
          ]
        },
        {
          "question_id": 1,
          "question_type": "정보",
          "question": "대표 메뉴가 무엇인가요?",
          "question_wordNum": 3,
          "answer": "신선한 바다 한접시, 이태리 어부의 산더미 해물 파스타",
          "answer_wordNum": 8,
          "fact": [
            "마린셰프,메뉴,신선한 바다 한접시, 이태리 어부의 산더미 해물 파스타"
          ]
        },
        {
          "question_id": 2,
          "question_type": "정보",
          "question": "휴무일을 알 수 있나요?",
          "question_wordNum": 4,
          "answer": "매주 일요일",
          "answer_wordNum": 2,
          "fact": [
            "마린셰프,휴무일,매주 일요일"
          ]
        },
        {
          "question_id": 3,
          "question_type": "정보",
          "question": "이 곳의 주소를 알 수 있나요?",
          "question_wordNum": 6,
          "answer": "서울 강서구 마곡서로 158",
          "answer_wordNum": 4,
          "fact": [
            "마린셰프,주소,서울 강서구 마곡서로 158"
          ]
        }
      ]
    },
    {
      "image_id": 4,
      "question": [
        {
          "question_id": 0,
          "question_type": "정보",
          "question": "이 곳의 주소는 어떻게 되나요?",
          "question_wordNum": 5,
          "answer": "서울 강서구 마곡서로 158",
          "answer_wordNum": 4,
          "fact": [
            "마린셰프,주소,서울 강서구 마곡서로 158"
          ]
        },
        {
          "question_id": 1,
          "question_type": "정보",
          "question": "이 곳의 메뉴를 알 수 있나요?",
          "question_wordNum": 6,
          "answer": "신선한 바다 한접시, 이태리 어부의 산더미 해물 파스타",
          "answer_wordNum": 8,
          "fact": [
            "마린셰프,메뉴,신선한 바다 한접시, 이태리 어부의 산더미 해물 파스타"
          ]
        },
        {
          "question_id": 2,
          "question_type": "정보",
          "question": "영업시간은 어떻게 되나요?",
          "question_wordNum": 3,
          "answer": "17:00~01:00",
          "answer_wordNum": 1,
          "fact": [
            "마린셰프,영업시간,17:00~01:00"
          ]
        },
        {
          "question_id": 3,
          "question_type": "탐색",
          "question": "주차시설이 있는지 알 수 있나요?",
          "question_wordNum": 5,
          "answer": "있음",
          "answer_wordNum": 1,
          "fact": [
            "마린셰프,주차시설,있음"
          ]
        }
      ]
    }
  ]
}