{
  "data": {
    "dataset": "2-083-219",
    "POI_id": "561685",
    "travelType": "음식점",
    "place": "초가집부뚜막청국장 ",
    "area": "서울"
  },
  "imageInfo": [
    {
      "image_id": 0,
      "filename": "561685_0_su_5_초가집부뚜막청국장 _3_001.png",
      "mapx": 37.5499605952374,
      "mapy": 126.835973411049,
      "width": 3840,
      "height": 2160,
      "caption_info": [
        "초가집부뚜막청국장(내발산동)",
        "간판, 자동문"
      ]
    },
    {
      "image_id": 1,
      "filename": "561685_0_su_5_초가집부뚜막청국장 _3_002.png",
      "mapx": 37.5499605952374,
      "mapy": 126.835973411049,
      "width": 3840,
      "height": 2160,
      "caption_info": [
        "초가집부뚜막청국장(내발산동)",
        "간판, 등받이의자"
      ]
    },
    {
      "image_id": 2,
      "filename": "561685_0_su_5_초가집부뚜막청국장 _3_003.png",
      "mapx": 37.5499605952374,
      "mapy": 126.835973411049,
      "width": 3840,
      "height": 2160,
      "caption_info": [
        "초가집부뚜막청국장(내발산동)",
        "테이블, 등받이의자"
      ]
    },
    {
      "image_id": 3,
      "filename": "561685_0_su_5_초가집부뚜막청국장 _3_004.png",
      "mapx": 37.5499605952374,
      "mapy": 126.835973411049,
      "width": 3840,
      "height": 2160,
      "caption_info": [
        "초가집부뚜막청국장(내발산동)",
        "메뉴판"
      ]
    },
    {
      "image_id": 4,
      "filename": "561685_0_su_5_초가집부뚜막청국장 _3_005.png",
      "mapx": 37.5499605952374,
      "mapy": 126.835973411049,
      "width": 3840,
      "height": 2160,
      "caption_info": [
        "초가집부뚜막청국장(내발산동)",
        "찌개"
      ]
    }
  ],
  "annotations": [
    {
      "image_id": 0,
      "question": [
        {
          "question_id": 0,
          "question_type": "정보",
          "question": "이 곳의 주소는 어떻게 되나요?",
          "question_wordNum": 5,
          "answer": "서울 강서구 강서로 271",
          "answer_wordNum": 4,
          "fact": [
            "초가집부뚜막청국장,주소,서울 강서구 강서로 271"
          ]
        },
        {
          "question_id": 1,
          "question_type": "정보",
          "question": "이 곳의 주요 메뉴는 무엇이 있나요?",
          "question_wordNum": 6,
          "answer": "보쌈정식, 코다리 정식",
          "answer_wordNum": 3,
          "fact": [
            "초가집부뚜막청국장,메뉴,보쌈정식, 코다리 정식"
          ]
        },
        {
          "question_id": 2,
          "question_type": "정보",
          "question": "영업시간은 어떻게 되나요?",
          "question_wordNum": 3,
          "answer": "11:00~21:40",
          "answer_wordNum": 1,
          "fact": [
            "초가집부뚜막청국장,영업시간,11:00~21:40"
          ]
        },
        {
          "question_id": 3,
          "question_type": "정보",
          "question": "휴무일을 알 수 있나요?",
          "question_wordNum": 4,
          "answer": "알수없음",
          "answer_wordNum": 1,
          "fact": [
            "초가집부뚜막청국장,휴무일,알수없음"
          ]
        }
      ]
    },
    {
      "image_id": 1,
      "question": [
        {
          "question_id": 0,
          "question_type": "정보",
          "question": "이 곳의 주소는 어떻게 되나요?",
          "question_wordNum": 5,
          "answer": "서울 강서구 강서로 271",
          "answer_wordNum": 4,
          "fact": [
            "초가집부뚜막청국장,주소,서울 강서구 강서로 271"
          ]
        },
        {
          "question_id": 1,
          "question_type": "정보",
          "question": "영업시간은 몇시부터 몇시까지로 기재되어 있나요?",
          "question_wordNum": 5,
          "answer": "11:00~21:40",
          "answer_wordNum": 1,
          "fact": [
            "초가집부뚜막청국장,영업시간,11:00~21:40"
          ]
        },
        {
          "question_id": 2,
          "question_type": "관계",
          "question": "이 곳에 인접한 시설이 있나요?",
          "question_wordNum": 5,
          "answer": "우장산역 4번 출구, 신협, 맘스터치",
          "answer_wordNum": 5,
          "fact": [
            "초가집부뚜막청국장,인접,우장산역 4번 출구, 신협, 맘스터치"
          ]
        },
        {
          "question_id": 3,
          "question_type": "정보",
          "question": "연락처가 어떻게 되나요?",
          "question_wordNum": 3,
          "answer": "02-2665-1611",
          "answer_wordNum": 1,
          "fact": [
            "초가집부뚜막청국장,연락처,02-2665-1611"
          ]
        }
      ]
    },
    {
      "image_id": 2,
      "question": [
        {
          "question_id": 0,
          "question_type": "정보",
          "question": "휴무일을 알 수 있나요?",
          "question_wordNum": 4,
          "answer": "알수없음",
          "answer_wordNum": 1,
          "fact": [
            "초가집부뚜막청국장,휴무일,알수없음"
          ]
        },
        {
          "question_id": 1,
          "question_type": "정보",
          "question": "이 곳의 주요 메뉴는 무엇이 있나요?",
          "question_wordNum": 6,
          "answer": "보쌈정식, 코다리 정식",
          "answer_wordNum": 3,
          "fact": [
            "초가집부뚜막청국장,메뉴,보쌈정식, 코다리 정식"
          ]
        },
        {
          "question_id": 2,
          "question_type": "탐색",
          "question": "주차시설이 있나요?",
          "question_wordNum": 2,
          "answer": "있음",
          "answer_wordNum": 1,
          "fact": [
            "초가집부뚜막청국장,주차시설,있음"
          ]
        },
        {
          "question_id": 3,
          "question_type": "정보",
          "question": "영업시간은 어떻게 되나요?",
          "question_wordNum": 3,
          "answer": "11:00~21:40",
          "answer_wordNum": 1,
          "fact": [
            "초가집부뚜막청국장,영업시간,11:00~21:40"
          ]
        }
      ]
    },
    {
      "image_id": 3,
      "question": [
        {
          "question_id": 0,
          "question_type": "정보",
          "question": "영업시간은 어떻게 되나요?",
          "question_wordNum": 3,
          "answer": "11:00~21:40",
          "answer_wordNum": 1,
          "fact": [
            "초가집부뚜막청국장,영업시간,11:00~21:40"
          ]
        },
        {
          "question_id": 1,
          "question_type": "정보",
          "question": "연락처가 어떻게 되나요?",
          "question_wordNum": 3,
          "answer": "02-2665-1611",
          "answer_wordNum": 1,
          "fact": [
            "초가집부뚜막청국장,연락처,02-2665-1611"
          ]
        },
        {
          "question_id": 2,
          "question_type": "탐색",
          "question": "주차시설이 있나요?",
          "question_wordNum": 2,
          "answer": "있음",
          "answer_wordNum": 1,
          "fact": [
            "초가집부뚜막청국장,주차시설,있음"
          ]
        },
        {
          "question_id": 3,
          "question_type": "정보",
          "question": "이 곳의 주소는 어떻게 되나요?",
          "question_wordNum": 5,
          "answer": "서울 강서구 강서로 271",
          "answer_wordNum": 4,
          "fact": [
            "초가집부뚜막청국장,주소,서울 강서구 강서로 271"
          ]
        }
      ]
    },
    {
      "image_id": 4,
      "question": [
        {
          "question_id": 0,
          "question_type": "관계",
          "question": "이 곳에 인접한 시설이 있나요?",
          "question_wordNum": 5,
          "answer": "우장산역 4번 출구, 신협, 맘스터치",
          "answer_wordNum": 5,
          "fact": [
            "초가집부뚜막청국장,인접,우장산역 4번 출구, 신협, 맘스터치"
          ]
        },
        {
          "question_id": 1,
          "question_type": "정보",
          "question": "이 곳의 주요 메뉴는 무엇이 있나요?",
          "question_wordNum": 6,
          "answer": "보쌈정식, 코다리 정식",
          "answer_wordNum": 3,
          "fact": [
            "초가집부뚜막청국장,메뉴,보쌈정식, 코다리 정식"
          ]
        },
        {
          "question_id": 2,
          "question_type": "정보",
          "question": "영업시간은 어떻게 되나요?",
          "question_wordNum": 3,
          "answer": "11:00~21:40",
          "answer_wordNum": 1,
          "fact": [
            "초가집부뚜막청국장,영업시간,11:00~21:40"
          ]
        },
        {
          "question_id": 3,
          "question_type": "정보",
          "question": "휴무일을 알 수 있나요?",
          "question_wordNum": 4,
          "answer": "알수없음",
          "answer_wordNum": 1,
          "fact": [
            "초가집부뚜막청국장,휴무일,알수없음"
          ]
        }
      ]
    }
  ]
}