{
  "data": {
    "dataset": "2-083-219",
    "POI_id": "561461",
    "travelType": "음식점",
    "place": "호호방 ",
    "area": "서울"
  },
  "imageInfo": [
    {
      "image_id": 0,
      "filename": "561461_0_su_5_호호방 _1_001.png",
      "mapx": 37.5678656599047,
      "mapy": 126.827453357716,
      "width": 3840,
      "height": 2160,
      "caption_info": [
        "호호방(강서구) ",
        "커튼 "
      ]
    },
    {
      "image_id": 1,
      "filename": "561461_0_su_5_호호방 _1_002.png",
      "mapx": 37.5678656599047,
      "mapy": 126.827453357716,
      "width": 3840,
      "height": 2160,
      "caption_info": [
        "호호방(강서구) ",
        "간판"
      ]
    },
    {
      "image_id": 2,
      "filename": "561461_0_su_5_호호방 _1_003.png",
      "mapx": 37.5678656599047,
      "mapy": 126.827453357716,
      "width": 3840,
      "height": 2160,
      "caption_info": [
        "호호방(강서구) ",
        "액자 "
      ]
    },
    {
      "image_id": 3,
      "filename": "561461_0_su_5_호호방 _1_004.png",
      "mapx": 37.5678656599047,
      "mapy": 126.827453357716,
      "width": 3840,
      "height": 2160,
      "caption_info": [
        "호호방(강서구) ",
        "메뉴판 "
      ]
    },
    {
      "image_id": 4,
      "filename": "561461_0_su_5_호호방 _1_005.png",
      "mapx": 37.5678656599047,
      "mapy": 126.827453357716,
      "width": 3840,
      "height": 2160,
      "caption_info": [
        "호호방(강서구)",
        "샐러드 "
      ]
    }
  ],
  "annotations": [
    {
      "image_id": 0,
      "question": [
        {
          "question_id": 0,
          "question_type": "정보",
          "question": "영업시간은 어떻게 되나요?",
          "question_wordNum": 3,
          "answer": "15:00/17:00~01:00/02:00",
          "answer_wordNum": 1,
          "fact": [
            "호호방,영업시간,15:00/17:00~01:00/02:00"
          ]
        },
        {
          "question_id": 1,
          "question_type": "정보",
          "question": "연락처가 어떻게 되나요?",
          "question_wordNum": 3,
          "answer": "0507-1349-4439",
          "answer_wordNum": 1,
          "fact": [
            "호호방,연락처,0507-1349-4439"
          ]
        },
        {
          "question_id": 2,
          "question_type": "정보",
          "question": "이 곳의 주소는 어떻게 되나요?",
          "question_wordNum": 5,
          "answer": "서울 강서구 마곡중앙로 161-1",
          "answer_wordNum": 4,
          "fact": [
            "호호방,주소,서울 강서구 마곡중앙로 161-1"
          ]
        },
        {
          "question_id": 3,
          "question_type": "정보",
          "question": "이 곳의 메뉴를 알 수 있나요?",
          "question_wordNum": 6,
          "answer": "연어 사시미, 참치 마구로 육회",
          "answer_wordNum": 5,
          "fact": [
            "호호방,메뉴,연어 사시미, 참치 마구로 육회"
          ]
        }
      ]
    },
    {
      "image_id": 1,
      "question": [
        {
          "question_id": 0,
          "question_type": "관계",
          "question": "이 곳에 인접한 시설을 알 수 있나요?",
          "question_wordNum": 7,
          "answer": "마곡나루역 2번 출구, 라무진, 주택",
          "answer_wordNum": 5,
          "fact": [
            "호호방,인접,마곡나루역 2번 출구, 라무진, 주택"
          ]
        },
        {
          "question_id": 1,
          "question_type": "탐색",
          "question": "주차시설이 있나요?",
          "question_wordNum": 2,
          "answer": "있음",
          "answer_wordNum": 1,
          "fact": [
            "호호방,주차시설,있음"
          ]
        },
        {
          "question_id": 2,
          "question_type": "정보",
          "question": "영업시간은 어떻게 되나요?",
          "question_wordNum": 3,
          "answer": "15:00/17:00~01:00/02:00",
          "answer_wordNum": 1,
          "fact": [
            "호호방,영업시간,15:00/17:00~01:00/02:00"
          ]
        },
        {
          "question_id": 3,
          "question_type": "정보",
          "question": "연락처를 알 수 있나요?",
          "question_wordNum": 4,
          "answer": "0507-1349-4439",
          "answer_wordNum": 1,
          "fact": [
            "호호방,연락처,0507-1349-4439"
          ]
        }
      ]
    },
    {
      "image_id": 2,
      "question": [
        {
          "question_id": 0,
          "question_type": "정보",
          "question": "연락처가 어떻게 되나요?",
          "question_wordNum": 3,
          "answer": "0507-1349-4439",
          "answer_wordNum": 1,
          "fact": [
            "호호방,연락처,0507-1349-4439"
          ]
        },
        {
          "question_id": 1,
          "question_type": "정보",
          "question": "대표 메뉴가 무엇인가요?",
          "question_wordNum": 3,
          "answer": "연어 사시미, 참치 마구로 육회",
          "answer_wordNum": 5,
          "fact": [
            "호호방,메뉴,연어 사시미, 참치 마구로 육회"
          ]
        },
        {
          "question_id": 2,
          "question_type": "정보",
          "question": "영업시간은 어떻게 되나요?",
          "question_wordNum": 3,
          "answer": "15:00/17:00~01:00/02:00",
          "answer_wordNum": 1,
          "fact": [
            "호호방,영업시간,15:00/17:00~01:00/02:00"
          ]
        },
        {
          "question_id": 3,
          "question_type": "탐색",
          "question": "주차시설이 있나요?",
          "question_wordNum": 2,
          "answer": "있음",
          "answer_wordNum": 1,
          "fact": [
            "호호방,주차시설,있음"
          ]
        }
      ]
    },
    {
      "image_id": 3,
      "question": [
        {
          "question_id": 0,
          "question_type": "정보",
          "question": "이 곳의 주소는 어떻게 되나요?",
          "question_wordNum": 5,
          "answer": "서울 강서구 마곡중앙로 161-1",
          "answer_wordNum": 4,
          "fact": [
            "호호방,주소,서울 강서구 마곡중앙로 161-1"
          ]
        },
        {
          "question_id": 1,
          "question_type": "정보",
          "question": "연락처를 알 수 있나요?",
          "question_wordNum": 4,
          "answer": "0507-1349-4439",
          "answer_wordNum": 1,
          "fact": [
            "호호방,연락처,0507-1349-4439"
          ]
        },
        {
          "question_id": 2,
          "question_type": "관계",
          "question": "이 곳에 인접한 시설을 알 수 있나요?",
          "question_wordNum": 7,
          "answer": "마곡나루역 2번 출구, 라무진, 주택",
          "answer_wordNum": 5,
          "fact": [
            "호호방,인접,마곡나루역 2번 출구, 라무진, 주택"
          ]
        },
        {
          "question_id": 3,
          "question_type": "탐색",
          "question": "주차시설이 있나요?",
          "question_wordNum": 2,
          "answer": "있음",
          "answer_wordNum": 1,
          "fact": [
            "호호방,주차시설,있음"
          ]
        }
      ]
    },
    {
      "image_id": 4,
      "question": [
        {
          "question_id": 0,
          "question_type": "관계",
          "question": "이 곳에 인접한 시설이 있나요?",
          "question_wordNum": 5,
          "answer": "마곡나루역 2번 출구, 라무진, 주택",
          "answer_wordNum": 5,
          "fact": [
            "호호방,인접,마곡나루역 2번 출구, 라무진, 주택"
          ]
        },
        {
          "question_id": 1,
          "question_type": "정보",
          "question": "휴무일은 어떻게 되나요?",
          "question_wordNum": 3,
          "answer": "매주 일요일",
          "answer_wordNum": 2,
          "fact": [
            "호호방,휴무일,매주 일요일"
          ]
        },
        {
          "question_id": 2,
          "question_type": "정보",
          "question": "이 곳의 주소는 어떻게 되나요?",
          "question_wordNum": 5,
          "answer": "서울 강서구 마곡중앙로 161-1",
          "answer_wordNum": 4,
          "fact": [
            "호호방,주소,서울 강서구 마곡중앙로 161-1"
          ]
        },
        {
          "question_id": 3,
          "question_type": "탐색",
          "question": "주차시설이 있나요?",
          "question_wordNum": 2,
          "answer": "있음",
          "answer_wordNum": 1,
          "fact": [
            "호호방,주차시설,있음"
          ]
        }
      ]
    }
  ]
}