{
  "data": {
    "dataset": "2-083-219",
    "POI_id": "561556",
    "travelType": "음식점",
    "place": "경양카츠 마곡점",
    "area": "서울"
  },
  "imageInfo": [
    {
      "image_id": 0,
      "filename": "561556_0_su_5_경양카츠 마곡점_1_001.png",
      "mapx": 37.5606312206415,
      "mapy": 126.832720625607,
      "width": 3840,
      "height": 2160,
      "caption_info": [
        "경양카츠 마곡점(마곡동)",
        "간판, 어닝"
      ]
    },
    {
      "image_id": 1,
      "filename": "561556_0_su_5_경양카츠 마곡점_1_002.png",
      "mapx": 37.5606312206415,
      "mapy": 126.832720625607,
      "width": 3840,
      "height": 2160,
      "caption_info": [
        "경양카츠 마곡점(마곡동)",
        "간판, 어닝"
      ]
    },
    {
      "image_id": 2,
      "filename": "561556_0_su_5_경양카츠 마곡점_1_003.png",
      "mapx": 37.5606312206415,
      "mapy": 126.832720625607,
      "width": 3840,
      "height": 2160,
      "caption_info": [
        "경양카츠 마곡점(마곡동)",
        "테이블, 액자, 거울"
      ]
    },
    {
      "image_id": 3,
      "filename": "561556_0_su_5_경양카츠 마곡점_1_004.png",
      "mapx": 37.5606312206415,
      "mapy": 126.832720625607,
      "width": 3840,
      "height": 2160,
      "caption_info": [
        "경양카츠 마곡점(마곡동)",
        "메뉴판"
      ]
    },
    {
      "image_id": 4,
      "filename": "561556_0_su_5_경양카츠 마곡점_1_005.png",
      "mapx": 37.5606312206415,
      "mapy": 126.832720625607,
      "width": 3840,
      "height": 2160,
      "caption_info": [
        "경양카츠 마곡점(마곡동)",
        "돈카츠, 샐러드, 국수"
      ]
    }
  ],
  "annotations": [
    {
      "image_id": 0,
      "question": [
        {
          "question_id": 0,
          "question_type": "정보",
          "question": "영업시간은 어떻게 되나요?",
          "question_wordNum": 3,
          "answer": "11:00/12:00-21:30",
          "answer_wordNum": 1,
          "fact": [
            "경양카츠 마곡점,영업시간,11:00/12:00-21:30"
          ]
        },
        {
          "question_id": 1,
          "question_type": "정보",
          "question": "이 곳의 주요 메뉴는 무엇이 있나요?",
          "question_wordNum": 6,
          "answer": "등심카츠, 안심카츠",
          "answer_wordNum": 2,
          "fact": [
            "경양카츠 마곡점,메뉴,등심카츠, 안심카츠"
          ]
        },
        {
          "question_id": 2,
          "question_type": "탐색",
          "question": "주차시설이 있나요?",
          "question_wordNum": 2,
          "answer": "있음",
          "answer_wordNum": 1,
          "fact": [
            "경양카츠 마곡점,주차시설,있음"
          ]
        },
        {
          "question_id": 3,
          "question_type": "정보",
          "question": "휴무일을 알 수 있나요?",
          "question_wordNum": 4,
          "answer": "알수없음",
          "answer_wordNum": 1,
          "fact": [
            "경양카츠 마곡점,휴무일,알수없음"
          ]
        }
      ]
    },
    {
      "image_id": 1,
      "question": [
        {
          "question_id": 0,
          "question_type": "탐색",
          "question": "주차시설이 있는지 알 수 있나요?",
          "question_wordNum": 5,
          "answer": "있음",
          "answer_wordNum": 1,
          "fact": [
            "경양카츠 마곡점,주차시설,있음"
          ]
        },
        {
          "question_id": 1,
          "question_type": "정보",
          "question": "이 곳의 주소를 알 수 있나요?",
          "question_wordNum": 6,
          "answer": "서울 강서구 마곡중앙6로 45 1층 127호",
          "answer_wordNum": 6,
          "fact": [
            "경양카츠 마곡점,주소,서울 강서구 마곡중앙6로 45 1층 127호"
          ]
        },
        {
          "question_id": 2,
          "question_type": "정보",
          "question": "연락처가 어떻게 되나요?",
          "question_wordNum": 3,
          "answer": "0507-1382-6030",
          "answer_wordNum": 1,
          "fact": [
            "경양카츠 마곡점,연락처,0507-1382-6030"
          ]
        },
        {
          "question_id": 3,
          "question_type": "정보",
          "question": "휴무일은 어떻게 되나요?",
          "question_wordNum": 3,
          "answer": "알수없음",
          "answer_wordNum": 1,
          "fact": [
            "경양카츠 마곡점,휴무일,알수없음"
          ]
        }
      ]
    },
    {
      "image_id": 2,
      "question": [
        {
          "question_id": 0,
          "question_type": "정보",
          "question": "이 곳의 주소를 알 수 있나요?",
          "question_wordNum": 6,
          "answer": "서울 강서구 마곡중앙6로 45 1층 127호",
          "answer_wordNum": 6,
          "fact": [
            "경양카츠 마곡점,주소,서울 강서구 마곡중앙6로 45 1층 127호"
          ]
        },
        {
          "question_id": 1,
          "question_type": "정보",
          "question": "이 곳의 대표적인 메뉴는 무엇이 있나요?",
          "question_wordNum": 6,
          "answer": "등심카츠, 안심카츠",
          "answer_wordNum": 2,
          "fact": [
            "경양카츠 마곡점,메뉴,등심카츠, 안심카츠"
          ]
        },
        {
          "question_id": 2,
          "question_type": "관계",
          "question": "이 곳에 인접한 시설을 알 수 있나요?",
          "question_wordNum": 7,
          "answer": "발산역 9번 출구, 금고깃집, GS25",
          "answer_wordNum": 5,
          "fact": [
            "경양카츠 마곡점,인접,발산역 9번 출구, 금고깃집, GS25"
          ]
        },
        {
          "question_id": 3,
          "question_type": "탐색",
          "question": "주차시설이 있나요?",
          "question_wordNum": 2,
          "answer": "있음",
          "answer_wordNum": 1,
          "fact": [
            "경양카츠 마곡점,주차시설,있음"
          ]
        }
      ]
    },
    {
      "image_id": 3,
      "question": [
        {
          "question_id": 0,
          "question_type": "정보",
          "question": "이 곳의 주소를 알 수 있나요?",
          "question_wordNum": 6,
          "answer": "서울 강서구 마곡중앙6로 45 1층 127호",
          "answer_wordNum": 6,
          "fact": [
            "경양카츠 마곡점,주소,서울 강서구 마곡중앙6로 45 1층 127호"
          ]
        },
        {
          "question_id": 1,
          "question_type": "정보",
          "question": "영업시간은 몇시부터 몇시까지로 기재되어 있나요?",
          "question_wordNum": 5,
          "answer": "11:00/12:00-21:30",
          "answer_wordNum": 1,
          "fact": [
            "경양카츠 마곡점,영업시간,11:00/12:00-21:30"
          ]
        },
        {
          "question_id": 2,
          "question_type": "정보",
          "question": "휴무일을 알 수 있나요?",
          "question_wordNum": 4,
          "answer": "알수없음",
          "answer_wordNum": 1,
          "fact": [
            "경양카츠 마곡점,휴무일,알수없음"
          ]
        },
        {
          "question_id": 3,
          "question_type": "관계",
          "question": "이 곳에 인접한 시설이 있나요?",
          "question_wordNum": 5,
          "answer": "발산역 9번 출구, 금고깃집, GS25",
          "answer_wordNum": 5,
          "fact": [
            "경양카츠 마곡점,인접,발산역 9번 출구, 금고깃집, GS25"
          ]
        }
      ]
    },
    {
      "image_id": 4,
      "question": [
        {
          "question_id": 0,
          "question_type": "정보",
          "question": "휴무일을 알 수 있나요?",
          "question_wordNum": 4,
          "answer": "알수없음",
          "answer_wordNum": 1,
          "fact": [
            "경양카츠 마곡점,휴무일,알수없음"
          ]
        },
        {
          "question_id": 1,
          "question_type": "정보",
          "question": "영업시간을 알 수 있나요?",
          "question_wordNum": 4,
          "answer": "11:00/12:00-21:30",
          "answer_wordNum": 1,
          "fact": [
            "경양카츠 마곡점,영업시간,11:00/12:00-21:30"
          ]
        },
        {
          "question_id": 2,
          "question_type": "탐색",
          "question": "주차시설이 있나요?",
          "question_wordNum": 2,
          "answer": "있음",
          "answer_wordNum": 1,
          "fact": [
            "경양카츠 마곡점,주차시설,있음"
          ]
        },
        {
          "question_id": 3,
          "question_type": "정보",
          "question": "이 곳의 주소를 알 수 있나요?",
          "question_wordNum": 6,
          "answer": "서울 강서구 마곡중앙6로 45 1층 127호",
          "answer_wordNum": 6,
          "fact": [
            "경양카츠 마곡점,주소,서울 강서구 마곡중앙6로 45 1층 127호"
          ]
        }
      ]
    }
  ]
}