{
  "data": {
    "dataset": "2-083-219",
    "POI_id": "561749",
    "travelType": "음식점",
    "place": "가마솥한우국밥 ",
    "area": "서울"
  },
  "imageInfo": [
    {
      "image_id": 0,
      "filename": "561749_0_su_5_가마솥한우국밥 _4_001.png",
      "mapx": 37.5568874407015,
      "mapy": 126.837392387854,
      "width": 3840,
      "height": 2160,
      "caption_info": [
        "가마솥한우국밥(강서구) ",
        "간판"
      ]
    },
    {
      "image_id": 1,
      "filename": "561749_0_su_5_가마솥한우국밥 _4_002.png",
      "mapx": 37.5568874407015,
      "mapy": 126.837392387854,
      "width": 3840,
      "height": 2160,
      "caption_info": [
        "가마솥한우국밥(강서구) ",
        "간판"
      ]
    },
    {
      "image_id": 2,
      "filename": "561749_0_su_5_가마솥한우국밥 _4_003.png",
      "mapx": 37.5568874407015,
      "mapy": 126.837392387854,
      "width": 3840,
      "height": 2160,
      "caption_info": [
        "가마솥한우국밥(강서구) ",
        "사각 테이블"
      ]
    },
    {
      "image_id": 3,
      "filename": "561749_0_su_5_가마솥한우국밥 _4_004.png",
      "mapx": 37.5568874407015,
      "mapy": 126.837392387854,
      "width": 3840,
      "height": 2160,
      "caption_info": [
        "가마솥한우국밥(강서구) ",
        "메뉴판 "
      ]
    },
    {
      "image_id": 4,
      "filename": "561749_0_su_5_가마솥한우국밥 _4_005.png",
      "mapx": 37.5568874407015,
      "mapy": 126.837392387854,
      "width": 3840,
      "height": 2160,
      "caption_info": [
        "가마솥한우국밥(강서구) ",
        "국밥"
      ]
    }
  ],
  "annotations": [
    {
      "image_id": 0,
      "question": [
        {
          "question_id": 0,
          "question_type": "탐색",
          "question": "주차시설이 있는지 알 수 있나요?",
          "question_wordNum": 5,
          "answer": "있음",
          "answer_wordNum": 1,
          "fact": [
            "가마솥한우국밥,주차시설,있음"
          ]
        },
        {
          "question_id": 1,
          "question_type": "정보",
          "question": "연락처가 어떻게 되나요?",
          "question_wordNum": 3,
          "answer": "02-2663-7880",
          "answer_wordNum": 1,
          "fact": [
            "가마솥한우국밥,연락처,02-2663-7880"
          ]
        },
        {
          "question_id": 2,
          "question_type": "정보",
          "question": "휴무일을 알 수 있나요?",
          "question_wordNum": 4,
          "answer": "알수없음",
          "answer_wordNum": 1,
          "fact": [
            "가마솥한우국밥,휴무일,알수없음"
          ]
        },
        {
          "question_id": 3,
          "question_type": "관계",
          "question": "이 곳에 인접한 시설을 알 수 있나요?",
          "question_wordNum": 7,
          "answer": "발산역 7번 출구, 과일프레소, 핵밥",
          "answer_wordNum": 5,
          "fact": [
            "가마솥한우국밥,인접,발산역 7번 출구, 과일프레소, 핵밥"
          ]
        }
      ]
    },
    {
      "image_id": 1,
      "question": [
        {
          "question_id": 0,
          "question_type": "정보",
          "question": "대표 메뉴가 무엇인가요?",
          "question_wordNum": 3,
          "answer": "특곰탕, 소머리국밥",
          "answer_wordNum": 2,
          "fact": [
            "가마솥한우국밥,메뉴,특곰탕, 소머리국밥"
          ]
        },
        {
          "question_id": 1,
          "question_type": "관계",
          "question": "이 곳에 인접한 시설을 알 수 있나요?",
          "question_wordNum": 7,
          "answer": "발산역 7번 출구, 과일프레소, 핵밥",
          "answer_wordNum": 5,
          "fact": [
            "가마솥한우국밥,인접,발산역 7번 출구, 과일프레소, 핵밥"
          ]
        },
        {
          "question_id": 2,
          "question_type": "정보",
          "question": "연락처가 어떻게 되나요?",
          "question_wordNum": 3,
          "answer": "02-2663-7880",
          "answer_wordNum": 1,
          "fact": [
            "가마솥한우국밥,연락처,02-2663-7880"
          ]
        },
        {
          "question_id": 3,
          "question_type": "정보",
          "question": "휴무일은 어떻게 되나요?",
          "question_wordNum": 3,
          "answer": "알수없음",
          "answer_wordNum": 1,
          "fact": [
            "가마솥한우국밥,휴무일,알수없음"
          ]
        }
      ]
    },
    {
      "image_id": 2,
      "question": [
        {
          "question_id": 0,
          "question_type": "관계",
          "question": "이 곳에 인접한 시설을 알 수 있나요?",
          "question_wordNum": 7,
          "answer": "발산역 7번 출구, 과일프레소, 핵밥",
          "answer_wordNum": 5,
          "fact": [
            "가마솥한우국밥,인접,발산역 7번 출구, 과일프레소, 핵밥"
          ]
        },
        {
          "question_id": 1,
          "question_type": "정보",
          "question": "휴무일은 어떻게 되나요?",
          "question_wordNum": 3,
          "answer": "알수없음",
          "answer_wordNum": 1,
          "fact": [
            "가마솥한우국밥,휴무일,알수없음"
          ]
        },
        {
          "question_id": 2,
          "question_type": "정보",
          "question": "연락처를 알 수 있나요?",
          "question_wordNum": 4,
          "answer": "02-2663-7880",
          "answer_wordNum": 1,
          "fact": [
            "가마솥한우국밥,연락처,02-2663-7880"
          ]
        },
        {
          "question_id": 3,
          "question_type": "정보",
          "question": "영업시간을 알 수 있나요?",
          "question_wordNum": 4,
          "answer": "알수없음",
          "answer_wordNum": 1,
          "fact": [
            "가마솥한우국밥,영업시간,알수없음"
          ]
        }
      ]
    },
    {
      "image_id": 3,
      "question": [
        {
          "question_id": 0,
          "question_type": "관계",
          "question": "이 곳에 인접한 시설을 알 수 있나요?",
          "question_wordNum": 7,
          "answer": "발산역 7번 출구, 과일프레소, 핵밥",
          "answer_wordNum": 5,
          "fact": [
            "가마솥한우국밥,인접,발산역 7번 출구, 과일프레소, 핵밥"
          ]
        },
        {
          "question_id": 1,
          "question_type": "정보",
          "question": "대표 메뉴가 무엇인가요?",
          "question_wordNum": 3,
          "answer": "특곰탕, 소머리국밥",
          "answer_wordNum": 2,
          "fact": [
            "가마솥한우국밥,메뉴,특곰탕, 소머리국밥"
          ]
        },
        {
          "question_id": 2,
          "question_type": "정보",
          "question": "휴무일을 알 수 있나요?",
          "question_wordNum": 4,
          "answer": "알수없음",
          "answer_wordNum": 1,
          "fact": [
            "가마솥한우국밥,휴무일,알수없음"
          ]
        },
        {
          "question_id": 3,
          "question_type": "정보",
          "question": "이 곳의 주소를 알 수 있나요?",
          "question_wordNum": 6,
          "answer": "서울 강서구 강서로 349",
          "answer_wordNum": 4,
          "fact": [
            "가마솥한우국밥,주소,서울 강서구 강서로 349"
          ]
        }
      ]
    },
    {
      "image_id": 4,
      "question": [
        {
          "question_id": 0,
          "question_type": "정보",
          "question": "연락처를 알 수 있나요?",
          "question_wordNum": 4,
          "answer": "02-2663-7880",
          "answer_wordNum": 1,
          "fact": [
            "가마솥한우국밥,연락처,02-2663-7880"
          ]
        },
        {
          "question_id": 1,
          "question_type": "탐색",
          "question": "주차시설이 있는지 알 수 있나요?",
          "question_wordNum": 5,
          "answer": "있음",
          "answer_wordNum": 1,
          "fact": [
            "가마솥한우국밥,주차시설,있음"
          ]
        },
        {
          "question_id": 2,
          "question_type": "정보",
          "question": "영업시간은 어떻게 되나요?",
          "question_wordNum": 3,
          "answer": "알수없음",
          "answer_wordNum": 1,
          "fact": [
            "가마솥한우국밥,영업시간,알수없음"
          ]
        },
        {
          "question_id": 3,
          "question_type": "관계",
          "question": "이 곳에 인접한 시설을 알 수 있나요?",
          "question_wordNum": 7,
          "answer": "발산역 7번 출구, 과일프레소, 핵밥",
          "answer_wordNum": 5,
          "fact": [
            "가마솥한우국밥,인접,발산역 7번 출구, 과일프레소, 핵밥"
          ]
        }
      ]
    }
  ]
}