{
  "data": {
    "dataset": "2-083-219",
    "POI_id": "561761",
    "travelType": "음식점",
    "place": "인생닭강정 마곡점",
    "area": "서울"
  },
  "imageInfo": [
    {
      "image_id": 0,
      "filename": "561761_0_su_5_인생닭강정 마곡점_1_001.png",
      "mapx": 37.553024265332,
      "mapy": 126.826339474914,
      "width": 3840,
      "height": 2160,
      "caption_info": [
        "인생닭강정 마곡점(내발산동)",
        "간판"
      ]
    },
    {
      "image_id": 1,
      "filename": "561761_0_su_5_인생닭강정 마곡점_1_002.png",
      "mapx": 37.553024265332,
      "mapy": 126.826339474914,
      "width": 3840,
      "height": 2160,
      "caption_info": [
        "인생닭강정 마곡점(내발산동)",
        "간판, 배너"
      ]
    },
    {
      "image_id": 2,
      "filename": "561761_0_su_5_인생닭강정 마곡점_1_003.png",
      "mapx": 37.553024265332,
      "mapy": 126.826339474914,
      "width": 3840,
      "height": 2160,
      "caption_info": [
        "인생닭강정 마곡점(내발산동)",
        "주방, 양념소스"
      ]
    },
    {
      "image_id": 3,
      "filename": "561761_0_su_5_인생닭강정 마곡점_1_004.png",
      "mapx": 37.553024265332,
      "mapy": 126.826339474914,
      "width": 3840,
      "height": 2160,
      "caption_info": [
        "인생닭강정 마곡점(내발산동)",
        "메뉴판"
      ]
    },
    {
      "image_id": 4,
      "filename": "561761_0_su_5_인생닭강정 마곡점_1_005.png",
      "mapx": 37.553024265332,
      "mapy": 126.826339474914,
      "width": 3840,
      "height": 2160,
      "caption_info": [
        "인생닭강정 마곡점(내발산동)",
        "닭강정"
      ]
    }
  ],
  "annotations": [
    {
      "image_id": 0,
      "question": [
        {
          "question_id": 0,
          "question_type": "정보",
          "question": "이 곳의 주소를 알 수 있나요?",
          "question_wordNum": 6,
          "answer": "서울 강서구 수명로 78",
          "answer_wordNum": 4,
          "fact": [
            "인생닭강정 마곡점,주소,서울 강서구 수명로 78"
          ]
        },
        {
          "question_id": 1,
          "question_type": "정보",
          "question": "이 곳의 주요 메뉴를 알 수 있나요?",
          "question_wordNum": 7,
          "answer": "달콤닭강정, 수원왕갈비",
          "answer_wordNum": 2,
          "fact": [
            "인생닭강정 마곡점,메뉴,달콤닭강정, 수원왕갈비"
          ]
        },
        {
          "question_id": 2,
          "question_type": "정보",
          "question": "연락처가 어떻게 되나요?",
          "question_wordNum": 3,
          "answer": "02-2667-6319",
          "answer_wordNum": 1,
          "fact": [
            "인생닭강정 마곡점,연락처,02-2667-6319"
          ]
        },
        {
          "question_id": 3,
          "question_type": "정보",
          "question": "영업시간은 몇시부터 몇시까지로 기재되어 있나요?",
          "question_wordNum": 5,
          "answer": "14:00~22:00",
          "answer_wordNum": 1,
          "fact": [
            "인생닭강정 마곡점,영업시간,14:00~22:00"
          ]
        }
      ]
    },
    {
      "image_id": 1,
      "question": [
        {
          "question_id": 0,
          "question_type": "정보",
          "question": "연락처가 어떻게 되나요?",
          "question_wordNum": 3,
          "answer": "02-2667-6319",
          "answer_wordNum": 1,
          "fact": [
            "인생닭강정 마곡점,연락처,02-2667-6319"
          ]
        },
        {
          "question_id": 1,
          "question_type": "정보",
          "question": "휴무일은 어떻게 되나요?",
          "question_wordNum": 3,
          "answer": "매주 월요일",
          "answer_wordNum": 2,
          "fact": [
            "인생닭강정 마곡점,휴무일,매주 월요일"
          ]
        },
        {
          "question_id": 2,
          "question_type": "정보",
          "question": "이 곳의 주소는 어떻게 되나요?",
          "question_wordNum": 5,
          "answer": "서울 강서구 수명로 78",
          "answer_wordNum": 4,
          "fact": [
            "인생닭강정 마곡점,주소,서울 강서구 수명로 78"
          ]
        },
        {
          "question_id": 3,
          "question_type": "탐색",
          "question": "주차시설이 있나요?",
          "question_wordNum": 2,
          "answer": "있음",
          "answer_wordNum": 1,
          "fact": [
            "인생닭강정 마곡점,주차시설,있음"
          ]
        }
      ]
    },
    {
      "image_id": 2,
      "question": [
        {
          "question_id": 0,
          "question_type": "탐색",
          "question": "주차시설이 있나요?",
          "question_wordNum": 2,
          "answer": "있음",
          "answer_wordNum": 1,
          "fact": [
            "인생닭강정 마곡점,주차시설,있음"
          ]
        },
        {
          "question_id": 1,
          "question_type": "정보",
          "question": "이 곳의 주요 메뉴를 알 수 있나요?",
          "question_wordNum": 7,
          "answer": "달콤닭강정, 수원왕갈비",
          "answer_wordNum": 2,
          "fact": [
            "인생닭강정 마곡점,메뉴,달콤닭강정, 수원왕갈비"
          ]
        },
        {
          "question_id": 2,
          "question_type": "정보",
          "question": "휴무일은 어떻게 되나요?",
          "question_wordNum": 3,
          "answer": "매주 월요일",
          "answer_wordNum": 2,
          "fact": [
            "인생닭강정 마곡점,휴무일,매주 월요일"
          ]
        },
        {
          "question_id": 3,
          "question_type": "정보",
          "question": "영업시간은 어떻게 되나요?",
          "question_wordNum": 3,
          "answer": "14:00~22:00",
          "answer_wordNum": 1,
          "fact": [
            "인생닭강정 마곡점,영업시간,14:00~22:00"
          ]
        }
      ]
    },
    {
      "image_id": 3,
      "question": [
        {
          "question_id": 0,
          "question_type": "탐색",
          "question": "주차시설이 있나요?",
          "question_wordNum": 2,
          "answer": "있음",
          "answer_wordNum": 1,
          "fact": [
            "인생닭강정 마곡점,주차시설,있음"
          ]
        },
        {
          "question_id": 1,
          "question_type": "정보",
          "question": "영업시간은 어떻게 되나요?",
          "question_wordNum": 3,
          "answer": "14:00~22:00",
          "answer_wordNum": 1,
          "fact": [
            "인생닭강정 마곡점,영업시간,14:00~22:00"
          ]
        },
        {
          "question_id": 2,
          "question_type": "탐색",
          "question": "이 곳은 무엇을 즐길수 있나요?",
          "question_wordNum": 5,
          "answer": "닭강정",
          "answer_wordNum": 1,
          "fact": [
            "인생닭강정 마곡점,즐길수있다,닭강정"
          ]
        },
        {
          "question_id": 3,
          "question_type": "관계",
          "question": "이 곳에 인접한 시설을 알 수 있나요?",
          "question_wordNum": 7,
          "answer": "마곡역 5번 출구, 오마뎅, 온누리약국",
          "answer_wordNum": 5,
          "fact": [
            "인생닭강정 마곡점,인접,마곡역 5번 출구, 오마뎅, 온누리약국"
          ]
        }
      ]
    },
    {
      "image_id": 4,
      "question": [
        {
          "question_id": 0,
          "question_type": "정보",
          "question": "연락처가 어떻게 되나요?",
          "question_wordNum": 3,
          "answer": "02-2667-6319",
          "answer_wordNum": 1,
          "fact": [
            "인생닭강정 마곡점,연락처,02-2667-6319"
          ]
        },
        {
          "question_id": 1,
          "question_type": "탐색",
          "question": "이 곳은 무엇을 즐길수 있나요?",
          "question_wordNum": 5,
          "answer": "닭강정",
          "answer_wordNum": 1,
          "fact": [
            "인생닭강정 마곡점,즐길수있다,닭강정"
          ]
        },
        {
          "question_id": 2,
          "question_type": "관계",
          "question": "이 곳에 인접한 시설을 알 수 있나요?",
          "question_wordNum": 7,
          "answer": "마곡역 5번 출구, 오마뎅, 온누리약국",
          "answer_wordNum": 5,
          "fact": [
            "인생닭강정 마곡점,인접,마곡역 5번 출구, 오마뎅, 온누리약국"
          ]
        },
        {
          "question_id": 3,
          "question_type": "정보",
          "question": "이 곳의 대표적인 메뉴를 알 수 있나요?",
          "question_wordNum": 7,
          "answer": "달콤닭강정, 수원왕갈비",
          "answer_wordNum": 2,
          "fact": [
            "인생닭강정 마곡점,메뉴,달콤닭강정, 수원왕갈비"
          ]
        }
      ]
    }
  ]
}