{
  "data": {
    "dataset": "2-083-219",
    "POI_id": "561780",
    "travelType": "음식점",
    "place": "죽이야기 서울강서발산미즈메디점",
    "area": "서울"
  },
  "imageInfo": [
    {
      "image_id": 0,
      "filename": "561780_0_su_5_죽이야기 서울강서발산미즈메디점_1_001.png",
      "mapx": 37.552484408212,
      "mapy": 126.835411768748,
      "width": 3840,
      "height": 2160,
      "caption_info": [
        "죽이야기 서울강서발산미즈메디점(강서구)",
        "간판"
      ]
    },
    {
      "image_id": 1,
      "filename": "561780_0_su_5_죽이야기 서울강서발산미즈메디점_1_002.png",
      "mapx": 37.552484408212,
      "mapy": 126.835411768748,
      "width": 3840,
      "height": 2160,
      "caption_info": [
        "죽이야기 서울강서발산미즈메디점(강서구)",
        "간판"
      ]
    },
    {
      "image_id": 2,
      "filename": "561780_0_su_5_죽이야기 서울강서발산미즈메디점_1_003.png",
      "mapx": 37.552484408212,
      "mapy": 126.835411768748,
      "width": 3840,
      "height": 2160,
      "caption_info": [
        "죽이야기 서울강서발산미즈메디점(강서구)",
        "사각 테이블"
      ]
    },
    {
      "image_id": 3,
      "filename": "561780_0_su_5_죽이야기 서울강서발산미즈메디점_1_004.png",
      "mapx": 37.552484408212,
      "mapy": 126.835411768748,
      "width": 3840,
      "height": 2160,
      "caption_info": [
        "죽이야기 서울강서발산미즈메디점(강서구)",
        "메뉴판 "
      ]
    },
    {
      "image_id": 4,
      "filename": "561780_0_su_5_죽이야기 서울강서발산미즈메디점_1_005.png",
      "mapx": 37.552484408212,
      "mapy": 126.835411768748,
      "width": 3840,
      "height": 2160,
      "caption_info": [
        "죽이야기 서울강서발산미즈메디점(강서구)",
        "죽"
      ]
    }
  ],
  "annotations": [
    {
      "image_id": 0,
      "question": [
        {
          "question_id": 0,
          "question_type": "정보",
          "question": "이 곳의 주소를 알 수 있나요?",
          "question_wordNum": 6,
          "answer": "서울 강서구 강서로47가길 6",
          "answer_wordNum": 4,
          "fact": [
            "죽이야기 서울강서발산미즈메디점,주소,서울 강서구 강서로47가길 6"
          ]
        },
        {
          "question_id": 1,
          "question_type": "정보",
          "question": "휴무일을 알 수 있나요?",
          "question_wordNum": 4,
          "answer": "알수없음",
          "answer_wordNum": 1,
          "fact": [
            "죽이야기 서울강서발산미즈메디점,휴무일,알수없음"
          ]
        },
        {
          "question_id": 2,
          "question_type": "정보",
          "question": "연락처가 어떻게 되나요?",
          "question_wordNum": 3,
          "answer": "02-2665-6288",
          "answer_wordNum": 1,
          "fact": [
            "죽이야기 서울강서발산미즈메디점,연락처,02-2665-6288"
          ]
        },
        {
          "question_id": 3,
          "question_type": "관계",
          "question": "이 곳에 인접한 시설이 있나요?",
          "question_wordNum": 5,
          "answer": "우장산역 4번 출구, 미즈메디병원, 커피베이, 미즈약국",
          "answer_wordNum": 6,
          "fact": [
            "죽이야기 서울강서발산미즈메디점,인접,우장산역 4번 출구, 미즈메디병원, 커피베이, 미즈약국"
          ]
        }
      ]
    },
    {
      "image_id": 1,
      "question": [
        {
          "question_id": 0,
          "question_type": "정보",
          "question": "영업시간을 알 수 있나요?",
          "question_wordNum": 4,
          "answer": "08:00~22:00",
          "answer_wordNum": 1,
          "fact": [
            "죽이야기 서울강서발산미즈메디점,영업시간,08:00~22:00"
          ]
        },
        {
          "question_id": 1,
          "question_type": "정보",
          "question": "연락처를 알 수 있나요?",
          "question_wordNum": 4,
          "answer": "02-2665-6288",
          "answer_wordNum": 1,
          "fact": [
            "죽이야기 서울강서발산미즈메디점,연락처,02-2665-6288"
          ]
        },
        {
          "question_id": 2,
          "question_type": "탐색",
          "question": "주차시설이 있는지 알 수 있나요?",
          "question_wordNum": 5,
          "answer": "있음",
          "answer_wordNum": 1,
          "fact": [
            "죽이야기 서울강서발산미즈메디점,주차시설,있음"
          ]
        },
        {
          "question_id": 3,
          "question_type": "관계",
          "question": "이 곳에 인접한 시설이 있나요?",
          "question_wordNum": 5,
          "answer": "우장산역 4번 출구, 미즈메디병원, 커피베이, 미즈약국",
          "answer_wordNum": 6,
          "fact": [
            "죽이야기 서울강서발산미즈메디점,인접,우장산역 4번 출구, 미즈메디병원, 커피베이, 미즈약국"
          ]
        }
      ]
    },
    {
      "image_id": 2,
      "question": [
        {
          "question_id": 0,
          "question_type": "정보",
          "question": "이 곳의 주소는 어떻게 되나요?",
          "question_wordNum": 5,
          "answer": "서울 강서구 강서로47가길 6",
          "answer_wordNum": 4,
          "fact": [
            "죽이야기 서울강서발산미즈메디점,주소,서울 강서구 강서로47가길 6"
          ]
        },
        {
          "question_id": 1,
          "question_type": "정보",
          "question": "휴무일을 알 수 있나요?",
          "question_wordNum": 4,
          "answer": "알수없음",
          "answer_wordNum": 1,
          "fact": [
            "죽이야기 서울강서발산미즈메디점,휴무일,알수없음"
          ]
        },
        {
          "question_id": 2,
          "question_type": "관계",
          "question": "이 곳에 인접한 시설을 알 수 있나요?",
          "question_wordNum": 7,
          "answer": "우장산역 4번 출구, 미즈메디병원, 커피베이, 미즈약국",
          "answer_wordNum": 6,
          "fact": [
            "죽이야기 서울강서발산미즈메디점,인접,우장산역 4번 출구, 미즈메디병원, 커피베이, 미즈약국"
          ]
        },
        {
          "question_id": 3,
          "question_type": "정보",
          "question": "연락처가 어떻게 되나요?",
          "question_wordNum": 3,
          "answer": "02-2665-6288",
          "answer_wordNum": 1,
          "fact": [
            "죽이야기 서울강서발산미즈메디점,연락처,02-2665-6288"
          ]
        }
      ]
    },
    {
      "image_id": 3,
      "question": [
        {
          "question_id": 0,
          "question_type": "정보",
          "question": "이 곳의 주소는 어떻게 되나요?",
          "question_wordNum": 5,
          "answer": "서울 강서구 강서로47가길 6",
          "answer_wordNum": 4,
          "fact": [
            "죽이야기 서울강서발산미즈메디점,주소,서울 강서구 강서로47가길 6"
          ]
        },
        {
          "question_id": 1,
          "question_type": "탐색",
          "question": "주차시설이 있나요?",
          "question_wordNum": 2,
          "answer": "있음",
          "answer_wordNum": 1,
          "fact": [
            "죽이야기 서울강서발산미즈메디점,주차시설,있음"
          ]
        },
        {
          "question_id": 2,
          "question_type": "정보",
          "question": "이 곳의 메뉴를 알 수 있나요?",
          "question_wordNum": 6,
          "answer": "한우야채죽, 전복죽",
          "answer_wordNum": 2,
          "fact": [
            "죽이야기 서울강서발산미즈메디점,메뉴,한우야채죽, 전복죽"
          ]
        },
        {
          "question_id": 3,
          "question_type": "정보",
          "question": "연락처가 어떻게 되나요?",
          "question_wordNum": 3,
          "answer": "02-2665-6288",
          "answer_wordNum": 1,
          "fact": [
            "죽이야기 서울강서발산미즈메디점,연락처,02-2665-6288"
          ]
        }
      ]
    },
    {
      "image_id": 4,
      "question": [
        {
          "question_id": 0,
          "question_type": "정보",
          "question": "이 곳의 주소를 알 수 있나요?",
          "question_wordNum": 6,
          "answer": "서울 강서구 강서로47가길 6",
          "answer_wordNum": 4,
          "fact": [
            "죽이야기 서울강서발산미즈메디점,주소,서울 강서구 강서로47가길 6"
          ]
        },
        {
          "question_id": 1,
          "question_type": "정보",
          "question": "휴무일을 알 수 있나요?",
          "question_wordNum": 4,
          "answer": "알수없음",
          "answer_wordNum": 1,
          "fact": [
            "죽이야기 서울강서발산미즈메디점,휴무일,알수없음"
          ]
        },
        {
          "question_id": 2,
          "question_type": "정보",
          "question": "연락처가 어떻게 되나요?",
          "question_wordNum": 3,
          "answer": "02-2665-6288",
          "answer_wordNum": 1,
          "fact": [
            "죽이야기 서울강서발산미즈메디점,연락처,02-2665-6288"
          ]
        },
        {
          "question_id": 3,
          "question_type": "관계",
          "question": "이 곳에 인접한 시설을 알 수 있나요?",
          "question_wordNum": 7,
          "answer": "우장산역 4번 출구, 미즈메디병원, 커피베이, 미즈약국",
          "answer_wordNum": 6,
          "fact": [
            "죽이야기 서울강서발산미즈메디점,인접,우장산역 4번 출구, 미즈메디병원, 커피베이, 미즈약국"
          ]
        }
      ]
    }
  ]
}