{
  "data": {
    "dataset": "2-083-219",
    "POI_id": "561415",
    "travelType": "음식점",
    "place": "삼삼 생선구이",
    "area": "서울"
  },
  "imageInfo": [
    {
      "image_id": 0,
      "filename": "561415_0_su_5_삼삼 생선구이_1_001.png",
      "mapx": 37.5668762463429,
      "mapy": 126.842785372488,
      "width": 3840,
      "height": 2160,
      "caption_info": [
        "삼삼 생선구이(가양동)",
        "건물, 간판"
      ]
    },
    {
      "image_id": 1,
      "filename": "561415_0_su_5_삼삼 생선구이_1_002.png",
      "mapx": 37.5668762463429,
      "mapy": 126.842785372488,
      "width": 3840,
      "height": 2160,
      "caption_info": [
        "삼삼 생선구이(가양동)",
        "건물, 간판"
      ]
    },
    {
      "image_id": 2,
      "filename": "561415_0_su_5_삼삼 생선구이_1_003.png",
      "mapx": 37.5668762463429,
      "mapy": 126.842785372488,
      "width": 3840,
      "height": 2160,
      "caption_info": [
        "삼삼 생선구이(가양동)",
        "메뉴판"
      ]
    },
    {
      "image_id": 3,
      "filename": "561415_0_su_5_삼삼 생선구이_1_004.png",
      "mapx": 37.5668762463429,
      "mapy": 126.842785372488,
      "width": 3840,
      "height": 2160,
      "caption_info": [
        "삼삼 생선구이(가양동)",
        "메뉴판"
      ]
    },
    {
      "image_id": 4,
      "filename": "561415_0_su_5_삼삼 생선구이_1_005.png",
      "mapx": 37.5668762463429,
      "mapy": 126.842785372488,
      "width": 3840,
      "height": 2160,
      "caption_info": [
        "삼삼 생선구이(가양동)",
        "동태찌게,김"
      ]
    }
  ],
  "annotations": [
    {
      "image_id": 0,
      "question": [
        {
          "question_id": 0,
          "question_type": "정보",
          "question": "영업시간을 알 수 있나요?",
          "question_wordNum": 4,
          "answer": "알수없음",
          "answer_wordNum": 1,
          "fact": [
            "삼삼 생선구이,영업시간,알수없음"
          ]
        },
        {
          "question_id": 1,
          "question_type": "정보",
          "question": "연락처가 어떻게 되나요?",
          "question_wordNum": 3,
          "answer": "02-6083-3022",
          "answer_wordNum": 1,
          "fact": [
            "삼삼 생선구이,연락처,02-6083-3022"
          ]
        },
        {
          "question_id": 2,
          "question_type": "탐색",
          "question": "주차시설이 있는지 알 수 있나요?",
          "question_wordNum": 5,
          "answer": "있음",
          "answer_wordNum": 1,
          "fact": [
            "삼삼 생선구이,주차시설,있음"
          ]
        },
        {
          "question_id": 3,
          "question_type": "관계",
          "question": "이 곳에 인접한 시설이 있나요?",
          "question_wordNum": 5,
          "answer": "양천향교역 5번 출구, CU, 카페딜런",
          "answer_wordNum": 5,
          "fact": [
            "삼삼 생선구이,인접,양천향교역 5번 출구, CU, 카페딜런"
          ]
        }
      ]
    },
    {
      "image_id": 1,
      "question": [
        {
          "question_id": 0,
          "question_type": "관계",
          "question": "이 곳에 인접한 시설을 알 수 있나요?",
          "question_wordNum": 7,
          "answer": "양천향교역 5번 출구, CU, 카페딜런",
          "answer_wordNum": 5,
          "fact": [
            "삼삼 생선구이,인접,양천향교역 5번 출구, CU, 카페딜런"
          ]
        },
        {
          "question_id": 1,
          "question_type": "정보",
          "question": "영업시간은 어떻게 되나요?",
          "question_wordNum": 3,
          "answer": "알수없음",
          "answer_wordNum": 1,
          "fact": [
            "삼삼 생선구이,영업시간,알수없음"
          ]
        },
        {
          "question_id": 2,
          "question_type": "정보",
          "question": "연락처가 어떻게 되나요?",
          "question_wordNum": 3,
          "answer": "02-6083-3022",
          "answer_wordNum": 1,
          "fact": [
            "삼삼 생선구이,연락처,02-6083-3022"
          ]
        },
        {
          "question_id": 3,
          "question_type": "정보",
          "question": "휴무일을 알 수 있나요?",
          "question_wordNum": 4,
          "answer": "알수없음",
          "answer_wordNum": 1,
          "fact": [
            "삼삼 생선구이,휴무일,알수없음"
          ]
        }
      ]
    },
    {
      "image_id": 2,
      "question": [
        {
          "question_id": 0,
          "question_type": "정보",
          "question": "이 곳의 주요 메뉴를 알 수 있나요?",
          "question_wordNum": 7,
          "answer": "고등어구이, 삼치구이",
          "answer_wordNum": 2,
          "fact": [
            "삼삼 생선구이,메뉴,고등어구이, 삼치구이"
          ]
        },
        {
          "question_id": 1,
          "question_type": "정보",
          "question": "연락처가 어떻게 되나요?",
          "question_wordNum": 3,
          "answer": "02-6083-3022",
          "answer_wordNum": 1,
          "fact": [
            "삼삼 생선구이,연락처,02-6083-3022"
          ]
        },
        {
          "question_id": 2,
          "question_type": "정보",
          "question": "영업시간은 몇시부터 몇시까지로 기재되어 있나요?",
          "question_wordNum": 5,
          "answer": "알수없음",
          "answer_wordNum": 1,
          "fact": [
            "삼삼 생선구이,영업시간,알수없음"
          ]
        },
        {
          "question_id": 3,
          "question_type": "탐색",
          "question": "주차시설이 있는지 알 수 있나요?",
          "question_wordNum": 5,
          "answer": "있음",
          "answer_wordNum": 1,
          "fact": [
            "삼삼 생선구이,주차시설,있음"
          ]
        }
      ]
    },
    {
      "image_id": 3,
      "question": [
        {
          "question_id": 0,
          "question_type": "정보",
          "question": "이 곳의 주요 메뉴는 무엇이 있나요?",
          "question_wordNum": 6,
          "answer": "고등어구이, 삼치구이",
          "answer_wordNum": 2,
          "fact": [
            "삼삼 생선구이,메뉴,고등어구이, 삼치구이"
          ]
        },
        {
          "question_id": 1,
          "question_type": "탐색",
          "question": "주차시설이 있는지 알 수 있나요?",
          "question_wordNum": 5,
          "answer": "있음",
          "answer_wordNum": 1,
          "fact": [
            "삼삼 생선구이,주차시설,있음"
          ]
        },
        {
          "question_id": 2,
          "question_type": "정보",
          "question": "연락처가 어떻게 되나요?",
          "question_wordNum": 3,
          "answer": "알수없음",
          "answer_wordNum": 1,
          "fact": [
            "삼삼 생선구이,영업시간,알수없음"
          ]
        },
        {
          "question_id": 3,
          "question_type": "정보",
          "question": "이 곳의 주소는 어떻게 되나요?",
          "question_wordNum": 5,
          "answer": "서울 강서구 강서로74길 36",
          "answer_wordNum": 4,
          "fact": [
            "삼삼 생선구이,주소,서울 강서구 강서로74길 36"
          ]
        }
      ]
    },
    {
      "image_id": 4,
      "question": [
        {
          "question_id": 0,
          "question_type": "정보",
          "question": "휴무일은 어떻게 되나요?",
          "question_wordNum": 3,
          "answer": "알수없음",
          "answer_wordNum": 1,
          "fact": [
            "삼삼 생선구이,휴무일,알수없음"
          ]
        },
        {
          "question_id": 1,
          "question_type": "정보",
          "question": "이 곳의 주요 메뉴를 알 수 있나요?",
          "question_wordNum": 7,
          "answer": "고등어구이, 삼치구이",
          "answer_wordNum": 2,
          "fact": [
            "삼삼 생선구이,메뉴,고등어구이, 삼치구이"
          ]
        },
        {
          "question_id": 2,
          "question_type": "정보",
          "question": "연락처가 어떻게 되나요?",
          "question_wordNum": 3,
          "answer": "02-6083-3022",
          "answer_wordNum": 1,
          "fact": [
            "삼삼 생선구이,연락처,02-6083-3022"
          ]
        },
        {
          "question_id": 3,
          "question_type": "관계",
          "question": "이 곳에 인접한 시설을 알 수 있나요?",
          "question_wordNum": 7,
          "answer": "양천향교역 5번 출구, CU, 카페딜런",
          "answer_wordNum": 5,
          "fact": [
            "삼삼 생선구이,인접,양천향교역 5번 출구, CU, 카페딜런"
          ]
        }
      ]
    }
  ]
}