{
  "data": {
    "dataset": "2-083-219",
    "POI_id": "561498",
    "travelType": "음식점",
    "place": "하양옥",
    "area": "서울"
  },
  "imageInfo": [
    {
      "image_id": 0,
      "filename": "561498_0_su_5_하양옥_1_001.png",
      "mapx": 37.5590996762805,
      "mapy": 126.827995667592,
      "width": 3840,
      "height": 2160,
      "caption_info": [
        "하양옥(강서구)",
        "간판"
      ]
    },
    {
      "image_id": 1,
      "filename": "561498_0_su_5_하양옥_1_002.png",
      "mapx": 37.5590996762805,
      "mapy": 126.827995667592,
      "width": 3840,
      "height": 2160,
      "caption_info": [
        "하양옥(강서구)",
        "간판"
      ]
    },
    {
      "image_id": 2,
      "filename": "561498_0_su_5_하양옥_1_003.png",
      "mapx": 37.5590996762805,
      "mapy": 126.827995667592,
      "width": 3840,
      "height": 2160,
      "caption_info": [
        "하양옥(강서구)",
        "사각 테이블"
      ]
    },
    {
      "image_id": 3,
      "filename": "561498_0_su_5_하양옥_1_004.png",
      "mapx": 37.5590996762805,
      "mapy": 126.827995667592,
      "width": 3840,
      "height": 2160,
      "caption_info": [
        "하양옥(강서구)",
        "메뉴판 "
      ]
    },
    {
      "image_id": 4,
      "filename": "561498_0_su_5_하양옥_1_005.png",
      "mapx": 37.5590996762805,
      "mapy": 126.827995667592,
      "width": 3840,
      "height": 2160,
      "caption_info": [
        "하양옥(강서구)",
        "솥밥 "
      ]
    }
  ],
  "annotations": [
    {
      "image_id": 0,
      "question": [
        {
          "question_id": 0,
          "question_type": "정보",
          "question": "연락처를 알 수 있나요?",
          "question_wordNum": 4,
          "answer": "0507-1378-4622",
          "answer_wordNum": 1,
          "fact": [
            "하양옥,연락처,0507-1378-4622"
          ]
        },
        {
          "question_id": 1,
          "question_type": "관계",
          "question": "이 곳에 인접한 시설을 알 수 있나요?",
          "question_wordNum": 7,
          "answer": "마곡역 4번 출구, 빽다방, 세븐일레븐",
          "answer_wordNum": 5,
          "fact": [
            "하양옥,인접,마곡역 4번 출구, 빽다방, 세븐일레븐"
          ]
        },
        {
          "question_id": 2,
          "question_type": "정보",
          "question": "대표 메뉴가 무엇인가요?",
          "question_wordNum": 3,
          "answer": "수육전골, 송화버섯 솥밥 정식",
          "answer_wordNum": 4,
          "fact": [
            "하양옥,메뉴,수육전골, 송화버섯 솥밥 정식"
          ]
        },
        {
          "question_id": 3,
          "question_type": "정보",
          "question": "영업시간을 알 수 있나요?",
          "question_wordNum": 4,
          "answer": "11:30~22:30",
          "answer_wordNum": 1,
          "fact": [
            "하양옥,영업시간,11:30~22:30"
          ]
        }
      ]
    },
    {
      "image_id": 1,
      "question": [
        {
          "question_id": 0,
          "question_type": "정보",
          "question": "이 곳의 주소는 어떻게 되나요?",
          "question_wordNum": 5,
          "answer": "서울 강서구 공항대로 186",
          "answer_wordNum": 4,
          "fact": [
            "하양옥,주소,서울 강서구 공항대로 186"
          ]
        },
        {
          "question_id": 1,
          "question_type": "관계",
          "question": "이 곳에 인접한 시설이 있나요?",
          "question_wordNum": 5,
          "answer": "마곡역 4번 출구, 빽다방, 세븐일레븐",
          "answer_wordNum": 5,
          "fact": [
            "하양옥,인접,마곡역 4번 출구, 빽다방, 세븐일레븐"
          ]
        },
        {
          "question_id": 2,
          "question_type": "탐색",
          "question": "주차시설이 있는지 알 수 있나요?",
          "question_wordNum": 5,
          "answer": "있음",
          "answer_wordNum": 1,
          "fact": [
            "하양옥,주차시설,있음"
          ]
        },
        {
          "question_id": 3,
          "question_type": "정보",
          "question": "이 곳의 메뉴를 알 수 있나요?",
          "question_wordNum": 6,
          "answer": "수육전골, 송화버섯 솥밥 정식",
          "answer_wordNum": 4,
          "fact": [
            "하양옥,메뉴,수육전골, 송화버섯 솥밥 정식"
          ]
        }
      ]
    },
    {
      "image_id": 2,
      "question": [
        {
          "question_id": 0,
          "question_type": "정보",
          "question": "휴무일은 어떻게 되나요?",
          "question_wordNum": 3,
          "answer": "매주 토요일, 일요일",
          "answer_wordNum": 3,
          "fact": [
            "하양옥,휴무일,매주 토요일, 일요일"
          ]
        },
        {
          "question_id": 1,
          "question_type": "정보",
          "question": "대표 메뉴가 무엇인가요?",
          "question_wordNum": 3,
          "answer": "수육전골, 송화버섯 솥밥 정식",
          "answer_wordNum": 4,
          "fact": [
            "하양옥,메뉴,수육전골, 송화버섯 솥밥 정식"
          ]
        },
        {
          "question_id": 2,
          "question_type": "정보",
          "question": "이 곳의 주소는 어떻게 되나요?",
          "question_wordNum": 5,
          "answer": "서울 강서구 공항대로 186",
          "answer_wordNum": 4,
          "fact": [
            "하양옥,주소,서울 강서구 공항대로 186"
          ]
        },
        {
          "question_id": 3,
          "question_type": "정보",
          "question": "영업시간은 어떻게 되나요?",
          "question_wordNum": 3,
          "answer": "11:30~22:30",
          "answer_wordNum": 1,
          "fact": [
            "하양옥,영업시간,11:30~22:30"
          ]
        }
      ]
    },
    {
      "image_id": 3,
      "question": [
        {
          "question_id": 0,
          "question_type": "정보",
          "question": "영업시간은 어떻게 되나요?",
          "question_wordNum": 3,
          "answer": "11:30~22:30",
          "answer_wordNum": 1,
          "fact": [
            "하양옥,영업시간,11:30~22:30"
          ]
        },
        {
          "question_id": 1,
          "question_type": "관계",
          "question": "이 곳에 인접한 시설을 알 수 있나요?",
          "question_wordNum": 7,
          "answer": "마곡역 4번 출구, 빽다방, 세븐일레븐",
          "answer_wordNum": 5,
          "fact": [
            "하양옥,인접,마곡역 4번 출구, 빽다방, 세븐일레븐"
          ]
        },
        {
          "question_id": 2,
          "question_type": "정보",
          "question": "이 곳의 주소를 알 수 있나요?",
          "question_wordNum": 6,
          "answer": "서울 강서구 공항대로 186",
          "answer_wordNum": 4,
          "fact": [
            "하양옥,주소,서울 강서구 공항대로 186"
          ]
        },
        {
          "question_id": 3,
          "question_type": "정보",
          "question": "이 곳의 메뉴를 알 수 있나요?",
          "question_wordNum": 6,
          "answer": "수육전골, 송화버섯 솥밥 정식",
          "answer_wordNum": 4,
          "fact": [
            "하양옥,메뉴,수육전골, 송화버섯 솥밥 정식"
          ]
        }
      ]
    },
    {
      "image_id": 4,
      "question": [
        {
          "question_id": 0,
          "question_type": "정보",
          "question": "휴무일을 알 수 있나요?",
          "question_wordNum": 4,
          "answer": "매주 토요일, 일요일",
          "answer_wordNum": 3,
          "fact": [
            "하양옥,휴무일,매주 토요일, 일요일"
          ]
        },
        {
          "question_id": 1,
          "question_type": "정보",
          "question": "연락처가 어떻게 되나요?",
          "question_wordNum": 3,
          "answer": "0507-1378-4622",
          "answer_wordNum": 1,
          "fact": [
            "하양옥,연락처,0507-1378-4622"
          ]
        },
        {
          "question_id": 2,
          "question_type": "정보",
          "question": "이 곳의 주소를 알 수 있나요?",
          "question_wordNum": 6,
          "answer": "서울 강서구 공항대로 186",
          "answer_wordNum": 4,
          "fact": [
            "하양옥,주소,서울 강서구 공항대로 186"
          ]
        },
        {
          "question_id": 3,
          "question_type": "관계",
          "question": "이 곳에 인접한 시설이 있나요?",
          "question_wordNum": 5,
          "answer": "마곡역 4번 출구, 빽다방, 세븐일레븐",
          "answer_wordNum": 5,
          "fact": [
            "하양옥,인접,마곡역 4번 출구, 빽다방, 세븐일레븐"
          ]
        }
      ]
    }
  ]
}