{
  "data": {
    "dataset": "2-083-219",
    "POI_id": "561665",
    "travelType": "음식점",
    "place": "땡순이아구찜 본점",
    "area": "서울"
  },
  "imageInfo": [
    {
      "image_id": 0,
      "filename": "561665_0_su_5_땡순이아구찜 본점_1_001.png",
      "mapx": 37.568638335633,
      "mapy": 126.82578514534,
      "width": 3840,
      "height": 2160,
      "caption_info": [
        "땡순이아구찜 본점(강서구)",
        "간판"
      ]
    },
    {
      "image_id": 1,
      "filename": "561665_0_su_5_땡순이아구찜 본점_1_002.png",
      "mapx": 37.568638335633,
      "mapy": 126.82578514534,
      "width": 3840,
      "height": 2160,
      "caption_info": [
        "땡순이아구찜 본점(강서구)",
        "간판"
      ]
    },
    {
      "image_id": 2,
      "filename": "561665_0_su_5_땡순이아구찜 본점_1_003.png",
      "mapx": 37.568638335633,
      "mapy": 126.82578514534,
      "width": 3840,
      "height": 2160,
      "caption_info": [
        "땡순이아구찜 본점(강서구)",
        "등받이 의자"
      ]
    },
    {
      "image_id": 3,
      "filename": "561665_0_su_5_땡순이아구찜 본점_1_004.png",
      "mapx": 37.568638335633,
      "mapy": 126.82578514534,
      "width": 3840,
      "height": 2160,
      "caption_info": [
        "땡순이아구찜 본점(강서구)",
        "메뉴판 "
      ]
    },
    {
      "image_id": 4,
      "filename": "561665_0_su_5_땡순이아구찜 본점_1_005.png",
      "mapx": 37.568638335633,
      "mapy": 126.82578514534,
      "width": 3840,
      "height": 2160,
      "caption_info": [
        "땡순이아구찜 본점(강서구)",
        "젓가락 "
      ]
    }
  ],
  "annotations": [
    {
      "image_id": 0,
      "question": [
        {
          "question_id": 0,
          "question_type": "정보",
          "question": "이 곳의 메뉴를 알 수 있나요?",
          "question_wordNum": 6,
          "answer": "닭초무침, 황금금계 가마솥 녹천탕",
          "answer_wordNum": 4,
          "fact": [
            "땡순이아구찜 본점,메뉴,닭초무침, 황금금계 가마솥 녹천탕"
          ]
        },
        {
          "question_id": 1,
          "question_type": "관계",
          "question": "이 곳에 인접한 시설을 알 수 있나요?",
          "question_wordNum": 7,
          "answer": "마곡나루역 1번 출구, 일성트루엘플래닛오피스텔, 순희네, 추곱창",
          "answer_wordNum": 6,
          "fact": [
            "땡순이아구찜 본점,인접,마곡나루역 1번 출구, 일성트루엘플래닛오피스텔, 순희네, 추곱창"
          ]
        },
        {
          "question_id": 2,
          "question_type": "정보",
          "question": "연락처가 어떻게 되나요?",
          "question_wordNum": 3,
          "answer": "02-2659-3020",
          "answer_wordNum": 1,
          "fact": [
            "땡순이아구찜 본점,연락처,02-2659-3020"
          ]
        },
        {
          "question_id": 3,
          "question_type": "정보",
          "question": "영업시간을 알 수 있나요?",
          "question_wordNum": 4,
          "answer": "11:30~22:30",
          "answer_wordNum": 1,
          "fact": [
            "땡순이아구찜 본점,영업시간,11:30~22:30"
          ]
        }
      ]
    },
    {
      "image_id": 1,
      "question": [
        {
          "question_id": 0,
          "question_type": "정보",
          "question": "이 곳의 주소를 알 수 있나요?",
          "question_wordNum": 6,
          "answer": "서울 강서구 마곡중앙로 161-22",
          "answer_wordNum": 4,
          "fact": [
            "땡순이아구찜 본점,주소,서울 강서구 마곡중앙로 161-22"
          ]
        },
        {
          "question_id": 1,
          "question_type": "정보",
          "question": "영업시간은 어떻게 되나요?",
          "question_wordNum": 3,
          "answer": "11:30~22:30",
          "answer_wordNum": 1,
          "fact": [
            "땡순이아구찜 본점,영업시간,11:30~22:30"
          ]
        },
        {
          "question_id": 2,
          "question_type": "정보",
          "question": "연락처가 어떻게 되나요?",
          "question_wordNum": 3,
          "answer": "02-2659-3020",
          "answer_wordNum": 1,
          "fact": [
            "땡순이아구찜 본점,연락처,02-2659-3020"
          ]
        },
        {
          "question_id": 3,
          "question_type": "탐색",
          "question": "주차시설이 있나요?",
          "question_wordNum": 2,
          "answer": "있음",
          "answer_wordNum": 1,
          "fact": [
            "땡순이아구찜 본점,주차시설,있음"
          ]
        }
      ]
    },
    {
      "image_id": 2,
      "question": [
        {
          "question_id": 0,
          "question_type": "정보",
          "question": "휴무일은 어떻게 되나요?",
          "question_wordNum": 3,
          "answer": "알수없음",
          "answer_wordNum": 1,
          "fact": [
            "땡순이아구찜 본점,휴무일,알수없음"
          ]
        },
        {
          "question_id": 1,
          "question_type": "정보",
          "question": "연락처를 알 수 있나요?",
          "question_wordNum": 4,
          "answer": "02-2659-3020",
          "answer_wordNum": 1,
          "fact": [
            "땡순이아구찜 본점,연락처,02-2659-3020"
          ]
        },
        {
          "question_id": 2,
          "question_type": "정보",
          "question": "영업시간은 어떻게 되나요?",
          "question_wordNum": 3,
          "answer": "11:30~22:30",
          "answer_wordNum": 1,
          "fact": [
            "땡순이아구찜 본점,영업시간,11:30~22:30"
          ]
        },
        {
          "question_id": 3,
          "question_type": "탐색",
          "question": "주차시설이 있나요?",
          "question_wordNum": 2,
          "answer": "있음",
          "answer_wordNum": 1,
          "fact": [
            "땡순이아구찜 본점,주차시설,있음"
          ]
        }
      ]
    },
    {
      "image_id": 3,
      "question": [
        {
          "question_id": 0,
          "question_type": "정보",
          "question": "휴무일은 어떻게 되나요?",
          "question_wordNum": 3,
          "answer": "알수없음",
          "answer_wordNum": 1,
          "fact": [
            "땡순이아구찜 본점,휴무일,알수없음"
          ]
        },
        {
          "question_id": 1,
          "question_type": "정보",
          "question": "이 곳의 메뉴를 알 수 있나요?",
          "question_wordNum": 6,
          "answer": "닭초무침, 황금금계 가마솥 녹천탕",
          "answer_wordNum": 4,
          "fact": [
            "땡순이아구찜 본점,메뉴,닭초무침, 황금금계 가마솥 녹천탕"
          ]
        },
        {
          "question_id": 2,
          "question_type": "정보",
          "question": "이 곳의 주소를 알 수 있나요?",
          "question_wordNum": 6,
          "answer": "서울 강서구 마곡중앙로 161-22",
          "answer_wordNum": 4,
          "fact": [
            "땡순이아구찜 본점,주소,서울 강서구 마곡중앙로 161-22"
          ]
        },
        {
          "question_id": 3,
          "question_type": "정보",
          "question": "연락처를 알 수 있나요?",
          "question_wordNum": 4,
          "answer": "02-2659-3020",
          "answer_wordNum": 1,
          "fact": [
            "땡순이아구찜 본점,연락처,02-2659-3020"
          ]
        }
      ]
    },
    {
      "image_id": 4,
      "question": [
        {
          "question_id": 0,
          "question_type": "정보",
          "question": "영업시간은 어떻게 되나요?",
          "question_wordNum": 3,
          "answer": "11:30~22:30",
          "answer_wordNum": 1,
          "fact": [
            "땡순이아구찜 본점,영업시간,11:30~22:30"
          ]
        },
        {
          "question_id": 1,
          "question_type": "정보",
          "question": "휴무일을 알 수 있나요?",
          "question_wordNum": 4,
          "answer": "알수없음",
          "answer_wordNum": 1,
          "fact": [
            "땡순이아구찜 본점,휴무일,알수없음"
          ]
        },
        {
          "question_id": 2,
          "question_type": "정보",
          "question": "연락처가 어떻게 되나요?",
          "question_wordNum": 3,
          "answer": "02-2659-3020",
          "answer_wordNum": 1,
          "fact": [
            "땡순이아구찜 본점,연락처,02-2659-3020"
          ]
        },
        {
          "question_id": 3,
          "question_type": "탐색",
          "question": "주차시설이 있나요?",
          "question_wordNum": 2,
          "answer": "있음",
          "answer_wordNum": 1,
          "fact": [
            "땡순이아구찜 본점,주차시설,있음"
          ]
        }
      ]
    }
  ]
}