{
  "data": {
    "dataset": "2-083-219",
    "POI_id": "561610",
    "travelType": "음식점",
    "place": "거궁 마곡점",
    "area": "서울"
  },
  "imageInfo": [
    {
      "image_id": 0,
      "filename": "561610_0_su_5_거궁 마곡점_1_001.png",
      "mapx": 37.5585410180689,
      "mapy": 126.833754085705,
      "width": 3840,
      "height": 2160,
      "caption_info": [
        "거궁 마곡점(강서구)",
        "간판"
      ]
    },
    {
      "image_id": 1,
      "filename": "561610_0_su_5_거궁 마곡점_1_002.png",
      "mapx": 37.5585410180689,
      "mapy": 126.833754085705,
      "width": 3840,
      "height": 2160,
      "caption_info": [
        "거궁 마곡점(강서구)",
        "간판"
      ]
    },
    {
      "image_id": 2,
      "filename": "561610_0_su_5_거궁 마곡점_1_003.png",
      "mapx": 37.5585410180689,
      "mapy": 126.833754085705,
      "width": 3840,
      "height": 2160,
      "caption_info": [
        "거궁 마곡점(강서구)",
        "의자, 화분 "
      ]
    },
    {
      "image_id": 3,
      "filename": "561610_0_su_5_거궁 마곡점_1_004.png",
      "mapx": 37.5585410180689,
      "mapy": 126.833754085705,
      "width": 3840,
      "height": 2160,
      "caption_info": [
        "거궁 마곡점(강서구)",
        "메뉴판 "
      ]
    },
    {
      "image_id": 4,
      "filename": "561610_0_su_5_거궁 마곡점_1_005.png",
      "mapx": 37.5585410180689,
      "mapy": 126.833754085705,
      "width": 3840,
      "height": 2160,
      "caption_info": [
        "거궁 마곡점(강서구)",
        "접시"
      ]
    }
  ],
  "annotations": [
    {
      "image_id": 0,
      "question": [
        {
          "question_id": 0,
          "question_type": "정보",
          "question": "영업시간은 어떻게 되나요?",
          "question_wordNum": 3,
          "answer": "11:00~21:20",
          "answer_wordNum": 1,
          "fact": [
            "거궁 마곡점,영업시간,11:00~21:20"
          ]
        },
        {
          "question_id": 1,
          "question_type": "정보",
          "question": "이 곳의 주소는 어떻게 되나요?",
          "question_wordNum": 5,
          "answer": "서울 강서구 공항대로 236",
          "answer_wordNum": 4,
          "fact": [
            "거궁 마곡점,주소,서울 강서구 공항대로 236"
          ]
        },
        {
          "question_id": 2,
          "question_type": "정보",
          "question": "대표 메뉴가 무엇인가요?",
          "question_wordNum": 3,
          "answer": "소갈비구이 거한상, 거한상",
          "answer_wordNum": 3,
          "fact": [
            "거궁 마곡점,메뉴,소갈비구이 거한상, 거한상"
          ]
        },
        {
          "question_id": 3,
          "question_type": "정보",
          "question": "휴무일은 어떻게 되나요?",
          "question_wordNum": 3,
          "answer": "없음",
          "answer_wordNum": 1,
          "fact": [
            "거궁 마곡점,휴무일,없음"
          ]
        }
      ]
    },
    {
      "image_id": 1,
      "question": [
        {
          "question_id": 0,
          "question_type": "관계",
          "question": "이 곳에 인접한 시설이 있나요?",
          "question_wordNum": 5,
          "answer": "발산역 8번 출구, 창고43, 세븐일레븐",
          "answer_wordNum": 5,
          "fact": [
            "거궁 마곡점,인접,발산역 8번 출구, 창고43, 세븐일레븐"
          ]
        },
        {
          "question_id": 1,
          "question_type": "정보",
          "question": "연락처를 알 수 있나요?",
          "question_wordNum": 4,
          "answer": "02-2666-4007",
          "answer_wordNum": 1,
          "fact": [
            "거궁 마곡점,연락처,02-2666-4007"
          ]
        },
        {
          "question_id": 2,
          "question_type": "정보",
          "question": "휴무일은 어떻게 되나요?",
          "question_wordNum": 3,
          "answer": "없음",
          "answer_wordNum": 1,
          "fact": [
            "거궁 마곡점,휴무일,없음"
          ]
        },
        {
          "question_id": 3,
          "question_type": "정보",
          "question": "대표 메뉴가 무엇인가요?",
          "question_wordNum": 3,
          "answer": "소갈비구이 거한상, 거한상",
          "answer_wordNum": 3,
          "fact": [
            "거궁 마곡점,메뉴,소갈비구이 거한상, 거한상"
          ]
        }
      ]
    },
    {
      "image_id": 2,
      "question": [
        {
          "question_id": 0,
          "question_type": "관계",
          "question": "이 곳에 인접한 시설을 알 수 있나요?",
          "question_wordNum": 7,
          "answer": "발산역 8번 출구, 창고43, 세븐일레븐",
          "answer_wordNum": 5,
          "fact": [
            "거궁 마곡점,인접,발산역 8번 출구, 창고43, 세븐일레븐"
          ]
        },
        {
          "question_id": 1,
          "question_type": "정보",
          "question": "이 곳의 주소는 어떻게 되나요?",
          "question_wordNum": 5,
          "answer": "서울 강서구 공항대로 236",
          "answer_wordNum": 4,
          "fact": [
            "거궁 마곡점,주소,서울 강서구 공항대로 236"
          ]
        },
        {
          "question_id": 2,
          "question_type": "탐색",
          "question": "주차시설이 있는지 알 수 있나요?",
          "question_wordNum": 5,
          "answer": "있음",
          "answer_wordNum": 1,
          "fact": [
            "거궁 마곡점,주차시설,있음"
          ]
        },
        {
          "question_id": 3,
          "question_type": "정보",
          "question": "대표 메뉴가 무엇인가요?",
          "question_wordNum": 3,
          "answer": "소갈비구이 거한상, 거한상",
          "answer_wordNum": 3,
          "fact": [
            "거궁 마곡점,메뉴,소갈비구이 거한상, 거한상"
          ]
        }
      ]
    },
    {
      "image_id": 3,
      "question": [
        {
          "question_id": 0,
          "question_type": "정보",
          "question": "연락처를 알 수 있나요?",
          "question_wordNum": 4,
          "answer": "02-2666-4007",
          "answer_wordNum": 1,
          "fact": [
            "거궁 마곡점,연락처,02-2666-4007"
          ]
        },
        {
          "question_id": 1,
          "question_type": "정보",
          "question": "이 곳의 메뉴를 알 수 있나요?",
          "question_wordNum": 6,
          "answer": "소갈비구이 거한상, 거한상",
          "answer_wordNum": 3,
          "fact": [
            "거궁 마곡점,메뉴,소갈비구이 거한상, 거한상"
          ]
        },
        {
          "question_id": 2,
          "question_type": "관계",
          "question": "이 곳에 인접한 시설을 알 수 있나요?",
          "question_wordNum": 7,
          "answer": "발산역 8번 출구, 창고43, 세븐일레븐",
          "answer_wordNum": 5,
          "fact": [
            "거궁 마곡점,인접,발산역 8번 출구, 창고43, 세븐일레븐"
          ]
        },
        {
          "question_id": 3,
          "question_type": "정보",
          "question": "이 곳의 주소를 알 수 있나요?",
          "question_wordNum": 6,
          "answer": "서울 강서구 공항대로 236",
          "answer_wordNum": 4,
          "fact": [
            "거궁 마곡점,주소,서울 강서구 공항대로 236"
          ]
        }
      ]
    },
    {
      "image_id": 4,
      "question": [
        {
          "question_id": 0,
          "question_type": "정보",
          "question": "이 곳의 메뉴를 알 수 있나요?",
          "question_wordNum": 6,
          "answer": "소갈비구이 거한상, 거한상",
          "answer_wordNum": 3,
          "fact": [
            "거궁 마곡점,메뉴,소갈비구이 거한상, 거한상"
          ]
        },
        {
          "question_id": 1,
          "question_type": "정보",
          "question": "영업시간은 어떻게 되나요?",
          "question_wordNum": 3,
          "answer": "11:00~21:20",
          "answer_wordNum": 1,
          "fact": [
            "거궁 마곡점,영업시간,11:00~21:20"
          ]
        },
        {
          "question_id": 2,
          "question_type": "정보",
          "question": "이 곳의 주소를 알 수 있나요?",
          "question_wordNum": 6,
          "answer": "서울 강서구 공항대로 236",
          "answer_wordNum": 4,
          "fact": [
            "거궁 마곡점,주소,서울 강서구 공항대로 236"
          ]
        },
        {
          "question_id": 3,
          "question_type": "관계",
          "question": "이 곳에 인접한 시설을 알 수 있나요?",
          "question_wordNum": 7,
          "answer": "발산역 8번 출구, 창고43, 세븐일레븐",
          "answer_wordNum": 5,
          "fact": [
            "거궁 마곡점,인접,발산역 8번 출구, 창고43, 세븐일레븐"
          ]
        }
      ]
    }
  ]
}