{
  "data": {
    "dataset": "2-083-219",
    "POI_id": "561758",
    "travelType": "음식점",
    "place": "원조양평서울해장국 발산직영점",
    "area": "서울"
  },
  "imageInfo": [
    {
      "image_id": 0,
      "filename": "561758_0_su_5_원조양평서울해장국 발산직영점_1_001.png",
      "mapx": 37.5575082266816,
      "mapy": 126.839764460303,
      "width": 3840,
      "height": 2160,
      "caption_info": [
        "원조양평서울해장국 발산직영점(내발산동)",
        "간판\n"
      ]
    },
    {
      "image_id": 1,
      "filename": "561758_0_su_5_원조양평서울해장국 발산직영점_1_002.png",
      "mapx": 37.5575082266816,
      "mapy": 126.839764460303,
      "width": 3840,
      "height": 2160,
      "caption_info": [
        "원조양평서울해장국 발산직영점(내발산동)",
        "건물\n"
      ]
    },
    {
      "image_id": 2,
      "filename": "561758_0_su_5_원조양평서울해장국 발산직영점_1_003.png",
      "mapx": 37.5575082266816,
      "mapy": 126.839764460303,
      "width": 3840,
      "height": 2160,
      "caption_info": [
        "원조양평서울해장국 발산직영점(내발산동)",
        "등받이 의자"
      ]
    },
    {
      "image_id": 3,
      "filename": "561758_0_su_5_원조양평서울해장국 발산직영점_1_004.png",
      "mapx": 37.5575082266816,
      "mapy": 126.839764460303,
      "width": 3840,
      "height": 2160,
      "caption_info": [
        "원조양평서울해장국 발산직영점(내발산동)",
        "메뉴판\n"
      ]
    },
    {
      "image_id": 4,
      "filename": "561758_0_su_5_원조양평서울해장국 발산직영점_1_005.png",
      "mapx": 37.5575082266816,
      "mapy": 126.839764460303,
      "width": 3840,
      "height": 2160,
      "caption_info": [
        "원조양평서울해장국 발산직영점(내발산동)",
        "밀키트"
      ]
    }
  ],
  "annotations": [
    {
      "image_id": 0,
      "question": [
        {
          "question_id": 0,
          "question_type": "정보",
          "question": "휴무일은 어떻게 되나요?",
          "question_wordNum": 3,
          "answer": "알수없음",
          "answer_wordNum": 1,
          "fact": [
            "원조양평서울해장국 발산직영점,휴무일,알수없음"
          ]
        },
        {
          "question_id": 1,
          "question_type": "정보",
          "question": "연락처가 어떻게 되나요?",
          "question_wordNum": 3,
          "answer": "02-6408-3737",
          "answer_wordNum": 1,
          "fact": [
            "원조양평서울해장국 발산직영점,연락처,02-6408-3737"
          ]
        },
        {
          "question_id": 2,
          "question_type": "관계",
          "question": "이 곳에 인접한 시설을 알 수 있나요?",
          "question_wordNum": 7,
          "answer": "발산역 6번 출구, 낙지한마리 수제비 발산점, 아리아커피",
          "answer_wordNum": 7,
          "fact": [
            "원조양평서울해장국 발산직영점,인접,발산역 6번 출구, 낙지한마리 수제비 발산점, 아리아커피"
          ]
        },
        {
          "question_id": 3,
          "question_type": "정보",
          "question": "이 곳의 주소를 알 수 있나요?",
          "question_wordNum": 6,
          "answer": "서울 강서구 강서로52길 34",
          "answer_wordNum": 4,
          "fact": [
            "원조양평서울해장국 발산직영점,주소,서울 강서구 강서로52길 34"
          ]
        }
      ]
    },
    {
      "image_id": 1,
      "question": [
        {
          "question_id": 0,
          "question_type": "정보",
          "question": "이 곳의 대표적인 메뉴는 무엇이 있나요?",
          "question_wordNum": 6,
          "answer": "해내탕, 선지탕",
          "answer_wordNum": 2,
          "fact": [
            "원조양평서울해장국 발산직영점,메뉴,해내탕, 선지탕"
          ]
        },
        {
          "question_id": 1,
          "question_type": "탐색",
          "question": "주차시설이 있는지 알 수 있나요?",
          "question_wordNum": 5,
          "answer": "있음",
          "answer_wordNum": 1,
          "fact": [
            "원조양평서울해장국 발산직영점,주차시설,있음"
          ]
        },
        {
          "question_id": 2,
          "question_type": "정보",
          "question": "연락처를 알 수 있나요?",
          "question_wordNum": 4,
          "answer": "02-6408-3737",
          "answer_wordNum": 1,
          "fact": [
            "원조양평서울해장국 발산직영점,연락처,02-6408-3737"
          ]
        },
        {
          "question_id": 3,
          "question_type": "정보",
          "question": "휴무일은 어떻게 되나요?",
          "question_wordNum": 3,
          "answer": "알수없음",
          "answer_wordNum": 1,
          "fact": [
            "원조양평서울해장국 발산직영점,휴무일,알수없음"
          ]
        }
      ]
    },
    {
      "image_id": 2,
      "question": [
        {
          "question_id": 0,
          "question_type": "정보",
          "question": "영업시간은 어떻게 되나요?",
          "question_wordNum": 3,
          "answer": "알수없음",
          "answer_wordNum": 1,
          "fact": [
            "원조양평서울해장국 발산직영점,영업시간,알수없음"
          ]
        },
        {
          "question_id": 1,
          "question_type": "정보",
          "question": "이 곳의 주요 메뉴는 무엇이 있나요?",
          "question_wordNum": 6,
          "answer": "해내탕, 선지탕",
          "answer_wordNum": 2,
          "fact": [
            "원조양평서울해장국 발산직영점,메뉴,해내탕, 선지탕"
          ]
        },
        {
          "question_id": 2,
          "question_type": "탐색",
          "question": "주차시설이 있는지 알 수 있나요?",
          "question_wordNum": 5,
          "answer": "있음",
          "answer_wordNum": 1,
          "fact": [
            "원조양평서울해장국 발산직영점,주차시설,있음"
          ]
        },
        {
          "question_id": 3,
          "question_type": "관계",
          "question": "이 곳에 인접한 시설을 알 수 있나요?",
          "question_wordNum": 7,
          "answer": "발산역 6번 출구, 낙지한마리 수제비 발산점, 아리아커피",
          "answer_wordNum": 7,
          "fact": [
            "원조양평서울해장국 발산직영점,인접,발산역 6번 출구, 낙지한마리 수제비 발산점, 아리아커피"
          ]
        }
      ]
    },
    {
      "image_id": 3,
      "question": [
        {
          "question_id": 0,
          "question_type": "탐색",
          "question": "주차시설이 있나요?",
          "question_wordNum": 2,
          "answer": "있음",
          "answer_wordNum": 1,
          "fact": [
            "원조양평서울해장국 발산직영점,주차시설,있음"
          ]
        },
        {
          "question_id": 1,
          "question_type": "정보",
          "question": "영업시간을 알 수 있나요?",
          "question_wordNum": 4,
          "answer": "알수없음",
          "answer_wordNum": 1,
          "fact": [
            "원조양평서울해장국 발산직영점,영업시간,알수없음"
          ]
        },
        {
          "question_id": 2,
          "question_type": "정보",
          "question": "연락처가 어떻게 되나요?",
          "question_wordNum": 3,
          "answer": "02-6408-3737",
          "answer_wordNum": 1,
          "fact": [
            "원조양평서울해장국 발산직영점,연락처,02-6408-3737"
          ]
        },
        {
          "question_id": 3,
          "question_type": "관계",
          "question": "이 곳에 인접한 시설을 알 수 있나요?",
          "question_wordNum": 7,
          "answer": "발산역 6번 출구, 낙지한마리 수제비 발산점, 아리아커피",
          "answer_wordNum": 7,
          "fact": [
            "원조양평서울해장국 발산직영점,인접,발산역 6번 출구, 낙지한마리 수제비 발산점, 아리아커피"
          ]
        }
      ]
    },
    {
      "image_id": 4,
      "question": [
        {
          "question_id": 0,
          "question_type": "정보",
          "question": "이 곳의 주요 메뉴를 알 수 있나요?",
          "question_wordNum": 7,
          "answer": "해내탕, 선지탕",
          "answer_wordNum": 2,
          "fact": [
            "원조양평서울해장국 발산직영점,메뉴,해내탕, 선지탕"
          ]
        },
        {
          "question_id": 1,
          "question_type": "정보",
          "question": "영업시간은 몇시부터 몇시까지로 기재되어 있나요?",
          "question_wordNum": 5,
          "answer": "알수없음",
          "answer_wordNum": 1,
          "fact": [
            "원조양평서울해장국 발산직영점,영업시간,알수없음"
          ]
        },
        {
          "question_id": 2,
          "question_type": "탐색",
          "question": "주차시설이 있는지 알 수 있나요?",
          "question_wordNum": 5,
          "answer": "있음",
          "answer_wordNum": 1,
          "fact": [
            "원조양평서울해장국 발산직영점,주차시설,있음"
          ]
        },
        {
          "question_id": 3,
          "question_type": "정보",
          "question": "이 곳의 주소는 어떻게 되나요?",
          "question_wordNum": 5,
          "answer": "서울 강서구 강서로52길 34",
          "answer_wordNum": 4,
          "fact": [
            "원조양평서울해장국 발산직영점,주소,서울 강서구 강서로52길 34"
          ]
        }
      ]
    }
  ]
}