{
  "data": {
    "dataset": "2-083-219",
    "POI_id": "561705",
    "travelType": "음식점",
    "place": "만두마당",
    "area": "서울"
  },
  "imageInfo": [
    {
      "image_id": 0,
      "filename": "561705_0_su_5_만두마당_2_001.png",
      "mapx": 37.5568874407015,
      "mapy": 126.837392387854,
      "width": 3840,
      "height": 2160,
      "caption_info": [
        "만두마당(내발산동)",
        "건물, 여닫이문"
      ]
    },
    {
      "image_id": 1,
      "filename": "561705_0_su_5_만두마당_2_002.png",
      "mapx": 37.5568874407015,
      "mapy": 126.837392387854,
      "width": 3840,
      "height": 2160,
      "caption_info": [
        "만두마당(내발산동)",
        "간판, 여닫이문"
      ]
    },
    {
      "image_id": 2,
      "filename": "561705_0_su_5_만두마당_2_003.png",
      "mapx": 37.5568874407015,
      "mapy": 126.837392387854,
      "width": 3840,
      "height": 2160,
      "caption_info": [
        "만두마당(내발산동)",
        "테이블, 등받이의자, 선풍기"
      ]
    },
    {
      "image_id": 3,
      "filename": "561705_0_su_5_만두마당_2_004.png",
      "mapx": 37.5568874407015,
      "mapy": 126.837392387854,
      "width": 3840,
      "height": 2160,
      "caption_info": [
        "만두마당(내발산동)",
        "가격표"
      ]
    },
    {
      "image_id": 4,
      "filename": "561705_0_su_5_만두마당_2_005.png",
      "mapx": 37.5568874407015,
      "mapy": 126.837392387854,
      "width": 3840,
      "height": 2160,
      "caption_info": [
        "만두마당(내발산동)",
        "만두"
      ]
    }
  ],
  "annotations": [
    {
      "image_id": 0,
      "question": [
        {
          "question_id": 0,
          "question_type": "정보",
          "question": "휴무일을 알 수 있나요?",
          "question_wordNum": 4,
          "answer": "매주 일요일",
          "answer_wordNum": 2,
          "fact": [
            "만두마당,휴무일,매주 일요일"
          ]
        },
        {
          "question_id": 1,
          "question_type": "탐색",
          "question": "주차시설이 있는지 알 수 있나요?",
          "question_wordNum": 5,
          "answer": "있음",
          "answer_wordNum": 1,
          "fact": [
            "만두마당,주차시설,있음"
          ]
        },
        {
          "question_id": 2,
          "question_type": "관계",
          "question": "이 곳에 인접한 시설을 알 수 있나요?",
          "question_wordNum": 7,
          "answer": "발산역 7번 출구, 과일프레소, 세븐일레븐",
          "answer_wordNum": 5,
          "fact": [
            "만두마당,인접,발산역 7번 출구, 과일프레소, 세븐일레븐"
          ]
        },
        {
          "question_id": 3,
          "question_type": "정보",
          "question": "연락처가 어떻게 되나요?",
          "question_wordNum": 3,
          "answer": "02-2665-1441",
          "answer_wordNum": 1,
          "fact": [
            "만두마당,연락처,02-2665-1441"
          ]
        }
      ]
    },
    {
      "image_id": 1,
      "question": [
        {
          "question_id": 0,
          "question_type": "탐색",
          "question": "주차시설이 있는지 알 수 있나요?",
          "question_wordNum": 5,
          "answer": "있음",
          "answer_wordNum": 1,
          "fact": [
            "만두마당,주차시설,있음"
          ]
        },
        {
          "question_id": 1,
          "question_type": "관계",
          "question": "이 곳에 인접한 시설이 있나요?",
          "question_wordNum": 5,
          "answer": "발산역 7번 출구, 과일프레소, 세븐일레븐",
          "answer_wordNum": 5,
          "fact": [
            "만두마당,인접,발산역 7번 출구, 과일프레소, 세븐일레븐"
          ]
        },
        {
          "question_id": 2,
          "question_type": "정보",
          "question": "이 곳의 주요 메뉴는 무엇이 있나요?",
          "question_wordNum": 6,
          "answer": "수제 김치만두, 수제 고기만두",
          "answer_wordNum": 4,
          "fact": [
            "만두마당,메뉴,수제 김치만두, 수제 고기만두"
          ]
        },
        {
          "question_id": 3,
          "question_type": "정보",
          "question": "영업시간을 알 수 있나요?",
          "question_wordNum": 4,
          "answer": "08:30~21:40",
          "answer_wordNum": 1,
          "fact": [
            "만두마당,영업시간,08:30~21:40"
          ]
        }
      ]
    },
    {
      "image_id": 2,
      "question": [
        {
          "question_id": 0,
          "question_type": "정보",
          "question": "휴무일을 알 수 있나요?",
          "question_wordNum": 4,
          "answer": "매주 일요일",
          "answer_wordNum": 2,
          "fact": [
            "만두마당,휴무일,매주 일요일"
          ]
        },
        {
          "question_id": 1,
          "question_type": "정보",
          "question": "영업시간은 몇시부터 몇시까지로 기재되어 있나요?",
          "question_wordNum": 5,
          "answer": "08:30~21:40",
          "answer_wordNum": 1,
          "fact": [
            "만두마당,영업시간,08:30~21:40"
          ]
        },
        {
          "question_id": 2,
          "question_type": "정보",
          "question": "이 곳의 대표적인 메뉴는 무엇이 있나요?",
          "question_wordNum": 6,
          "answer": "수제 김치만두, 수제 고기만두",
          "answer_wordNum": 4,
          "fact": [
            "만두마당,메뉴,수제 김치만두, 수제 고기만두"
          ]
        },
        {
          "question_id": 3,
          "question_type": "정보",
          "question": "연락처가 어떻게 되나요?",
          "question_wordNum": 3,
          "answer": "02-2665-1441",
          "answer_wordNum": 1,
          "fact": [
            "만두마당,연락처,02-2665-1441"
          ]
        }
      ]
    },
    {
      "image_id": 3,
      "question": [
        {
          "question_id": 0,
          "question_type": "탐색",
          "question": "주차시설이 있는지 알 수 있나요?",
          "question_wordNum": 5,
          "answer": "있음",
          "answer_wordNum": 1,
          "fact": [
            "만두마당,주차시설,있음"
          ]
        },
        {
          "question_id": 1,
          "question_type": "정보",
          "question": "휴무일은 어떻게 되나요?",
          "question_wordNum": 3,
          "answer": "매주 일요일",
          "answer_wordNum": 2,
          "fact": [
            "만두마당,휴무일,매주 일요일"
          ]
        },
        {
          "question_id": 2,
          "question_type": "정보",
          "question": "이 곳의 주소를 알 수 있나요?",
          "question_wordNum": 6,
          "answer": "서울 강서구 강서로 349",
          "answer_wordNum": 4,
          "fact": [
            "만두마당,주소,서울 강서구 강서로 349"
          ]
        },
        {
          "question_id": 3,
          "question_type": "정보",
          "question": "영업시간은 어떻게 되나요?",
          "question_wordNum": 3,
          "answer": "08:30~21:40",
          "answer_wordNum": 1,
          "fact": [
            "만두마당,영업시간,08:30~21:40"
          ]
        }
      ]
    },
    {
      "image_id": 4,
      "question": [
        {
          "question_id": 0,
          "question_type": "정보",
          "question": "이 곳의 대표적인 메뉴는 무엇이 있나요?",
          "question_wordNum": 6,
          "answer": "수제 김치만두, 수제 고기만두",
          "answer_wordNum": 4,
          "fact": [
            "만두마당,메뉴,수제 김치만두, 수제 고기만두"
          ]
        },
        {
          "question_id": 1,
          "question_type": "정보",
          "question": "이 곳의 주소를 알 수 있나요?",
          "question_wordNum": 6,
          "answer": "서울 강서구 강서로 349",
          "answer_wordNum": 4,
          "fact": [
            "만두마당,주소,서울 강서구 강서로 349"
          ]
        },
        {
          "question_id": 2,
          "question_type": "관계",
          "question": "이 곳에 인접한 시설이 있나요?",
          "question_wordNum": 5,
          "answer": "발산역 7번 출구, 과일프레소, 세븐일레븐",
          "answer_wordNum": 5,
          "fact": [
            "만두마당,인접,발산역 7번 출구, 과일프레소, 세븐일레븐"
          ]
        },
        {
          "question_id": 3,
          "question_type": "정보",
          "question": "연락처가 어떻게 되나요?",
          "question_wordNum": 3,
          "answer": "02-2665-1441",
          "answer_wordNum": 1,
          "fact": [
            "만두마당,연락처,02-2665-1441"
          ]
        }
      ]
    }
  ]
}