{
  "data": {
    "dataset": "2-083-219",
    "POI_id": "561378",
    "travelType": "음식점",
    "place": "금왕돈까스 가양점",
    "area": "서울"
  },
  "imageInfo": [
    {
      "image_id": 0,
      "filename": "561378_0_su_5_금왕돈까스 가양점_1_001.png",
      "mapx": 37.5701385762801,
      "mapy": 126.841847030017,
      "width": 3840,
      "height": 2160,
      "caption_info": [
        "금왕돈까스 가양점(가양동)",
        "건물, 간판"
      ]
    },
    {
      "image_id": 1,
      "filename": "561378_0_su_5_금왕돈까스 가양점_1_002.png",
      "mapx": 37.5701385762801,
      "mapy": 126.841847030017,
      "width": 3840,
      "height": 2160,
      "caption_info": [
        "금왕돈까스 가양점(가양동)",
        "간판, 건물"
      ]
    },
    {
      "image_id": 2,
      "filename": "561378_0_su_5_금왕돈까스 가양점_1_003.png",
      "mapx": 37.5701385762801,
      "mapy": 126.841847030017,
      "width": 3840,
      "height": 2160,
      "caption_info": [
        "금왕돈까스 가양점(가양동)",
        "등받이의자, 테이블"
      ]
    },
    {
      "image_id": 3,
      "filename": "561378_0_su_5_금왕돈까스 가양점_1_004.png",
      "mapx": 37.5701385762801,
      "mapy": 126.841847030017,
      "width": 3840,
      "height": 2160,
      "caption_info": [
        "금왕돈까스 가양점(가양동)",
        "메뉴판"
      ]
    },
    {
      "image_id": 4,
      "filename": "561378_0_su_5_금왕돈까스 가양점_1_005.png",
      "mapx": 37.5701385762801,
      "mapy": 126.841847030017,
      "width": 3840,
      "height": 2160,
      "caption_info": [
        "금왕돈까스 가양점(가양동)",
        "돈까스, 샐러드"
      ]
    }
  ],
  "annotations": [
    {
      "image_id": 0,
      "question": [
        {
          "question_id": 0,
          "question_type": "정보",
          "question": "휴무일을 알 수 있나요?",
          "question_wordNum": 4,
          "answer": "알수없음",
          "answer_wordNum": 1,
          "fact": [
            "금왕돈까스 가양점,휴무일,알수없음"
          ]
        },
        {
          "question_id": 1,
          "question_type": "정보",
          "question": "영업시간을 알 수 있나요?",
          "question_wordNum": 4,
          "answer": "알수없음",
          "answer_wordNum": 1,
          "fact": [
            "금왕돈까스 가양점,영업시간,알수없음"
          ]
        },
        {
          "question_id": 2,
          "question_type": "탐색",
          "question": "주차시설이 있나요?",
          "question_wordNum": 2,
          "answer": "있음",
          "answer_wordNum": 1,
          "fact": [
            "금왕돈까스 가양점,주차시설,있음"
          ]
        },
        {
          "question_id": 3,
          "question_type": "정보",
          "question": "연락처를 알 수 있나요?",
          "question_wordNum": 4,
          "answer": "알수없음",
          "answer_wordNum": 1,
          "fact": [
            "금왕돈까스 가양점,연락처,알수없음"
          ]
        }
      ]
    },
    {
      "image_id": 1,
      "question": [
        {
          "question_id": 0,
          "question_type": "정보",
          "question": "이 곳의 주요 메뉴는 무엇이 있나요?",
          "question_wordNum": 6,
          "answer": "돈까스, 매운돈까스",
          "answer_wordNum": 2,
          "fact": [
            "금왕돈까스 가양점,메뉴,돈까스, 매운돈까스"
          ]
        },
        {
          "question_id": 1,
          "question_type": "관계",
          "question": "이 곳에 인접한 시설이 있나요?",
          "question_wordNum": 5,
          "answer": "양천향교역 3번 출구, 피자스쿨, 삼겹살데이",
          "answer_wordNum": 5,
          "fact": [
            "금왕돈까스 가양점,인접,양천향교역 3번 출구, 피자스쿨, 삼겹살데이"
          ]
        },
        {
          "question_id": 2,
          "question_type": "정보",
          "question": "연락처를 알 수 있나요?",
          "question_wordNum": 4,
          "answer": "알수없음",
          "answer_wordNum": 1,
          "fact": [
            "금왕돈까스 가양점,연락처,알수없음"
          ]
        },
        {
          "question_id": 3,
          "question_type": "정보",
          "question": "이 곳의 주소는 어떻게 되나요?",
          "question_wordNum": 5,
          "answer": "서울 강서구 강서로 502 금왕돈까스",
          "answer_wordNum": 5,
          "fact": [
            "금왕돈까스 가양점,주소,서울 강서구 강서로 502 금왕돈까스"
          ]
        }
      ]
    },
    {
      "image_id": 2,
      "question": [
        {
          "question_id": 0,
          "question_type": "정보",
          "question": "이 곳의 주요 메뉴는 무엇이 있나요?",
          "question_wordNum": 6,
          "answer": "돈까스, 매운돈까스",
          "answer_wordNum": 2,
          "fact": [
            "금왕돈까스 가양점,메뉴,돈까스, 매운돈까스"
          ]
        },
        {
          "question_id": 1,
          "question_type": "정보",
          "question": "영업시간을 알 수 있나요?",
          "question_wordNum": 4,
          "answer": "알수없음",
          "answer_wordNum": 1,
          "fact": [
            "금왕돈까스 가양점,영업시간,알수없음"
          ]
        },
        {
          "question_id": 2,
          "question_type": "관계",
          "question": "이 곳에 인접한 시설이 있나요?",
          "question_wordNum": 5,
          "answer": "양천향교역 3번 출구, 피자스쿨, 삼겹살데이",
          "answer_wordNum": 5,
          "fact": [
            "금왕돈까스 가양점,인접,양천향교역 3번 출구, 피자스쿨, 삼겹살데이"
          ]
        },
        {
          "question_id": 3,
          "question_type": "정보",
          "question": "이 곳의 주소는 어떻게 되나요?",
          "question_wordNum": 5,
          "answer": "서울 강서구 강서로 502 금왕돈까스",
          "answer_wordNum": 5,
          "fact": [
            "금왕돈까스 가양점,주소,서울 강서구 강서로 502 금왕돈까스"
          ]
        }
      ]
    },
    {
      "image_id": 3,
      "question": [
        {
          "question_id": 0,
          "question_type": "정보",
          "question": "휴무일을 알 수 있나요?",
          "question_wordNum": 4,
          "answer": "알수없음",
          "answer_wordNum": 1,
          "fact": [
            "금왕돈까스 가양점,휴무일,알수없음"
          ]
        },
        {
          "question_id": 1,
          "question_type": "정보",
          "question": "이 곳의 대표적인 메뉴는 무엇이 있나요?",
          "question_wordNum": 6,
          "answer": "돈까스, 매운돈까스",
          "answer_wordNum": 2,
          "fact": [
            "금왕돈까스 가양점,메뉴,돈까스, 매운돈까스"
          ]
        },
        {
          "question_id": 2,
          "question_type": "정보",
          "question": "이 곳의 주소는 어떻게 되나요?",
          "question_wordNum": 5,
          "answer": "서울 강서구 강서로 502 금왕돈까스",
          "answer_wordNum": 5,
          "fact": [
            "금왕돈까스 가양점,주소,서울 강서구 강서로 502 금왕돈까스"
          ]
        },
        {
          "question_id": 3,
          "question_type": "정보",
          "question": "연락처를 알 수 있나요?",
          "question_wordNum": 4,
          "answer": "알수없음",
          "answer_wordNum": 1,
          "fact": [
            "금왕돈까스 가양점,연락처,알수없음"
          ]
        }
      ]
    },
    {
      "image_id": 4,
      "question": [
        {
          "question_id": 0,
          "question_type": "정보",
          "question": "이 곳의 주요 메뉴는 무엇이 있나요?",
          "question_wordNum": 6,
          "answer": "돈까스, 매운돈까스",
          "answer_wordNum": 2,
          "fact": [
            "금왕돈까스 가양점,메뉴,돈까스, 매운돈까스"
          ]
        },
        {
          "question_id": 1,
          "question_type": "정보",
          "question": "영업시간을 알 수 있나요?",
          "question_wordNum": 4,
          "answer": "알수없음",
          "answer_wordNum": 1,
          "fact": [
            "금왕돈까스 가양점,영업시간,알수없음"
          ]
        },
        {
          "question_id": 2,
          "question_type": "정보",
          "question": "이 곳의 주소는 어떻게 되나요?",
          "question_wordNum": 5,
          "answer": "서울 강서구 강서로 502 금왕돈까스",
          "answer_wordNum": 5,
          "fact": [
            "금왕돈까스 가양점,주소,서울 강서구 강서로 502 금왕돈까스"
          ]
        },
        {
          "question_id": 3,
          "question_type": "관계",
          "question": "이 곳에 인접한 시설이 있나요?",
          "question_wordNum": 5,
          "answer": "양천향교역 3번 출구, 피자스쿨, 삼겹살데이",
          "answer_wordNum": 5,
          "fact": [
            "금왕돈까스 가양점,인접,양천향교역 3번 출구, 피자스쿨, 삼겹살데이"
          ]
        }
      ]
    }
  ]
}