{
  "data": {
    "dataset": "2-083-219",
    "POI_id": "561570",
    "travelType": "음식점",
    "place": "마곡오리 ",
    "area": "서울"
  },
  "imageInfo": [
    {
      "image_id": 0,
      "filename": "561570_0_su_5_마곡오리 _1_001.png",
      "mapx": 37.5726874871118,
      "mapy": 126.822874302182,
      "width": 3840,
      "height": 2160,
      "caption_info": [
        "마곡오리(마곡동)",
        "간판"
      ]
    },
    {
      "image_id": 1,
      "filename": "561570_0_su_5_마곡오리 _1_002.png",
      "mapx": 37.5726874871118,
      "mapy": 126.822874302182,
      "width": 3840,
      "height": 2160,
      "caption_info": [
        "마곡오리(마곡동)",
        "파라솔, 테이블, 간판"
      ]
    },
    {
      "image_id": 2,
      "filename": "561570_0_su_5_마곡오리 _1_003.png",
      "mapx": 37.5726874871118,
      "mapy": 126.822874302182,
      "width": 3840,
      "height": 2160,
      "caption_info": [
        "마곡오리(마곡동)",
        "테이블, 텔레비전"
      ]
    },
    {
      "image_id": 3,
      "filename": "561570_0_su_5_마곡오리 _1_004.png",
      "mapx": 37.5726874871118,
      "mapy": 126.822874302182,
      "width": 3840,
      "height": 2160,
      "caption_info": [
        "마곡오리(마곡동)",
        "메뉴판"
      ]
    },
    {
      "image_id": 4,
      "filename": "561570_0_su_5_마곡오리 _1_005.png",
      "mapx": 37.5726874871118,
      "mapy": 126.822874302182,
      "width": 3840,
      "height": 2160,
      "caption_info": [
        "마곡오리(마곡동)",
        "볶음밥"
      ]
    }
  ],
  "annotations": [
    {
      "image_id": 0,
      "question": [
        {
          "question_id": 0,
          "question_type": "관계",
          "question": "이 곳에 인접한 시설이 있나요?",
          "question_wordNum": 5,
          "answer": "신방화역 3번 출구, 마곡생고기, 짱구분식",
          "answer_wordNum": 5,
          "fact": [
            "마곡오리,인접,신방화역 3번 출구, 마곡생고기, 짱구분식"
          ]
        },
        {
          "question_id": 1,
          "question_type": "탐색",
          "question": "주차시설이 있는지 알 수 있나요?",
          "question_wordNum": 5,
          "answer": "있음",
          "answer_wordNum": 1,
          "fact": [
            "마곡오리,주차시설,있음"
          ]
        },
        {
          "question_id": 2,
          "question_type": "정보",
          "question": "연락처를 알 수 있나요?",
          "question_wordNum": 4,
          "answer": "02-3662-5292",
          "answer_wordNum": 1,
          "fact": [
            "마곡오리,연락처,02-3662-5292"
          ]
        },
        {
          "question_id": 3,
          "question_type": "정보",
          "question": "휴무일을 알 수 있나요?",
          "question_wordNum": 4,
          "answer": "없음",
          "answer_wordNum": 1,
          "fact": [
            "마곡오리,휴무일,없음"
          ]
        }
      ]
    },
    {
      "image_id": 1,
      "question": [
        {
          "question_id": 0,
          "question_type": "관계",
          "question": "이 곳에 인접한 시설이 있나요?",
          "question_wordNum": 5,
          "answer": "신방화역 3번 출구, 마곡생고기, 짱구분식",
          "answer_wordNum": 5,
          "fact": [
            "마곡오리,인접,신방화역 3번 출구, 마곡생고기, 짱구분식"
          ]
        },
        {
          "question_id": 1,
          "question_type": "탐색",
          "question": "주차시설이 있는지 알 수 있나요?",
          "question_wordNum": 5,
          "answer": "있음",
          "answer_wordNum": 1,
          "fact": [
            "마곡오리,주차시설,있음"
          ]
        },
        {
          "question_id": 2,
          "question_type": "정보",
          "question": "이 곳의 주요 메뉴를 알 수 있나요?",
          "question_wordNum": 7,
          "answer": "논두렁 주물럭, 불고기",
          "answer_wordNum": 3,
          "fact": [
            "마곡오리,메뉴,논두렁 주물럭, 불고기"
          ]
        },
        {
          "question_id": 3,
          "question_type": "정보",
          "question": "영업시간을 알 수 있나요?",
          "question_wordNum": 4,
          "answer": "11:30 - 22:00",
          "answer_wordNum": 3,
          "fact": [
            "마곡오리,영업시간,11:30 - 22:00"
          ]
        }
      ]
    },
    {
      "image_id": 2,
      "question": [
        {
          "question_id": 0,
          "question_type": "정보",
          "question": "연락처를 알 수 있나요?",
          "question_wordNum": 4,
          "answer": "02-3662-5292",
          "answer_wordNum": 1,
          "fact": [
            "마곡오리,연락처,02-3662-5292"
          ]
        },
        {
          "question_id": 1,
          "question_type": "정보",
          "question": "이 곳의 주요 메뉴는 무엇이 있나요?",
          "question_wordNum": 6,
          "answer": "논두렁 주물럭, 불고기",
          "answer_wordNum": 3,
          "fact": [
            "마곡오리,메뉴,논두렁 주물럭, 불고기"
          ]
        },
        {
          "question_id": 2,
          "question_type": "정보",
          "question": "영업시간은 어떻게 되나요?",
          "question_wordNum": 3,
          "answer": "11:30 - 22:00",
          "answer_wordNum": 3,
          "fact": [
            "마곡오리,영업시간,11:30 - 22:00"
          ]
        },
        {
          "question_id": 3,
          "question_type": "정보",
          "question": "휴무일은 어떻게 되나요?",
          "question_wordNum": 3,
          "answer": "없음",
          "answer_wordNum": 1,
          "fact": [
            "마곡오리,휴무일,없음"
          ]
        }
      ]
    },
    {
      "image_id": 3,
      "question": [
        {
          "question_id": 0,
          "question_type": "관계",
          "question": "이 곳에 인접한 시설을 알 수 있나요?",
          "question_wordNum": 7,
          "answer": "신방화역 3번 출구, 마곡생고기, 짱구분식",
          "answer_wordNum": 5,
          "fact": [
            "마곡오리,인접,신방화역 3번 출구, 마곡생고기, 짱구분식"
          ]
        },
        {
          "question_id": 1,
          "question_type": "정보",
          "question": "휴무일을 알 수 있나요?",
          "question_wordNum": 4,
          "answer": "없음",
          "answer_wordNum": 1,
          "fact": [
            "마곡오리,휴무일,없음"
          ]
        },
        {
          "question_id": 2,
          "question_type": "정보",
          "question": "이 곳의 주소를 알 수 있나요?",
          "question_wordNum": 6,
          "answer": "서울 강서구 양천로30길 11",
          "answer_wordNum": 4,
          "fact": [
            "마곡오리,주소,서울 강서구 양천로30길 11"
          ]
        },
        {
          "question_id": 3,
          "question_type": "정보",
          "question": "이 곳의 대표적인 메뉴를 알 수 있나요?",
          "question_wordNum": 7,
          "answer": "논두렁 주물럭, 불고기",
          "answer_wordNum": 3,
          "fact": [
            "마곡오리,메뉴,논두렁 주물럭, 불고기"
          ]
        }
      ]
    },
    {
      "image_id": 4,
      "question": [
        {
          "question_id": 0,
          "question_type": "탐색",
          "question": "주차시설이 있는지 알 수 있나요?",
          "question_wordNum": 5,
          "answer": "있음",
          "answer_wordNum": 1,
          "fact": [
            "마곡오리,주차시설,있음"
          ]
        },
        {
          "question_id": 1,
          "question_type": "정보",
          "question": "연락처가 어떻게 되나요?",
          "question_wordNum": 3,
          "answer": "02-3662-5292",
          "answer_wordNum": 1,
          "fact": [
            "마곡오리,연락처,02-3662-5292"
          ]
        },
        {
          "question_id": 2,
          "question_type": "정보",
          "question": "영업시간은 몇시부터 몇시까지로 기재되어 있나요?",
          "question_wordNum": 5,
          "answer": "11:30 - 22:00",
          "answer_wordNum": 3,
          "fact": [
            "마곡오리,영업시간,11:30 - 22:00"
          ]
        },
        {
          "question_id": 3,
          "question_type": "정보",
          "question": "이 곳의 주소는 어떻게 되나요?",
          "question_wordNum": 5,
          "answer": "서울 강서구 양천로30길 11",
          "answer_wordNum": 4,
          "fact": [
            "마곡오리,주소,서울 강서구 양천로30길 11"
          ]
        }
      ]
    }
  ]
}