{
  "data": {
    "dataset": "2-083-219",
    "POI_id": "561451",
    "travelType": "음식점",
    "place": "홍박식당",
    "area": "서울"
  },
  "imageInfo": [
    {
      "image_id": 0,
      "filename": "561451_0_su_5_홍박식당_1_001.png",
      "mapx": 37.5596348826715,
      "mapy": 126.83201084043,
      "width": 3840,
      "height": 2160,
      "caption_info": [
        "홍박식당(마곡동)",
        "간판, 여닫이문"
      ]
    },
    {
      "image_id": 1,
      "filename": "561451_0_su_5_홍박식당_1_002.png",
      "mapx": 37.5596348826715,
      "mapy": 126.83201084043,
      "width": 3840,
      "height": 2160,
      "caption_info": [
        "홍박식당(마곡동)",
        "간판, 의자, 여닫이문"
      ]
    },
    {
      "image_id": 2,
      "filename": "561451_0_su_5_홍박식당_1_003.png",
      "mapx": 37.5596348826715,
      "mapy": 126.83201084043,
      "width": 3840,
      "height": 2160,
      "caption_info": [
        "홍박식당(마곡동)",
        "테이블, 등받이의자, 진열장"
      ]
    },
    {
      "image_id": 3,
      "filename": "561451_0_su_5_홍박식당_1_004.png",
      "mapx": 37.5596348826715,
      "mapy": 126.83201084043,
      "width": 3840,
      "height": 2160,
      "caption_info": [
        "홍박식당(마곡동)",
        "메뉴판"
      ]
    },
    {
      "image_id": 4,
      "filename": "561451_0_su_5_홍박식당_1_005.png",
      "mapx": 37.5596348826715,
      "mapy": 126.83201084043,
      "width": 3840,
      "height": 2160,
      "caption_info": [
        "홍박식당(마곡동)",
        "삼겹살"
      ]
    }
  ],
  "annotations": [
    {
      "image_id": 0,
      "question": [
        {
          "question_id": 0,
          "question_type": "정보",
          "question": "이 곳의 주요 메뉴는 무엇이 있나요?",
          "question_wordNum": 6,
          "answer": "숙성 삼겹살, 숙성 연목살",
          "answer_wordNum": 4,
          "fact": [
            "홍박식당,메뉴,숙성 삼겹살, 숙성 연목살"
          ]
        },
        {
          "question_id": 1,
          "question_type": "정보",
          "question": "영업시간은 어떻게 되나요?",
          "question_wordNum": 3,
          "answer": "11:00/16:10~22:00",
          "answer_wordNum": 1,
          "fact": [
            "홍박식당,영업시간,11:00/16:10~22:00"
          ]
        },
        {
          "question_id": 2,
          "question_type": "정보",
          "question": "휴무일을 알 수 있나요?",
          "question_wordNum": 4,
          "answer": "알수없음",
          "answer_wordNum": 1,
          "fact": [
            "홍박식당,휴무일,알수없음"
          ]
        },
        {
          "question_id": 3,
          "question_type": "관계",
          "question": "이 곳에 인접한 시설이 있나요?",
          "question_wordNum": 5,
          "answer": "마곡역 3번 출구, 푸라닭, 씨엘",
          "answer_wordNum": 5,
          "fact": [
            "홍박식당,인접,마곡역 3번 출구, 푸라닭, 씨엘"
          ]
        }
      ]
    },
    {
      "image_id": 1,
      "question": [
        {
          "question_id": 0,
          "question_type": "정보",
          "question": "이 곳의 주소는 어떻게 되나요?",
          "question_wordNum": 5,
          "answer": "서울 강서구 공항대로 219 홍박식당",
          "answer_wordNum": 5,
          "fact": [
            "홍박식당,주소,서울 강서구 공항대로 219 홍박식당"
          ]
        },
        {
          "question_id": 1,
          "question_type": "정보",
          "question": "연락처가 어떻게 되나요?",
          "question_wordNum": 3,
          "answer": "0507-1328-4348",
          "answer_wordNum": 1,
          "fact": [
            "홍박식당,연락처,0507-1328-4348"
          ]
        },
        {
          "question_id": 2,
          "question_type": "정보",
          "question": "영업시간은 어떻게 되나요?",
          "question_wordNum": 3,
          "answer": "11:00/16:10~22:00",
          "answer_wordNum": 1,
          "fact": [
            "홍박식당,영업시간,11:00/16:10~22:00"
          ]
        },
        {
          "question_id": 3,
          "question_type": "정보",
          "question": "이 곳의 주요 메뉴는 무엇이 있나요?",
          "question_wordNum": 6,
          "answer": "숙성 삼겹살, 숙성 연목살",
          "answer_wordNum": 4,
          "fact": [
            "홍박식당,메뉴,숙성 삼겹살, 숙성 연목살"
          ]
        }
      ]
    },
    {
      "image_id": 2,
      "question": [
        {
          "question_id": 0,
          "question_type": "관계",
          "question": "이 곳에 인접한 시설이 있나요?",
          "question_wordNum": 5,
          "answer": "마곡역 3번 출구, 푸라닭, 씨엘",
          "answer_wordNum": 5,
          "fact": [
            "홍박식당,인접,마곡역 3번 출구, 푸라닭, 씨엘"
          ]
        },
        {
          "question_id": 1,
          "question_type": "탐색",
          "question": "주차시설이 있나요?",
          "question_wordNum": 2,
          "answer": "있음",
          "answer_wordNum": 1,
          "fact": [
            "홍박식당,주차시설,있음"
          ]
        },
        {
          "question_id": 2,
          "question_type": "정보",
          "question": "휴무일을 알 수 있나요?",
          "question_wordNum": 4,
          "answer": "알수없음",
          "answer_wordNum": 1,
          "fact": [
            "홍박식당,휴무일,알수없음"
          ]
        },
        {
          "question_id": 3,
          "question_type": "정보",
          "question": "영업시간은 어떻게 되나요?",
          "question_wordNum": 3,
          "answer": "11:00/16:10~22:00",
          "answer_wordNum": 1,
          "fact": [
            "홍박식당,영업시간,11:00/16:10~22:00"
          ]
        }
      ]
    },
    {
      "image_id": 3,
      "question": [
        {
          "question_id": 0,
          "question_type": "정보",
          "question": "이 곳의 주요 메뉴는 무엇이 있나요?",
          "question_wordNum": 6,
          "answer": "숙성 삼겹살, 숙성 연목살",
          "answer_wordNum": 4,
          "fact": [
            "홍박식당,메뉴,숙성 삼겹살, 숙성 연목살"
          ]
        },
        {
          "question_id": 1,
          "question_type": "정보",
          "question": "연락처가 어떻게 되나요?",
          "question_wordNum": 3,
          "answer": "0507-1328-4348",
          "answer_wordNum": 1,
          "fact": [
            "홍박식당,연락처,0507-1328-4348"
          ]
        },
        {
          "question_id": 2,
          "question_type": "정보",
          "question": "이 곳의 주소는 어떻게 되나요?",
          "question_wordNum": 5,
          "answer": "서울 강서구 공항대로 219 홍박식당",
          "answer_wordNum": 5,
          "fact": [
            "홍박식당,주소,서울 강서구 공항대로 219 홍박식당"
          ]
        },
        {
          "question_id": 3,
          "question_type": "관계",
          "question": "이 곳에 인접한 시설이 있나요?",
          "question_wordNum": 5,
          "answer": "마곡역 3번 출구, 푸라닭, 씨엘",
          "answer_wordNum": 5,
          "fact": [
            "홍박식당,인접,마곡역 3번 출구, 푸라닭, 씨엘"
          ]
        }
      ]
    },
    {
      "image_id": 4,
      "question": [
        {
          "question_id": 0,
          "question_type": "탐색",
          "question": "주차시설이 있나요?",
          "question_wordNum": 2,
          "answer": "있음",
          "answer_wordNum": 1,
          "fact": [
            "홍박식당,주차시설,있음"
          ]
        },
        {
          "question_id": 1,
          "question_type": "정보",
          "question": "이 곳의 주요 메뉴는 무엇이 있나요?",
          "question_wordNum": 6,
          "answer": "숙성 삼겹살, 숙성 연목살",
          "answer_wordNum": 4,
          "fact": [
            "홍박식당,메뉴,숙성 삼겹살, 숙성 연목살"
          ]
        },
        {
          "question_id": 2,
          "question_type": "정보",
          "question": "휴무일을 알 수 있나요?",
          "question_wordNum": 4,
          "answer": "알수없음",
          "answer_wordNum": 1,
          "fact": [
            "홍박식당,휴무일,알수없음"
          ]
        },
        {
          "question_id": 3,
          "question_type": "정보",
          "question": "영업시간은 어떻게 되나요?",
          "question_wordNum": 3,
          "answer": "11:00/16:10~22:00",
          "answer_wordNum": 1,
          "fact": [
            "홍박식당,영업시간,11:00/16:10~22:00"
          ]
        }
      ]
    }
  ]
}