{
  "data": {
    "dataset": "2-083-219",
    "POI_id": "561377",
    "travelType": "음식점",
    "place": "장군주먹고기 가양점",
    "area": "서울"
  },
  "imageInfo": [
    {
      "image_id": 0,
      "filename": "561377_0_su_5_장군주먹고기 가양점_1_001.png",
      "mapx": 37.5697030728798,
      "mapy": 126.840668687306,
      "width": 3840,
      "height": 2160,
      "caption_info": [
        "장군주먹고기 가양점(가양동)",
        "간판"
      ]
    },
    {
      "image_id": 1,
      "filename": "561377_0_su_5_장군주먹고기 가양점_1_002.png",
      "mapx": 37.5697030728798,
      "mapy": 126.840668687306,
      "width": 3840,
      "height": 2160,
      "caption_info": [
        "장군주먹고기 가양점(가양동)",
        "간판, 건물"
      ]
    },
    {
      "image_id": 2,
      "filename": "561377_0_su_5_장군주먹고기 가양점_1_003.png",
      "mapx": 37.5697030728798,
      "mapy": 126.840668687306,
      "width": 3840,
      "height": 2160,
      "caption_info": [
        "장군주먹고기 가양점(가양동)",
        "테이블, 등받이의자"
      ]
    },
    {
      "image_id": 3,
      "filename": "561377_0_su_5_장군주먹고기 가양점_1_004.png",
      "mapx": 37.5697030728798,
      "mapy": 126.840668687306,
      "width": 3840,
      "height": 2160,
      "caption_info": [
        "장군주먹고기 가양점(가양동)",
        "메뉴판"
      ]
    },
    {
      "image_id": 4,
      "filename": "561377_0_su_5_장군주먹고기 가양점_1_005.png",
      "mapx": 37.5697030728798,
      "mapy": 126.840668687306,
      "width": 3840,
      "height": 2160,
      "caption_info": [
        "장군주먹고기 가양점(가양동)",
        "고기"
      ]
    }
  ],
  "annotations": [
    {
      "image_id": 0,
      "question": [
        {
          "question_id": 0,
          "question_type": "정보",
          "question": "영업시간은 어떻게 되나요?",
          "question_wordNum": 3,
          "answer": "12:00 - 22:00",
          "answer_wordNum": 3,
          "fact": [
            "장군주먹고기 가양점,영업시간,12:00 - 22:00"
          ]
        },
        {
          "question_id": 1,
          "question_type": "관계",
          "question": "이 곳에 인접한 시설이 있나요?",
          "question_wordNum": 5,
          "answer": "양천향교역 1번 출구, 본담채, 카페조이",
          "answer_wordNum": 5,
          "fact": [
            "장군주먹고기 가양점,인접,양천향교역 1번 출구, 본담채, 카페조이"
          ]
        },
        {
          "question_id": 2,
          "question_type": "정보",
          "question": "이 곳의 주소는 어떻게 되나요?",
          "question_wordNum": 5,
          "answer": "서울 강서구 양천로49길 23",
          "answer_wordNum": 4,
          "fact": [
            "장군주먹고기 가양점,주소,서울 강서구 양천로49길 23"
          ]
        },
        {
          "question_id": 3,
          "question_type": "정보",
          "question": "연락처가 어떻게 되나요?",
          "question_wordNum": 3,
          "answer": "02-3661-6919",
          "answer_wordNum": 1,
          "fact": [
            "장군주먹고기 가양점,연락처,02-3661-6919"
          ]
        }
      ]
    },
    {
      "image_id": 1,
      "question": [
        {
          "question_id": 0,
          "question_type": "정보",
          "question": "영업시간은 몇시부터 몇시까지로 기재되어 있나요?",
          "question_wordNum": 5,
          "answer": "12:00 - 22:00",
          "answer_wordNum": 3,
          "fact": [
            "장군주먹고기 가양점,영업시간,12:00 - 22:00"
          ]
        },
        {
          "question_id": 1,
          "question_type": "정보",
          "question": "이 곳의 대표적인 메뉴는 무엇이 있나요?",
          "question_wordNum": 6,
          "answer": "한우차돌, 소갈비살",
          "answer_wordNum": 2,
          "fact": [
            "장군주먹고기 가양점,메뉴,한우차돌, 소갈비살"
          ]
        },
        {
          "question_id": 2,
          "question_type": "정보",
          "question": "휴무일은 어떻게 되나요?",
          "question_wordNum": 3,
          "answer": "없음",
          "answer_wordNum": 1,
          "fact": [
            "장군주먹고기 가양점,휴무일,없음"
          ]
        },
        {
          "question_id": 3,
          "question_type": "탐색",
          "question": "주차시설이 있나요?",
          "question_wordNum": 2,
          "answer": "없음",
          "answer_wordNum": 1,
          "fact": [
            "장군주먹고기 가양점,주차시설,없음"
          ]
        }
      ]
    },
    {
      "image_id": 2,
      "question": [
        {
          "question_id": 0,
          "question_type": "탐색",
          "question": "주차시설이 있나요?",
          "question_wordNum": 2,
          "answer": "없음",
          "answer_wordNum": 1,
          "fact": [
            "장군주먹고기 가양점,주차시설,없음"
          ]
        },
        {
          "question_id": 1,
          "question_type": "정보",
          "question": "영업시간은 몇시부터 몇시까지로 기재되어 있나요?",
          "question_wordNum": 5,
          "answer": "12:00 - 22:00",
          "answer_wordNum": 3,
          "fact": [
            "장군주먹고기 가양점,영업시간,12:00 - 22:00"
          ]
        },
        {
          "question_id": 2,
          "question_type": "정보",
          "question": "이 곳의 대표적인 메뉴는 무엇이 있나요?",
          "question_wordNum": 6,
          "answer": "한우차돌, 소갈비살",
          "answer_wordNum": 2,
          "fact": [
            "장군주먹고기 가양점,메뉴,한우차돌, 소갈비살"
          ]
        },
        {
          "question_id": 3,
          "question_type": "정보",
          "question": "이 곳의 주소는 어떻게 되나요?",
          "question_wordNum": 5,
          "answer": "서울 강서구 양천로49길 23",
          "answer_wordNum": 4,
          "fact": [
            "장군주먹고기 가양점,주소,서울 강서구 양천로49길 23"
          ]
        }
      ]
    },
    {
      "image_id": 3,
      "question": [
        {
          "question_id": 0,
          "question_type": "정보",
          "question": "이 곳의 주요 메뉴는 무엇이 있나요?",
          "question_wordNum": 6,
          "answer": "한우차돌, 소갈비살",
          "answer_wordNum": 2,
          "fact": [
            "장군주먹고기 가양점,메뉴,한우차돌, 소갈비살"
          ]
        },
        {
          "question_id": 1,
          "question_type": "관계",
          "question": "이 곳에 인접한 시설이 있나요?",
          "question_wordNum": 5,
          "answer": "양천향교역 1번 출구, 본담채, 카페조이",
          "answer_wordNum": 5,
          "fact": [
            "장군주먹고기 가양점,인접,양천향교역 1번 출구, 본담채, 카페조이"
          ]
        },
        {
          "question_id": 2,
          "question_type": "탐색",
          "question": "주차시설이 있나요?",
          "question_wordNum": 2,
          "answer": "없음",
          "answer_wordNum": 1,
          "fact": [
            "장군주먹고기 가양점,주차시설,없음"
          ]
        },
        {
          "question_id": 3,
          "question_type": "정보",
          "question": "연락처가 어떻게 되나요?",
          "question_wordNum": 3,
          "answer": "02-3661-6919",
          "answer_wordNum": 1,
          "fact": [
            "장군주먹고기 가양점,연락처,02-3661-6919"
          ]
        }
      ]
    },
    {
      "image_id": 4,
      "question": [
        {
          "question_id": 0,
          "question_type": "정보",
          "question": "영업시간은 어떻게 되나요?",
          "question_wordNum": 3,
          "answer": "12:00 - 22:00",
          "answer_wordNum": 3,
          "fact": [
            "장군주먹고기 가양점,영업시간,12:00 - 22:00"
          ]
        },
        {
          "question_id": 1,
          "question_type": "관계",
          "question": "이 곳에 인접한 시설이 있나요?",
          "question_wordNum": 5,
          "answer": "양천향교역 1번 출구, 본담채, 카페조이",
          "answer_wordNum": 5,
          "fact": [
            "장군주먹고기 가양점,인접,양천향교역 1번 출구, 본담채, 카페조이"
          ]
        },
        {
          "question_id": 2,
          "question_type": "정보",
          "question": "이 곳의 주소는 어떻게 되나요?",
          "question_wordNum": 5,
          "answer": "서울 강서구 양천로49길 23",
          "answer_wordNum": 4,
          "fact": [
            "장군주먹고기 가양점,주소,서울 강서구 양천로49길 23"
          ]
        },
        {
          "question_id": 3,
          "question_type": "정보",
          "question": "휴무일은 어떻게 되나요?",
          "question_wordNum": 3,
          "answer": "없음",
          "answer_wordNum": 1,
          "fact": [
            "장군주먹고기 가양점,휴무일,없음"
          ]
        }
      ]
    }
  ]
}