{
  "data": {
    "dataset": "2-083-219",
    "POI_id": "561838",
    "travelType": "음식점",
    "place": "주문진 바다식탁 ",
    "area": "서울"
  },
  "imageInfo": [
    {
      "image_id": 0,
      "filename": "561838_0_su_5_주문진 바다식탁 _1_001.png",
      "mapx": 37.5617093630856,
      "mapy": 126.811442812391,
      "width": 3840,
      "height": 2160,
      "caption_info": [
        "주문진 바다식탁 (강서구)",
        "간판"
      ]
    },
    {
      "image_id": 1,
      "filename": "561838_0_su_5_주문진 바다식탁 _1_002.png",
      "mapx": 37.5617093630856,
      "mapy": 126.811442812391,
      "width": 3840,
      "height": 2160,
      "caption_info": [
        "주문진 바다식탁 (강서구)",
        "간판"
      ]
    },
    {
      "image_id": 2,
      "filename": "561838_0_su_5_주문진 바다식탁 _1_003.png",
      "mapx": 37.5617093630856,
      "mapy": 126.811442812391,
      "width": 3840,
      "height": 2160,
      "caption_info": [
        "주문진 바다식탁 (강서구)",
        "사각 테이블"
      ]
    },
    {
      "image_id": 3,
      "filename": "561838_0_su_5_주문진 바다식탁 _1_004.png",
      "mapx": 37.5617093630856,
      "mapy": 126.811442812391,
      "width": 3840,
      "height": 2160,
      "caption_info": [
        "주문진 바다식탁 (강서구)",
        "메뉴판 "
      ]
    },
    {
      "image_id": 4,
      "filename": "561838_0_su_5_주문진 바다식탁 _1_005.png",
      "mapx": 37.5617093630856,
      "mapy": 126.811442812391,
      "width": 3840,
      "height": 2160,
      "caption_info": [
        "주문진 바다식탁 (강서구)",
        "초밥 "
      ]
    }
  ],
  "annotations": [
    {
      "image_id": 0,
      "question": [
        {
          "question_id": 0,
          "question_type": "정보",
          "question": "휴무일은 어떻게 되나요?",
          "question_wordNum": 3,
          "answer": "알수없음",
          "answer_wordNum": 1,
          "fact": [
            "주문진 바다식탁,휴무일,알수없음"
          ]
        },
        {
          "question_id": 1,
          "question_type": "정보",
          "question": "연락처를 알 수 있나요?",
          "question_wordNum": 4,
          "answer": "02-2667-0553",
          "answer_wordNum": 1,
          "fact": [
            "주문진 바다식탁,연락처,02-2667-0553"
          ]
        },
        {
          "question_id": 2,
          "question_type": "정보",
          "question": "영업시간을 알 수 있나요?",
          "question_wordNum": 4,
          "answer": "11:30~24:00",
          "answer_wordNum": 1,
          "fact": [
            "주문진 바다식탁,영업시간,11:30~24:00"
          ]
        },
        {
          "question_id": 3,
          "question_type": "탐색",
          "question": "주차시설이 있나요?",
          "question_wordNum": 2,
          "answer": "있음",
          "answer_wordNum": 1,
          "fact": [
            "주문진 바다식탁,주차시설,있음"
          ]
        }
      ]
    },
    {
      "image_id": 1,
      "question": [
        {
          "question_id": 0,
          "question_type": "관계",
          "question": "이 곳에 인접한 시설이 있나요?",
          "question_wordNum": 5,
          "answer": "송정역 1번 출구, 버거킹, 배스킨라빈스",
          "answer_wordNum": 5,
          "fact": [
            "주문진 바다식탁,인접,송정역 1번 출구, 버거킹, 배스킨라빈스"
          ]
        },
        {
          "question_id": 1,
          "question_type": "정보",
          "question": "대표 메뉴가 무엇인가요?",
          "question_wordNum": 3,
          "answer": "주문진 스페셜, 생연어",
          "answer_wordNum": 3,
          "fact": [
            "주문진 바다식탁,메뉴,주문진 스페셜, 생연어"
          ]
        },
        {
          "question_id": 2,
          "question_type": "탐색",
          "question": "주차시설이 있나요?",
          "question_wordNum": 2,
          "answer": "있음",
          "answer_wordNum": 1,
          "fact": [
            "주문진 바다식탁,주차시설,있음"
          ]
        },
        {
          "question_id": 3,
          "question_type": "정보",
          "question": "연락처가 어떻게 되나요?",
          "question_wordNum": 3,
          "answer": "02-2667-0553",
          "answer_wordNum": 1,
          "fact": [
            "주문진 바다식탁,연락처,02-2667-0553"
          ]
        }
      ]
    },
    {
      "image_id": 2,
      "question": [
        {
          "question_id": 0,
          "question_type": "탐색",
          "question": "주차시설이 있는지 알 수 있나요?",
          "question_wordNum": 5,
          "answer": "있음",
          "answer_wordNum": 1,
          "fact": [
            "주문진 바다식탁,주차시설,있음"
          ]
        },
        {
          "question_id": 1,
          "question_type": "관계",
          "question": "이 곳에 인접한 시설을 알 수 있나요?",
          "question_wordNum": 7,
          "answer": "송정역 1번 출구, 버거킹, 배스킨라빈스",
          "answer_wordNum": 5,
          "fact": [
            "주문진 바다식탁,인접,송정역 1번 출구, 버거킹, 배스킨라빈스"
          ]
        },
        {
          "question_id": 2,
          "question_type": "정보",
          "question": "연락처를 알 수 있나요?",
          "question_wordNum": 4,
          "answer": "02-2667-0553",
          "answer_wordNum": 1,
          "fact": [
            "주문진 바다식탁,연락처,02-2667-0553"
          ]
        },
        {
          "question_id": 3,
          "question_type": "정보",
          "question": "대표 메뉴가 무엇인가요?",
          "question_wordNum": 3,
          "answer": "주문진 스페셜, 생연어",
          "answer_wordNum": 3,
          "fact": [
            "주문진 바다식탁,메뉴,주문진 스페셜, 생연어"
          ]
        }
      ]
    },
    {
      "image_id": 3,
      "question": [
        {
          "question_id": 0,
          "question_type": "정보",
          "question": "영업시간을 알 수 있나요?",
          "question_wordNum": 4,
          "answer": "11:30~24:00",
          "answer_wordNum": 1,
          "fact": [
            "주문진 바다식탁,영업시간,11:30~24:00"
          ]
        },
        {
          "question_id": 1,
          "question_type": "관계",
          "question": "이 곳에 인접한 시설을 알 수 있나요?",
          "question_wordNum": 7,
          "answer": "송정역 1번 출구, 버거킹, 배스킨라빈스",
          "answer_wordNum": 5,
          "fact": [
            "주문진 바다식탁,인접,송정역 1번 출구, 버거킹, 배스킨라빈스"
          ]
        },
        {
          "question_id": 2,
          "question_type": "탐색",
          "question": "주차시설이 있나요?",
          "question_wordNum": 2,
          "answer": "있음",
          "answer_wordNum": 1,
          "fact": [
            "주문진 바다식탁,주차시설,있음"
          ]
        },
        {
          "question_id": 3,
          "question_type": "정보",
          "question": "연락처가 어떻게 되나요?",
          "question_wordNum": 3,
          "answer": "02-2667-0553",
          "answer_wordNum": 1,
          "fact": [
            "주문진 바다식탁,연락처,02-2667-0553"
          ]
        }
      ]
    },
    {
      "image_id": 4,
      "question": [
        {
          "question_id": 0,
          "question_type": "탐색",
          "question": "주차시설이 있나요?",
          "question_wordNum": 2,
          "answer": "있음",
          "answer_wordNum": 1,
          "fact": [
            "주문진 바다식탁,주차시설,있음"
          ]
        },
        {
          "question_id": 1,
          "question_type": "정보",
          "question": "휴무일을 알 수 있나요?",
          "question_wordNum": 4,
          "answer": "알수없음",
          "answer_wordNum": 1,
          "fact": [
            "주문진 바다식탁,휴무일,알수없음"
          ]
        },
        {
          "question_id": 2,
          "question_type": "정보",
          "question": "영업시간을 알 수 있나요?",
          "question_wordNum": 4,
          "answer": "11:30~24:00",
          "answer_wordNum": 1,
          "fact": [
            "주문진 바다식탁,영업시간,11:30~24:00"
          ]
        },
        {
          "question_id": 3,
          "question_type": "정보",
          "question": "이 곳의 주소를 알 수 있나요?",
          "question_wordNum": 6,
          "answer": "서울 강서구 공항대로5길 5",
          "answer_wordNum": 4,
          "fact": [
            "주문진 바다식탁,주소,서울 강서구 공항대로5길 5"
          ]
        }
      ]
    }
  ]
}