{
  "data": {
    "dataset": "2-083-219",
    "POI_id": "561633",
    "travelType": "음식점",
    "place": "신경섭의인생참치 ",
    "area": "서울"
  },
  "imageInfo": [
    {
      "image_id": 0,
      "filename": "561633_0_su_5_신경섭의인생참치 _1_001.png",
      "mapx": 37.5596431100254,
      "mapy": 126.836199032381,
      "width": 3840,
      "height": 2160,
      "caption_info": [
        "신경섭의인생참치(강서구) ",
        "간판"
      ]
    },
    {
      "image_id": 1,
      "filename": "561633_0_su_5_신경섭의인생참치 _1_002.png",
      "mapx": 37.5596431100254,
      "mapy": 126.836199032381,
      "width": 3840,
      "height": 2160,
      "caption_info": [
        "신경섭의인생참치(강서구) ",
        "간판"
      ]
    },
    {
      "image_id": 2,
      "filename": "561633_0_su_5_신경섭의인생참치 _1_003.png",
      "mapx": 37.5596431100254,
      "mapy": 126.836199032381,
      "width": 3840,
      "height": 2160,
      "caption_info": [
        "신경섭의인생참치(강서구) ",
        "사각 테이블"
      ]
    },
    {
      "image_id": 3,
      "filename": "561633_0_su_5_신경섭의인생참치 _1_004.png",
      "mapx": 37.5596431100254,
      "mapy": 126.836199032381,
      "width": 3840,
      "height": 2160,
      "caption_info": [
        "신경섭의인생참치(강서구) ",
        "메뉴판 "
      ]
    },
    {
      "image_id": 4,
      "filename": "561633_0_su_5_신경섭의인생참치 _1_005.png",
      "mapx": 37.5596431100254,
      "mapy": 126.836199032381,
      "width": 3840,
      "height": 2160,
      "caption_info": [
        "신경섭의인생참치(강서구) ",
        "회"
      ]
    }
  ],
  "annotations": [
    {
      "image_id": 0,
      "question": [
        {
          "question_id": 0,
          "question_type": "정보",
          "question": "휴무일은 어떻게 되나요?",
          "question_wordNum": 3,
          "answer": "매주 일요일",
          "answer_wordNum": 2,
          "fact": [
            "신경섭의인생참치,휴무일,매주 일요일"
          ]
        },
        {
          "question_id": 1,
          "question_type": "탐색",
          "question": "주차시설이 있나요?",
          "question_wordNum": 2,
          "answer": "있음",
          "answer_wordNum": 1,
          "fact": [
            "신경섭의인생참치,주차시설,있음"
          ]
        },
        {
          "question_id": 2,
          "question_type": "관계",
          "question": "이 곳에 인접한 시설이 있나요?",
          "question_wordNum": 5,
          "answer": "발산역 1번 출구, 오복집, 샐러디",
          "answer_wordNum": 5,
          "fact": [
            "신경섭의인생참치,인접,발산역 1번 출구, 오복집, 샐러디"
          ]
        },
        {
          "question_id": 3,
          "question_type": "정보",
          "question": "영업시간은 어떻게 되나요?",
          "question_wordNum": 3,
          "answer": "14:00~23:00",
          "answer_wordNum": 1,
          "fact": [
            "신경섭의인생참치,영업시간,14:00~23:00"
          ]
        }
      ]
    },
    {
      "image_id": 1,
      "question": [
        {
          "question_id": 0,
          "question_type": "관계",
          "question": "이 곳에 인접한 시설이 있나요?",
          "question_wordNum": 5,
          "answer": "발산역 1번 출구, 오복집, 샐러디",
          "answer_wordNum": 5,
          "fact": [
            "신경섭의인생참치,인접,발산역 1번 출구, 오복집, 샐러디"
          ]
        },
        {
          "question_id": 1,
          "question_type": "정보",
          "question": "연락처를 알 수 있나요?",
          "question_wordNum": 4,
          "answer": "02-6953-7337",
          "answer_wordNum": 1,
          "fact": [
            "신경섭의인생참치,연락처,02-6953-7337"
          ]
        },
        {
          "question_id": 2,
          "question_type": "정보",
          "question": "이 곳의 메뉴를 알 수 있나요?",
          "question_wordNum": 6,
          "answer": "참치, 특초밥",
          "answer_wordNum": 2,
          "fact": [
            "신경섭의인생참치,메뉴,참치, 특초밥"
          ]
        },
        {
          "question_id": 3,
          "question_type": "정보",
          "question": "이 곳의 주소를 알 수 있나요?",
          "question_wordNum": 6,
          "answer": "서울 강서구 마곡동로4길 23",
          "answer_wordNum": 4,
          "fact": [
            "신경섭의인생참치,주소,서울 강서구 마곡동로4길 23"
          ]
        }
      ]
    },
    {
      "image_id": 2,
      "question": [
        {
          "question_id": 0,
          "question_type": "정보",
          "question": "이 곳의 주소는 어떻게 되나요?",
          "question_wordNum": 5,
          "answer": "서울 강서구 마곡동로4길 23",
          "answer_wordNum": 4,
          "fact": [
            "신경섭의인생참치,주소,서울 강서구 마곡동로4길 23"
          ]
        },
        {
          "question_id": 1,
          "question_type": "관계",
          "question": "이 곳에 인접한 시설을 알 수 있나요?",
          "question_wordNum": 7,
          "answer": "발산역 1번 출구, 오복집, 샐러디",
          "answer_wordNum": 5,
          "fact": [
            "신경섭의인생참치,인접,발산역 1번 출구, 오복집, 샐러디"
          ]
        },
        {
          "question_id": 2,
          "question_type": "정보",
          "question": "대표 메뉴가 무엇인가요?",
          "question_wordNum": 3,
          "answer": "참치, 특초밥",
          "answer_wordNum": 2,
          "fact": [
            "신경섭의인생참치,메뉴,참치, 특초밥"
          ]
        },
        {
          "question_id": 3,
          "question_type": "정보",
          "question": "영업시간은 어떻게 되나요?",
          "question_wordNum": 3,
          "answer": "14:00~23:00",
          "answer_wordNum": 1,
          "fact": [
            "신경섭의인생참치,영업시간,14:00~23:00"
          ]
        }
      ]
    },
    {
      "image_id": 3,
      "question": [
        {
          "question_id": 0,
          "question_type": "정보",
          "question": "휴무일은 어떻게 되나요?",
          "question_wordNum": 3,
          "answer": "매주 일요일",
          "answer_wordNum": 2,
          "fact": [
            "신경섭의인생참치,휴무일,매주 일요일"
          ]
        },
        {
          "question_id": 1,
          "question_type": "탐색",
          "question": "주차시설이 있는지 알 수 있나요?",
          "question_wordNum": 5,
          "answer": "있음",
          "answer_wordNum": 1,
          "fact": [
            "신경섭의인생참치,주차시설,있음"
          ]
        },
        {
          "question_id": 2,
          "question_type": "정보",
          "question": "이 곳의 주소를 알 수 있나요?",
          "question_wordNum": 6,
          "answer": "서울 강서구 마곡동로4길 23",
          "answer_wordNum": 4,
          "fact": [
            "신경섭의인생참치,주소,서울 강서구 마곡동로4길 23"
          ]
        },
        {
          "question_id": 3,
          "question_type": "정보",
          "question": "연락처가 어떻게 되나요?",
          "question_wordNum": 3,
          "answer": "02-6953-7337",
          "answer_wordNum": 1,
          "fact": [
            "신경섭의인생참치,연락처,02-6953-7337"
          ]
        }
      ]
    },
    {
      "image_id": 4,
      "question": [
        {
          "question_id": 0,
          "question_type": "탐색",
          "question": "주차시설이 있는지 알 수 있나요?",
          "question_wordNum": 5,
          "answer": "있음",
          "answer_wordNum": 1,
          "fact": [
            "신경섭의인생참치,주차시설,있음"
          ]
        },
        {
          "question_id": 1,
          "question_type": "정보",
          "question": "휴무일을 알 수 있나요?",
          "question_wordNum": 4,
          "answer": "매주 일요일",
          "answer_wordNum": 2,
          "fact": [
            "신경섭의인생참치,휴무일,매주 일요일"
          ]
        },
        {
          "question_id": 2,
          "question_type": "정보",
          "question": "이 곳의 주소를 알 수 있나요?",
          "question_wordNum": 6,
          "answer": "서울 강서구 마곡동로4길 23",
          "answer_wordNum": 4,
          "fact": [
            "신경섭의인생참치,주소,서울 강서구 마곡동로4길 23"
          ]
        },
        {
          "question_id": 3,
          "question_type": "관계",
          "question": "이 곳에 인접한 시설을 알 수 있나요?",
          "question_wordNum": 7,
          "answer": "발산역 1번 출구, 오복집, 샐러디",
          "answer_wordNum": 5,
          "fact": [
            "신경섭의인생참치,인접,발산역 1번 출구, 오복집, 샐러디"
          ]
        }
      ]
    }
  ]
}