{
  "data": {
    "dataset": "2-083-219",
    "POI_id": "561674",
    "travelType": "음식점",
    "place": "청산별곡 발산점",
    "area": "서울"
  },
  "imageInfo": [
    {
      "image_id": 0,
      "filename": "561674_0_su_5_청산별곡 발산점_1_001.png",
      "mapx": 37.5581136160559,
      "mapy": 126.839771765415,
      "width": 3840,
      "height": 2160,
      "caption_info": [
        "청산별곡 발산점(내발산동)",
        "자동문"
      ]
    },
    {
      "image_id": 1,
      "filename": "561674_0_su_5_청산별곡 발산점_1_002.png",
      "mapx": 37.5581136160559,
      "mapy": 126.839771765415,
      "width": 3840,
      "height": 2160,
      "caption_info": [
        "청산별곡 발산점(내발산동)",
        "간판"
      ]
    },
    {
      "image_id": 2,
      "filename": "561674_0_su_5_청산별곡 발산점_1_003.png",
      "mapx": 37.5581136160559,
      "mapy": 126.839771765415,
      "width": 3840,
      "height": 2160,
      "caption_info": [
        "청산별곡 발산점(내발산동)",
        "테이블, 등받이의자"
      ]
    },
    {
      "image_id": 3,
      "filename": "561674_0_su_5_청산별곡 발산점_1_004.png",
      "mapx": 37.5581136160559,
      "mapy": 126.839771765415,
      "width": 3840,
      "height": 2160,
      "caption_info": [
        "청산별곡 발산점(내발산동)",
        "메뉴판"
      ]
    },
    {
      "image_id": 4,
      "filename": "561674_0_su_5_청산별곡 발산점_1_005.png",
      "mapx": 37.5581136160559,
      "mapy": 126.839771765415,
      "width": 3840,
      "height": 2160,
      "caption_info": [
        "청산별곡 발산점(내발산동)",
        "테이블, 등받이의자, 수저, 접시"
      ]
    }
  ],
  "annotations": [
    {
      "image_id": 0,
      "question": [
        {
          "question_id": 0,
          "question_type": "정보",
          "question": "이 곳의 주요 메뉴는 무엇이 있나요?",
          "question_wordNum": 6,
          "answer": "다래정식, 황태구이",
          "answer_wordNum": 2,
          "fact": [
            "청산별곡 발산점,메뉴,다래정식, 황태구이"
          ]
        },
        {
          "question_id": 1,
          "question_type": "정보",
          "question": "휴무일을 알 수 있나요?",
          "question_wordNum": 4,
          "answer": "알수없음",
          "answer_wordNum": 1,
          "fact": [
            "청산별곡 발산점,휴무일,알수없음"
          ]
        },
        {
          "question_id": 2,
          "question_type": "관계",
          "question": "이 곳에 인접한 시설이 있나요?",
          "question_wordNum": 5,
          "answer": "발산역 5번 출구, 대게나라, 마실",
          "answer_wordNum": 5,
          "fact": [
            "청산별곡 발산점,인접,발산역 5번 출구, 대게나라, 마실"
          ]
        },
        {
          "question_id": 3,
          "question_type": "정보",
          "question": "연락처가 어떻게 되나요?",
          "question_wordNum": 3,
          "answer": "0507-1380-9599",
          "answer_wordNum": 1,
          "fact": [
            "청산별곡 발산점,연락처,0507-1380-9599"
          ]
        }
      ]
    },
    {
      "image_id": 1,
      "question": [
        {
          "question_id": 0,
          "question_type": "관계",
          "question": "이 곳에 인접한 시설이 있나요?",
          "question_wordNum": 5,
          "answer": "발산역 5번 출구, 대게나라, 마실",
          "answer_wordNum": 5,
          "fact": [
            "청산별곡 발산점,인접,발산역 5번 출구, 대게나라, 마실"
          ]
        },
        {
          "question_id": 1,
          "question_type": "정보",
          "question": "영업시간은 몇시부터 몇시까지로 기재되어 있나요?",
          "question_wordNum": 5,
          "answer": "11:00~21:30",
          "answer_wordNum": 1,
          "fact": [
            "청산별곡 발산점,영업시간,11:00~21:30"
          ]
        },
        {
          "question_id": 2,
          "question_type": "정보",
          "question": "이 곳의 주소는 어떻게 되나요?",
          "question_wordNum": 5,
          "answer": "서울 강서구 공항대로 290 2층 청산별곡",
          "answer_wordNum": 6,
          "fact": [
            "청산별곡 발산점,주소,서울 강서구 공항대로 290 2층 청산별곡"
          ]
        },
        {
          "question_id": 3,
          "question_type": "정보",
          "question": "휴무일을 알 수 있나요?",
          "question_wordNum": 4,
          "answer": "알수없음",
          "answer_wordNum": 1,
          "fact": [
            "청산별곡 발산점,휴무일,알수없음"
          ]
        }
      ]
    },
    {
      "image_id": 2,
      "question": [
        {
          "question_id": 0,
          "question_type": "정보",
          "question": "영업시간은 몇시부터 몇시까지로 기재되어 있나요?",
          "question_wordNum": 5,
          "answer": "11:00~21:30",
          "answer_wordNum": 1,
          "fact": [
            "청산별곡 발산점,영업시간,11:00~21:30"
          ]
        },
        {
          "question_id": 1,
          "question_type": "정보",
          "question": "이 곳의 주요 메뉴는 무엇이 있나요?",
          "question_wordNum": 6,
          "answer": "다래정식, 황태구이",
          "answer_wordNum": 2,
          "fact": [
            "청산별곡 발산점,메뉴,다래정식, 황태구이"
          ]
        },
        {
          "question_id": 2,
          "question_type": "탐색",
          "question": "주차시설이 있나요?",
          "question_wordNum": 2,
          "answer": "있음",
          "answer_wordNum": 1,
          "fact": [
            "청산별곡 발산점,주차시설,있음"
          ]
        },
        {
          "question_id": 3,
          "question_type": "관계",
          "question": "이 곳에 인접한 시설이 있나요?",
          "question_wordNum": 5,
          "answer": "발산역 5번 출구, 대게나라, 마실",
          "answer_wordNum": 5,
          "fact": [
            "청산별곡 발산점,인접,발산역 5번 출구, 대게나라, 마실"
          ]
        }
      ]
    },
    {
      "image_id": 3,
      "question": [
        {
          "question_id": 0,
          "question_type": "정보",
          "question": "영업시간은 어떻게 되나요?",
          "question_wordNum": 3,
          "answer": "11:00~21:30",
          "answer_wordNum": 1,
          "fact": [
            "청산별곡 발산점,영업시간,11:00~21:30"
          ]
        },
        {
          "question_id": 1,
          "question_type": "탐색",
          "question": "주차시설이 있나요?",
          "question_wordNum": 2,
          "answer": "있음",
          "answer_wordNum": 1,
          "fact": [
            "청산별곡 발산점,주차시설,있음"
          ]
        },
        {
          "question_id": 2,
          "question_type": "정보",
          "question": "연락처가 어떻게 되나요?",
          "question_wordNum": 3,
          "answer": "0507-1380-9599",
          "answer_wordNum": 1,
          "fact": [
            "청산별곡 발산점,연락처,0507-1380-9599"
          ]
        },
        {
          "question_id": 3,
          "question_type": "정보",
          "question": "이곳은 어떤 메뉴를 맛 볼 수 있나요?",
          "question_wordNum": 7,
          "answer": "토속 한정식",
          "answer_wordNum": 2,
          "fact": [
            "청산별곡 발산점,맛볼수있다,토속 한정식"
          ]
        }
      ]
    },
    {
      "image_id": 4,
      "question": [
        {
          "question_id": 0,
          "question_type": "정보",
          "question": "이 곳의 대표적인 메뉴는 무엇이 있나요?",
          "question_wordNum": 6,
          "answer": "다래정식, 황태구이",
          "answer_wordNum": 2,
          "fact": [
            "청산별곡 발산점,메뉴,다래정식, 황태구이"
          ]
        },
        {
          "question_id": 1,
          "question_type": "정보",
          "question": "영업시간은 어떻게 되나요?",
          "question_wordNum": 3,
          "answer": "11:00~21:30",
          "answer_wordNum": 1,
          "fact": [
            "청산별곡 발산점,영업시간,11:00~21:30"
          ]
        },
        {
          "question_id": 2,
          "question_type": "정보",
          "question": "휴무일을 알 수 있나요?",
          "question_wordNum": 4,
          "answer": "알수없음",
          "answer_wordNum": 1,
          "fact": [
            "청산별곡 발산점,휴무일,알수없음"
          ]
        },
        {
          "question_id": 3,
          "question_type": "정보",
          "question": "이곳은 몇 개의 좌석이 있나요?",
          "question_wordNum": 5,
          "answer": "단체석, 160석 좌석",
          "answer_wordNum": 3,
          "fact": [
            "청산별곡 발산점,있다,단체석, 160석 좌석"
          ]
        }
      ]
    }
  ]
}