{
  "data": {
    "dataset": "2-083-219",
    "POI_id": "561480",
    "travelType": "음식점",
    "place": "돼슐랭 마곡나루점",
    "area": "서울"
  },
  "imageInfo": [
    {
      "image_id": 0,
      "filename": "561480_0_su_5_돼슐랭 마곡나루점_1_001.png",
      "mapx": 37.5678656599047,
      "mapy": 126.827453357716,
      "width": 3840,
      "height": 2160,
      "caption_info": [
        "돼슐랭 마곡나루점(강서구)",
        "간판"
      ]
    },
    {
      "image_id": 1,
      "filename": "561480_0_su_5_돼슐랭 마곡나루점_1_002.png",
      "mapx": 37.5678656599047,
      "mapy": 126.827453357716,
      "width": 3840,
      "height": 2160,
      "caption_info": [
        "돼슐랭 마곡나루점(강서구)",
        "간판"
      ]
    },
    {
      "image_id": 2,
      "filename": "561480_0_su_5_돼슐랭 마곡나루점_1_003.png",
      "mapx": 37.5678656599047,
      "mapy": 126.827453357716,
      "width": 3840,
      "height": 2160,
      "caption_info": [
        "돼슐랭 마곡나루점(강서구)",
        "사각 테이블"
      ]
    },
    {
      "image_id": 3,
      "filename": "561480_0_su_5_돼슐랭 마곡나루점_1_004.png",
      "mapx": 37.5678656599047,
      "mapy": 126.827453357716,
      "width": 3840,
      "height": 2160,
      "caption_info": [
        "돼슐랭 마곡나루점(강서구)",
        "메뉴판 "
      ]
    },
    {
      "image_id": 4,
      "filename": "561480_0_su_5_돼슐랭 마곡나루점_1_005.png",
      "mapx": 37.5678656599047,
      "mapy": 126.827453357716,
      "width": 3840,
      "height": 2160,
      "caption_info": [
        "돼슐랭 마곡나루점(강서구)",
        "냉면 "
      ]
    }
  ],
  "annotations": [
    {
      "image_id": 0,
      "question": [
        {
          "question_id": 0,
          "question_type": "탐색",
          "question": "주차시설이 있는지 알 수 있나요?",
          "question_wordNum": 5,
          "answer": "있음",
          "answer_wordNum": 1,
          "fact": [
            "돼슐랭 마곡나루점,주차시설,있음"
          ]
        },
        {
          "question_id": 1,
          "question_type": "정보",
          "question": "영업시간을 알 수 있나요?",
          "question_wordNum": 4,
          "answer": "15:00 - 02:00",
          "answer_wordNum": 3,
          "fact": [
            "돼슐랭 마곡나루점,영업시간,15:00 - 02:00"
          ]
        },
        {
          "question_id": 2,
          "question_type": "정보",
          "question": "이 곳의 주소를 알 수 있나요?",
          "question_wordNum": 6,
          "answer": "서울 강서구 마곡중앙로 161-1",
          "answer_wordNum": 4,
          "fact": [
            "돼슐랭 마곡나루점,주소,서울 강서구 마곡중앙로 161-1"
          ]
        },
        {
          "question_id": 3,
          "question_type": "정보",
          "question": "연락처가 어떻게 되나요?",
          "question_wordNum": 3,
          "answer": "0507-1391-1991",
          "answer_wordNum": 1,
          "fact": [
            "돼슐랭 마곡나루점,연락처,0507-1391-1991"
          ]
        }
      ]
    },
    {
      "image_id": 1,
      "question": [
        {
          "question_id": 0,
          "question_type": "정보",
          "question": "이 곳의 주소를 알 수 있나요?",
          "question_wordNum": 6,
          "answer": "서울 강서구 마곡중앙로 161-1",
          "answer_wordNum": 4,
          "fact": [
            "돼슐랭 마곡나루점,주소,서울 강서구 마곡중앙로 161-1"
          ]
        },
        {
          "question_id": 1,
          "question_type": "정보",
          "question": "휴무일을 알 수 있나요?",
          "question_wordNum": 4,
          "answer": "없음",
          "answer_wordNum": 1,
          "fact": [
            "돼슐랭 마곡나루점,휴무일,없음"
          ]
        },
        {
          "question_id": 2,
          "question_type": "정보",
          "question": "영업시간을 알 수 있나요?",
          "question_wordNum": 4,
          "answer": "15:00 - 02:00",
          "answer_wordNum": 3,
          "fact": [
            "돼슐랭 마곡나루점,영업시간,15:00 - 02:00"
          ]
        },
        {
          "question_id": 3,
          "question_type": "정보",
          "question": "이 곳의 메뉴를 알 수 있나요?",
          "question_wordNum": 6,
          "answer": "삼겹살, 오겹살",
          "answer_wordNum": 2,
          "fact": [
            "돼슐랭 마곡나루점,메뉴,삼겹살, 오겹살"
          ]
        }
      ]
    },
    {
      "image_id": 2,
      "question": [
        {
          "question_id": 0,
          "question_type": "정보",
          "question": "연락처가 어떻게 되나요?",
          "question_wordNum": 3,
          "answer": "0507-1391-1991",
          "answer_wordNum": 1,
          "fact": [
            "돼슐랭 마곡나루점,연락처,0507-1391-1991"
          ]
        },
        {
          "question_id": 1,
          "question_type": "정보",
          "question": "이 곳의 주소를 알 수 있나요?",
          "question_wordNum": 6,
          "answer": "서울 강서구 마곡중앙로 161-1",
          "answer_wordNum": 4,
          "fact": [
            "돼슐랭 마곡나루점,주소,서울 강서구 마곡중앙로 161-1"
          ]
        },
        {
          "question_id": 2,
          "question_type": "탐색",
          "question": "주차시설이 있는지 알 수 있나요?",
          "question_wordNum": 5,
          "answer": "있음",
          "answer_wordNum": 1,
          "fact": [
            "돼슐랭 마곡나루점,주차시설,있음"
          ]
        },
        {
          "question_id": 3,
          "question_type": "정보",
          "question": "휴무일은 어떻게 되나요?",
          "question_wordNum": 3,
          "answer": "없음",
          "answer_wordNum": 1,
          "fact": [
            "돼슐랭 마곡나루점,휴무일,없음"
          ]
        }
      ]
    },
    {
      "image_id": 3,
      "question": [
        {
          "question_id": 0,
          "question_type": "정보",
          "question": "영업시간을 알 수 있나요?",
          "question_wordNum": 4,
          "answer": "15:00 - 02:00",
          "answer_wordNum": 3,
          "fact": [
            "돼슐랭 마곡나루점,영업시간,15:00 - 02:00"
          ]
        },
        {
          "question_id": 1,
          "question_type": "정보",
          "question": "이 곳의 주소는 어떻게 되나요?",
          "question_wordNum": 5,
          "answer": "서울 강서구 마곡중앙로 161-1",
          "answer_wordNum": 4,
          "fact": [
            "돼슐랭 마곡나루점,주소,서울 강서구 마곡중앙로 161-1"
          ]
        },
        {
          "question_id": 2,
          "question_type": "정보",
          "question": "휴무일을 알 수 있나요?",
          "question_wordNum": 4,
          "answer": "없음",
          "answer_wordNum": 1,
          "fact": [
            "돼슐랭 마곡나루점,휴무일,없음"
          ]
        },
        {
          "question_id": 3,
          "question_type": "정보",
          "question": "대표 메뉴가 무엇인가요?",
          "question_wordNum": 3,
          "answer": "삼겹살, 오겹살",
          "answer_wordNum": 2,
          "fact": [
            "돼슐랭 마곡나루점,메뉴,삼겹살, 오겹살"
          ]
        }
      ]
    },
    {
      "image_id": 4,
      "question": [
        {
          "question_id": 0,
          "question_type": "정보",
          "question": "휴무일은 어떻게 되나요?",
          "question_wordNum": 3,
          "answer": "없음",
          "answer_wordNum": 1,
          "fact": [
            "돼슐랭 마곡나루점,휴무일,없음"
          ]
        },
        {
          "question_id": 1,
          "question_type": "정보",
          "question": "연락처를 알 수 있나요?",
          "question_wordNum": 4,
          "answer": "0507-1391-1991",
          "answer_wordNum": 1,
          "fact": [
            "돼슐랭 마곡나루점,연락처,0507-1391-1991"
          ]
        },
        {
          "question_id": 2,
          "question_type": "관계",
          "question": "이 곳에 인접한 시설이 있나요?",
          "question_wordNum": 5,
          "answer": "마곡나루역 2번 출구, CU, 바삭파삭",
          "answer_wordNum": 5,
          "fact": [
            "돼슐랭 마곡나루점,인접,마곡나루역 2번 출구, CU, 바삭파삭"
          ]
        },
        {
          "question_id": 3,
          "question_type": "정보",
          "question": "영업시간을 알 수 있나요?",
          "question_wordNum": 4,
          "answer": "15:00 - 02:00",
          "answer_wordNum": 3,
          "fact": [
            "돼슐랭 마곡나루점,영업시간,15:00 - 02:00"
          ]
        }
      ]
    }
  ]
}