{
  "data": {
    "dataset": "2-083-219",
    "POI_id": "561676",
    "travelType": "음식점",
    "place": "굿모닝 햄버거 베이글",
    "area": "서울"
  },
  "imageInfo": [
    {
      "image_id": 0,
      "filename": "561676_0_su_5_굿모닝 햄버거 베이글_1_001.png",
      "mapx": 37.5558629211238,
      "mapy": 126.837068220627,
      "width": 3840,
      "height": 2160,
      "caption_info": [
        "굿모닝 햄버거 베이글(내발산동)",
        "간판, 어닝, 여닫이문"
      ]
    },
    {
      "image_id": 1,
      "filename": "561676_0_su_5_굿모닝 햄버거 베이글_1_002.png",
      "mapx": 37.5558629211238,
      "mapy": 126.837068220627,
      "width": 3840,
      "height": 2160,
      "caption_info": [
        "굿모닝 햄버거 베이글(내발산동)",
        "간판, 어닝, 여닫이문"
      ]
    },
    {
      "image_id": 2,
      "filename": "561676_0_su_5_굿모닝 햄버거 베이글_1_003.png",
      "mapx": 37.5558629211238,
      "mapy": 126.837068220627,
      "width": 3840,
      "height": 2160,
      "caption_info": [
        "굿모닝 햄버거 베이글(내발산동)",
        "테이블, 의자"
      ]
    },
    {
      "image_id": 3,
      "filename": "561676_0_su_5_굿모닝 햄버거 베이글_1_004.png",
      "mapx": 37.5558629211238,
      "mapy": 126.837068220627,
      "width": 3840,
      "height": 2160,
      "caption_info": [
        "굿모닝 햄버거 베이글(내발산동)",
        "메뉴판"
      ]
    },
    {
      "image_id": 4,
      "filename": "561676_0_su_5_굿모닝 햄버거 베이글_1_005.png",
      "mapx": 37.5558629211238,
      "mapy": 126.837068220627,
      "width": 3840,
      "height": 2160,
      "caption_info": [
        "굿모닝 햄버거 베이글(내발산동)",
        "햄버거"
      ]
    }
  ],
  "annotations": [
    {
      "image_id": 0,
      "question": [
        {
          "question_id": 0,
          "question_type": "탐색",
          "question": "주차시설이 있는지 알 수 있나요?",
          "question_wordNum": 5,
          "answer": "있음",
          "answer_wordNum": 1,
          "fact": [
            "굿모닝 햄버거 베이글,주차시설,있음"
          ]
        },
        {
          "question_id": 1,
          "question_type": "정보",
          "question": "연락처가 어떻게 되나요?",
          "question_wordNum": 3,
          "answer": "0507-1347-2351",
          "answer_wordNum": 1,
          "fact": [
            "굿모닝 햄버거 베이글,연락처,0507-1347-2351"
          ]
        },
        {
          "question_id": 2,
          "question_type": "정보",
          "question": "이 곳의 대표적인 메뉴를 알 수 있나요?",
          "question_wordNum": 7,
          "answer": "아인슈타인버거, 감자튀김",
          "answer_wordNum": 2,
          "fact": [
            "굿모닝 햄버거 베이글,메뉴,아인슈타인버거, 감자튀김"
          ]
        },
        {
          "question_id": 3,
          "question_type": "정보",
          "question": "휴무일을 알 수 있나요?",
          "question_wordNum": 4,
          "answer": "없음",
          "answer_wordNum": 1,
          "fact": [
            "굿모닝 햄버거 베이글,휴무일,없음"
          ]
        }
      ]
    },
    {
      "image_id": 1,
      "question": [
        {
          "question_id": 0,
          "question_type": "정보",
          "question": "이 곳의 대표적인 메뉴는 무엇이 있나요?",
          "question_wordNum": 6,
          "answer": "아인슈타인버거, 감자튀김",
          "answer_wordNum": 2,
          "fact": [
            "굿모닝 햄버거 베이글,메뉴,아인슈타인버거, 감자튀김"
          ]
        },
        {
          "question_id": 1,
          "question_type": "정보",
          "question": "연락처가 어떻게 되나요?",
          "question_wordNum": 3,
          "answer": "0507-1347-2351",
          "answer_wordNum": 1,
          "fact": [
            "굿모닝 햄버거 베이글,연락처,0507-1347-2351"
          ]
        },
        {
          "question_id": 2,
          "question_type": "정보",
          "question": "영업시간은 어떻게 되나요?",
          "question_wordNum": 3,
          "answer": "10:00-21:00",
          "answer_wordNum": 1,
          "fact": [
            "굿모닝 햄버거 베이글,영업시간,10:00-21:00"
          ]
        },
        {
          "question_id": 3,
          "question_type": "관계",
          "question": "이 곳에 인접한 시설을 알 수 있나요?",
          "question_wordNum": 7,
          "answer": "발산역 7번 출구, 메가커피, 개나리식당",
          "answer_wordNum": 5,
          "fact": [
            "굿모닝 햄버거 베이글,인접,발산역 7번 출구, 메가커피, 개나리식당"
          ]
        }
      ]
    },
    {
      "image_id": 2,
      "question": [
        {
          "question_id": 0,
          "question_type": "정보",
          "question": "이 곳의 주소는 어떻게 되나요?",
          "question_wordNum": 5,
          "answer": "서울 강서구 강서로 337 1층",
          "answer_wordNum": 5,
          "fact": [
            "굿모닝 햄버거 베이글,주소,서울 강서구 강서로 337 1층"
          ]
        },
        {
          "question_id": 1,
          "question_type": "관계",
          "question": "이 곳에 인접한 시설이 있나요?",
          "question_wordNum": 5,
          "answer": "발산역 7번 출구, 메가커피, 개나리식당",
          "answer_wordNum": 5,
          "fact": [
            "굿모닝 햄버거 베이글,인접,발산역 7번 출구, 메가커피, 개나리식당"
          ]
        },
        {
          "question_id": 2,
          "question_type": "정보",
          "question": "휴무일을 알 수 있나요?",
          "question_wordNum": 4,
          "answer": "없음",
          "answer_wordNum": 1,
          "fact": [
            "굿모닝 햄버거 베이글,휴무일,없음"
          ]
        },
        {
          "question_id": 3,
          "question_type": "정보",
          "question": "이 곳의 대표적인 메뉴를 알 수 있나요?",
          "question_wordNum": 7,
          "answer": "아인슈타인버거, 감자튀김",
          "answer_wordNum": 2,
          "fact": [
            "굿모닝 햄버거 베이글,메뉴,아인슈타인버거, 감자튀김"
          ]
        }
      ]
    },
    {
      "image_id": 3,
      "question": [
        {
          "question_id": 0,
          "question_type": "정보",
          "question": "이 곳의 주요 메뉴를 알 수 있나요?",
          "question_wordNum": 7,
          "answer": "아인슈타인버거, 감자튀김",
          "answer_wordNum": 2,
          "fact": [
            "굿모닝 햄버거 베이글,메뉴,아인슈타인버거, 감자튀김"
          ]
        },
        {
          "question_id": 1,
          "question_type": "관계",
          "question": "이 곳에 인접한 시설이 있나요?",
          "question_wordNum": 5,
          "answer": "발산역 7번 출구, 메가커피, 개나리식당",
          "answer_wordNum": 5,
          "fact": [
            "굿모닝 햄버거 베이글,인접,발산역 7번 출구, 메가커피, 개나리식당"
          ]
        },
        {
          "question_id": 2,
          "question_type": "정보",
          "question": "이 곳의 주소는 어떻게 되나요?",
          "question_wordNum": 5,
          "answer": "서울 강서구 강서로 337 1층",
          "answer_wordNum": 5,
          "fact": [
            "굿모닝 햄버거 베이글,주소,서울 강서구 강서로 337 1층"
          ]
        },
        {
          "question_id": 3,
          "question_type": "정보",
          "question": "영업시간은 몇시부터 몇시까지로 기재되어 있나요?",
          "question_wordNum": 5,
          "answer": "10:00-21:00",
          "answer_wordNum": 1,
          "fact": [
            "굿모닝 햄버거 베이글,영업시간,10:00-21:00"
          ]
        }
      ]
    },
    {
      "image_id": 4,
      "question": [
        {
          "question_id": 0,
          "question_type": "정보",
          "question": "휴무일은 어떻게 되나요?",
          "question_wordNum": 3,
          "answer": "없음",
          "answer_wordNum": 1,
          "fact": [
            "굿모닝 햄버거 베이글,휴무일,없음"
          ]
        },
        {
          "question_id": 1,
          "question_type": "탐색",
          "question": "주차시설이 있는지 알 수 있나요?",
          "question_wordNum": 5,
          "answer": "있음",
          "answer_wordNum": 1,
          "fact": [
            "굿모닝 햄버거 베이글,주차시설,있음"
          ]
        },
        {
          "question_id": 2,
          "question_type": "정보",
          "question": "이 곳의 대표적인 메뉴를 알 수 있나요?",
          "question_wordNum": 7,
          "answer": "아인슈타인버거, 감자튀김",
          "answer_wordNum": 2,
          "fact": [
            "굿모닝 햄버거 베이글,메뉴,아인슈타인버거, 감자튀김"
          ]
        },
        {
          "question_id": 3,
          "question_type": "정보",
          "question": "이 곳의 주소를 알 수 있나요?",
          "question_wordNum": 6,
          "answer": "서울 강서구 강서로 337 1층",
          "answer_wordNum": 5,
          "fact": [
            "굿모닝 햄버거 베이글,주소,서울 강서구 강서로 337 1층"
          ]
        }
      ]
    }
  ]
}