{
  "data": {
    "dataset": "2-083-219",
    "POI_id": "561834",
    "travelType": "음식점",
    "place": "설첨마라하우스 공항점",
    "area": "서울"
  },
  "imageInfo": [
    {
      "image_id": 0,
      "filename": "561834_0_su_5_설첨마라하우스 공항점_1_001.png",
      "mapx": 37.5585392066057,
      "mapy": 126.810596421418,
      "width": 3840,
      "height": 2160,
      "caption_info": [
        "설첨마라하우스 공항점(강서구)",
        "간판"
      ]
    },
    {
      "image_id": 1,
      "filename": "561834_0_su_5_설첨마라하우스 공항점_1_002.png",
      "mapx": 37.5585392066057,
      "mapy": 126.810596421418,
      "width": 3840,
      "height": 2160,
      "caption_info": [
        "설첨마라하우스 공항점(강서구)",
        "간판"
      ]
    },
    {
      "image_id": 2,
      "filename": "561834_0_su_5_설첨마라하우스 공항점_1_003.png",
      "mapx": 37.5585392066057,
      "mapy": 126.810596421418,
      "width": 3840,
      "height": 2160,
      "caption_info": [
        "설첨마라하우스 공항점(강서구)",
        "냉장고 "
      ]
    },
    {
      "image_id": 3,
      "filename": "561834_0_su_5_설첨마라하우스 공항점_1_004.png",
      "mapx": 37.5585392066057,
      "mapy": 126.810596421418,
      "width": 3840,
      "height": 2160,
      "caption_info": [
        "설첨마라하우스 공항점(강서구)",
        "메뉴판 "
      ]
    },
    {
      "image_id": 4,
      "filename": "561834_0_su_5_설첨마라하우스 공항점_1_005.png",
      "mapx": 37.5585392066057,
      "mapy": 126.810596421418,
      "width": 3840,
      "height": 2160,
      "caption_info": [
        "설첨마라하우스 공항점(강서구)",
        "그릇"
      ]
    }
  ],
  "annotations": [
    {
      "image_id": 0,
      "question": [
        {
          "question_id": 0,
          "question_type": "정보",
          "question": "대표 메뉴가 무엇인가요?",
          "question_wordNum": 3,
          "answer": "마라룽샤, 마라룽샤꼬리",
          "answer_wordNum": 2,
          "fact": [
            "설첨마라하우스 공항점,메뉴,마라룽샤, 마라룽샤꼬리"
          ]
        },
        {
          "question_id": 1,
          "question_type": "탐색",
          "question": "주차시설이 있는지 알 수 있나요?",
          "question_wordNum": 5,
          "answer": "있음",
          "answer_wordNum": 1,
          "fact": [
            "설첨마라하우스 공항점,주차시설,있음"
          ]
        },
        {
          "question_id": 2,
          "question_type": "정보",
          "question": "휴무일은 어떻게 되나요?",
          "question_wordNum": 3,
          "answer": "매주 월요일",
          "answer_wordNum": 2,
          "fact": [
            "설첨마라하우스 공항점,휴무일,매주 월요일"
          ]
        },
        {
          "question_id": 3,
          "question_type": "정보",
          "question": "이 곳의 주소를 알 수 있나요?",
          "question_wordNum": 6,
          "answer": "서울 강서구 송정로 41",
          "answer_wordNum": 4,
          "fact": [
            "설첨마라하우스 공항점,주소,서울 강서구 송정로 41"
          ]
        }
      ]
    },
    {
      "image_id": 1,
      "question": [
        {
          "question_id": 0,
          "question_type": "정보",
          "question": "연락처가 어떻게 되나요?",
          "question_wordNum": 3,
          "answer": "0507-1487-7861",
          "answer_wordNum": 1,
          "fact": [
            "설첨마라하우스 공항점,연락처,0507-1487-7861"
          ]
        },
        {
          "question_id": 1,
          "question_type": "정보",
          "question": "영업시간을 알 수 있나요?",
          "question_wordNum": 4,
          "answer": "11:00~23:00",
          "answer_wordNum": 1,
          "fact": [
            "설첨마라하우스 공항점,영업시간,11:00~23:00"
          ]
        },
        {
          "question_id": 2,
          "question_type": "정보",
          "question": "이 곳의 주소는 어떻게 되나요?",
          "question_wordNum": 5,
          "answer": "서울 강서구 송정로 41",
          "answer_wordNum": 4,
          "fact": [
            "설첨마라하우스 공항점,주소,서울 강서구 송정로 41"
          ]
        },
        {
          "question_id": 3,
          "question_type": "관계",
          "question": "이 곳에 인접한 시설이 있나요?",
          "question_wordNum": 5,
          "answer": "송정역 4번 출구, 팟초이, 신정중앙교회",
          "answer_wordNum": 5,
          "fact": [
            "설첨마라하우스 공항점,인접,송정역 4번 출구, 팟초이, 신정중앙교회"
          ]
        }
      ]
    },
    {
      "image_id": 2,
      "question": [
        {
          "question_id": 0,
          "question_type": "정보",
          "question": "휴무일을 알 수 있나요?",
          "question_wordNum": 4,
          "answer": "매주 월요일",
          "answer_wordNum": 2,
          "fact": [
            "설첨마라하우스 공항점,휴무일,매주 월요일"
          ]
        },
        {
          "question_id": 1,
          "question_type": "정보",
          "question": "이 곳의 메뉴를 알 수 있나요?",
          "question_wordNum": 6,
          "answer": "마라룽샤, 마라룽샤꼬리",
          "answer_wordNum": 2,
          "fact": [
            "설첨마라하우스 공항점,메뉴,마라룽샤, 마라룽샤꼬리"
          ]
        },
        {
          "question_id": 2,
          "question_type": "관계",
          "question": "이 곳에 인접한 시설이 있나요?",
          "question_wordNum": 5,
          "answer": "송정역 4번 출구, 팟초이, 신정중앙교회",
          "answer_wordNum": 5,
          "fact": [
            "설첨마라하우스 공항점,인접,송정역 4번 출구, 팟초이, 신정중앙교회"
          ]
        },
        {
          "question_id": 3,
          "question_type": "정보",
          "question": "영업시간을 알 수 있나요?",
          "question_wordNum": 4,
          "answer": "11:00~23:00",
          "answer_wordNum": 1,
          "fact": [
            "설첨마라하우스 공항점,영업시간,11:00~23:00"
          ]
        }
      ]
    },
    {
      "image_id": 3,
      "question": [
        {
          "question_id": 0,
          "question_type": "정보",
          "question": "휴무일은 어떻게 되나요?",
          "question_wordNum": 3,
          "answer": "매주 월요일",
          "answer_wordNum": 2,
          "fact": [
            "설첨마라하우스 공항점,휴무일,매주 월요일"
          ]
        },
        {
          "question_id": 1,
          "question_type": "정보",
          "question": "연락처를 알 수 있나요?",
          "question_wordNum": 4,
          "answer": "0507-1487-7861",
          "answer_wordNum": 1,
          "fact": [
            "설첨마라하우스 공항점,연락처,0507-1487-7861"
          ]
        },
        {
          "question_id": 2,
          "question_type": "정보",
          "question": "이 곳의 주소는 어떻게 되나요?",
          "question_wordNum": 5,
          "answer": "서울 강서구 송정로 41",
          "answer_wordNum": 4,
          "fact": [
            "설첨마라하우스 공항점,주소,서울 강서구 송정로 41"
          ]
        },
        {
          "question_id": 3,
          "question_type": "정보",
          "question": "영업시간은 어떻게 되나요?",
          "question_wordNum": 3,
          "answer": "11:00~23:00",
          "answer_wordNum": 1,
          "fact": [
            "설첨마라하우스 공항점,영업시간,11:00~23:00"
          ]
        }
      ]
    },
    {
      "image_id": 4,
      "question": [
        {
          "question_id": 0,
          "question_type": "탐색",
          "question": "주차시설이 있는지 알 수 있나요?",
          "question_wordNum": 5,
          "answer": "있음",
          "answer_wordNum": 1,
          "fact": [
            "설첨마라하우스 공항점,주차시설,있음"
          ]
        },
        {
          "question_id": 1,
          "question_type": "정보",
          "question": "대표 메뉴가 무엇인가요?",
          "question_wordNum": 3,
          "answer": "마라룽샤, 마라룽샤꼬리",
          "answer_wordNum": 2,
          "fact": [
            "설첨마라하우스 공항점,메뉴,마라룽샤, 마라룽샤꼬리"
          ]
        },
        {
          "question_id": 2,
          "question_type": "정보",
          "question": "영업시간은 어떻게 되나요?",
          "question_wordNum": 3,
          "answer": "11:00~23:00",
          "answer_wordNum": 1,
          "fact": [
            "설첨마라하우스 공항점,영업시간,11:00~23:00"
          ]
        },
        {
          "question_id": 3,
          "question_type": "정보",
          "question": "휴무일을 알 수 있나요?",
          "question_wordNum": 4,
          "answer": "매주 월요일",
          "answer_wordNum": 2,
          "fact": [
            "설첨마라하우스 공항점,휴무일,매주 월요일"
          ]
        }
      ]
    }
  ]
}