{
  "data": {
    "dataset": "2-083-219",
    "POI_id": "561746",
    "travelType": "음식점",
    "place": "동산만두 강서구청점",
    "area": "서울"
  },
  "imageInfo": [
    {
      "image_id": 0,
      "filename": "561746_0_su_5_동산만두 강서구청점_1_001.png",
      "mapx": 37.5526873507298,
      "mapy": 126.850051779285,
      "width": 3840,
      "height": 2160,
      "caption_info": [
        "동산만두 강서구청점(화곡동)",
        "간판, 찜기"
      ]
    },
    {
      "image_id": 1,
      "filename": "561746_0_su_5_동산만두 강서구청점_1_002.png",
      "mapx": 37.5526873507298,
      "mapy": 126.850051779285,
      "width": 3840,
      "height": 2160,
      "caption_info": [
        "동산만두 강서구청점(화곡동)",
        "간판"
      ]
    },
    {
      "image_id": 2,
      "filename": "561746_0_su_5_동산만두 강서구청점_1_003.png",
      "mapx": 37.5526873507298,
      "mapy": 126.850051779285,
      "width": 3840,
      "height": 2160,
      "caption_info": [
        "동산만두 강서구청점(화곡동)",
        "찹쌀꽈배기"
      ]
    },
    {
      "image_id": 3,
      "filename": "561746_0_su_5_동산만두 강서구청점_1_004.png",
      "mapx": 37.5526873507298,
      "mapy": 126.850051779285,
      "width": 3840,
      "height": 2160,
      "caption_info": [
        "동산만두 강서구청점(화곡동)",
        "메뉴판"
      ]
    },
    {
      "image_id": 4,
      "filename": "561746_0_su_5_동산만두 강서구청점_1_005.png",
      "mapx": 37.5526873507298,
      "mapy": 126.850051779285,
      "width": 3840,
      "height": 2160,
      "caption_info": [
        "동산만두 강서구청점(화곡동)",
        "고기만두"
      ]
    }
  ],
  "annotations": [
    {
      "image_id": 0,
      "question": [
        {
          "question_id": 0,
          "question_type": "정보",
          "question": "영업시간을 알 수 있나요?",
          "question_wordNum": 4,
          "answer": "알수없음",
          "answer_wordNum": 1,
          "fact": [
            "동산만두 강서구청점,영업시간,알수없음"
          ]
        },
        {
          "question_id": 1,
          "question_type": "정보",
          "question": "휴무일을 알 수 있나요?",
          "question_wordNum": 4,
          "answer": "알수없음",
          "answer_wordNum": 1,
          "fact": [
            "동산만두 강서구청점,휴무일,알수없음"
          ]
        },
        {
          "question_id": 2,
          "question_type": "정보",
          "question": "연락처를 알 수 있나요?",
          "question_wordNum": 4,
          "answer": "02-2603-1284",
          "answer_wordNum": 1,
          "fact": [
            "동산만두 강서구청점,연락처,02-2603-1284"
          ]
        },
        {
          "question_id": 3,
          "question_type": "정보",
          "question": "이 곳의 주요 메뉴는 무엇이 있나요?",
          "question_wordNum": 6,
          "answer": "고기 왕만두, 찐빵",
          "answer_wordNum": 3,
          "fact": [
            "동산만두 강서구청점,메뉴,고기 왕만두, 찐빵"
          ]
        }
      ]
    },
    {
      "image_id": 1,
      "question": [
        {
          "question_id": 0,
          "question_type": "탐색",
          "question": "주차시설이 있는지 알 수 있나요?",
          "question_wordNum": 5,
          "answer": "없음",
          "answer_wordNum": 1,
          "fact": [
            "동산만두 강서구청점,주차시설,없음"
          ]
        },
        {
          "question_id": 1,
          "question_type": "관계",
          "question": "이 곳에 인접한 시설을 알 수 있나요?",
          "question_wordNum": 7,
          "answer": "라이브골목길, 고향애",
          "answer_wordNum": 2,
          "fact": [
            "동산만두 강서구청점,인접,라이브골목길, 고향애"
          ]
        },
        {
          "question_id": 2,
          "question_type": "정보",
          "question": "휴무일을 알 수 있나요?",
          "question_wordNum": 4,
          "answer": "알수없음",
          "answer_wordNum": 1,
          "fact": [
            "동산만두 강서구청점,휴무일,알수없음"
          ]
        },
        {
          "question_id": 3,
          "question_type": "정보",
          "question": "연락처가 어떻게 되나요?",
          "question_wordNum": 3,
          "answer": "02-2603-1284",
          "answer_wordNum": 1,
          "fact": [
            "동산만두 강서구청점,연락처,02-2603-1284"
          ]
        }
      ]
    },
    {
      "image_id": 2,
      "question": [
        {
          "question_id": 0,
          "question_type": "탐색",
          "question": "주차시설이 있는지 알 수 있나요?",
          "question_wordNum": 5,
          "answer": "없음",
          "answer_wordNum": 1,
          "fact": [
            "동산만두 강서구청점,주차시설,없음"
          ]
        },
        {
          "question_id": 1,
          "question_type": "정보",
          "question": "이 곳의 대표적인 메뉴를 알 수 있나요?",
          "question_wordNum": 7,
          "answer": "고기 왕만두, 찐빵",
          "answer_wordNum": 3,
          "fact": [
            "동산만두 강서구청점,메뉴,고기 왕만두, 찐빵"
          ]
        },
        {
          "question_id": 2,
          "question_type": "정보",
          "question": "영업시간은 어떻게 되나요?",
          "question_wordNum": 3,
          "answer": "알수없음",
          "answer_wordNum": 1,
          "fact": [
            "동산만두 강서구청점,영업시간,알수없음"
          ]
        },
        {
          "question_id": 3,
          "question_type": "관계",
          "question": "이 곳에 인접한 시설을 알 수 있나요?",
          "question_wordNum": 7,
          "answer": "라이브골목길, 고향애",
          "answer_wordNum": 2,
          "fact": [
            "동산만두 강서구청점,인접,라이브골목길, 고향애"
          ]
        }
      ]
    },
    {
      "image_id": 3,
      "question": [
        {
          "question_id": 0,
          "question_type": "관계",
          "question": "이 곳에 인접한 시설이 있나요?",
          "question_wordNum": 5,
          "answer": "라이브골목길, 고향애",
          "answer_wordNum": 2,
          "fact": [
            "동산만두 강서구청점,인접,라이브골목길, 고향애"
          ]
        },
        {
          "question_id": 1,
          "question_type": "정보",
          "question": "연락처가 어떻게 되나요?",
          "question_wordNum": 3,
          "answer": "02-2603-1284",
          "answer_wordNum": 1,
          "fact": [
            "동산만두 강서구청점,연락처,02-2603-1284"
          ]
        },
        {
          "question_id": 2,
          "question_type": "정보",
          "question": "이 곳의 주소를 알 수 있나요?",
          "question_wordNum": 6,
          "answer": "서울 강서구 화곡로 319",
          "answer_wordNum": 4,
          "fact": [
            "동산만두 강서구청점,주소,서울 강서구 화곡로 319"
          ]
        },
        {
          "question_id": 3,
          "question_type": "정보",
          "question": "영업시간은 몇시부터 몇시까지로 기재되어 있나요?",
          "question_wordNum": 5,
          "answer": "알수없음",
          "answer_wordNum": 1,
          "fact": [
            "동산만두 강서구청점,영업시간,알수없음"
          ]
        }
      ]
    },
    {
      "image_id": 4,
      "question": [
        {
          "question_id": 0,
          "question_type": "관계",
          "question": "이 곳에 인접한 시설이 있나요?",
          "question_wordNum": 5,
          "answer": "라이브골목길, 고향애",
          "answer_wordNum": 2,
          "fact": [
            "동산만두 강서구청점,인접,라이브골목길, 고향애"
          ]
        },
        {
          "question_id": 1,
          "question_type": "정보",
          "question": "휴무일은 어떻게 되나요?",
          "question_wordNum": 3,
          "answer": "알수없음",
          "answer_wordNum": 1,
          "fact": [
            "동산만두 강서구청점,휴무일,알수없음"
          ]
        },
        {
          "question_id": 2,
          "question_type": "정보",
          "question": "이 곳의 대표적인 메뉴는 무엇이 있나요?",
          "question_wordNum": 6,
          "answer": "고기 왕만두, 찐빵",
          "answer_wordNum": 3,
          "fact": [
            "동산만두 강서구청점,메뉴,고기 왕만두, 찐빵"
          ]
        },
        {
          "question_id": 3,
          "question_type": "정보",
          "question": "이 곳의 주소는 어떻게 되나요?",
          "question_wordNum": 5,
          "answer": "서울 강서구 화곡로 319",
          "answer_wordNum": 4,
          "fact": [
            "동산만두 강서구청점,주소,서울 강서구 화곡로 319"
          ]
        }
      ]
    }
  ]
}