{
  "data": {
    "dataset": "2-083-219",
    "POI_id": "561488",
    "travelType": "음식점",
    "place": "샤브20 발산역점",
    "area": "서울"
  },
  "imageInfo": [
    {
      "image_id": 0,
      "filename": "561488_0_su_5_샤브20 발산역점_1_001.png",
      "mapx": 37.5591532341498,
      "mapy": 126.836520966803,
      "width": 3840,
      "height": 2160,
      "caption_info": [
        "샤브20 발산역점(마곡동)",
        "여닫이문, 간판"
      ]
    },
    {
      "image_id": 1,
      "filename": "561488_0_su_5_샤브20 발산역점_1_002.png",
      "mapx": 37.5591532341498,
      "mapy": 126.836520966803,
      "width": 3840,
      "height": 2160,
      "caption_info": [
        "샤브20 발산역점(마곡동)",
        "간판"
      ]
    },
    {
      "image_id": 2,
      "filename": "561488_0_su_5_샤브20 발산역점_1_003.png",
      "mapx": 37.5591532341498,
      "mapy": 126.836520966803,
      "width": 3840,
      "height": 2160,
      "caption_info": [
        "샤브20 발산역점(마곡동)",
        "테이블, 등받이의자"
      ]
    },
    {
      "image_id": 3,
      "filename": "561488_0_su_5_샤브20 발산역점_1_004.png",
      "mapx": 37.5591532341498,
      "mapy": 126.836520966803,
      "width": 3840,
      "height": 2160,
      "caption_info": [
        "샤브20 발산역점(마곡동)",
        "메뉴판"
      ]
    },
    {
      "image_id": 4,
      "filename": "561488_0_su_5_샤브20 발산역점_1_005.png",
      "mapx": 37.5591532341498,
      "mapy": 126.836520966803,
      "width": 3840,
      "height": 2160,
      "caption_info": [
        "샤브20 발산역점(마곡동)",
        "고구마맛탕"
      ]
    }
  ],
  "annotations": [
    {
      "image_id": 0,
      "question": [
        {
          "question_id": 0,
          "question_type": "관계",
          "question": "이 곳에 인접한 시설이 있나요?",
          "question_wordNum": 5,
          "answer": "발산역 9번 출구, 발산파크프라자, GS25, 뚜레쥬르",
          "answer_wordNum": 6,
          "fact": [
            "샤브20 발산역점,인접,발산역 9번 출구, 발산파크프라자, GS25, 뚜레쥬르"
          ]
        },
        {
          "question_id": 1,
          "question_type": "정보",
          "question": "휴무일을 알 수 있나요?",
          "question_wordNum": 4,
          "answer": "알수없음",
          "answer_wordNum": 1,
          "fact": [
            "샤브20 발산역점,휴무일,알수없음"
          ]
        },
        {
          "question_id": 2,
          "question_type": "정보",
          "question": "이 곳의 주요 메뉴는 무엇이 있나요?",
          "question_wordNum": 6,
          "answer": "스키야키, 훠궈",
          "answer_wordNum": 2,
          "fact": [
            "샤브20 발산역점,메뉴,스키야키, 훠궈"
          ]
        },
        {
          "question_id": 3,
          "question_type": "탐색",
          "question": "주차시설이 있나요?",
          "question_wordNum": 2,
          "answer": "있음",
          "answer_wordNum": 1,
          "fact": [
            "샤브20 발산역점,주차시설,있음"
          ]
        }
      ]
    },
    {
      "image_id": 1,
      "question": [
        {
          "question_id": 0,
          "question_type": "정보",
          "question": "이 곳의 주요 메뉴는 무엇이 있나요?",
          "question_wordNum": 6,
          "answer": "스키야키, 훠궈",
          "answer_wordNum": 2,
          "fact": [
            "샤브20 발산역점,메뉴,스키야키, 훠궈"
          ]
        },
        {
          "question_id": 1,
          "question_type": "관계",
          "question": "이 곳에 인접한 시설이 있나요?",
          "question_wordNum": 5,
          "answer": "발산역 9번 출구, 발산파크프라자, GS25, 뚜레쥬르",
          "answer_wordNum": 6,
          "fact": [
            "샤브20 발산역점,인접,발산역 9번 출구, 발산파크프라자, GS25, 뚜레쥬르"
          ]
        },
        {
          "question_id": 2,
          "question_type": "정보",
          "question": "영업시간은 어떻게 되나요?",
          "question_wordNum": 3,
          "answer": "11:00~22:00",
          "answer_wordNum": 1,
          "fact": [
            "샤브20 발산역점,영업시간,11:00~22:00"
          ]
        },
        {
          "question_id": 3,
          "question_type": "정보",
          "question": "이 곳의 주소는 어떻게 되나요?",
          "question_wordNum": 5,
          "answer": "서울 강서구 공항대로 261 발산파크프라자 2층 205호",
          "answer_wordNum": 7,
          "fact": [
            "샤브20 발산역점,주소,서울 강서구 공항대로 261 발산파크프라자 2층 205호"
          ]
        }
      ]
    },
    {
      "image_id": 2,
      "question": [
        {
          "question_id": 0,
          "question_type": "탐색",
          "question": "주차시설이 있나요?",
          "question_wordNum": 2,
          "answer": "있음",
          "answer_wordNum": 1,
          "fact": [
            "샤브20 발산역점,주차시설,있음"
          ]
        },
        {
          "question_id": 1,
          "question_type": "정보",
          "question": "이 곳의 주요 메뉴는 무엇이 있나요?",
          "question_wordNum": 6,
          "answer": "스키야키, 훠궈",
          "answer_wordNum": 2,
          "fact": [
            "샤브20 발산역점,메뉴,스키야키, 훠궈"
          ]
        },
        {
          "question_id": 2,
          "question_type": "정보",
          "question": "이 곳의 주소는 어떻게 되나요?",
          "question_wordNum": 5,
          "answer": "서울 강서구 공항대로 261 발산파크프라자 2층 205호",
          "answer_wordNum": 7,
          "fact": [
            "샤브20 발산역점,주소,서울 강서구 공항대로 261 발산파크프라자 2층 205호"
          ]
        },
        {
          "question_id": 3,
          "question_type": "정보",
          "question": "휴무일을 알 수 있나요?",
          "question_wordNum": 4,
          "answer": "알수없음",
          "answer_wordNum": 1,
          "fact": [
            "샤브20 발산역점,휴무일,알수없음"
          ]
        }
      ]
    },
    {
      "image_id": 3,
      "question": [
        {
          "question_id": 0,
          "question_type": "관계",
          "question": "이 곳에 인접한 시설이 있나요?",
          "question_wordNum": 5,
          "answer": "발산역 9번 출구, 발산파크프라자, GS25, 뚜레쥬르",
          "answer_wordNum": 6,
          "fact": [
            "샤브20 발산역점,인접,발산역 9번 출구, 발산파크프라자, GS25, 뚜레쥬르"
          ]
        },
        {
          "question_id": 1,
          "question_type": "탐색",
          "question": "주차시설이 있나요?",
          "question_wordNum": 2,
          "answer": "있음",
          "answer_wordNum": 1,
          "fact": [
            "샤브20 발산역점,주차시설,있음"
          ]
        },
        {
          "question_id": 2,
          "question_type": "정보",
          "question": "영업시간은 몇시부터 몇시까지로 기재되어 있나요?",
          "question_wordNum": 5,
          "answer": "11:00~22:00",
          "answer_wordNum": 1,
          "fact": [
            "샤브20 발산역점,영업시간,11:00~22:00"
          ]
        },
        {
          "question_id": 3,
          "question_type": "정보",
          "question": "연락처가 어떻게 되나요?",
          "question_wordNum": 3,
          "answer": "02-2658-2005",
          "answer_wordNum": 1,
          "fact": [
            "샤브20 발산역점,연락처,02-2658-2005"
          ]
        }
      ]
    },
    {
      "image_id": 4,
      "question": [
        {
          "question_id": 0,
          "question_type": "관계",
          "question": "이 곳에 인접한 시설이 있나요?",
          "question_wordNum": 5,
          "answer": "발산역 9번 출구, 발산파크프라자, GS25, 뚜레쥬르",
          "answer_wordNum": 6,
          "fact": [
            "샤브20 발산역점,인접,발산역 9번 출구, 발산파크프라자, GS25, 뚜레쥬르"
          ]
        },
        {
          "question_id": 1,
          "question_type": "정보",
          "question": "연락처가 어떻게 되나요?",
          "question_wordNum": 3,
          "answer": "11:00~22:00",
          "answer_wordNum": 1,
          "fact": [
            "샤브20 발산역점,영업시간,11:00~22:00"
          ]
        },
        {
          "question_id": 2,
          "question_type": "정보",
          "question": "휴무일을 알 수 있나요?",
          "question_wordNum": 4,
          "answer": "알수없음",
          "answer_wordNum": 1,
          "fact": [
            "샤브20 발산역점,휴무일,알수없음"
          ]
        },
        {
          "question_id": 3,
          "question_type": "정보",
          "question": "이 곳은 무엇을 제공하나요?",
          "question_wordNum": 4,
          "answer": "소고기, 5가지맛 육수",
          "answer_wordNum": 3,
          "fact": [
            "샤브20 발산역점,제공,소고기, 5가지맛 육수"
          ]
        }
      ]
    }
  ]
}