{
  "data": {
    "dataset": "2-083-219",
    "POI_id": "561524",
    "travelType": "음식점",
    "place": "토리아에즈 ",
    "area": "서울"
  },
  "imageInfo": [
    {
      "image_id": 0,
      "filename": "561524_0_su_5_토리아에즈 _3_001.png",
      "mapx": 37.5604628413112,
      "mapy": 126.83439426731,
      "width": 3840,
      "height": 2160,
      "caption_info": [
        "토리아에즈(강서구) ",
        "간판"
      ]
    },
    {
      "image_id": 1,
      "filename": "561524_0_su_5_토리아에즈 _3_002.png",
      "mapx": 37.5604628413112,
      "mapy": 126.83439426731,
      "width": 3840,
      "height": 2160,
      "caption_info": [
        "토리아에즈(강서구) ",
        "간판"
      ]
    },
    {
      "image_id": 2,
      "filename": "561524_0_su_5_토리아에즈 _3_003.png",
      "mapx": 37.5604628413112,
      "mapy": 126.83439426731,
      "width": 3840,
      "height": 2160,
      "caption_info": [
        "토리아에즈(강서구) ",
        "의자 "
      ]
    },
    {
      "image_id": 3,
      "filename": "561524_0_su_5_토리아에즈 _3_004.png",
      "mapx": 37.5604628413112,
      "mapy": 126.83439426731,
      "width": 3840,
      "height": 2160,
      "caption_info": [
        "토리아에즈(강서구) ",
        "메뉴판 "
      ]
    },
    {
      "image_id": 4,
      "filename": "561524_0_su_5_토리아에즈 _3_005.png",
      "mapx": 37.5604628413112,
      "mapy": 126.83439426731,
      "width": 3840,
      "height": 2160,
      "caption_info": [
        "토리아에즈(강서구) ",
        "새우구이 "
      ]
    }
  ],
  "annotations": [
    {
      "image_id": 0,
      "question": [
        {
          "question_id": 0,
          "question_type": "탐색",
          "question": "주차시설이 있는지 알 수 있나요?",
          "question_wordNum": 5,
          "answer": "있음",
          "answer_wordNum": 1,
          "fact": [
            "토리아에즈,주차시설,있음"
          ]
        },
        {
          "question_id": 1,
          "question_type": "정보",
          "question": "영업시간은 어떻게 되나요?",
          "question_wordNum": 3,
          "answer": "17:30~00:30/01:30",
          "answer_wordNum": 1,
          "fact": [
            "토리아에즈,영업시간,17:30~00:30/01:30"
          ]
        },
        {
          "question_id": 2,
          "question_type": "정보",
          "question": "휴무일은 어떻게 되나요?",
          "question_wordNum": 3,
          "answer": "알수없음",
          "answer_wordNum": 1,
          "fact": [
            "토리아에즈,휴무일,알수없음"
          ]
        },
        {
          "question_id": 3,
          "question_type": "정보",
          "question": "대표 메뉴가 무엇인가요?",
          "question_wordNum": 3,
          "answer": "명란구이, 쯔쿠네",
          "answer_wordNum": 2,
          "fact": [
            "토리아에즈,메뉴,명란구이, 쯔쿠네"
          ]
        }
      ]
    },
    {
      "image_id": 1,
      "question": [
        {
          "question_id": 0,
          "question_type": "정보",
          "question": "휴무일을 알 수 있나요?",
          "question_wordNum": 4,
          "answer": "알수없음",
          "answer_wordNum": 1,
          "fact": [
            "토리아에즈,휴무일,알수없음"
          ]
        },
        {
          "question_id": 1,
          "question_type": "탐색",
          "question": "주차시설이 있는지 알 수 있나요?",
          "question_wordNum": 5,
          "answer": "있음",
          "answer_wordNum": 1,
          "fact": [
            "토리아에즈,주차시설,있음"
          ]
        },
        {
          "question_id": 2,
          "question_type": "정보",
          "question": "연락처를 알 수 있나요?",
          "question_wordNum": 4,
          "answer": "02-3664-8707",
          "answer_wordNum": 1,
          "fact": [
            "토리아에즈,연락처,02-3664-8707"
          ]
        },
        {
          "question_id": 3,
          "question_type": "관계",
          "question": "이 곳에 인접한 시설을 알 수 있나요?",
          "question_wordNum": 7,
          "answer": "발산역 9번 출구, 구름공방, 홍콩반점0410",
          "answer_wordNum": 5,
          "fact": [
            "토리아에즈,인접,발산역 9번 출구, 구름공방, 홍콩반점0410"
          ]
        }
      ]
    },
    {
      "image_id": 2,
      "question": [
        {
          "question_id": 0,
          "question_type": "관계",
          "question": "이 곳에 인접한 시설이 있나요?",
          "question_wordNum": 5,
          "answer": "발산역 9번 출구, 구름공방, 홍콩반점0410",
          "answer_wordNum": 5,
          "fact": [
            "토리아에즈,인접,발산역 9번 출구, 구름공방, 홍콩반점0410"
          ]
        },
        {
          "question_id": 1,
          "question_type": "탐색",
          "question": "주차시설이 있나요?",
          "question_wordNum": 2,
          "answer": "있음",
          "answer_wordNum": 1,
          "fact": [
            "토리아에즈,주차시설,있음"
          ]
        },
        {
          "question_id": 2,
          "question_type": "정보",
          "question": "이 곳의 주소는 어떻게 되나요?",
          "question_wordNum": 5,
          "answer": "서울 강서구 마곡중앙6로 63",
          "answer_wordNum": 4,
          "fact": [
            "토리아에즈,주소,서울 강서구 마곡중앙6로 63"
          ]
        },
        {
          "question_id": 3,
          "question_type": "정보",
          "question": "연락처가 어떻게 되나요?",
          "question_wordNum": 3,
          "answer": "02-3664-8707",
          "answer_wordNum": 1,
          "fact": [
            "토리아에즈,연락처,02-3664-8707"
          ]
        }
      ]
    },
    {
      "image_id": 3,
      "question": [
        {
          "question_id": 0,
          "question_type": "정보",
          "question": "대표 메뉴가 무엇인가요?",
          "question_wordNum": 3,
          "answer": "명란구이, 쯔쿠네",
          "answer_wordNum": 2,
          "fact": [
            "토리아에즈,메뉴,명란구이, 쯔쿠네"
          ]
        },
        {
          "question_id": 1,
          "question_type": "정보",
          "question": "연락처를 알 수 있나요?",
          "question_wordNum": 4,
          "answer": "02-3664-8707",
          "answer_wordNum": 1,
          "fact": [
            "토리아에즈,연락처,02-3664-8707"
          ]
        },
        {
          "question_id": 2,
          "question_type": "탐색",
          "question": "주차시설이 있는지 알 수 있나요?",
          "question_wordNum": 5,
          "answer": "있음",
          "answer_wordNum": 1,
          "fact": [
            "토리아에즈,주차시설,있음"
          ]
        },
        {
          "question_id": 3,
          "question_type": "관계",
          "question": "이 곳에 인접한 시설이 있나요?",
          "question_wordNum": 5,
          "answer": "발산역 9번 출구, 구름공방, 홍콩반점0410",
          "answer_wordNum": 5,
          "fact": [
            "토리아에즈,인접,발산역 9번 출구, 구름공방, 홍콩반점0410"
          ]
        }
      ]
    },
    {
      "image_id": 4,
      "question": [
        {
          "question_id": 0,
          "question_type": "정보",
          "question": "휴무일은 어떻게 되나요?",
          "question_wordNum": 3,
          "answer": "알수없음",
          "answer_wordNum": 1,
          "fact": [
            "토리아에즈,휴무일,알수없음"
          ]
        },
        {
          "question_id": 1,
          "question_type": "정보",
          "question": "연락처가 어떻게 되나요?",
          "question_wordNum": 3,
          "answer": "02-3664-8707",
          "answer_wordNum": 1,
          "fact": [
            "토리아에즈,연락처,02-3664-8707"
          ]
        },
        {
          "question_id": 2,
          "question_type": "정보",
          "question": "영업시간을 알 수 있나요?",
          "question_wordNum": 4,
          "answer": "17:30~00:30/01:30",
          "answer_wordNum": 1,
          "fact": [
            "토리아에즈,영업시간,17:30~00:30/01:30"
          ]
        },
        {
          "question_id": 3,
          "question_type": "탐색",
          "question": "주차시설이 있나요?",
          "question_wordNum": 2,
          "answer": "있음",
          "answer_wordNum": 1,
          "fact": [
            "토리아에즈,주차시설,있음"
          ]
        }
      ]
    }
  ]
}