{
  "data": {
    "dataset": "2-083-219",
    "POI_id": "561714",
    "travelType": "음식점",
    "place": "오로라 ",
    "area": "서울"
  },
  "imageInfo": [
    {
      "image_id": 0,
      "filename": "561714_0_su_5_오로라 _3_001.png",
      "mapx": 37.5548384568328,
      "mapy": 126.838422520782,
      "width": 3840,
      "height": 2160,
      "caption_info": [
        "오로라(강서구) ",
        "간판"
      ]
    },
    {
      "image_id": 1,
      "filename": "561714_0_su_5_오로라 _3_002.png",
      "mapx": 37.5548384568328,
      "mapy": 126.838422520782,
      "width": 3840,
      "height": 2160,
      "caption_info": [
        "오로라(강서구) ",
        "간판"
      ]
    },
    {
      "image_id": 2,
      "filename": "561714_0_su_5_오로라 _3_003.png",
      "mapx": 37.5548384568328,
      "mapy": 126.838422520782,
      "width": 3840,
      "height": 2160,
      "caption_info": [
        "오로라(강서구) ",
        "전등 "
      ]
    },
    {
      "image_id": 3,
      "filename": "561714_0_su_5_오로라 _3_004.png",
      "mapx": 37.5548384568328,
      "mapy": 126.838422520782,
      "width": 3840,
      "height": 2160,
      "caption_info": [
        "오로라(강서구) ",
        "가격표 "
      ]
    },
    {
      "image_id": 4,
      "filename": "561714_0_su_5_오로라 _3_005.png",
      "mapx": 37.5548384568328,
      "mapy": 126.838422520782,
      "width": 3840,
      "height": 2160,
      "caption_info": [
        "오로라(강서구) ",
        "마카롱 "
      ]
    }
  ],
  "annotations": [
    {
      "image_id": 0,
      "question": [
        {
          "question_id": 0,
          "question_type": "정보",
          "question": "휴무일을 알 수 있나요?",
          "question_wordNum": 4,
          "answer": "매주 일요일",
          "answer_wordNum": 2,
          "fact": [
            "오로라,휴무일,매주 일요일"
          ]
        },
        {
          "question_id": 1,
          "question_type": "탐색",
          "question": "주차시설이 있나요?",
          "question_wordNum": 2,
          "answer": "있음",
          "answer_wordNum": 1,
          "fact": [
            "오로라,주차시설,있음"
          ]
        },
        {
          "question_id": 2,
          "question_type": "정보",
          "question": "연락처를 알 수 있나요?",
          "question_wordNum": 4,
          "answer": "0507-1327-0702",
          "answer_wordNum": 1,
          "fact": [
            "오로라,연락처,0507-1327-0702"
          ]
        },
        {
          "question_id": 3,
          "question_type": "관계",
          "question": "이 곳에 인접한 시설을 알 수 있나요?",
          "question_wordNum": 7,
          "answer": "발산역 6번 출구, 페리카나, 군침",
          "answer_wordNum": 5,
          "fact": [
            "오로라,인접,발산역 6번 출구, 페리카나, 군침"
          ]
        }
      ]
    },
    {
      "image_id": 1,
      "question": [
        {
          "question_id": 0,
          "question_type": "탐색",
          "question": "주차시설이 있나요?",
          "question_wordNum": 2,
          "answer": "있음",
          "answer_wordNum": 1,
          "fact": [
            "오로라,주차시설,있음"
          ]
        },
        {
          "question_id": 1,
          "question_type": "정보",
          "question": "대표 메뉴가 무엇인가요?",
          "question_wordNum": 3,
          "answer": "마카롱, 쌀누가크래커",
          "answer_wordNum": 2,
          "fact": [
            "오로라,메뉴,마카롱, 쌀누가크래커"
          ]
        },
        {
          "question_id": 2,
          "question_type": "정보",
          "question": "휴무일은 어떻게 되나요?",
          "question_wordNum": 3,
          "answer": "매주 일요일",
          "answer_wordNum": 2,
          "fact": [
            "오로라,휴무일,매주 일요일"
          ]
        },
        {
          "question_id": 3,
          "question_type": "정보",
          "question": "영업시간은 어떻게 되나요?",
          "question_wordNum": 3,
          "answer": "12:00~19:00",
          "answer_wordNum": 1,
          "fact": [
            "오로라,영업시간,12:00~19:00"
          ]
        }
      ]
    },
    {
      "image_id": 2,
      "question": [
        {
          "question_id": 0,
          "question_type": "정보",
          "question": "연락처가 어떻게 되나요?",
          "question_wordNum": 3,
          "answer": "0507-1327-0702",
          "answer_wordNum": 1,
          "fact": [
            "오로라,연락처,0507-1327-0702"
          ]
        },
        {
          "question_id": 1,
          "question_type": "정보",
          "question": "이 곳의 주소는 어떻게 되나요?",
          "question_wordNum": 5,
          "answer": "서울 강서구 우장산로 11",
          "answer_wordNum": 4,
          "fact": [
            "오로라,주소,서울 강서구 우장산로 11"
          ]
        },
        {
          "question_id": 2,
          "question_type": "정보",
          "question": "휴무일을 알 수 있나요?",
          "question_wordNum": 4,
          "answer": "매주 일요일",
          "answer_wordNum": 2,
          "fact": [
            "오로라,휴무일,매주 일요일"
          ]
        },
        {
          "question_id": 3,
          "question_type": "관계",
          "question": "이 곳에 인접한 시설이 있나요?",
          "question_wordNum": 5,
          "answer": "발산역 6번 출구, 페리카나, 군침",
          "answer_wordNum": 5,
          "fact": [
            "오로라,인접,발산역 6번 출구, 페리카나, 군침"
          ]
        }
      ]
    },
    {
      "image_id": 3,
      "question": [
        {
          "question_id": 0,
          "question_type": "정보",
          "question": "영업시간은 어떻게 되나요?",
          "question_wordNum": 3,
          "answer": "12:00~19:00",
          "answer_wordNum": 1,
          "fact": [
            "오로라,영업시간,12:00~19:00"
          ]
        },
        {
          "question_id": 1,
          "question_type": "정보",
          "question": "휴무일은 어떻게 되나요?",
          "question_wordNum": 3,
          "answer": "매주 일요일",
          "answer_wordNum": 2,
          "fact": [
            "오로라,휴무일,매주 일요일"
          ]
        },
        {
          "question_id": 2,
          "question_type": "탐색",
          "question": "주차시설이 있는지 알 수 있나요?",
          "question_wordNum": 5,
          "answer": "있음",
          "answer_wordNum": 1,
          "fact": [
            "오로라,주차시설,있음"
          ]
        },
        {
          "question_id": 3,
          "question_type": "정보",
          "question": "이 곳의 주소를 알 수 있나요?",
          "question_wordNum": 6,
          "answer": "서울 강서구 우장산로 11",
          "answer_wordNum": 4,
          "fact": [
            "오로라,주소,서울 강서구 우장산로 11"
          ]
        }
      ]
    },
    {
      "image_id": 4,
      "question": [
        {
          "question_id": 0,
          "question_type": "정보",
          "question": "대표 메뉴가 무엇인가요?",
          "question_wordNum": 3,
          "answer": "마카롱, 쌀누가크래커",
          "answer_wordNum": 2,
          "fact": [
            "오로라,메뉴,마카롱, 쌀누가크래커"
          ]
        },
        {
          "question_id": 1,
          "question_type": "정보",
          "question": "영업시간을 알 수 있나요?",
          "question_wordNum": 4,
          "answer": "12:00~19:00",
          "answer_wordNum": 1,
          "fact": [
            "오로라,영업시간,12:00~19:00"
          ]
        },
        {
          "question_id": 2,
          "question_type": "정보",
          "question": "휴무일을 알 수 있나요?",
          "question_wordNum": 4,
          "answer": "매주 일요일",
          "answer_wordNum": 2,
          "fact": [
            "오로라,휴무일,매주 일요일"
          ]
        },
        {
          "question_id": 3,
          "question_type": "탐색",
          "question": "주차시설이 있나요?",
          "question_wordNum": 2,
          "answer": "있음",
          "answer_wordNum": 1,
          "fact": [
            "오로라,주차시설,있음"
          ]
        }
      ]
    }
  ]
}