{
  "data": {
    "dataset": "2-083-219",
    "POI_id": "561551",
    "travelType": "음식점",
    "place": "보스 간장게장 서울식물원점",
    "area": "서울"
  },
  "imageInfo": [
    {
      "image_id": 0,
      "filename": "561551_0_su_5_보스 간장게장 서울식물원점_3_001.png",
      "mapx": 37.5722444079878,
      "mapy": 126.83284283132,
      "width": 3840,
      "height": 2160,
      "caption_info": [
        "보스 간장게장 서울식물원점(마곡동)",
        "간판, 아기의자"
      ]
    },
    {
      "image_id": 1,
      "filename": "561551_0_su_5_보스 간장게장 서울식물원점_3_002.png",
      "mapx": 37.5722444079878,
      "mapy": 126.83284283132,
      "width": 3840,
      "height": 2160,
      "caption_info": [
        "보스 간장게장 서울식물원점(마곡동)",
        "전시물"
      ]
    },
    {
      "image_id": 2,
      "filename": "561551_0_su_5_보스 간장게장 서울식물원점_3_003.png",
      "mapx": 37.5722444079878,
      "mapy": 126.83284283132,
      "width": 3840,
      "height": 2160,
      "caption_info": [
        "보스 간장게장 서울식물원점(마곡동)",
        "테이블, 등받이 의자"
      ]
    },
    {
      "image_id": 3,
      "filename": "561551_0_su_5_보스 간장게장 서울식물원점_3_004.png",
      "mapx": 37.5722444079878,
      "mapy": 126.83284283132,
      "width": 3840,
      "height": 2160,
      "caption_info": [
        "보스 간장게장 서울식물원점(마곡동)",
        "메뉴판"
      ]
    },
    {
      "image_id": 4,
      "filename": "561551_0_su_5_보스 간장게장 서울식물원점_3_005.png",
      "mapx": 37.5722444079878,
      "mapy": 126.83284283132,
      "width": 3840,
      "height": 2160,
      "caption_info": [
        "보스 간장게장 서울식물원점(마곡동)",
        "간장게장"
      ]
    }
  ],
  "annotations": [
    {
      "image_id": 0,
      "question": [
        {
          "question_id": 0,
          "question_type": "정보",
          "question": "영업시간을 알 수 있나요?",
          "question_wordNum": 4,
          "answer": "10:00~21:00",
          "answer_wordNum": 1,
          "fact": [
            "보스 간장게장 서울식물원점,영업시간,10:00~21:00"
          ]
        },
        {
          "question_id": 1,
          "question_type": "정보",
          "question": "이 곳의 주요 메뉴는 무엇이 있나요?",
          "question_wordNum": 6,
          "answer": "암꽃게 간장게장, 숫 꽃게 간장게장",
          "answer_wordNum": 5,
          "fact": [
            "보스 간장게장 서울식물원점,메뉴,암꽃게 간장게장, 숫 꽃게 간장게장"
          ]
        },
        {
          "question_id": 2,
          "question_type": "탐색",
          "question": "주차시설이 있나요?",
          "question_wordNum": 2,
          "answer": "있음",
          "answer_wordNum": 1,
          "fact": [
            "보스 간장게장 서울식물원점,주차시설,있음"
          ]
        },
        {
          "question_id": 3,
          "question_type": "관계",
          "question": "이 곳에 인접한 시설을 알 수 있나요?",
          "question_wordNum": 7,
          "answer": "양천향교역 8번 출구, 서울식물원, 어울림공원",
          "answer_wordNum": 5,
          "fact": [
            "보스 간장게장 서울식물원점,인접,양천향교역 8번 출구, 서울식물원, 어울림공원"
          ]
        }
      ]
    },
    {
      "image_id": 1,
      "question": [
        {
          "question_id": 0,
          "question_type": "관계",
          "question": "이 곳에 인접한 시설이 있나요?",
          "question_wordNum": 5,
          "answer": "양천향교역 8번 출구, 서울식물원, 어울림공원",
          "answer_wordNum": 5,
          "fact": [
            "보스 간장게장 서울식물원점,인접,양천향교역 8번 출구, 서울식물원, 어울림공원"
          ]
        },
        {
          "question_id": 1,
          "question_type": "정보",
          "question": "이 곳의 주소는 어떻게 되나요?",
          "question_wordNum": 5,
          "answer": "서울 강서구 마곡동로 161",
          "answer_wordNum": 4,
          "fact": [
            "보스 간장게장 서울식물원점,주소,서울 강서구 마곡동로 161"
          ]
        },
        {
          "question_id": 2,
          "question_type": "탐색",
          "question": "주차시설이 있는지 알 수 있나요?",
          "question_wordNum": 5,
          "answer": "있음",
          "answer_wordNum": 1,
          "fact": [
            "보스 간장게장 서울식물원점,주차시설,있음"
          ]
        },
        {
          "question_id": 3,
          "question_type": "정보",
          "question": "연락처를 알 수 있나요?",
          "question_wordNum": 4,
          "answer": "0507-1377-1201",
          "answer_wordNum": 1,
          "fact": [
            "보스 간장게장 서울식물원점,연락처,0507-1377-1201"
          ]
        }
      ]
    },
    {
      "image_id": 2,
      "question": [
        {
          "question_id": 0,
          "question_type": "정보",
          "question": "영업시간은 몇시부터 몇시까지로 기재되어 있나요?",
          "question_wordNum": 5,
          "answer": "10:00~21:00",
          "answer_wordNum": 1,
          "fact": [
            "보스 간장게장 서울식물원점,영업시간,10:00~21:00"
          ]
        },
        {
          "question_id": 1,
          "question_type": "정보",
          "question": "연락처를 알 수 있나요?",
          "question_wordNum": 4,
          "answer": "0507-1377-1201",
          "answer_wordNum": 1,
          "fact": [
            "보스 간장게장 서울식물원점,연락처,0507-1377-1201"
          ]
        },
        {
          "question_id": 2,
          "question_type": "정보",
          "question": "이 곳의 대표적인 메뉴를 알 수 있나요?",
          "question_wordNum": 7,
          "answer": "암꽃게 간장게장, 숫 꽃게 간장게장",
          "answer_wordNum": 5,
          "fact": [
            "보스 간장게장 서울식물원점,메뉴,암꽃게 간장게장, 숫 꽃게 간장게장"
          ]
        },
        {
          "question_id": 3,
          "question_type": "정보",
          "question": "이 곳의 주소는 어떻게 되나요?",
          "question_wordNum": 5,
          "answer": "서울 강서구 마곡동로 161",
          "answer_wordNum": 4,
          "fact": [
            "보스 간장게장 서울식물원점,주소,서울 강서구 마곡동로 161"
          ]
        }
      ]
    },
    {
      "image_id": 3,
      "question": [
        {
          "question_id": 0,
          "question_type": "정보",
          "question": "영업시간은 몇시부터 몇시까지로 기재되어 있나요?",
          "question_wordNum": 5,
          "answer": "10:00~21:00",
          "answer_wordNum": 1,
          "fact": [
            "보스 간장게장 서울식물원점,영업시간,10:00~21:00"
          ]
        },
        {
          "question_id": 1,
          "question_type": "탐색",
          "question": "주차시설이 있나요?",
          "question_wordNum": 2,
          "answer": "있음",
          "answer_wordNum": 1,
          "fact": [
            "보스 간장게장 서울식물원점,주차시설,있음"
          ]
        },
        {
          "question_id": 2,
          "question_type": "정보",
          "question": "이 곳은 무엇을 전문으로 하나요?",
          "question_wordNum": 5,
          "answer": "간장게장",
          "answer_wordNum": 1,
          "fact": [
            "보스 간장게장 서울식물원점,전문,간장게장"
          ]
        },
        {
          "question_id": 3,
          "question_type": "관계",
          "question": "이 곳에 인접한 시설을 알 수 있나요?",
          "question_wordNum": 7,
          "answer": "양천향교역 8번 출구, 서울식물원, 어울림공원",
          "answer_wordNum": 5,
          "fact": [
            "보스 간장게장 서울식물원점,인접,양천향교역 8번 출구, 서울식물원, 어울림공원"
          ]
        }
      ]
    },
    {
      "image_id": 4,
      "question": [
        {
          "question_id": 0,
          "question_type": "정보",
          "question": "이 곳의 주요 메뉴를 알 수 있나요?",
          "question_wordNum": 7,
          "answer": "암꽃게 간장게장, 숫 꽃게 간장게장",
          "answer_wordNum": 5,
          "fact": [
            "보스 간장게장 서울식물원점,메뉴,암꽃게 간장게장, 숫 꽃게 간장게장"
          ]
        },
        {
          "question_id": 1,
          "question_type": "정보",
          "question": "이 곳은 무엇을 전문으로 하나요?",
          "question_wordNum": 5,
          "answer": "간장게장",
          "answer_wordNum": 1,
          "fact": [
            "보스 간장게장 서울식물원점,전문,간장게장"
          ]
        },
        {
          "question_id": 2,
          "question_type": "정보",
          "question": "이 곳의 주소는 어떻게 되나요?",
          "question_wordNum": 5,
          "answer": "서울 강서구 마곡동로 161",
          "answer_wordNum": 4,
          "fact": [
            "보스 간장게장 서울식물원점,주소,서울 강서구 마곡동로 161"
          ]
        },
        {
          "question_id": 3,
          "question_type": "정보",
          "question": "휴무일을 알 수 있나요?",
          "question_wordNum": 4,
          "answer": "매주 월요일",
          "answer_wordNum": 2,
          "fact": [
            "보스 간장게장 서울식물원점,휴무일,매주 월요일"
          ]
        }
      ]
    }
  ]
}