{
  "data": {
    "dataset": "2-083-219",
    "POI_id": "561407",
    "travelType": "음식점",
    "place": "옛날통닭 가양점",
    "area": "서울"
  },
  "imageInfo": [
    {
      "image_id": 0,
      "filename": "561407_0_su_5_옛날통닭 가양점_1_001.png",
      "mapx": 37.5721791090682,
      "mapy": 126.839282842931,
      "width": 3840,
      "height": 2160,
      "caption_info": [
        "옛날통닭 가양점(가양동)",
        "여닫이문, 메뉴판"
      ]
    },
    {
      "image_id": 1,
      "filename": "561407_0_su_5_옛날통닭 가양점_1_002.png",
      "mapx": 37.5721791090682,
      "mapy": 126.839282842931,
      "width": 3840,
      "height": 2160,
      "caption_info": [
        "옛날통닭 가양점(가양동)",
        "메뉴판"
      ]
    },
    {
      "image_id": 2,
      "filename": "561407_0_su_5_옛날통닭 가양점_1_003.png",
      "mapx": 37.5721791090682,
      "mapy": 126.839282842931,
      "width": 3840,
      "height": 2160,
      "caption_info": [
        "옛날통닭 가양점(가양동)",
        "테이블, 등받이의자"
      ]
    },
    {
      "image_id": 3,
      "filename": "561407_0_su_5_옛날통닭 가양점_1_004.png",
      "mapx": 37.5721791090682,
      "mapy": 126.839282842931,
      "width": 3840,
      "height": 2160,
      "caption_info": [
        "옛날통닭 가양점(가양동)",
        "메뉴판"
      ]
    },
    {
      "image_id": 4,
      "filename": "561407_0_su_5_옛날통닭 가양점_1_005.png",
      "mapx": 37.5721791090682,
      "mapy": 126.839282842931,
      "width": 3840,
      "height": 2160,
      "caption_info": [
        "옛날통닭 가양점(가양동)",
        "치킨"
      ]
    }
  ],
  "annotations": [
    {
      "image_id": 0,
      "question": [
        {
          "question_id": 0,
          "question_type": "정보",
          "question": "이 곳의 주요 메뉴는 무엇이 있나요?",
          "question_wordNum": 6,
          "answer": "옛날통닭 1마리, 닭똥집튀김",
          "answer_wordNum": 3,
          "fact": [
            "옛날통닭 가양점,메뉴,옛날통닭 1마리, 닭똥집튀김"
          ]
        },
        {
          "question_id": 1,
          "question_type": "관계",
          "question": "이 곳에 인접한 시설이 있나요?",
          "question_wordNum": 5,
          "answer": "양천향교역 2번 출구, 양천향교, 쇼와, 장하촌",
          "answer_wordNum": 6,
          "fact": [
            "옛날통닭 가양점,인접,양천향교역 2번 출구, 양천향교, 쇼와, 장하촌"
          ]
        },
        {
          "question_id": 2,
          "question_type": "정보",
          "question": "영업시간은 어떻게 되나요?",
          "question_wordNum": 3,
          "answer": "15:00~22:00",
          "answer_wordNum": 1,
          "fact": [
            "옛날통닭 가양점,영업시간,15:00~22:00"
          ]
        },
        {
          "question_id": 3,
          "question_type": "정보",
          "question": "연락처가 어떻게 되나요?",
          "question_wordNum": 3,
          "answer": "0507-1377-0801",
          "answer_wordNum": 1,
          "fact": [
            "옛날통닭 가양점,연락처,0507-1377-0801"
          ]
        }
      ]
    },
    {
      "image_id": 1,
      "question": [
        {
          "question_id": 0,
          "question_type": "탐색",
          "question": "주차시설이 있나요?",
          "question_wordNum": 2,
          "answer": "있음",
          "answer_wordNum": 1,
          "fact": [
            "옛날통닭 가양점,주차시설,있음"
          ]
        },
        {
          "question_id": 1,
          "question_type": "정보",
          "question": "휴무일은 어떻게 되나요?",
          "question_wordNum": 3,
          "answer": "매주 일요일",
          "answer_wordNum": 2,
          "fact": [
            "옛날통닭 가양점,휴무일,매주 일요일"
          ]
        },
        {
          "question_id": 2,
          "question_type": "정보",
          "question": "이 곳의 주요 메뉴는 무엇이 있나요?",
          "question_wordNum": 6,
          "answer": "옛날통닭 1마리, 닭똥집튀김",
          "answer_wordNum": 3,
          "fact": [
            "옛날통닭 가양점,메뉴,옛날통닭 1마리, 닭똥집튀김"
          ]
        },
        {
          "question_id": 3,
          "question_type": "정보",
          "question": "영업시간은 어떻게 되나요?",
          "question_wordNum": 3,
          "answer": "15:00~22:00",
          "answer_wordNum": 1,
          "fact": [
            "옛날통닭 가양점,영업시간,15:00~22:00"
          ]
        }
      ]
    },
    {
      "image_id": 2,
      "question": [
        {
          "question_id": 0,
          "question_type": "관계",
          "question": "이 곳에 인접한 시설이 있나요?",
          "question_wordNum": 5,
          "answer": "양천향교역 2번 출구, 양천향교, 쇼와, 장하촌",
          "answer_wordNum": 6,
          "fact": [
            "옛날통닭 가양점,인접,양천향교역 2번 출구, 양천향교, 쇼와, 장하촌"
          ]
        },
        {
          "question_id": 1,
          "question_type": "정보",
          "question": "이 곳의 대표적인 메뉴는 무엇이 있나요?",
          "question_wordNum": 6,
          "answer": "옛날통닭 1마리, 닭똥집튀김",
          "answer_wordNum": 3,
          "fact": [
            "옛날통닭 가양점,메뉴,옛날통닭 1마리, 닭똥집튀김"
          ]
        },
        {
          "question_id": 2,
          "question_type": "정보",
          "question": "연락처가 어떻게 되나요?",
          "question_wordNum": 3,
          "answer": "0507-1377-0801",
          "answer_wordNum": 1,
          "fact": [
            "옛날통닭 가양점,연락처,0507-1377-0801"
          ]
        },
        {
          "question_id": 3,
          "question_type": "정보",
          "question": "이곳은 어떤 재료를 사용하나요?",
          "question_wordNum": 4,
          "answer": "국내산 닭, 콩기름",
          "answer_wordNum": 3,
          "fact": [
            "옛날통닭 가양점,사용,국내산 닭, 콩기름"
          ]
        }
      ]
    },
    {
      "image_id": 3,
      "question": [
        {
          "question_id": 0,
          "question_type": "정보",
          "question": "이 곳의 주소는 어떻게 되나요?",
          "question_wordNum": 5,
          "answer": "서울 강서구 양천로49길 87 101호",
          "answer_wordNum": 5,
          "fact": [
            "옛날통닭 가양점,주소,서울 강서구 양천로49길 87 101호"
          ]
        },
        {
          "question_id": 1,
          "question_type": "정보",
          "question": "이 곳의 주요 메뉴는 무엇이 있나요?",
          "question_wordNum": 6,
          "answer": "옛날통닭 1마리, 닭똥집튀김",
          "answer_wordNum": 3,
          "fact": [
            "옛날통닭 가양점,메뉴,옛날통닭 1마리, 닭똥집튀김"
          ]
        },
        {
          "question_id": 2,
          "question_type": "정보",
          "question": "영업시간은 몇시부터 몇시까지로 기재되어 있나요?",
          "question_wordNum": 5,
          "answer": "15:00~22:00",
          "answer_wordNum": 1,
          "fact": [
            "옛날통닭 가양점,영업시간,15:00~22:00"
          ]
        },
        {
          "question_id": 3,
          "question_type": "관계",
          "question": "이 곳에 인접한 시설이 있나요?",
          "question_wordNum": 5,
          "answer": "양천향교역 2번 출구, 양천향교, 쇼와, 장하촌",
          "answer_wordNum": 6,
          "fact": [
            "옛날통닭 가양점,인접,양천향교역 2번 출구, 양천향교, 쇼와, 장하촌"
          ]
        }
      ]
    },
    {
      "image_id": 4,
      "question": [
        {
          "question_id": 0,
          "question_type": "정보",
          "question": "영업시간은 몇시부터 몇시까지로 기재되어 있나요?",
          "question_wordNum": 5,
          "answer": "15:00~22:00",
          "answer_wordNum": 1,
          "fact": [
            "옛날통닭 가양점,영업시간,15:00~22:00"
          ]
        },
        {
          "question_id": 1,
          "question_type": "정보",
          "question": "이 곳의 대표적인 메뉴는 무엇이 있나요?",
          "question_wordNum": 6,
          "answer": "옛날통닭 1마리, 닭똥집튀김",
          "answer_wordNum": 3,
          "fact": [
            "옛날통닭 가양점,메뉴,옛날통닭 1마리, 닭똥집튀김"
          ]
        },
        {
          "question_id": 2,
          "question_type": "정보",
          "question": "휴무일은 어떻게 되나요?",
          "question_wordNum": 3,
          "answer": "매주 일요일",
          "answer_wordNum": 2,
          "fact": [
            "옛날통닭 가양점,휴무일,매주 일요일"
          ]
        },
        {
          "question_id": 3,
          "question_type": "탐색",
          "question": "주차시설이 있나요?",
          "question_wordNum": 2,
          "answer": "있음",
          "answer_wordNum": 1,
          "fact": [
            "옛날통닭 가양점,주차시설,있음"
          ]
        }
      ]
    }
  ]
}