{
  "data": {
    "dataset": "2-083-219",
    "POI_id": "553161",
    "travelType": "음식점",
    "place": "황영희보쌈",
    "area": "서울"
  },
  "imageInfo": [
    {
      "image_id": 0,
      "filename": "553161_0_su_5_황영희보쌈_1_001.png",
      "mapx": 37.5517064862127,
      "mapy": 126.849101891716,
      "width": 3840,
      "height": 2160,
      "caption_info": [
        "황영희보쌈(화곡동)",
        "간판"
      ]
    },
    {
      "image_id": 1,
      "filename": "553161_0_su_5_황영희보쌈_1_002.png",
      "mapx": 37.5517064862127,
      "mapy": 126.849101891716,
      "width": 3840,
      "height": 2160,
      "caption_info": [
        "황영희보쌈(화곡동)",
        "건물"
      ]
    },
    {
      "image_id": 2,
      "filename": "553161_0_su_5_황영희보쌈_1_003.png",
      "mapx": 37.5517064862127,
      "mapy": 126.849101891716,
      "width": 3840,
      "height": 2160,
      "caption_info": [
        "황영희보쌈(화곡동)",
        "테이블, 등받이 의자"
      ]
    },
    {
      "image_id": 3,
      "filename": "553161_0_su_5_황영희보쌈_1_004.png",
      "mapx": 37.5517064862127,
      "mapy": 126.849101891716,
      "width": 3840,
      "height": 2160,
      "caption_info": [
        "황영희보쌈(화곡동)",
        "메뉴판"
      ]
    },
    {
      "image_id": 4,
      "filename": "553161_0_su_5_황영희보쌈_1_005.png",
      "mapx": 37.5517064862127,
      "mapy": 126.849101891716,
      "width": 3840,
      "height": 2160,
      "caption_info": [
        "황영희보쌈(화곡동)",
        "보쌈, 배추, 전, 김치, 숟가락, 젓가락"
      ]
    }
  ],
  "annotations": [
    {
      "image_id": 0,
      "question": [
        {
          "question_id": 0,
          "question_type": "정보",
          "question": "영업시간을 알 수 있나요?",
          "question_wordNum": 4,
          "answer": "11:30~23:00",
          "answer_wordNum": 1,
          "fact": [
            "황영희보쌈,영업시간,11:30~23:00"
          ]
        },
        {
          "question_id": 1,
          "question_type": "정보",
          "question": "대표 메뉴가 무엇인가요?",
          "question_wordNum": 3,
          "answer": "보쌈, 마늘보쌈",
          "answer_wordNum": 2,
          "fact": [
            "황영희보쌈,메뉴,보쌈, 마늘보쌈"
          ]
        },
        {
          "question_id": 2,
          "question_type": "탐색",
          "question": "주차시설이 있는지 알 수 있나요?",
          "question_wordNum": 5,
          "answer": "있음",
          "answer_wordNum": 1,
          "fact": [
            "황영희보쌈,주차시설,있음"
          ]
        },
        {
          "question_id": 3,
          "question_type": "정보",
          "question": "이 곳의 주소를 알 수 있나요?",
          "question_wordNum": 6,
          "answer": "서울 강서구 화곡로 305 강서크라운팰리스 1층 107호 황영희보쌈",
          "answer_wordNum": 8,
          "fact": [
            "황영희보쌈,주소,서울 강서구 화곡로 305 강서크라운팰리스 1층 107호 황영희보쌈"
          ]
        }
      ]
    },
    {
      "image_id": 1,
      "question": [
        {
          "question_id": 0,
          "question_type": "정보",
          "question": "영업시간을 알 수 있나요?",
          "question_wordNum": 4,
          "answer": "11:30~23:00",
          "answer_wordNum": 1,
          "fact": [
            "황영희보쌈,영업시간,11:30~23:00"
          ]
        },
        {
          "question_id": 1,
          "question_type": "정보",
          "question": "휴무일을 알 수 있나요?",
          "question_wordNum": 4,
          "answer": "없음",
          "answer_wordNum": 1,
          "fact": [
            "황영희보쌈,휴무일,없음"
          ]
        },
        {
          "question_id": 2,
          "question_type": "정보",
          "question": "이 곳의 메뉴를 알 수 있나요?",
          "question_wordNum": 6,
          "answer": "보쌈, 마늘보쌈",
          "answer_wordNum": 2,
          "fact": [
            "황영희보쌈,메뉴,보쌈, 마늘보쌈"
          ]
        },
        {
          "question_id": 3,
          "question_type": "탐색",
          "question": "주차시설이 있는지 알 수 있나요?",
          "question_wordNum": 5,
          "answer": "있음",
          "answer_wordNum": 1,
          "fact": [
            "황영희보쌈,주차시설,있음"
          ]
        }
      ]
    },
    {
      "image_id": 2,
      "question": [
        {
          "question_id": 0,
          "question_type": "관계",
          "question": "이 곳에 인접한 시설이 있나요?",
          "question_wordNum": 5,
          "answer": "강서구청, 하이마일즈, 우리은행",
          "answer_wordNum": 3,
          "fact": [
            "황영희보쌈,인접,강서구청, 하이마일즈, 우리은행"
          ]
        },
        {
          "question_id": 1,
          "question_type": "정보",
          "question": "휴무일을 알 수 있나요?",
          "question_wordNum": 4,
          "answer": "없음",
          "answer_wordNum": 1,
          "fact": [
            "황영희보쌈,휴무일,없음"
          ]
        },
        {
          "question_id": 2,
          "question_type": "정보",
          "question": "영업시간을 알 수 있나요?",
          "question_wordNum": 4,
          "answer": "11:30~23:00",
          "answer_wordNum": 1,
          "fact": [
            "황영희보쌈,영업시간,11:30~23:00"
          ]
        },
        {
          "question_id": 3,
          "question_type": "탐색",
          "question": "주차시설이 있나요?",
          "question_wordNum": 2,
          "answer": "있음",
          "answer_wordNum": 1,
          "fact": [
            "황영희보쌈,주차시설,있음"
          ]
        }
      ]
    },
    {
      "image_id": 3,
      "question": [
        {
          "question_id": 0,
          "question_type": "정보",
          "question": "이 곳의 메뉴를 알 수 있나요?",
          "question_wordNum": 6,
          "answer": "보쌈, 마늘보쌈",
          "answer_wordNum": 2,
          "fact": [
            "황영희보쌈,메뉴,보쌈, 마늘보쌈"
          ]
        },
        {
          "question_id": 1,
          "question_type": "정보",
          "question": "연락처가 어떻게 되나요?",
          "question_wordNum": 3,
          "answer": "0507-1371-3445",
          "answer_wordNum": 1,
          "fact": [
            "황영희보쌈,연락처,0507-1371-3445"
          ]
        },
        {
          "question_id": 2,
          "question_type": "정보",
          "question": "영업시간은 어떻게 되나요?",
          "question_wordNum": 3,
          "answer": "11:30~23:00",
          "answer_wordNum": 1,
          "fact": [
            "황영희보쌈,영업시간,11:30~23:00"
          ]
        },
        {
          "question_id": 3,
          "question_type": "관계",
          "question": "이 곳에 인접한 시설이 있나요?",
          "question_wordNum": 5,
          "answer": "강서구청, 하이마일즈, 우리은행",
          "answer_wordNum": 3,
          "fact": [
            "황영희보쌈,인접,강서구청, 하이마일즈, 우리은행"
          ]
        }
      ]
    },
    {
      "image_id": 4,
      "question": [
        {
          "question_id": 0,
          "question_type": "탐색",
          "question": "주차시설이 있나요?",
          "question_wordNum": 2,
          "answer": "있음",
          "answer_wordNum": 1,
          "fact": [
            "황영희보쌈,주차시설,있음"
          ]
        },
        {
          "question_id": 1,
          "question_type": "정보",
          "question": "이 곳의 주소는 어떻게 되나요?",
          "question_wordNum": 5,
          "answer": "서울 강서구 화곡로 305 강서크라운팰리스 1층 107호 황영희보쌈",
          "answer_wordNum": 8,
          "fact": [
            "황영희보쌈,주소,서울 강서구 화곡로 305 강서크라운팰리스 1층 107호 황영희보쌈"
          ]
        },
        {
          "question_id": 2,
          "question_type": "정보",
          "question": "영업시간은 어떻게 되나요?",
          "question_wordNum": 3,
          "answer": "11:30~23:00",
          "answer_wordNum": 1,
          "fact": [
            "황영희보쌈,영업시간,11:30~23:00"
          ]
        },
        {
          "question_id": 3,
          "question_type": "정보",
          "question": "연락처가 어떻게 되나요?",
          "question_wordNum": 3,
          "answer": "0507-1371-3445",
          "answer_wordNum": 1,
          "fact": [
            "황영희보쌈,연락처,0507-1371-3445"
          ]
        }
      ]
    }
  ]
}