{
  "data": {
    "dataset": "2-083-219",
    "POI_id": "561374",
    "travelType": "음식점",
    "place": "누구나홀딱반한닭 강서자이점",
    "area": "서울"
  },
  "imageInfo": [
    {
      "image_id": 0,
      "filename": "561374_0_su_5_누구나홀딱반한닭 강서자이점_1_001.png",
      "mapx": 0,
      "mapy": 0,
      "width": 3840,
      "height": 2160,
      "caption_info": [
        "누구나홀딱반한닭 강서자이점(가양동)",
        "간판"
      ]
    },
    {
      "image_id": 1,
      "filename": "561374_0_su_5_누구나홀딱반한닭 강서자이점_1_002.png",
      "mapx": 0,
      "mapy": 0,
      "width": 3840,
      "height": 2160,
      "caption_info": [
        "누구나홀딱반한닭 강서자이점(가양동)",
        "건물, 간판"
      ]
    },
    {
      "image_id": 2,
      "filename": "561374_0_su_5_누구나홀딱반한닭 강서자이점_1_003.png",
      "mapx": 0,
      "mapy": 0,
      "width": 3840,
      "height": 2160,
      "caption_info": [
        "누구나홀딱반한닭 강서자이점(가양동)",
        "테이블"
      ]
    },
    {
      "image_id": 3,
      "filename": "561374_0_su_5_누구나홀딱반한닭 강서자이점_1_004.png",
      "mapx": 0,
      "mapy": 0,
      "width": 3840,
      "height": 2160,
      "caption_info": [
        "누구나홀딱반한닭 강서자이점(가양동)",
        "메뉴판"
      ]
    },
    {
      "image_id": 4,
      "filename": "561374_0_su_5_누구나홀딱반한닭 강서자이점_1_005.png",
      "mapx": 0,
      "mapy": 0,
      "width": 3840,
      "height": 2160,
      "caption_info": [
        "누구나홀딱반한닭 강서자이점(가양동)",
        "치킨, 감자튀김"
      ]
    }
  ],
  "annotations": [
    {
      "image_id": 0,
      "question": [
        {
          "question_id": 0,
          "question_type": "정보",
          "question": "연락처가 어떻게 되나요?",
          "question_wordNum": 3,
          "answer": "0507-1409-5088",
          "answer_wordNum": 1,
          "fact": [
            "누구나홀딱반한닭 강서자이점,연락처,0507-1409-5088"
          ]
        },
        {
          "question_id": 1,
          "question_type": "관계",
          "question": "이 곳에 인접한 시설이 있나요?",
          "question_wordNum": 5,
          "answer": "양천향교역 4번 출구, 올래김밥, 카페게이트",
          "answer_wordNum": 5,
          "fact": [
            "누구나홀딱반한닭 강서자이점,인접,양천향교역 4번 출구, 올래김밥, 카페게이트"
          ]
        },
        {
          "question_id": 2,
          "question_type": "탐색",
          "question": "주차시설이 있나요?",
          "question_wordNum": 2,
          "answer": "있음",
          "answer_wordNum": 1,
          "fact": [
            "누구나홀딱반한닭 강서자이점,주차시설,있음"
          ]
        },
        {
          "question_id": 3,
          "question_type": "정보",
          "question": "이 곳의 주소는 어떻게 되나요?",
          "question_wordNum": 5,
          "answer": "서울 강서구 가양동 52-7",
          "answer_wordNum": 4,
          "fact": [
            "누구나홀딱반한닭 강서자이점,주소,서울 강서구 가양동 52-7"
          ]
        }
      ]
    },
    {
      "image_id": 1,
      "question": [
        {
          "question_id": 0,
          "question_type": "정보",
          "question": "이 곳의 대표적인 메뉴는 무엇이 있나요?",
          "question_wordNum": 6,
          "answer": "촉촉칸 치빵파티, 촉촉칸닭",
          "answer_wordNum": 3,
          "fact": [
            "누구나홀딱반한닭 강서자이점,메뉴,촉촉칸 치빵파티, 촉촉칸닭"
          ]
        },
        {
          "question_id": 1,
          "question_type": "정보",
          "question": "휴무일은 어떻게 되나요?",
          "question_wordNum": 3,
          "answer": "매주 일요일",
          "answer_wordNum": 2,
          "fact": [
            "누구나홀딱반한닭 강서자이점,휴무일,매주 일요일"
          ]
        },
        {
          "question_id": 2,
          "question_type": "관계",
          "question": "이 곳에 인접한 시설이 있나요?",
          "question_wordNum": 5,
          "answer": "양천향교역 4번 출구, 올래김밥, 카페게이트",
          "answer_wordNum": 5,
          "fact": [
            "누구나홀딱반한닭 강서자이점,인접,양천향교역 4번 출구, 올래김밥, 카페게이트"
          ]
        },
        {
          "question_id": 3,
          "question_type": "정보",
          "question": "이 곳의 주소는 어떻게 되나요?",
          "question_wordNum": 5,
          "answer": "서울 강서구 가양동 52-7",
          "answer_wordNum": 4,
          "fact": [
            "누구나홀딱반한닭 강서자이점,주소,서울 강서구 가양동 52-7"
          ]
        }
      ]
    },
    {
      "image_id": 2,
      "question": [
        {
          "question_id": 0,
          "question_type": "정보",
          "question": "영업시간은 어떻게 되나요?",
          "question_wordNum": 3,
          "answer": "17:00~24:00",
          "answer_wordNum": 1,
          "fact": [
            "누구나홀딱반한닭 강서자이점,영업시간,17:00~24:00"
          ]
        },
        {
          "question_id": 1,
          "question_type": "정보",
          "question": "이 곳의 주소는 어떻게 되나요?",
          "question_wordNum": 5,
          "answer": "서울 강서구 가양동 52-7",
          "answer_wordNum": 4,
          "fact": [
            "누구나홀딱반한닭 강서자이점,주소,서울 강서구 가양동 52-7"
          ]
        },
        {
          "question_id": 2,
          "question_type": "탐색",
          "question": "주차시설이 있나요?",
          "question_wordNum": 2,
          "answer": "있음",
          "answer_wordNum": 1,
          "fact": [
            "누구나홀딱반한닭 강서자이점,주차시설,있음"
          ]
        },
        {
          "question_id": 3,
          "question_type": "정보",
          "question": "연락처가 어떻게 되나요?",
          "question_wordNum": 3,
          "answer": "0507-1409-5088",
          "answer_wordNum": 1,
          "fact": [
            "누구나홀딱반한닭 강서자이점,연락처,0507-1409-5088"
          ]
        }
      ]
    },
    {
      "image_id": 3,
      "question": [
        {
          "question_id": 0,
          "question_type": "정보",
          "question": "휴무일은 어떻게 되나요?",
          "question_wordNum": 3,
          "answer": "매주 일요일",
          "answer_wordNum": 2,
          "fact": [
            "누구나홀딱반한닭 강서자이점,휴무일,매주 일요일"
          ]
        },
        {
          "question_id": 1,
          "question_type": "정보",
          "question": "영업시간은 어떻게 되나요?",
          "question_wordNum": 3,
          "answer": "17:00~24:00",
          "answer_wordNum": 1,
          "fact": [
            "누구나홀딱반한닭 강서자이점,영업시간,17:00~24:00"
          ]
        },
        {
          "question_id": 2,
          "question_type": "정보",
          "question": "이 곳의 대표적인 메뉴는 무엇이 있나요?",
          "question_wordNum": 6,
          "answer": "촉촉칸 치빵파티, 촉촉칸닭",
          "answer_wordNum": 3,
          "fact": [
            "누구나홀딱반한닭 강서자이점,메뉴,촉촉칸 치빵파티, 촉촉칸닭"
          ]
        },
        {
          "question_id": 3,
          "question_type": "정보",
          "question": "이 곳은 무엇을 전문으로 하나요?",
          "question_wordNum": 5,
          "answer": "쌈닭",
          "answer_wordNum": 1,
          "fact": [
            "누구나홀딱반한닭 강서자이점,전문,쌈닭"
          ]
        }
      ]
    },
    {
      "image_id": 4,
      "question": [
        {
          "question_id": 0,
          "question_type": "정보",
          "question": "휴무일은 어떻게 되나요?",
          "question_wordNum": 3,
          "answer": "매주 일요일",
          "answer_wordNum": 2,
          "fact": [
            "누구나홀딱반한닭 강서자이점,휴무일,매주 일요일"
          ]
        },
        {
          "question_id": 1,
          "question_type": "정보",
          "question": "연락처가 어떻게 되나요?",
          "question_wordNum": 3,
          "answer": "0507-1409-5088",
          "answer_wordNum": 1,
          "fact": [
            "누구나홀딱반한닭 강서자이점,연락처,0507-1409-5088"
          ]
        },
        {
          "question_id": 2,
          "question_type": "탐색",
          "question": "주차시설이 있나요?",
          "question_wordNum": 2,
          "answer": "있음",
          "answer_wordNum": 1,
          "fact": [
            "누구나홀딱반한닭 강서자이점,주차시설,있음"
          ]
        },
        {
          "question_id": 3,
          "question_type": "관계",
          "question": "이 곳에 인접한 시설이 있나요?",
          "question_wordNum": 5,
          "answer": "양천향교역 4번 출구, 올래김밥, 카페게이트",
          "answer_wordNum": 5,
          "fact": [
            "누구나홀딱반한닭 강서자이점,인접,양천향교역 4번 출구, 올래김밥, 카페게이트"
          ]
        }
      ]
    }
  ]
}