{
  "data": {
    "dataset": "2-083-219",
    "POI_id": "561732",
    "travelType": "음식점",
    "place": "김가네김밥 우장산역점",
    "area": "서울"
  },
  "imageInfo": [
    {
      "image_id": 0,
      "filename": "561732_0_su_5_김가네김밥 우장산역점_1_001.png",
      "mapx": 37.5499605952374,
      "mapy": 126.835973411049,
      "width": 3840,
      "height": 2160,
      "caption_info": [
        "김가네김밥 우장산역점(강서구)",
        "간판"
      ]
    },
    {
      "image_id": 1,
      "filename": "561732_0_su_5_김가네김밥 우장산역점_1_002.png",
      "mapx": 37.5499605952374,
      "mapy": 126.835973411049,
      "width": 3840,
      "height": 2160,
      "caption_info": [
        "김가네김밥 우장산역점(강서구)",
        "간판"
      ]
    },
    {
      "image_id": 2,
      "filename": "561732_0_su_5_김가네김밥 우장산역점_1_003.png",
      "mapx": 37.5499605952374,
      "mapy": 126.835973411049,
      "width": 3840,
      "height": 2160,
      "caption_info": [
        "김가네김밥 우장산역점(강서구)",
        "등받이 의자"
      ]
    },
    {
      "image_id": 3,
      "filename": "561732_0_su_5_김가네김밥 우장산역점_1_004.png",
      "mapx": 37.5499605952374,
      "mapy": 126.835973411049,
      "width": 3840,
      "height": 2160,
      "caption_info": [
        "김가네김밥 우장산역점(강서구)",
        "메뉴판 "
      ]
    },
    {
      "image_id": 4,
      "filename": "561732_0_su_5_김가네김밥 우장산역점_1_005.png",
      "mapx": 37.5499605952374,
      "mapy": 126.835973411049,
      "width": 3840,
      "height": 2160,
      "caption_info": [
        "김가네김밥 우장산역점(강서구)",
        "덮밥"
      ]
    }
  ],
  "annotations": [
    {
      "image_id": 0,
      "question": [
        {
          "question_id": 0,
          "question_type": "정보",
          "question": "휴무일은 어떻게 되나요?",
          "question_wordNum": 3,
          "answer": "없음",
          "answer_wordNum": 1,
          "fact": [
            "김가네김밥 우장산역점,휴무일,없음"
          ]
        },
        {
          "question_id": 1,
          "question_type": "정보",
          "question": "이 곳의 주소를 알 수 있나요?",
          "question_wordNum": 6,
          "answer": "서울 강서구 강서로 271",
          "answer_wordNum": 4,
          "fact": [
            "김가네김밥 우장산역점,주소,서울 강서구 강서로 271"
          ]
        },
        {
          "question_id": 2,
          "question_type": "정보",
          "question": "대표 메뉴가 무엇인가요?",
          "question_wordNum": 3,
          "answer": "참치마요 김밥, 유부우동",
          "answer_wordNum": 3,
          "fact": [
            "김가네김밥 우장산역점,메뉴,참치마요 김밥, 유부우동"
          ]
        },
        {
          "question_id": 3,
          "question_type": "정보",
          "question": "연락처를 알 수 있나요?",
          "question_wordNum": 4,
          "answer": "02-6953-0087",
          "answer_wordNum": 1,
          "fact": [
            "김가네김밥 우장산역점,연락처,02-6953-0087"
          ]
        }
      ]
    },
    {
      "image_id": 1,
      "question": [
        {
          "question_id": 0,
          "question_type": "정보",
          "question": "연락처를 알 수 있나요?",
          "question_wordNum": 4,
          "answer": "02-6953-0087",
          "answer_wordNum": 1,
          "fact": [
            "김가네김밥 우장산역점,연락처,02-6953-0087"
          ]
        },
        {
          "question_id": 1,
          "question_type": "탐색",
          "question": "주차시설이 있나요?",
          "question_wordNum": 2,
          "answer": "있음",
          "answer_wordNum": 1,
          "fact": [
            "김가네김밥 우장산역점,주차시설,있음"
          ]
        },
        {
          "question_id": 2,
          "question_type": "정보",
          "question": "휴무일은 어떻게 되나요?",
          "question_wordNum": 3,
          "answer": "없음",
          "answer_wordNum": 1,
          "fact": [
            "김가네김밥 우장산역점,휴무일,없음"
          ]
        },
        {
          "question_id": 3,
          "question_type": "관계",
          "question": "이 곳에 인접한 시설이 있나요?",
          "question_wordNum": 5,
          "answer": "우장산역 4번 출구, 맘스터치, 우리은행",
          "answer_wordNum": 5,
          "fact": [
            "김가네김밥 우장산역점,인접,우장산역 4번 출구, 맘스터치, 우리은행"
          ]
        }
      ]
    },
    {
      "image_id": 2,
      "question": [
        {
          "question_id": 0,
          "question_type": "관계",
          "question": "이 곳에 인접한 시설을 알 수 있나요?",
          "question_wordNum": 7,
          "answer": "우장산역 4번 출구, 맘스터치, 우리은행",
          "answer_wordNum": 5,
          "fact": [
            "김가네김밥 우장산역점,인접,우장산역 4번 출구, 맘스터치, 우리은행"
          ]
        },
        {
          "question_id": 1,
          "question_type": "탐색",
          "question": "주차시설이 있는지 알 수 있나요?",
          "question_wordNum": 5,
          "answer": "있음",
          "answer_wordNum": 1,
          "fact": [
            "김가네김밥 우장산역점,주차시설,있음"
          ]
        },
        {
          "question_id": 2,
          "question_type": "정보",
          "question": "이 곳의 주소는 어떻게 되나요?",
          "question_wordNum": 5,
          "answer": "서울 강서구 강서로 271",
          "answer_wordNum": 4,
          "fact": [
            "김가네김밥 우장산역점,주소,서울 강서구 강서로 271"
          ]
        },
        {
          "question_id": 3,
          "question_type": "정보",
          "question": "영업시간을 알 수 있나요?",
          "question_wordNum": 4,
          "answer": "09:00 - 21:00",
          "answer_wordNum": 3,
          "fact": [
            "김가네김밥 우장산역점,영업시간,09:00 - 21:00"
          ]
        }
      ]
    },
    {
      "image_id": 3,
      "question": [
        {
          "question_id": 0,
          "question_type": "관계",
          "question": "이 곳에 인접한 시설이 있나요?",
          "question_wordNum": 5,
          "answer": "우장산역 4번 출구, 맘스터치, 우리은행",
          "answer_wordNum": 5,
          "fact": [
            "김가네김밥 우장산역점,인접,우장산역 4번 출구, 맘스터치, 우리은행"
          ]
        },
        {
          "question_id": 1,
          "question_type": "정보",
          "question": "연락처가 어떻게 되나요?",
          "question_wordNum": 3,
          "answer": "02-6953-0087",
          "answer_wordNum": 1,
          "fact": [
            "김가네김밥 우장산역점,연락처,02-6953-0087"
          ]
        },
        {
          "question_id": 2,
          "question_type": "탐색",
          "question": "주차시설이 있나요?",
          "question_wordNum": 2,
          "answer": "있음",
          "answer_wordNum": 1,
          "fact": [
            "김가네김밥 우장산역점,주차시설,있음"
          ]
        },
        {
          "question_id": 3,
          "question_type": "정보",
          "question": "대표 메뉴가 무엇인가요?",
          "question_wordNum": 3,
          "answer": "참치마요 김밥, 유부우동",
          "answer_wordNum": 3,
          "fact": [
            "김가네김밥 우장산역점,메뉴,참치마요 김밥, 유부우동"
          ]
        }
      ]
    },
    {
      "image_id": 4,
      "question": [
        {
          "question_id": 0,
          "question_type": "정보",
          "question": "이 곳의 주소는 어떻게 되나요?",
          "question_wordNum": 5,
          "answer": "서울 강서구 강서로 271",
          "answer_wordNum": 4,
          "fact": [
            "김가네김밥 우장산역점,주소,서울 강서구 강서로 271"
          ]
        },
        {
          "question_id": 1,
          "question_type": "정보",
          "question": "휴무일은 어떻게 되나요?",
          "question_wordNum": 3,
          "answer": "없음",
          "answer_wordNum": 1,
          "fact": [
            "김가네김밥 우장산역점,휴무일,없음"
          ]
        },
        {
          "question_id": 2,
          "question_type": "정보",
          "question": "영업시간은 어떻게 되나요?",
          "question_wordNum": 3,
          "answer": "09:00 - 21:00",
          "answer_wordNum": 3,
          "fact": [
            "김가네김밥 우장산역점,영업시간,09:00 - 21:00"
          ]
        },
        {
          "question_id": 3,
          "question_type": "정보",
          "question": "이 곳의 메뉴를 알 수 있나요?",
          "question_wordNum": 6,
          "answer": "참치마요 김밥, 유부우동",
          "answer_wordNum": 3,
          "fact": [
            "김가네김밥 우장산역점,메뉴,참치마요 김밥, 유부우동"
          ]
        }
      ]
    }
  ]
}