{
  "data": {
    "dataset": "2-083-219",
    "POI_id": "561408",
    "travelType": "음식점",
    "place": "여우애 김밥 가양점",
    "area": "서울"
  },
  "imageInfo": [
    {
      "image_id": 0,
      "filename": "561408_0_su_5_여우애 김밥 가양점_1_001.png",
      "mapx": 37.5657514272168,
      "mapy": 126.845571502692,
      "width": 3840,
      "height": 2160,
      "caption_info": [
        "여우애 김밥 가양점(가양동)",
        "여닫이문, 등받이의자"
      ]
    },
    {
      "image_id": 1,
      "filename": "561408_0_su_5_여우애 김밥 가양점_1_002.png",
      "mapx": 37.5657514272168,
      "mapy": 126.845571502692,
      "width": 3840,
      "height": 2160,
      "caption_info": [
        "여우애 김밥 가양점(가양동)",
        "간판, 여닫이문"
      ]
    },
    {
      "image_id": 2,
      "filename": "561408_0_su_5_여우애 김밥 가양점_1_003.png",
      "mapx": 37.5657514272168,
      "mapy": 126.845571502692,
      "width": 3840,
      "height": 2160,
      "caption_info": [
        "여우애 김밥 가양점(가양동)",
        "테이블, 등받이의자, 냉장고"
      ]
    },
    {
      "image_id": 3,
      "filename": "561408_0_su_5_여우애 김밥 가양점_1_004.png",
      "mapx": 37.5657514272168,
      "mapy": 126.845571502692,
      "width": 3840,
      "height": 2160,
      "caption_info": [
        "여우애 김밥 가양점(가양동)",
        "메뉴판"
      ]
    },
    {
      "image_id": 4,
      "filename": "561408_0_su_5_여우애 김밥 가양점_1_005.png",
      "mapx": 37.5657514272168,
      "mapy": 126.845571502692,
      "width": 3840,
      "height": 2160,
      "caption_info": [
        "여우애 김밥 가양점(가양동)",
        "김밥"
      ]
    }
  ],
  "annotations": [
    {
      "image_id": 0,
      "question": [
        {
          "question_id": 0,
          "question_type": "정보",
          "question": "휴무일이 있나요?",
          "question_wordNum": 2,
          "answer": "없음",
          "answer_wordNum": 1,
          "fact": [
            "여우애 김밥 가양점,휴무일,없음"
          ]
        },
        {
          "question_id": 1,
          "question_type": "정보",
          "question": "이 곳의 주소를 알 수 있나요?",
          "question_wordNum": 6,
          "answer": "서울 강서구 양천로 396 호성스카이 105호",
          "answer_wordNum": 6,
          "fact": [
            "여우애 김밥 가양점,주소,서울 강서구 양천로 396 호성스카이 105호"
          ]
        },
        {
          "question_id": 2,
          "question_type": "탐색",
          "question": "주차시설이 있나요?",
          "question_wordNum": 2,
          "answer": "있음",
          "answer_wordNum": 1,
          "fact": [
            "여우애 김밥 가양점,주차시설,있음"
          ]
        },
        {
          "question_id": 3,
          "question_type": "정보",
          "question": "이 곳에 인접한 시설이 있나요?",
          "question_wordNum": 5,
          "answer": "양천향교역 5번 출구, 바빈스커피, 봄날 까페",
          "answer_wordNum": 6,
          "fact": [
            "여우애 김밥 가양점,인접,양천향교역 5번 출구, 바빈스커피, 봄날 까페"
          ]
        }
      ]
    },
    {
      "image_id": 1,
      "question": [
        {
          "question_id": 0,
          "question_type": "정보",
          "question": "영업시간을 알 수 있나요?",
          "question_wordNum": 4,
          "answer": "09:00 - 20:00",
          "answer_wordNum": 3,
          "fact": [
            "여우애 김밥 가양점,영업시간,09:00 - 20:00"
          ]
        },
        {
          "question_id": 1,
          "question_type": "탐색",
          "question": "주차시설이 있나요?",
          "question_wordNum": 2,
          "answer": "있음",
          "answer_wordNum": 1,
          "fact": [
            "여우애 김밥 가양점,주차시설,있음"
          ]
        },
        {
          "question_id": 2,
          "question_type": "정보",
          "question": "이 곳의 대표적인 메뉴는 무엇이 있나요?",
          "question_wordNum": 6,
          "answer": "여우김밥, 키토김밥",
          "answer_wordNum": 2,
          "fact": [
            "여우애 김밥 가양점,메뉴,여우김밥, 키토김밥"
          ]
        },
        {
          "question_id": 3,
          "question_type": "정보",
          "question": "이 곳에 인접한 시설이 있나요?",
          "question_wordNum": 5,
          "answer": "양천향교역 5번 출구, 바빈스커피, 봄날 까페",
          "answer_wordNum": 6,
          "fact": [
            "여우애 김밥 가양점,인접,양천향교역 5번 출구, 바빈스커피, 봄날 까페"
          ]
        }
      ]
    },
    {
      "image_id": 2,
      "question": [
        {
          "question_id": 0,
          "question_type": "탐색",
          "question": "주차시설이 있나요?",
          "question_wordNum": 2,
          "answer": "있음",
          "answer_wordNum": 1,
          "fact": [
            "여우애 김밥 가양점,주차시설,있음"
          ]
        },
        {
          "question_id": 1,
          "question_type": "정보",
          "question": "이 곳의 주요 메뉴를 알 수 있나요?",
          "question_wordNum": 7,
          "answer": "여우김밥, 키토김밥",
          "answer_wordNum": 2,
          "fact": [
            "여우애 김밥 가양점,메뉴,여우김밥, 키토김밥"
          ]
        },
        {
          "question_id": 2,
          "question_type": "정보",
          "question": "휴무일은 어떻게 되나요?",
          "question_wordNum": 3,
          "answer": "없음",
          "answer_wordNum": 1,
          "fact": [
            "여우애 김밥 가양점,휴무일,없음"
          ]
        },
        {
          "question_id": 3,
          "question_type": "정보",
          "question": "이 곳에 인접한 시설이 있나요?",
          "question_wordNum": 5,
          "answer": "양천향교역 5번 출구, 바빈스커피, 봄날 까페",
          "answer_wordNum": 6,
          "fact": [
            "여우애 김밥 가양점,인접,양천향교역 5번 출구, 바빈스커피, 봄날 까페"
          ]
        }
      ]
    },
    {
      "image_id": 3,
      "question": [
        {
          "question_id": 0,
          "question_type": "정보",
          "question": "휴무일은 어떻게 되나요?",
          "question_wordNum": 3,
          "answer": "없음",
          "answer_wordNum": 1,
          "fact": [
            "여우애 김밥 가양점,휴무일,없음"
          ]
        },
        {
          "question_id": 1,
          "question_type": "정보",
          "question": "연락처를 알 수 있나요?",
          "question_wordNum": 4,
          "answer": "02-3663-0997",
          "answer_wordNum": 1,
          "fact": [
            "여우애 김밥 가양점,연락처,02-3663-0997"
          ]
        },
        {
          "question_id": 2,
          "question_type": "정보",
          "question": "이 곳의 주소를 알 수 있나요?",
          "question_wordNum": 6,
          "answer": "서울 강서구 양천로 396 호성스카이 105호",
          "answer_wordNum": 6,
          "fact": [
            "여우애 김밥 가양점,주소,서울 강서구 양천로 396 호성스카이 105호"
          ]
        },
        {
          "question_id": 3,
          "question_type": "정보",
          "question": "이 곳에 인접한 시설이 있나요?",
          "question_wordNum": 5,
          "answer": "양천향교역 5번 출구, 바빈스커피, 봄날 까페",
          "answer_wordNum": 6,
          "fact": [
            "여우애 김밥 가양점,인접,양천향교역 5번 출구, 바빈스커피, 봄날 까페"
          ]
        }
      ]
    },
    {
      "image_id": 4,
      "question": [
        {
          "question_id": 0,
          "question_type": "정보",
          "question": "영업시간은 어떻게 되나요?",
          "question_wordNum": 3,
          "answer": "09:00 - 20:00",
          "answer_wordNum": 3,
          "fact": [
            "여우애 김밥 가양점,영업시간,09:00 - 20:00"
          ]
        },
        {
          "question_id": 1,
          "question_type": "정보",
          "question": "이 곳의 주소는 어떻게 되나요?",
          "question_wordNum": 5,
          "answer": "서울 강서구 양천로 396 호성스카이 105호",
          "answer_wordNum": 6,
          "fact": [
            "여우애 김밥 가양점,주소,서울 강서구 양천로 396 호성스카이 105호"
          ]
        },
        {
          "question_id": 2,
          "question_type": "탐색",
          "question": "주차시설이 있나요?",
          "question_wordNum": 2,
          "answer": "있음",
          "answer_wordNum": 1,
          "fact": [
            "여우애 김밥 가양점,주차시설,있음"
          ]
        },
        {
          "question_id": 3,
          "question_type": "정보",
          "question": "이 곳에 인접한 시설이 있나요?",
          "question_wordNum": 5,
          "answer": "양천향교역 5번 출구, 바빈스커피, 봄날 까페",
          "answer_wordNum": 6,
          "fact": [
            "여우애 김밥 가양점,인접,양천향교역 5번 출구, 바빈스커피, 봄날 까페"
          ]
        }
      ]
    }
  ]
}