{
  "data": {
    "dataset": "2-083-219",
    "POI_id": "561833",
    "travelType": "음식점",
    "place": "라피노 야채치킨 ",
    "area": "서울"
  },
  "imageInfo": [
    {
      "image_id": 0,
      "filename": "561833_0_su_5_라피노 야채치킨 _1_001.png",
      "mapx": 37.5605741500592,
      "mapy": 126.812373643926,
      "width": 3840,
      "height": 2160,
      "caption_info": [
        "라피노 야채치킨 (강서구)",
        "간판"
      ]
    },
    {
      "image_id": 1,
      "filename": "561833_0_su_5_라피노 야채치킨 _1_002.png",
      "mapx": 37.5605741500592,
      "mapy": 126.812373643926,
      "width": 3840,
      "height": 2160,
      "caption_info": [
        "라피노 야채치킨 (강서구)",
        "간판"
      ]
    },
    {
      "image_id": 2,
      "filename": "561833_0_su_5_라피노 야채치킨 _1_003.png",
      "mapx": 37.5605741500592,
      "mapy": 126.812373643926,
      "width": 3840,
      "height": 2160,
      "caption_info": [
        "라피노 야채치킨 (강서구)",
        "사각 테이블"
      ]
    },
    {
      "image_id": 3,
      "filename": "561833_0_su_5_라피노 야채치킨 _1_004.png",
      "mapx": 37.5605741500592,
      "mapy": 126.812373643926,
      "width": 3840,
      "height": 2160,
      "caption_info": [
        "라피노 야채치킨 (강서구)",
        "메뉴판 "
      ]
    },
    {
      "image_id": 4,
      "filename": "561833_0_su_5_라피노 야채치킨 _1_005.png",
      "mapx": 37.5605741500592,
      "mapy": 126.812373643926,
      "width": 3840,
      "height": 2160,
      "caption_info": [
        "라피노 야채치킨 (강서구)",
        "치킨 "
      ]
    }
  ],
  "annotations": [
    {
      "image_id": 0,
      "question": [
        {
          "question_id": 0,
          "question_type": "정보",
          "question": "이 곳의 메뉴를 알 수 있나요?",
          "question_wordNum": 6,
          "answer": "야채치킨, 매운야채치킨",
          "answer_wordNum": 2,
          "fact": [
            "라피노 야채치킨,메뉴,야채치킨, 매운야채치킨"
          ]
        },
        {
          "question_id": 1,
          "question_type": "정보",
          "question": "이 곳의 주소를 알 수 있나요?",
          "question_wordNum": 6,
          "answer": "서울 강서구 공항대로8길 11",
          "answer_wordNum": 4,
          "fact": [
            "라피노 야채치킨,주소,서울 강서구 공항대로8길 11"
          ]
        },
        {
          "question_id": 2,
          "question_type": "정보",
          "question": "영업시간은 어떻게 되나요?",
          "question_wordNum": 3,
          "answer": "12:00~24:00",
          "answer_wordNum": 1,
          "fact": [
            "라피노 야채치킨,영업시간,12:00~24:00"
          ]
        },
        {
          "question_id": 3,
          "question_type": "정보",
          "question": "휴무일을 알 수 있나요?",
          "question_wordNum": 4,
          "answer": "매주 일요일",
          "answer_wordNum": 2,
          "fact": [
            "라피노 야채치킨,휴무일,매주 일요일"
          ]
        }
      ]
    },
    {
      "image_id": 1,
      "question": [
        {
          "question_id": 0,
          "question_type": "탐색",
          "question": "주차시설이 있는지 알 수 있나요?",
          "question_wordNum": 5,
          "answer": "있음",
          "answer_wordNum": 1,
          "fact": [
            "라피노 야채치킨,주차시설,있음"
          ]
        },
        {
          "question_id": 1,
          "question_type": "정보",
          "question": "연락처가 어떻게 되나요?",
          "question_wordNum": 3,
          "answer": "02-2664-0868",
          "answer_wordNum": 1,
          "fact": [
            "라피노 야채치킨,연락처,02-2664-0868"
          ]
        },
        {
          "question_id": 2,
          "question_type": "정보",
          "question": "대표 메뉴가 무엇인가요?",
          "question_wordNum": 3,
          "answer": "야채치킨, 매운야채치킨",
          "answer_wordNum": 2,
          "fact": [
            "라피노 야채치킨,메뉴,야채치킨, 매운야채치킨"
          ]
        },
        {
          "question_id": 3,
          "question_type": "정보",
          "question": "휴무일은 어떻게 되나요?",
          "question_wordNum": 3,
          "answer": "매주 일요일",
          "answer_wordNum": 2,
          "fact": [
            "라피노 야채치킨,휴무일,매주 일요일"
          ]
        }
      ]
    },
    {
      "image_id": 2,
      "question": [
        {
          "question_id": 0,
          "question_type": "정보",
          "question": "이 곳의 주소를 알 수 있나요?",
          "question_wordNum": 6,
          "answer": "서울 강서구 공항대로8길 11",
          "answer_wordNum": 4,
          "fact": [
            "라피노 야채치킨,주소,서울 강서구 공항대로8길 11"
          ]
        },
        {
          "question_id": 1,
          "question_type": "정보",
          "question": "영업시간은 어떻게 되나요?",
          "question_wordNum": 3,
          "answer": "12:00~24:00",
          "answer_wordNum": 1,
          "fact": [
            "라피노 야채치킨,영업시간,12:00~24:00"
          ]
        },
        {
          "question_id": 2,
          "question_type": "정보",
          "question": "이 곳의 메뉴를 알 수 있나요?",
          "question_wordNum": 6,
          "answer": "야채치킨, 매운야채치킨",
          "answer_wordNum": 2,
          "fact": [
            "라피노 야채치킨,메뉴,야채치킨, 매운야채치킨"
          ]
        },
        {
          "question_id": 3,
          "question_type": "정보",
          "question": "휴무일은 어떻게 되나요?",
          "question_wordNum": 3,
          "answer": "매주 일요일",
          "answer_wordNum": 2,
          "fact": [
            "라피노 야채치킨,휴무일,매주 일요일"
          ]
        }
      ]
    },
    {
      "image_id": 3,
      "question": [
        {
          "question_id": 0,
          "question_type": "정보",
          "question": "대표 메뉴가 무엇인가요?",
          "question_wordNum": 3,
          "answer": "야채치킨, 매운야채치킨",
          "answer_wordNum": 2,
          "fact": [
            "라피노 야채치킨,메뉴,야채치킨, 매운야채치킨"
          ]
        },
        {
          "question_id": 1,
          "question_type": "정보",
          "question": "휴무일은 어떻게 되나요?",
          "question_wordNum": 3,
          "answer": "매주 일요일",
          "answer_wordNum": 2,
          "fact": [
            "라피노 야채치킨,휴무일,매주 일요일"
          ]
        },
        {
          "question_id": 2,
          "question_type": "정보",
          "question": "영업시간을 알 수 있나요?",
          "question_wordNum": 4,
          "answer": "12:00~24:00",
          "answer_wordNum": 1,
          "fact": [
            "라피노 야채치킨,영업시간,12:00~24:00"
          ]
        },
        {
          "question_id": 3,
          "question_type": "정보",
          "question": "연락처를 알 수 있나요?",
          "question_wordNum": 4,
          "answer": "02-2664-0868",
          "answer_wordNum": 1,
          "fact": [
            "라피노 야채치킨,연락처,02-2664-0868"
          ]
        }
      ]
    },
    {
      "image_id": 4,
      "question": [
        {
          "question_id": 0,
          "question_type": "정보",
          "question": "휴무일을 알 수 있나요?",
          "question_wordNum": 4,
          "answer": "매주 일요일",
          "answer_wordNum": 2,
          "fact": [
            "라피노 야채치킨,휴무일,매주 일요일"
          ]
        },
        {
          "question_id": 1,
          "question_type": "관계",
          "question": "이 곳에 인접한 시설이 있나요?",
          "question_wordNum": 5,
          "answer": "송정역 3번 출구, 윤쓰김밥, 들녘이",
          "answer_wordNum": 5,
          "fact": [
            "라피노 야채치킨,인접,송정역 3번 출구, 윤쓰김밥, 들녘이"
          ]
        },
        {
          "question_id": 2,
          "question_type": "탐색",
          "question": "주차시설이 있는지 알 수 있나요?",
          "question_wordNum": 5,
          "answer": "있음",
          "answer_wordNum": 1,
          "fact": [
            "라피노 야채치킨,주차시설,있음"
          ]
        },
        {
          "question_id": 3,
          "question_type": "정보",
          "question": "영업시간은 어떻게 되나요?",
          "question_wordNum": 3,
          "answer": "12:00~24:00",
          "answer_wordNum": 1,
          "fact": [
            "라피노 야채치킨,영업시간,12:00~24:00"
          ]
        }
      ]
    }
  ]
}