{
  "data": {
    "dataset": "2-083-219",
    "POI_id": "561572",
    "travelType": "음식점",
    "place": "백소정 발산역점",
    "area": "서울"
  },
  "imageInfo": [
    {
      "image_id": 0,
      "filename": "561572_0_su_5_백소정 발산역점_1_001.png",
      "mapx": 37.559915259194,
      "mapy": 126.8343608462,
      "width": 3840,
      "height": 2160,
      "caption_info": [
        "백소정 발산역점(마곡동)",
        "간판, 여닫이 문"
      ]
    },
    {
      "image_id": 1,
      "filename": "561572_0_su_5_백소정 발산역점_1_002.png",
      "mapx": 37.559915259194,
      "mapy": 126.8343608462,
      "width": 3840,
      "height": 2160,
      "caption_info": [
        "백소정 발산역점(마곡동)",
        "간판, 여닫이 문"
      ]
    },
    {
      "image_id": 2,
      "filename": "561572_0_su_5_백소정 발산역점_1_003.png",
      "mapx": 37.559915259194,
      "mapy": 126.8343608462,
      "width": 3840,
      "height": 2160,
      "caption_info": [
        "백소정 발산역점(마곡동)",
        "테이블, 등받이의자"
      ]
    },
    {
      "image_id": 3,
      "filename": "561572_0_su_5_백소정 발산역점_1_004.png",
      "mapx": 37.559915259194,
      "mapy": 126.8343608462,
      "width": 3840,
      "height": 2160,
      "caption_info": [
        "백소정 발산역점(마곡동)",
        "메뉴판"
      ]
    },
    {
      "image_id": 4,
      "filename": "561572_0_su_5_백소정 발산역점_1_005.png",
      "mapx": 37.559915259194,
      "mapy": 126.8343608462,
      "width": 3840,
      "height": 2160,
      "caption_info": [
        "백소정 발산역점(마곡동)",
        "돈카츠"
      ]
    }
  ],
  "annotations": [
    {
      "image_id": 0,
      "question": [
        {
          "question_id": 0,
          "question_type": "탐색",
          "question": "주차시설이 있나요?",
          "question_wordNum": 2,
          "answer": "있음",
          "answer_wordNum": 1,
          "fact": [
            "백소정 발산역점,주차시설,있음"
          ]
        },
        {
          "question_id": 1,
          "question_type": "관계",
          "question": "이 곳에 인접한 시설이 있나요?",
          "question_wordNum": 5,
          "answer": "발산역 9번 출구, 방이옥, 머슬장어",
          "answer_wordNum": 5,
          "fact": [
            "백소정 발산역점,인접,발산역 9번 출구, 방이옥, 머슬장어"
          ]
        },
        {
          "question_id": 2,
          "question_type": "정보",
          "question": "이 곳의 주요 메뉴는 무엇이 있나요?",
          "question_wordNum": 6,
          "answer": "마제소바, 돈카츠",
          "answer_wordNum": 2,
          "fact": [
            "백소정 발산역점,메뉴,마제소바, 돈카츠"
          ]
        },
        {
          "question_id": 3,
          "question_type": "정보",
          "question": "휴무일을 알 수 있나요?",
          "question_wordNum": 4,
          "answer": "알수없음",
          "answer_wordNum": 1,
          "fact": [
            "백소정 발산역점,휴무일,알수없음"
          ]
        }
      ]
    },
    {
      "image_id": 1,
      "question": [
        {
          "question_id": 0,
          "question_type": "정보",
          "question": "이 곳의 대표적인 메뉴는 무엇이 있나요?",
          "question_wordNum": 6,
          "answer": "마제소바, 돈카츠",
          "answer_wordNum": 2,
          "fact": [
            "백소정 발산역점,메뉴,마제소바, 돈카츠"
          ]
        },
        {
          "question_id": 1,
          "question_type": "정보",
          "question": "영업시간은 어떻게 되나요?",
          "question_wordNum": 3,
          "answer": "11:00~21:00",
          "answer_wordNum": 1,
          "fact": [
            "백소정 발산역점,영업시간,11:00~21:00"
          ]
        },
        {
          "question_id": 2,
          "question_type": "정보",
          "question": "연락처가 어떻게 되나요?",
          "question_wordNum": 3,
          "answer": "0507-1403-9555",
          "answer_wordNum": 1,
          "fact": [
            "백소정 발산역점,연락처,0507-1403-9555"
          ]
        },
        {
          "question_id": 3,
          "question_type": "정보",
          "question": "이 곳의 주소는 어떻게 되나요?",
          "question_wordNum": 5,
          "answer": "서울 강서구 마곡중앙6로 66 퀸즈파크텐 A동 2층 203호",
          "answer_wordNum": 8,
          "fact": [
            "백소정 발산역점,주소,서울 강서구 마곡중앙6로 66 퀸즈파크텐 A동 2층 203호"
          ]
        }
      ]
    },
    {
      "image_id": 2,
      "question": [
        {
          "question_id": 0,
          "question_type": "정보",
          "question": "이 곳의 주소는 어떻게 되나요?",
          "question_wordNum": 5,
          "answer": "서울 강서구 마곡중앙6로 66 퀸즈파크텐 A동 2층 203호",
          "answer_wordNum": 8,
          "fact": [
            "백소정 발산역점,주소,서울 강서구 마곡중앙6로 66 퀸즈파크텐 A동 2층 203호"
          ]
        },
        {
          "question_id": 1,
          "question_type": "정보",
          "question": "영업시간은 몇시부터 몇시까지로 기재되어 있나요?",
          "question_wordNum": 5,
          "answer": "11:00~21:00",
          "answer_wordNum": 1,
          "fact": [
            "백소정 발산역점,영업시간,11:00~21:00"
          ]
        },
        {
          "question_id": 2,
          "question_type": "관계",
          "question": "이 곳에 인접한 시설이 있나요?",
          "question_wordNum": 5,
          "answer": "발산역 9번 출구, 방이옥, 머슬장어",
          "answer_wordNum": 5,
          "fact": [
            "백소정 발산역점,인접,발산역 9번 출구, 방이옥, 머슬장어"
          ]
        },
        {
          "question_id": 3,
          "question_type": "정보",
          "question": "휴무일을 알 수 있나요?",
          "question_wordNum": 4,
          "answer": "알수없음",
          "answer_wordNum": 1,
          "fact": [
            "백소정 발산역점,휴무일,알수없음"
          ]
        }
      ]
    },
    {
      "image_id": 3,
      "question": [
        {
          "question_id": 0,
          "question_type": "정보",
          "question": "이 곳의 주요 메뉴는 무엇이 있나요?",
          "question_wordNum": 6,
          "answer": "마제소바, 돈카츠",
          "answer_wordNum": 2,
          "fact": [
            "백소정 발산역점,메뉴,마제소바, 돈카츠"
          ]
        },
        {
          "question_id": 1,
          "question_type": "정보",
          "question": "이 곳의 주소는 어떻게 되나요?",
          "question_wordNum": 5,
          "answer": "서울 강서구 마곡중앙6로 66 퀸즈파크텐 A동 2층 203호",
          "answer_wordNum": 8,
          "fact": [
            "백소정 발산역점,주소,서울 강서구 마곡중앙6로 66 퀸즈파크텐 A동 2층 203호"
          ]
        },
        {
          "question_id": 2,
          "question_type": "정보",
          "question": "연락처가 어떻게 되나요?",
          "question_wordNum": 3,
          "answer": "0507-1403-9555",
          "answer_wordNum": 1,
          "fact": [
            "백소정 발산역점,연락처,0507-1403-9555"
          ]
        },
        {
          "question_id": 3,
          "question_type": "정보",
          "question": "영업시간은 어떻게 되나요?",
          "question_wordNum": 3,
          "answer": "11:00~21:00",
          "answer_wordNum": 1,
          "fact": [
            "백소정 발산역점,영업시간,11:00~21:00"
          ]
        }
      ]
    },
    {
      "image_id": 4,
      "question": [
        {
          "question_id": 0,
          "question_type": "정보",
          "question": "영업시간은 어떻게 되나요?",
          "question_wordNum": 3,
          "answer": "11:00~21:00",
          "answer_wordNum": 1,
          "fact": [
            "백소정 발산역점,영업시간,11:00~21:00"
          ]
        },
        {
          "question_id": 1,
          "question_type": "관계",
          "question": "이 곳에 인접한 시설이 있나요?",
          "question_wordNum": 5,
          "answer": "발산역 9번 출구, 방이옥, 머슬장어",
          "answer_wordNum": 5,
          "fact": [
            "백소정 발산역점,인접,발산역 9번 출구, 방이옥, 머슬장어"
          ]
        },
        {
          "question_id": 2,
          "question_type": "정보",
          "question": "이 곳의 주요 메뉴는 무엇이 있나요?",
          "question_wordNum": 6,
          "answer": "마제소바, 돈카츠",
          "answer_wordNum": 2,
          "fact": [
            "백소정 발산역점,메뉴,마제소바, 돈카츠"
          ]
        },
        {
          "question_id": 3,
          "question_type": "정보",
          "question": "휴무일을 알 수 있나요?",
          "question_wordNum": 4,
          "answer": "알수없음",
          "answer_wordNum": 1,
          "fact": [
            "백소정 발산역점,휴무일,알수없음"
          ]
        }
      ]
    }
  ]
}