{
  "data": {
    "dataset": "2-083-219",
    "POI_id": "561652",
    "travelType": "음식점",
    "place": "완미족발 서울마곡점",
    "area": "서울"
  },
  "imageInfo": [
    {
      "image_id": 0,
      "filename": "561652_0_su_5_완미족발 서울마곡점_1_001.png",
      "mapx": 37.5584780994004,
      "mapy": 126.827453842928,
      "width": 3840,
      "height": 2160,
      "caption_info": [
        "완미족발 서울마곡점(마곡동)",
        "간판, 여닫이문"
      ]
    },
    {
      "image_id": 1,
      "filename": "561652_0_su_5_완미족발 서울마곡점_1_002.png",
      "mapx": 37.5584780994004,
      "mapy": 126.827453842928,
      "width": 3840,
      "height": 2160,
      "caption_info": [
        "완미족발 서울마곡점(마곡동)",
        "간판, 여닫이문"
      ]
    },
    {
      "image_id": 2,
      "filename": "561652_0_su_5_완미족발 서울마곡점_1_003.png",
      "mapx": 37.5584780994004,
      "mapy": 126.827453842928,
      "width": 3840,
      "height": 2160,
      "caption_info": [
        "완미족발 서울마곡점(마곡동)",
        "테이블, 등받이의자"
      ]
    },
    {
      "image_id": 3,
      "filename": "561652_0_su_5_완미족발 서울마곡점_1_004.png",
      "mapx": 37.5584780994004,
      "mapy": 126.827453842928,
      "width": 3840,
      "height": 2160,
      "caption_info": [
        "완미족발 서울마곡점(마곡동)",
        "메뉴판"
      ]
    },
    {
      "image_id": 4,
      "filename": "561652_0_su_5_완미족발 서울마곡점_1_005.png",
      "mapx": 37.5584780994004,
      "mapy": 126.827453842928,
      "width": 3840,
      "height": 2160,
      "caption_info": [
        "완미족발 서울마곡점(마곡동)",
        "족발, 깻잎"
      ]
    }
  ],
  "annotations": [
    {
      "image_id": 0,
      "question": [
        {
          "question_id": 0,
          "question_type": "정보",
          "question": "영업시간은 어떻게 되나요?",
          "question_wordNum": 3,
          "answer": "15:00/16:30~01:00",
          "answer_wordNum": 1,
          "fact": [
            "완미족발 서울마곡점,영업시간,15:00/16:30~01:00"
          ]
        },
        {
          "question_id": 1,
          "question_type": "정보",
          "question": "이 곳의 주요 메뉴는 무엇이 있나요?",
          "question_wordNum": 6,
          "answer": "족발, 매운 족발",
          "answer_wordNum": 3,
          "fact": [
            "완미족발 서울마곡점,메뉴,족발, 매운 족발"
          ]
        },
        {
          "question_id": 2,
          "question_type": "탐색",
          "question": "주차시설이 있나요?",
          "question_wordNum": 2,
          "answer": "있음",
          "answer_wordNum": 1,
          "fact": [
            "완미족발 서울마곡점,주차시설,있음"
          ]
        },
        {
          "question_id": 3,
          "question_type": "정보",
          "question": "연락처가 어떻게 되나요?",
          "question_wordNum": 3,
          "answer": "02-6953-1236",
          "answer_wordNum": 1,
          "fact": [
            "완미족발 서울마곡점,연락처,02-6953-1236"
          ]
        }
      ]
    },
    {
      "image_id": 1,
      "question": [
        {
          "question_id": 0,
          "question_type": "정보",
          "question": "영업시간은 몇시부터 몇시까지로 기재되어 있나요?",
          "question_wordNum": 5,
          "answer": "15:00/16:30~01:00",
          "answer_wordNum": 1,
          "fact": [
            "완미족발 서울마곡점,영업시간,15:00/16:30~01:00"
          ]
        },
        {
          "question_id": 1,
          "question_type": "정보",
          "question": "이 곳의 주소는 어떻게 되나요?",
          "question_wordNum": 5,
          "answer": "서울 강서구 마곡중앙2로 5 메트로비즈타워 103호",
          "answer_wordNum": 6,
          "fact": [
            "완미족발 서울마곡점,주소,서울 강서구 마곡중앙2로 5 메트로비즈타워 103호"
          ]
        },
        {
          "question_id": 2,
          "question_type": "관계",
          "question": "이 곳에 인접한 시설이 있나요?",
          "question_wordNum": 5,
          "answer": "마곡역 5번 출구, 빽다방, 세븐일레븐",
          "answer_wordNum": 5,
          "fact": [
            "완미족발 서울마곡점,인접,마곡역 5번 출구, 빽다방, 세븐일레븐"
          ]
        },
        {
          "question_id": 3,
          "question_type": "탐색",
          "question": "주차시설이 있나요?",
          "question_wordNum": 2,
          "answer": "있음",
          "answer_wordNum": 1,
          "fact": [
            "완미족발 서울마곡점,주차시설,있음"
          ]
        }
      ]
    },
    {
      "image_id": 2,
      "question": [
        {
          "question_id": 0,
          "question_type": "정보",
          "question": "이 곳의 주요 메뉴는 무엇이 있나요?",
          "question_wordNum": 6,
          "answer": "족발, 매운 족발",
          "answer_wordNum": 3,
          "fact": [
            "완미족발 서울마곡점,메뉴,족발, 매운 족발"
          ]
        },
        {
          "question_id": 1,
          "question_type": "정보",
          "question": "휴무일은 어떻게 되나요?",
          "question_wordNum": 3,
          "answer": "매주 월요일",
          "answer_wordNum": 2,
          "fact": [
            "완미족발 서울마곡점,휴무일,매주 월요일"
          ]
        },
        {
          "question_id": 2,
          "question_type": "정보",
          "question": "영업시간은 몇시부터 몇시까지로 기재되어 있나요?",
          "question_wordNum": 5,
          "answer": "15:00/16:30~01:00",
          "answer_wordNum": 1,
          "fact": [
            "완미족발 서울마곡점,영업시간,15:00/16:30~01:00"
          ]
        },
        {
          "question_id": 3,
          "question_type": "정보",
          "question": "연락처가 어떻게 되나요?",
          "question_wordNum": 3,
          "answer": "02-6953-1236",
          "answer_wordNum": 1,
          "fact": [
            "완미족발 서울마곡점,연락처,02-6953-1236"
          ]
        }
      ]
    },
    {
      "image_id": 3,
      "question": [
        {
          "question_id": 0,
          "question_type": "정보",
          "question": "연락처가 어떻게 되나요?",
          "question_wordNum": 3,
          "answer": "02-6953-1236",
          "answer_wordNum": 1,
          "fact": [
            "완미족발 서울마곡점,연락처,02-6953-1236"
          ]
        },
        {
          "question_id": 1,
          "question_type": "정보",
          "question": "이 곳의 주소는 어떻게 되나요?",
          "question_wordNum": 5,
          "answer": "서울 강서구 마곡중앙2로 5 메트로비즈타워 103호",
          "answer_wordNum": 6,
          "fact": [
            "완미족발 서울마곡점,주소,서울 강서구 마곡중앙2로 5 메트로비즈타워 103호"
          ]
        },
        {
          "question_id": 2,
          "question_type": "관계",
          "question": "이 곳에 인접한 시설이 있나요?",
          "question_wordNum": 5,
          "answer": "마곡역 5번 출구, 빽다방, 세븐일레븐",
          "answer_wordNum": 5,
          "fact": [
            "완미족발 서울마곡점,인접,마곡역 5번 출구, 빽다방, 세븐일레븐"
          ]
        },
        {
          "question_id": 3,
          "question_type": "탐색",
          "question": "주차시설이 있나요?",
          "question_wordNum": 2,
          "answer": "있음",
          "answer_wordNum": 1,
          "fact": [
            "완미족발 서울마곡점,주차시설,있음"
          ]
        }
      ]
    },
    {
      "image_id": 4,
      "question": [
        {
          "question_id": 0,
          "question_type": "정보",
          "question": "이 곳의 주요 메뉴는 무엇이 있나요?",
          "question_wordNum": 6,
          "answer": "족발, 매운 족발",
          "answer_wordNum": 3,
          "fact": [
            "완미족발 서울마곡점,메뉴,족발, 매운 족발"
          ]
        },
        {
          "question_id": 1,
          "question_type": "정보",
          "question": "휴무일은 어떻게 되나요?",
          "question_wordNum": 3,
          "answer": "매주 월요일",
          "answer_wordNum": 2,
          "fact": [
            "완미족발 서울마곡점,휴무일,매주 월요일"
          ]
        },
        {
          "question_id": 2,
          "question_type": "정보",
          "question": "영업시간은 어떻게 되나요?",
          "question_wordNum": 3,
          "answer": "15:00/16:30~01:00",
          "answer_wordNum": 1,
          "fact": [
            "완미족발 서울마곡점,영업시간,15:00/16:30~01:00"
          ]
        },
        {
          "question_id": 3,
          "question_type": "정보",
          "question": "연락처가 어떻게 되나요?",
          "question_wordNum": 3,
          "answer": "02-6953-1236",
          "answer_wordNum": 1,
          "fact": [
            "완미족발 서울마곡점,연락처,02-6953-1236"
          ]
        }
      ]
    }
  ]
}