{
  "data": {
    "dataset": "2-083-219",
    "POI_id": "561464",
    "travelType": "음식점",
    "place": "헝그리 부처 ",
    "area": "서울"
  },
  "imageInfo": [
    {
      "image_id": 0,
      "filename": "561464_0_su_5_헝그리 부처 _1_001.png",
      "mapx": 37.5588248070734,
      "mapy": 126.831007635455,
      "width": 3840,
      "height": 2160,
      "caption_info": [
        "헝그리 부처(강서구) ",
        "간판"
      ]
    },
    {
      "image_id": 1,
      "filename": "561464_0_su_5_헝그리 부처 _1_002.png",
      "mapx": 37.5588248070734,
      "mapy": 126.831007635455,
      "width": 3840,
      "height": 2160,
      "caption_info": [
        "헝그리 부처(강서구) ",
        "간판"
      ]
    },
    {
      "image_id": 2,
      "filename": "561464_0_su_5_헝그리 부처 _1_003.png",
      "mapx": 37.5588248070734,
      "mapy": 126.831007635455,
      "width": 3840,
      "height": 2160,
      "caption_info": [
        "헝그리 부처(강서구) ",
        "사각 테이블"
      ]
    },
    {
      "image_id": 3,
      "filename": "561464_0_su_5_헝그리 부처 _1_004.png",
      "mapx": 37.5588248070734,
      "mapy": 126.831007635455,
      "width": 3840,
      "height": 2160,
      "caption_info": [
        "헝그리 부처(강서구) ",
        "메뉴판 "
      ]
    },
    {
      "image_id": 4,
      "filename": "561464_0_su_5_헝그리 부처 _1_005.png",
      "mapx": 37.5588248070734,
      "mapy": 126.831007635455,
      "width": 3840,
      "height": 2160,
      "caption_info": [
        "헝그리 부처(강서구) ",
        "햄버거 "
      ]
    }
  ],
  "annotations": [
    {
      "image_id": 0,
      "question": [
        {
          "question_id": 0,
          "question_type": "탐색",
          "question": "주차시설이 있는지 알 수 있나요?",
          "question_wordNum": 5,
          "answer": "있음",
          "answer_wordNum": 1,
          "fact": [
            "헝그리 부처,주차시설,있음"
          ]
        },
        {
          "question_id": 1,
          "question_type": "정보",
          "question": "휴무일은 어떻게 되나요?",
          "question_wordNum": 3,
          "answer": "알수없음",
          "answer_wordNum": 1,
          "fact": [
            "헝그리 부처,휴무일,알수없음"
          ]
        },
        {
          "question_id": 2,
          "question_type": "정보",
          "question": "연락처가 어떻게 되나요?",
          "question_wordNum": 3,
          "answer": "0507-1365-4343",
          "answer_wordNum": 1,
          "fact": [
            "헝그리 부처,연락처,0507-1365-4343"
          ]
        },
        {
          "question_id": 3,
          "question_type": "정보",
          "question": "영업시간은 어떻게 되나요?",
          "question_wordNum": 3,
          "answer": "11:30~21:00",
          "answer_wordNum": 1,
          "fact": [
            "헝그리 부처,영업시간,11:30~21:00"
          ]
        }
      ]
    },
    {
      "image_id": 1,
      "question": [
        {
          "question_id": 0,
          "question_type": "탐색",
          "question": "주차시설이 있는지 알 수 있나요?",
          "question_wordNum": 5,
          "answer": "있음",
          "answer_wordNum": 1,
          "fact": [
            "헝그리 부처,주차시설,있음"
          ]
        },
        {
          "question_id": 1,
          "question_type": "정보",
          "question": "연락처를 알 수 있나요?",
          "question_wordNum": 4,
          "answer": "0507-1365-4343",
          "answer_wordNum": 1,
          "fact": [
            "헝그리 부처,연락처,0507-1365-4343"
          ]
        },
        {
          "question_id": 2,
          "question_type": "정보",
          "question": "휴무일을 알 수 있나요?",
          "question_wordNum": 4,
          "answer": "알수없음",
          "answer_wordNum": 1,
          "fact": [
            "헝그리 부처,휴무일,알수없음"
          ]
        },
        {
          "question_id": 3,
          "question_type": "정보",
          "question": "이 곳의 주소는 어떻게 되나요?",
          "question_wordNum": 5,
          "answer": "서울 강서구 공항대로 212",
          "answer_wordNum": 4,
          "fact": [
            "헝그리 부처,주소,서울 강서구 공항대로 212"
          ]
        }
      ]
    },
    {
      "image_id": 2,
      "question": [
        {
          "question_id": 0,
          "question_type": "정보",
          "question": "이 곳의 주소는 어떻게 되나요?",
          "question_wordNum": 5,
          "answer": "서울 강서구 공항대로 212",
          "answer_wordNum": 4,
          "fact": [
            "헝그리 부처,주소,서울 강서구 공항대로 212"
          ]
        },
        {
          "question_id": 1,
          "question_type": "정보",
          "question": "영업시간을 알 수 있나요?",
          "question_wordNum": 4,
          "answer": "11:30~21:00",
          "answer_wordNum": 1,
          "fact": [
            "헝그리 부처,영업시간,11:30~21:00"
          ]
        },
        {
          "question_id": 2,
          "question_type": "정보",
          "question": "연락처를 알 수 있나요?",
          "question_wordNum": 4,
          "answer": "0507-1365-4343",
          "answer_wordNum": 1,
          "fact": [
            "헝그리 부처,연락처,0507-1365-4343"
          ]
        },
        {
          "question_id": 3,
          "question_type": "정보",
          "question": "휴무일을 알 수 있나요?",
          "question_wordNum": 4,
          "answer": "알수없음",
          "answer_wordNum": 1,
          "fact": [
            "헝그리 부처,휴무일,알수없음"
          ]
        }
      ]
    },
    {
      "image_id": 3,
      "question": [
        {
          "question_id": 0,
          "question_type": "탐색",
          "question": "주차시설이 있나요?",
          "question_wordNum": 2,
          "answer": "있음",
          "answer_wordNum": 1,
          "fact": [
            "헝그리 부처,주차시설,있음"
          ]
        },
        {
          "question_id": 1,
          "question_type": "관계",
          "question": "이 곳에 인접한 시설이 있나요?",
          "question_wordNum": 5,
          "answer": "마곡역 4번 출구, 할리스커피, CU",
          "answer_wordNum": 5,
          "fact": [
            "헝그리 부처,인접,마곡역 4번 출구, 할리스커피, CU"
          ]
        },
        {
          "question_id": 2,
          "question_type": "정보",
          "question": "연락처가 어떻게 되나요?",
          "question_wordNum": 3,
          "answer": "0507-1365-4343",
          "answer_wordNum": 1,
          "fact": [
            "헝그리 부처,연락처,0507-1365-4343"
          ]
        },
        {
          "question_id": 3,
          "question_type": "정보",
          "question": "대표 메뉴가 무엇인가요?",
          "question_wordNum": 3,
          "answer": "비프패티, 아메리칸치즈",
          "answer_wordNum": 2,
          "fact": [
            "헝그리 부처,메뉴,비프패티, 아메리칸치즈"
          ]
        }
      ]
    },
    {
      "image_id": 4,
      "question": [
        {
          "question_id": 0,
          "question_type": "정보",
          "question": "연락처를 알 수 있나요?",
          "question_wordNum": 4,
          "answer": "0507-1365-4343",
          "answer_wordNum": 1,
          "fact": [
            "헝그리 부처,연락처,0507-1365-4343"
          ]
        },
        {
          "question_id": 1,
          "question_type": "정보",
          "question": "영업시간은 어떻게 되나요?",
          "question_wordNum": 3,
          "answer": "11:30~21:00",
          "answer_wordNum": 1,
          "fact": [
            "헝그리 부처,영업시간,11:30~21:00"
          ]
        },
        {
          "question_id": 2,
          "question_type": "정보",
          "question": "휴무일을 알 수 있나요?",
          "question_wordNum": 4,
          "answer": "알수없음",
          "answer_wordNum": 1,
          "fact": [
            "헝그리 부처,휴무일,알수없음"
          ]
        },
        {
          "question_id": 3,
          "question_type": "정보",
          "question": "이 곳의 주소를 알 수 있나요?",
          "question_wordNum": 6,
          "answer": "서울 강서구 공항대로 212",
          "answer_wordNum": 4,
          "fact": [
            "헝그리 부처,주소,서울 강서구 공항대로 212"
          ]
        }
      ]
    }
  ]
}