{
  "data": {
    "dataset": "2-083-219",
    "POI_id": "561612",
    "travelType": "음식점",
    "place": "슬로우캘리 마곡점 포케 샐러드 & 그릴",
    "area": "서울"
  },
  "imageInfo": [
    {
      "image_id": 0,
      "filename": "561612_0_su_5_슬로우캘리 마곡점 포케 샐러드 & 그릴_1_001.png",
      "mapx": 37.5606312206415,
      "mapy": 126.832720625607,
      "width": 3840,
      "height": 2160,
      "caption_info": [
        "슬로우캘리 마곡점 포케 샐러드 & 그릴(강서구)",
        "간판"
      ]
    },
    {
      "image_id": 1,
      "filename": "561612_0_su_5_슬로우캘리 마곡점 포케 샐러드 & 그릴_1_002.png",
      "mapx": 37.5606312206415,
      "mapy": 126.832720625607,
      "width": 3840,
      "height": 2160,
      "caption_info": [
        "슬로우캘리 마곡점 포케 샐러드 & 그릴(강서구)",
        "간판"
      ]
    },
    {
      "image_id": 2,
      "filename": "561612_0_su_5_슬로우캘리 마곡점 포케 샐러드 & 그릴_1_003.png",
      "mapx": 37.5606312206415,
      "mapy": 126.832720625607,
      "width": 3840,
      "height": 2160,
      "caption_info": [
        "슬로우캘리 마곡점 포케 샐러드 & 그릴(강서구)",
        "사각 테이블"
      ]
    },
    {
      "image_id": 3,
      "filename": "561612_0_su_5_슬로우캘리 마곡점 포케 샐러드 & 그릴_1_004.png",
      "mapx": 37.5606312206415,
      "mapy": 126.832720625607,
      "width": 3840,
      "height": 2160,
      "caption_info": [
        "슬로우캘리 마곡점 포케 샐러드 & 그릴(강서구)",
        "메뉴판 "
      ]
    },
    {
      "image_id": 4,
      "filename": "561612_0_su_5_슬로우캘리 마곡점 포케 샐러드 & 그릴_1_005.png",
      "mapx": 37.5606312206415,
      "mapy": 126.832720625607,
      "width": 3840,
      "height": 2160,
      "caption_info": [
        "슬로우캘리 마곡점 포케 샐러드 & 그릴(강서구)",
        "냅킨 "
      ]
    }
  ],
  "annotations": [
    {
      "image_id": 0,
      "question": [
        {
          "question_id": 0,
          "question_type": "정보",
          "question": "휴무일을 알 수 있나요?",
          "question_wordNum": 4,
          "answer": "알수없음",
          "answer_wordNum": 1,
          "fact": [
            "슬로우캘리 마곡점 포케 샐러드 & 그릴,휴무일,알수없음"
          ]
        },
        {
          "question_id": 1,
          "question_type": "정보",
          "question": "영업시간은 어떻게 되나요?",
          "question_wordNum": 3,
          "answer": "11:10~21:00",
          "answer_wordNum": 1,
          "fact": [
            "슬로우캘리 마곡점 포케 샐러드 & 그릴,영업시간,11:10~21:00"
          ]
        },
        {
          "question_id": 2,
          "question_type": "탐색",
          "question": "주차시설이 있나요?",
          "question_wordNum": 2,
          "answer": "있음",
          "answer_wordNum": 1,
          "fact": [
            "슬로우캘리 마곡점 포케 샐러드 & 그릴,주차시설,있음"
          ]
        },
        {
          "question_id": 3,
          "question_type": "관계",
          "question": "이 곳에 인접한 시설이 있나요?",
          "question_wordNum": 5,
          "answer": "마곡역 3번 출구, 타이투고, 어장관리",
          "answer_wordNum": 5,
          "fact": [
            "슬로우캘리 마곡점 포케 샐러드 & 그릴,인접,마곡역 3번 출구, 타이투고, 어장관리"
          ]
        }
      ]
    },
    {
      "image_id": 1,
      "question": [
        {
          "question_id": 0,
          "question_type": "정보",
          "question": "대표 메뉴가 무엇인가요?",
          "question_wordNum": 3,
          "answer": "클래식연어포케, 스파이시참치포케",
          "answer_wordNum": 2,
          "fact": [
            "슬로우캘리 마곡점 포케 샐러드 & 그릴,메뉴,클래식연어포케, 스파이시참치포케"
          ]
        },
        {
          "question_id": 1,
          "question_type": "탐색",
          "question": "주차시설이 있는지 알 수 있나요?",
          "question_wordNum": 5,
          "answer": "있음",
          "answer_wordNum": 1,
          "fact": [
            "슬로우캘리 마곡점 포케 샐러드 & 그릴,주차시설,있음"
          ]
        },
        {
          "question_id": 2,
          "question_type": "정보",
          "question": "연락처가 어떻게 되나요?",
          "question_wordNum": 3,
          "answer": "0507-1370-9935",
          "answer_wordNum": 1,
          "fact": [
            "슬로우캘리 마곡점 포케 샐러드 & 그릴,연락처,0507-1370-9935"
          ]
        },
        {
          "question_id": 3,
          "question_type": "정보",
          "question": "휴무일을 알 수 있나요?",
          "question_wordNum": 4,
          "answer": "알수없음",
          "answer_wordNum": 1,
          "fact": [
            "슬로우캘리 마곡점 포케 샐러드 & 그릴,휴무일,알수없음"
          ]
        }
      ]
    },
    {
      "image_id": 2,
      "question": [
        {
          "question_id": 0,
          "question_type": "관계",
          "question": "이 곳에 인접한 시설이 있나요?",
          "question_wordNum": 5,
          "answer": "마곡역 3번 출구, 타이투고, 어장관리",
          "answer_wordNum": 5,
          "fact": [
            "슬로우캘리 마곡점 포케 샐러드 & 그릴,인접,마곡역 3번 출구, 타이투고, 어장관리"
          ]
        },
        {
          "question_id": 1,
          "question_type": "정보",
          "question": "연락처를 알 수 있나요?",
          "question_wordNum": 4,
          "answer": "0507-1370-9935",
          "answer_wordNum": 1,
          "fact": [
            "슬로우캘리 마곡점 포케 샐러드 & 그릴,연락처,0507-1370-9935"
          ]
        },
        {
          "question_id": 2,
          "question_type": "정보",
          "question": "영업시간을 알 수 있나요?",
          "question_wordNum": 4,
          "answer": "11:10~21:00",
          "answer_wordNum": 1,
          "fact": [
            "슬로우캘리 마곡점 포케 샐러드 & 그릴,영업시간,11:10~21:00"
          ]
        },
        {
          "question_id": 3,
          "question_type": "정보",
          "question": "이 곳의 주소를 알 수 있나요?",
          "question_wordNum": 6,
          "answer": "서울 강서구 마곡중앙6로 45",
          "answer_wordNum": 4,
          "fact": [
            "슬로우캘리 마곡점 포케 샐러드 & 그릴,주소,서울 강서구 마곡중앙6로 45"
          ]
        }
      ]
    },
    {
      "image_id": 3,
      "question": [
        {
          "question_id": 0,
          "question_type": "정보",
          "question": "이 곳의 주소를 알 수 있나요?",
          "question_wordNum": 6,
          "answer": "서울 강서구 마곡중앙6로 45",
          "answer_wordNum": 4,
          "fact": [
            "슬로우캘리 마곡점 포케 샐러드 & 그릴,주소,서울 강서구 마곡중앙6로 45"
          ]
        },
        {
          "question_id": 1,
          "question_type": "정보",
          "question": "영업시간을 알 수 있나요?",
          "question_wordNum": 4,
          "answer": "11:10~21:00",
          "answer_wordNum": 1,
          "fact": [
            "슬로우캘리 마곡점 포케 샐러드 & 그릴,영업시간,11:10~21:00"
          ]
        },
        {
          "question_id": 2,
          "question_type": "탐색",
          "question": "주차시설이 있는지 알 수 있나요?",
          "question_wordNum": 5,
          "answer": "있음",
          "answer_wordNum": 1,
          "fact": [
            "슬로우캘리 마곡점 포케 샐러드 & 그릴,주차시설,있음"
          ]
        },
        {
          "question_id": 3,
          "question_type": "관계",
          "question": "이 곳에 인접한 시설을 알 수 있나요?",
          "question_wordNum": 7,
          "answer": "마곡역 3번 출구, 타이투고, 어장관리",
          "answer_wordNum": 5,
          "fact": [
            "슬로우캘리 마곡점 포케 샐러드 & 그릴,인접,마곡역 3번 출구, 타이투고, 어장관리"
          ]
        }
      ]
    },
    {
      "image_id": 4,
      "question": [
        {
          "question_id": 0,
          "question_type": "정보",
          "question": "연락처가 어떻게 되나요?",
          "question_wordNum": 3,
          "answer": "0507-1370-9935",
          "answer_wordNum": 1,
          "fact": [
            "슬로우캘리 마곡점 포케 샐러드 & 그릴,연락처,0507-1370-9935"
          ]
        },
        {
          "question_id": 1,
          "question_type": "탐색",
          "question": "주차시설이 있나요?",
          "question_wordNum": 2,
          "answer": "있음",
          "answer_wordNum": 1,
          "fact": [
            "슬로우캘리 마곡점 포케 샐러드 & 그릴,주차시설,있음"
          ]
        },
        {
          "question_id": 2,
          "question_type": "정보",
          "question": "대표 메뉴가 무엇인가요?",
          "question_wordNum": 3,
          "answer": "클래식연어포케, 스파이시참치포케",
          "answer_wordNum": 2,
          "fact": [
            "슬로우캘리 마곡점 포케 샐러드 & 그릴,메뉴,클래식연어포케, 스파이시참치포케"
          ]
        },
        {
          "question_id": 3,
          "question_type": "정보",
          "question": "휴무일은 어떻게 되나요?",
          "question_wordNum": 3,
          "answer": "알수없음",
          "answer_wordNum": 1,
          "fact": [
            "슬로우캘리 마곡점 포케 샐러드 & 그릴,휴무일,알수없음"
          ]
        }
      ]
    }
  ]
}