{
  "data": {
    "dataset": "2-083-219",
    "POI_id": "561657",
    "travelType": "음식점",
    "place": "인기명 마곡점",
    "area": "서울"
  },
  "imageInfo": [
    {
      "image_id": 0,
      "filename": "561657_0_su_5_인기명 마곡점_1_001.png",
      "mapx": 37.5640031623664,
      "mapy": 126.839511274632,
      "width": 3840,
      "height": 2160,
      "caption_info": [
        "인기명 마곡점(강서구)",
        "간판"
      ]
    },
    {
      "image_id": 1,
      "filename": "561657_0_su_5_인기명 마곡점_1_002.png",
      "mapx": 37.5640031623664,
      "mapy": 126.839511274632,
      "width": 3840,
      "height": 2160,
      "caption_info": [
        "인기명 마곡점(강서구)",
        "간판"
      ]
    },
    {
      "image_id": 2,
      "filename": "561657_0_su_5_인기명 마곡점_1_003.png",
      "mapx": 37.5640031623664,
      "mapy": 126.839511274632,
      "width": 3840,
      "height": 2160,
      "caption_info": [
        "인기명 마곡점(강서구)",
        "사각 테이블"
      ]
    },
    {
      "image_id": 3,
      "filename": "561657_0_su_5_인기명 마곡점_1_004.png",
      "mapx": 37.5640031623664,
      "mapy": 126.839511274632,
      "width": 3840,
      "height": 2160,
      "caption_info": [
        "인기명 마곡점(강서구)",
        "메뉴판 "
      ]
    },
    {
      "image_id": 4,
      "filename": "561657_0_su_5_인기명 마곡점_1_005.png",
      "mapx": 37.5640031623664,
      "mapy": 126.839511274632,
      "width": 3840,
      "height": 2160,
      "caption_info": [
        "인기명 마곡점(강서구)",
        "문어"
      ]
    }
  ],
  "annotations": [
    {
      "image_id": 0,
      "question": [
        {
          "question_id": 0,
          "question_type": "정보",
          "question": "영업시간을 알 수 있나요?",
          "question_wordNum": 4,
          "answer": "11:30 - 22:00",
          "answer_wordNum": 3,
          "fact": [
            "인기명 마곡점,영업시간,11:30 - 22:00"
          ]
        },
        {
          "question_id": 1,
          "question_type": "정보",
          "question": "연락처를 알 수 있나요?",
          "question_wordNum": 4,
          "answer": "02-6403-0125",
          "answer_wordNum": 1,
          "fact": [
            "인기명 마곡점,연락처,02-6403-0125"
          ]
        },
        {
          "question_id": 2,
          "question_type": "관계",
          "question": "이 곳에 인접한 시설이 있나요?",
          "question_wordNum": 5,
          "answer": "양천향교역 7번 출구, 교촌치킨, CU",
          "answer_wordNum": 5,
          "fact": [
            "인기명 마곡점,인접,양천향교역 7번 출구, 교촌치킨, CU"
          ]
        },
        {
          "question_id": 3,
          "question_type": "정보",
          "question": "이 곳의 주소는 어떻게 되나요?",
          "question_wordNum": 5,
          "answer": "서울 강서구 강서로 429",
          "answer_wordNum": 4,
          "fact": [
            "인기명 마곡점,주소,서울 강서구 강서로 429"
          ]
        }
      ]
    },
    {
      "image_id": 1,
      "question": [
        {
          "question_id": 0,
          "question_type": "관계",
          "question": "이 곳에 인접한 시설이 있나요?",
          "question_wordNum": 5,
          "answer": "양천향교역 7번 출구, 교촌치킨, CU",
          "answer_wordNum": 5,
          "fact": [
            "인기명 마곡점,인접,양천향교역 7번 출구, 교촌치킨, CU"
          ]
        },
        {
          "question_id": 1,
          "question_type": "정보",
          "question": "휴무일은 어떻게 되나요?",
          "question_wordNum": 3,
          "answer": "없음",
          "answer_wordNum": 1,
          "fact": [
            "인기명 마곡점,휴무일,없음"
          ]
        },
        {
          "question_id": 2,
          "question_type": "정보",
          "question": "영업시간은 어떻게 되나요?",
          "question_wordNum": 3,
          "answer": "11:30 - 22:00",
          "answer_wordNum": 3,
          "fact": [
            "인기명 마곡점,영업시간,11:30 - 22:00"
          ]
        },
        {
          "question_id": 3,
          "question_type": "정보",
          "question": "연락처가 어떻게 되나요?",
          "question_wordNum": 3,
          "answer": "02-6403-0125",
          "answer_wordNum": 1,
          "fact": [
            "인기명 마곡점,연락처,02-6403-0125"
          ]
        }
      ]
    },
    {
      "image_id": 2,
      "question": [
        {
          "question_id": 0,
          "question_type": "정보",
          "question": "영업시간은 어떻게 되나요?",
          "question_wordNum": 3,
          "answer": "11:30 - 22:00",
          "answer_wordNum": 3,
          "fact": [
            "인기명 마곡점,영업시간,11:30 - 22:00"
          ]
        },
        {
          "question_id": 1,
          "question_type": "정보",
          "question": "이 곳의 메뉴를 알 수 있나요?",
          "question_wordNum": 6,
          "answer": "랍스터 매운낙갈찜, 랍스터 낙갈찜",
          "answer_wordNum": 4,
          "fact": [
            "인기명 마곡점,메뉴,랍스터 매운낙갈찜, 랍스터 낙갈찜"
          ]
        },
        {
          "question_id": 2,
          "question_type": "정보",
          "question": "휴무일을 알 수 있나요?",
          "question_wordNum": 4,
          "answer": "없음",
          "answer_wordNum": 1,
          "fact": [
            "인기명 마곡점,휴무일,없음"
          ]
        },
        {
          "question_id": 3,
          "question_type": "정보",
          "question": "연락처가 어떻게 되나요?",
          "question_wordNum": 3,
          "answer": "02-6403-0125",
          "answer_wordNum": 1,
          "fact": [
            "인기명 마곡점,연락처,02-6403-0125"
          ]
        }
      ]
    },
    {
      "image_id": 3,
      "question": [
        {
          "question_id": 0,
          "question_type": "정보",
          "question": "휴무일은 어떻게 되나요?",
          "question_wordNum": 3,
          "answer": "없음",
          "answer_wordNum": 1,
          "fact": [
            "인기명 마곡점,휴무일,없음"
          ]
        },
        {
          "question_id": 1,
          "question_type": "탐색",
          "question": "주차시설이 있나요?",
          "question_wordNum": 2,
          "answer": "있음",
          "answer_wordNum": 1,
          "fact": [
            "인기명 마곡점,주차시설,있음"
          ]
        },
        {
          "question_id": 2,
          "question_type": "정보",
          "question": "이 곳의 메뉴를 알 수 있나요?",
          "question_wordNum": 6,
          "answer": "랍스터 매운낙갈찜, 랍스터 낙갈찜",
          "answer_wordNum": 4,
          "fact": [
            "인기명 마곡점,메뉴,랍스터 매운낙갈찜, 랍스터 낙갈찜"
          ]
        },
        {
          "question_id": 3,
          "question_type": "정보",
          "question": "연락처가 어떻게 되나요?",
          "question_wordNum": 3,
          "answer": "02-6403-0125",
          "answer_wordNum": 1,
          "fact": [
            "인기명 마곡점,연락처,02-6403-0125"
          ]
        }
      ]
    },
    {
      "image_id": 4,
      "question": [
        {
          "question_id": 0,
          "question_type": "정보",
          "question": "연락처를 알 수 있나요?",
          "question_wordNum": 4,
          "answer": "02-6403-0125",
          "answer_wordNum": 1,
          "fact": [
            "인기명 마곡점,연락처,02-6403-0125"
          ]
        },
        {
          "question_id": 1,
          "question_type": "정보",
          "question": "영업시간은 어떻게 되나요?",
          "question_wordNum": 3,
          "answer": "11:30 - 22:00",
          "answer_wordNum": 3,
          "fact": [
            "인기명 마곡점,영업시간,11:30 - 22:00"
          ]
        },
        {
          "question_id": 2,
          "question_type": "탐색",
          "question": "주차시설이 있나요?",
          "question_wordNum": 2,
          "answer": "있음",
          "answer_wordNum": 1,
          "fact": [
            "인기명 마곡점,주차시설,있음"
          ]
        },
        {
          "question_id": 3,
          "question_type": "정보",
          "question": "이 곳의 메뉴를 알 수 있나요?",
          "question_wordNum": 6,
          "answer": "랍스터 매운낙갈찜, 랍스터 낙갈찜",
          "answer_wordNum": 4,
          "fact": [
            "인기명 마곡점,메뉴,랍스터 매운낙갈찜, 랍스터 낙갈찜"
          ]
        }
      ]
    }
  ]
}