{
  "data": {
    "dataset": "2-083-219",
    "POI_id": "561536",
    "travelType": "음식점",
    "place": "브런치팩토리 ",
    "area": "서울"
  },
  "imageInfo": [
    {
      "image_id": 0,
      "filename": "561536_0_su_5_브런치팩토리 _1_001.png",
      "mapx": 37.5574187175366,
      "mapy": 126.827029271898,
      "width": 3840,
      "height": 2160,
      "caption_info": [
        "브런치팩토리(강서구) ",
        "간판"
      ]
    },
    {
      "image_id": 1,
      "filename": "561536_0_su_5_브런치팩토리 _1_002.png",
      "mapx": 37.5574187175366,
      "mapy": 126.827029271898,
      "width": 3840,
      "height": 2160,
      "caption_info": [
        "브런치팩토리(강서구) ",
        "간판"
      ]
    },
    {
      "image_id": 2,
      "filename": "561536_0_su_5_브런치팩토리 _1_003.png",
      "mapx": 37.5574187175366,
      "mapy": 126.827029271898,
      "width": 3840,
      "height": 2160,
      "caption_info": [
        "브런치팩토리(강서구) ",
        "냉장고 "
      ]
    },
    {
      "image_id": 3,
      "filename": "561536_0_su_5_브런치팩토리 _1_004.png",
      "mapx": 37.5574187175366,
      "mapy": 126.827029271898,
      "width": 3840,
      "height": 2160,
      "caption_info": [
        "브런치팩토리(강서구) ",
        "메뉴판 "
      ]
    },
    {
      "image_id": 4,
      "filename": "561536_0_su_5_브런치팩토리 _1_005.png",
      "mapx": 37.5574187175366,
      "mapy": 126.827029271898,
      "width": 3840,
      "height": 2160,
      "caption_info": [
        "브런치팩토리(강서구) ",
        "빵 "
      ]
    }
  ],
  "annotations": [
    {
      "image_id": 0,
      "question": [
        {
          "question_id": 0,
          "question_type": "정보",
          "question": "대표 메뉴가 무엇인가요?",
          "question_wordNum": 3,
          "answer": "멕시칸멜팅치즈샌드위치, 오리엔탈볶음밥",
          "answer_wordNum": 2,
          "fact": [
            "브런치팩토리,메뉴,멕시칸멜팅치즈샌드위치, 오리엔탈볶음밥"
          ]
        },
        {
          "question_id": 1,
          "question_type": "정보",
          "question": "이 곳의 주소를 알 수 있나요?",
          "question_wordNum": 6,
          "answer": "서울 강서구 마곡중앙로 36",
          "answer_wordNum": 4,
          "fact": [
            "브런치팩토리,주소,서울 강서구 마곡중앙로 36"
          ]
        },
        {
          "question_id": 2,
          "question_type": "관계",
          "question": "이 곳에 인접한 시설을 알 수 있나요?",
          "question_wordNum": 7,
          "answer": "마곡역 5번 출구, 마곡엠밸리15단지아파트, 세븐일레븐, 와따버거",
          "answer_wordNum": 6,
          "fact": [
            "브런치팩토리,인접,마곡역 5번 출구, 마곡엠밸리15단지아파트, 세븐일레븐, 와따버거"
          ]
        },
        {
          "question_id": 3,
          "question_type": "정보",
          "question": "연락처가 어떻게 되나요?",
          "question_wordNum": 3,
          "answer": "0507-1412-2631",
          "answer_wordNum": 1,
          "fact": [
            "브런치팩토리,연락처,0507-1412-2631"
          ]
        }
      ]
    },
    {
      "image_id": 1,
      "question": [
        {
          "question_id": 0,
          "question_type": "탐색",
          "question": "주차시설이 있나요?",
          "question_wordNum": 2,
          "answer": "있음",
          "answer_wordNum": 1,
          "fact": [
            "브런치팩토리,주차시설,있음"
          ]
        },
        {
          "question_id": 1,
          "question_type": "정보",
          "question": "영업시간을 알 수 있나요?",
          "question_wordNum": 4,
          "answer": "08:30/09:00~21:00",
          "answer_wordNum": 1,
          "fact": [
            "브런치팩토리,영업시간,08:30/09:00~21:00"
          ]
        },
        {
          "question_id": 2,
          "question_type": "관계",
          "question": "이 곳에 인접한 시설을 알 수 있나요?",
          "question_wordNum": 7,
          "answer": "마곡역 5번 출구, 마곡엠밸리15단지아파트, 세븐일레븐, 와따버거",
          "answer_wordNum": 6,
          "fact": [
            "브런치팩토리,인접,마곡역 5번 출구, 마곡엠밸리15단지아파트, 세븐일레븐, 와따버거"
          ]
        },
        {
          "question_id": 3,
          "question_type": "정보",
          "question": "이 곳의 주소는 어떻게 되나요?",
          "question_wordNum": 5,
          "answer": "서울 강서구 마곡중앙로 36",
          "answer_wordNum": 4,
          "fact": [
            "브런치팩토리,주소,서울 강서구 마곡중앙로 36"
          ]
        }
      ]
    },
    {
      "image_id": 2,
      "question": [
        {
          "question_id": 0,
          "question_type": "정보",
          "question": "연락처를 알 수 있나요?",
          "question_wordNum": 4,
          "answer": "0507-1412-2631",
          "answer_wordNum": 1,
          "fact": [
            "브런치팩토리,연락처,0507-1412-2631"
          ]
        },
        {
          "question_id": 1,
          "question_type": "관계",
          "question": "이 곳에 인접한 시설이 있나요?",
          "question_wordNum": 5,
          "answer": "마곡역 5번 출구, 마곡엠밸리15단지아파트, 세븐일레븐, 와따버거",
          "answer_wordNum": 6,
          "fact": [
            "브런치팩토리,인접,마곡역 5번 출구, 마곡엠밸리15단지아파트, 세븐일레븐, 와따버거"
          ]
        },
        {
          "question_id": 2,
          "question_type": "정보",
          "question": "영업시간은 어떻게 되나요?",
          "question_wordNum": 3,
          "answer": "08:30/09:00~21:00",
          "answer_wordNum": 1,
          "fact": [
            "브런치팩토리,영업시간,08:30/09:00~21:00"
          ]
        },
        {
          "question_id": 3,
          "question_type": "정보",
          "question": "대표 메뉴가 무엇인가요?",
          "question_wordNum": 3,
          "answer": "멕시칸멜팅치즈샌드위치, 오리엔탈볶음밥",
          "answer_wordNum": 2,
          "fact": [
            "브런치팩토리,메뉴,멕시칸멜팅치즈샌드위치, 오리엔탈볶음밥"
          ]
        }
      ]
    },
    {
      "image_id": 3,
      "question": [
        {
          "question_id": 0,
          "question_type": "정보",
          "question": "연락처가 어떻게 되나요?",
          "question_wordNum": 3,
          "answer": "0507-1412-2631",
          "answer_wordNum": 1,
          "fact": [
            "브런치팩토리,연락처,0507-1412-2631"
          ]
        },
        {
          "question_id": 1,
          "question_type": "정보",
          "question": "이 곳의 메뉴를 알 수 있나요?",
          "question_wordNum": 6,
          "answer": "멕시칸멜팅치즈샌드위치, 오리엔탈볶음밥",
          "answer_wordNum": 2,
          "fact": [
            "브런치팩토리,메뉴,멕시칸멜팅치즈샌드위치, 오리엔탈볶음밥"
          ]
        },
        {
          "question_id": 2,
          "question_type": "정보",
          "question": "영업시간은 어떻게 되나요?",
          "question_wordNum": 3,
          "answer": "08:30/09:00~21:00",
          "answer_wordNum": 1,
          "fact": [
            "브런치팩토리,영업시간,08:30/09:00~21:00"
          ]
        },
        {
          "question_id": 3,
          "question_type": "정보",
          "question": "이 곳의 주소는 어떻게 되나요?",
          "question_wordNum": 5,
          "answer": "서울 강서구 마곡중앙로 36",
          "answer_wordNum": 4,
          "fact": [
            "브런치팩토리,주소,서울 강서구 마곡중앙로 36"
          ]
        }
      ]
    },
    {
      "image_id": 4,
      "question": [
        {
          "question_id": 0,
          "question_type": "탐색",
          "question": "주차시설이 있나요?",
          "question_wordNum": 2,
          "answer": "있음",
          "answer_wordNum": 1,
          "fact": [
            "브런치팩토리,주차시설,있음"
          ]
        },
        {
          "question_id": 1,
          "question_type": "정보",
          "question": "영업시간은 어떻게 되나요?",
          "question_wordNum": 3,
          "answer": "08:30/09:00~21:00",
          "answer_wordNum": 1,
          "fact": [
            "브런치팩토리,영업시간,08:30/09:00~21:00"
          ]
        },
        {
          "question_id": 2,
          "question_type": "정보",
          "question": "이 곳의 주소를 알 수 있나요?",
          "question_wordNum": 6,
          "answer": "서울 강서구 마곡중앙로 36",
          "answer_wordNum": 4,
          "fact": [
            "브런치팩토리,주소,서울 강서구 마곡중앙로 36"
          ]
        },
        {
          "question_id": 3,
          "question_type": "정보",
          "question": "연락처가 어떻게 되나요?",
          "question_wordNum": 3,
          "answer": "0507-1412-2631",
          "answer_wordNum": 1,
          "fact": [
            "브런치팩토리,연락처,0507-1412-2631"
          ]
        }
      ]
    }
  ]
}