{
  "data": {
    "dataset": "2-083-219",
    "POI_id": "561382",
    "travelType": "음식점",
    "place": "이타순대국",
    "area": "서울"
  },
  "imageInfo": [
    {
      "image_id": 0,
      "filename": "561382_0_su_5_이타순대국_1_001.png",
      "mapx": 37.567651278023,
      "mapy": 126.842241894876,
      "width": 3840,
      "height": 2160,
      "caption_info": [
        "이타순대국(가양동)",
        "간판, 여닫이문, 차양막"
      ]
    },
    {
      "image_id": 1,
      "filename": "561382_0_su_5_이타순대국_1_002.png",
      "mapx": 37.567651278023,
      "mapy": 126.842241894876,
      "width": 3840,
      "height": 2160,
      "caption_info": [
        "이타순대국(가양동)",
        "간판, 여닫이문, 건물, 차양막"
      ]
    },
    {
      "image_id": 2,
      "filename": "561382_0_su_5_이타순대국_1_003.png",
      "mapx": 37.567651278023,
      "mapy": 126.842241894876,
      "width": 3840,
      "height": 2160,
      "caption_info": [
        "이타순대국(가양동)",
        "테이블, 등받이의자, 조명"
      ]
    },
    {
      "image_id": 3,
      "filename": "561382_0_su_5_이타순대국_1_004.png",
      "mapx": 37.567651278023,
      "mapy": 126.842241894876,
      "width": 3840,
      "height": 2160,
      "caption_info": [
        "이타순대국(가양동)",
        "메뉴판"
      ]
    },
    {
      "image_id": 4,
      "filename": "561382_0_su_5_이타순대국_1_005.png",
      "mapx": 37.567651278023,
      "mapy": 126.842241894876,
      "width": 3840,
      "height": 2160,
      "caption_info": [
        "이타순대국(가양동)",
        "순대국"
      ]
    }
  ],
  "annotations": [
    {
      "image_id": 0,
      "question": [
        {
          "question_id": 0,
          "question_type": "정보",
          "question": "연락처가 어떻게 되나요?",
          "question_wordNum": 3,
          "answer": "02-2659-1410",
          "answer_wordNum": 1,
          "fact": [
            "이타순대국,연락처,02-2659-1410"
          ]
        },
        {
          "question_id": 1,
          "question_type": "정보",
          "question": "영업시간은 어떻게 되나요?",
          "question_wordNum": 3,
          "answer": "10:30~21:00",
          "answer_wordNum": 1,
          "fact": [
            "이타순대국,영업시간,10:30~21:00"
          ]
        },
        {
          "question_id": 2,
          "question_type": "정보",
          "question": "이 곳의 주요 메뉴를 알 수 있나요?",
          "question_wordNum": 7,
          "answer": "고기듬뿍 김치찌개, 순대국",
          "answer_wordNum": 3,
          "fact": [
            "이타순대국,메뉴,고기듬뿍 김치찌개, 순대국"
          ]
        },
        {
          "question_id": 3,
          "question_type": "정보",
          "question": "이 곳에 인접한 시설이 있나요?",
          "question_wordNum": 5,
          "answer": "362키친, 다래정생고기, 양천향교역 5번 출구",
          "answer_wordNum": 5,
          "fact": [
            "이타순대국,인접,362키친, 다래정생고기, 양천향교역 5번 출구"
          ]
        }
      ]
    },
    {
      "image_id": 1,
      "question": [
        {
          "question_id": 0,
          "question_type": "정보",
          "question": "이 곳의 주요 메뉴는 무엇이 있나요?",
          "question_wordNum": 6,
          "answer": "고기듬뿍 김치찌개, 순대국",
          "answer_wordNum": 3,
          "fact": [
            "이타순대국,메뉴,고기듬뿍 김치찌개, 순대국"
          ]
        },
        {
          "question_id": 1,
          "question_type": "정보",
          "question": "휴무일은 어떻게 되나요?",
          "question_wordNum": 3,
          "answer": "고기듬뿍 김치찌개, 순대국",
          "answer_wordNum": 3,
          "fact": [
            "이타순대국,메뉴,고기듬뿍 김치찌개, 순대국"
          ]
        },
        {
          "question_id": 2,
          "question_type": "탐색",
          "question": "주차시설이 있는지 알 수 있나요?",
          "question_wordNum": 5,
          "answer": "있음",
          "answer_wordNum": 1,
          "fact": [
            "이타순대국,주차시설,있음"
          ]
        },
        {
          "question_id": 3,
          "question_type": "정보",
          "question": "이 곳에 인접한 시설이 있나요?",
          "question_wordNum": 5,
          "answer": "362키친, 다래정생고기, 양천향교역 5번 출구",
          "answer_wordNum": 5,
          "fact": [
            "이타순대국,인접,362키친, 다래정생고기, 양천향교역 5번 출구"
          ]
        }
      ]
    },
    {
      "image_id": 2,
      "question": [
        {
          "question_id": 0,
          "question_type": "정보",
          "question": "연락처를 알 수 있나요?",
          "question_wordNum": 4,
          "answer": "02-2659-1410",
          "answer_wordNum": 1,
          "fact": [
            "이타순대국,연락처,02-2659-1410"
          ]
        },
        {
          "question_id": 1,
          "question_type": "탐색",
          "question": "주차시설이 있나요?",
          "question_wordNum": 2,
          "answer": "있음",
          "answer_wordNum": 1,
          "fact": [
            "이타순대국,주차시설,있음"
          ]
        },
        {
          "question_id": 2,
          "question_type": "정보",
          "question": "영업시간은 어떻게 되나요?",
          "question_wordNum": 3,
          "answer": "10:30~21:00",
          "answer_wordNum": 1,
          "fact": [
            "이타순대국,영업시간,10:30~21:00"
          ]
        },
        {
          "question_id": 3,
          "question_type": "정보",
          "question": "이 곳에 인접한 시설이 있나요?",
          "question_wordNum": 5,
          "answer": "362키친, 다래정생고기, 양천향교역 5번 출구",
          "answer_wordNum": 5,
          "fact": [
            "이타순대국,인접,362키친, 다래정생고기, 양천향교역 5번 출구"
          ]
        }
      ]
    },
    {
      "image_id": 3,
      "question": [
        {
          "question_id": 0,
          "question_type": "정보",
          "question": "이 곳의 대표적인 메뉴는 무엇이 있나요?",
          "question_wordNum": 6,
          "answer": "고기듬뿍 김치찌개, 순대국",
          "answer_wordNum": 3,
          "fact": [
            "이타순대국,메뉴,고기듬뿍 김치찌개, 순대국"
          ]
        },
        {
          "question_id": 1,
          "question_type": "탐색",
          "question": "주차시설이 있는지 알 수 있나요?",
          "question_wordNum": 5,
          "answer": "있음",
          "answer_wordNum": 1,
          "fact": [
            "이타순대국,주차시설,있음"
          ]
        },
        {
          "question_id": 2,
          "question_type": "정보",
          "question": "영업시간은 어떻게 되나요?",
          "question_wordNum": 3,
          "answer": "10:30~21:00",
          "answer_wordNum": 1,
          "fact": [
            "이타순대국,영업시간,10:30~21:00"
          ]
        },
        {
          "question_id": 3,
          "question_type": "정보",
          "question": "이 곳에 인접한 시설이 있나요?",
          "question_wordNum": 5,
          "answer": "362키친, 다래정생고기, 양천향교역 5번 출구",
          "answer_wordNum": 5,
          "fact": [
            "이타순대국,인접,362키친, 다래정생고기, 양천향교역 5번 출구"
          ]
        }
      ]
    },
    {
      "image_id": 4,
      "question": [
        {
          "question_id": 0,
          "question_type": "정보",
          "question": "이 곳의 주요 메뉴를 알 수 있나요?",
          "question_wordNum": 7,
          "answer": "고기듬뿍 김치찌개, 순대국",
          "answer_wordNum": 3,
          "fact": [
            "이타순대국,메뉴,고기듬뿍 김치찌개, 순대국"
          ]
        },
        {
          "question_id": 1,
          "question_type": "탐색",
          "question": "주차시설이 있는지 알 수 있나요?",
          "question_wordNum": 5,
          "answer": "있음",
          "answer_wordNum": 1,
          "fact": [
            "이타순대국,주차시설,있음"
          ]
        },
        {
          "question_id": 2,
          "question_type": "정보",
          "question": "영업시간을 알 수 있나요?",
          "question_wordNum": 4,
          "answer": "10:30~21:00",
          "answer_wordNum": 1,
          "fact": [
            "이타순대국,영업시간,10:30~21:00"
          ]
        },
        {
          "question_id": 3,
          "question_type": "정보",
          "question": "이 곳에 인접한 시설이 있나요?",
          "question_wordNum": 5,
          "answer": "362키친, 다래정생고기, 양천향교역 5번 출구",
          "answer_wordNum": 5,
          "fact": [
            "이타순대국,인접,362키친, 다래정생고기, 양천향교역 5번 출구"
          ]
        }
      ]
    }
  ]
}