{
  "data": {
    "dataset": "2-083-219",
    "POI_id": "561400",
    "travelType": "음식점",
    "place": "이차돌 강서한강자이점",
    "area": "서울"
  },
  "imageInfo": [
    {
      "image_id": 0,
      "filename": "561400_0_su_5_이차돌 강서한강자이점_2_001.png",
      "mapx": 37.5657010514328,
      "mapy": 126.84764409296,
      "width": 3840,
      "height": 2160,
      "caption_info": [
        "이차돌 강서한강자이점(가양동)",
        "간판, 폴딩도어"
      ]
    },
    {
      "image_id": 1,
      "filename": "561400_0_su_5_이차돌 강서한강자이점_2_002.png",
      "mapx": 37.5657010514328,
      "mapy": 126.84764409296,
      "width": 3840,
      "height": 2160,
      "caption_info": [
        "이차돌 강서한강자이점(가양동)",
        "간판, 폴딩도어"
      ]
    },
    {
      "image_id": 2,
      "filename": "561400_0_su_5_이차돌 강서한강자이점_2_003.png",
      "mapx": 37.5657010514328,
      "mapy": 126.84764409296,
      "width": 3840,
      "height": 2160,
      "caption_info": [
        "이차돌 강서한강자이점(가양동)",
        "테이블, 등받이의자"
      ]
    },
    {
      "image_id": 3,
      "filename": "561400_0_su_5_이차돌 강서한강자이점_2_004.png",
      "mapx": 37.5657010514328,
      "mapy": 126.84764409296,
      "width": 3840,
      "height": 2160,
      "caption_info": [
        "이차돌 강서한강자이점(가양동)",
        "메뉴판"
      ]
    },
    {
      "image_id": 4,
      "filename": "561400_0_su_5_이차돌 강서한강자이점_2_005.png",
      "mapx": 37.5657010514328,
      "mapy": 126.84764409296,
      "width": 3840,
      "height": 2160,
      "caption_info": [
        "이차돌 강서한강자이점(가양동)",
        "차돌박이"
      ]
    }
  ],
  "annotations": [
    {
      "image_id": 0,
      "question": [
        {
          "question_id": 0,
          "question_type": "정보",
          "question": "이 곳의 주요 메뉴는 무엇이 있나요?",
          "question_wordNum": 6,
          "answer": "차돌박이 대표한상, 차돌삼겹 한상",
          "answer_wordNum": 4,
          "fact": [
            "이차돌 강서한강자이점,메뉴,차돌박이 대표한상, 차돌삼겹 한상"
          ]
        },
        {
          "question_id": 1,
          "question_type": "정보",
          "question": "영업시간은 어떻게 되나요?",
          "question_wordNum": 3,
          "answer": "11:00/11:30/17:30~22:30",
          "answer_wordNum": 1,
          "fact": [
            "이차돌 강서한강자이점,영업시간,11:00/11:30/17:30~22:30"
          ]
        },
        {
          "question_id": 2,
          "question_type": "정보",
          "question": "이 곳의 주소를 알 수 있나요?",
          "question_wordNum": 6,
          "answer": "서울 강서구 양천로 401 1층",
          "answer_wordNum": 5,
          "fact": [
            "이차돌 강서한강자이점,주소,서울 강서구 양천로 401 1층"
          ]
        },
        {
          "question_id": 3,
          "question_type": "정보",
          "question": "이 곳에 인접한 시설이 있나요?",
          "question_wordNum": 5,
          "answer": "CU, 남다른감자탕, 가양역 1번 출구",
          "answer_wordNum": 5,
          "fact": [
            "이차돌 강서한강자이점,인접,CU, 남다른감자탕, 가양역 1번 출구"
          ]
        }
      ]
    },
    {
      "image_id": 1,
      "question": [
        {
          "question_id": 0,
          "question_type": "탐색",
          "question": "주차시설이 있나요?",
          "question_wordNum": 2,
          "answer": "있음",
          "answer_wordNum": 1,
          "fact": [
            "이차돌 강서한강자이점,주차시설,있음"
          ]
        },
        {
          "question_id": 1,
          "question_type": "정보",
          "question": "연락처를 알 수 있나요?",
          "question_wordNum": 4,
          "answer": "02-2638-5222",
          "answer_wordNum": 1,
          "fact": [
            "이차돌 강서한강자이점,연락처,02-2638-5222"
          ]
        },
        {
          "question_id": 2,
          "question_type": "정보",
          "question": "이 곳의 주소를 알 수 있나요?",
          "question_wordNum": 6,
          "answer": "서울 강서구 양천로 401 1층",
          "answer_wordNum": 5,
          "fact": [
            "이차돌 강서한강자이점,주소,서울 강서구 양천로 401 1층"
          ]
        },
        {
          "question_id": 3,
          "question_type": "정보",
          "question": "이 곳에 인접한 시설이 있나요?",
          "question_wordNum": 5,
          "answer": "CU, 남다른감자탕, 가양역 1번 출구",
          "answer_wordNum": 5,
          "fact": [
            "이차돌 강서한강자이점,인접,CU, 남다른감자탕, 가양역 1번 출구"
          ]
        }
      ]
    },
    {
      "image_id": 2,
      "question": [
        {
          "question_id": 0,
          "question_type": "탐색",
          "question": "주차시설이 있나요?",
          "question_wordNum": 2,
          "answer": "있음",
          "answer_wordNum": 1,
          "fact": [
            "이차돌 강서한강자이점,주차시설,있음"
          ]
        },
        {
          "question_id": 1,
          "question_type": "정보",
          "question": "휴무일은 어떻게 되나요?",
          "question_wordNum": 3,
          "answer": "알수없음",
          "answer_wordNum": 1,
          "fact": [
            "이차돌 강서한강자이점,휴무일,알수없음"
          ]
        },
        {
          "question_id": 2,
          "question_type": "정보",
          "question": "영업시간은 어떻게 되나요?",
          "question_wordNum": 3,
          "answer": "11:00/11:30/17:30~22:30",
          "answer_wordNum": 1,
          "fact": [
            "이차돌 강서한강자이점,영업시간,11:00/11:30/17:30~22:30"
          ]
        },
        {
          "question_id": 3,
          "question_type": "정보",
          "question": "이 곳에 인접한 시설이 있나요?",
          "question_wordNum": 5,
          "answer": "CU, 남다른감자탕, 가양역 1번 출구",
          "answer_wordNum": 5,
          "fact": [
            "이차돌 강서한강자이점,인접,CU, 남다른감자탕, 가양역 1번 출구"
          ]
        }
      ]
    },
    {
      "image_id": 3,
      "question": [
        {
          "question_id": 0,
          "question_type": "탐색",
          "question": "주차시설이 있나요?",
          "question_wordNum": 2,
          "answer": "있음",
          "answer_wordNum": 1,
          "fact": [
            "이차돌 강서한강자이점,주차시설,있음"
          ]
        },
        {
          "question_id": 1,
          "question_type": "정보",
          "question": "이 곳의 대표적인 메뉴를 알 수 있나요?",
          "question_wordNum": 7,
          "answer": "차돌박이 대표한상, 차돌삼겹 한상",
          "answer_wordNum": 4,
          "fact": [
            "이차돌 강서한강자이점,메뉴,차돌박이 대표한상, 차돌삼겹 한상"
          ]
        },
        {
          "question_id": 2,
          "question_type": "정보",
          "question": "영업시간을 알 수 있나요?",
          "question_wordNum": 4,
          "answer": "11:00/11:30/17:30~22:30",
          "answer_wordNum": 1,
          "fact": [
            "이차돌 강서한강자이점,영업시간,11:00/11:30/17:30~22:30"
          ]
        },
        {
          "question_id": 3,
          "question_type": "정보",
          "question": "이 곳에 인접한 시설이 있나요?",
          "question_wordNum": 5,
          "answer": "CU, 남다른감자탕, 가양역 1번 출구",
          "answer_wordNum": 5,
          "fact": [
            "이차돌 강서한강자이점,인접,CU, 남다른감자탕, 가양역 1번 출구"
          ]
        }
      ]
    },
    {
      "image_id": 4,
      "question": [
        {
          "question_id": 0,
          "question_type": "정보",
          "question": "영업시간은 어떻게 되나요?",
          "question_wordNum": 3,
          "answer": "11:00/11:30/17:30~22:30",
          "answer_wordNum": 1,
          "fact": [
            "이차돌 강서한강자이점,영업시간,11:00/11:30/17:30~22:30"
          ]
        },
        {
          "question_id": 1,
          "question_type": "정보",
          "question": "휴무일을 알 수 있나요?",
          "question_wordNum": 4,
          "answer": "알수없음",
          "answer_wordNum": 1,
          "fact": [
            "이차돌 강서한강자이점,휴무일,알수없음"
          ]
        },
        {
          "question_id": 2,
          "question_type": "정보",
          "question": "연락처를 알 수 있나요?",
          "question_wordNum": 4,
          "answer": "02-2638-5222",
          "answer_wordNum": 1,
          "fact": [
            "이차돌 강서한강자이점,연락처,02-2638-5222"
          ]
        },
        {
          "question_id": 3,
          "question_type": "정보",
          "question": "이 곳에 인접한 시설이 있나요?",
          "question_wordNum": 5,
          "answer": "CU, 남다른감자탕, 가양역 1번 출구",
          "answer_wordNum": 5,
          "fact": [
            "이차돌 강서한강자이점,인접,CU, 남다른감자탕, 가양역 1번 출구"
          ]
        }
      ]
    }
  ]
}