{
  "data": {
    "dataset": "2-083-219",
    "POI_id": "561412",
    "travelType": "음식점",
    "place": "감탄떡볶이 가양2호점",
    "area": "서울"
  },
  "imageInfo": [
    {
      "image_id": 0,
      "filename": "561412_0_su_5_감탄떡볶이 가양2호점_1_001.png",
      "mapx": 37.5712114625604,
      "mapy": 126.843591958573,
      "width": 3840,
      "height": 2160,
      "caption_info": [
        "감탄떡볶이 가양2호점(가양동)",
        "여닫이문, 입간판"
      ]
    },
    {
      "image_id": 1,
      "filename": "561412_0_su_5_감탄떡볶이 가양2호점_1_002.png",
      "mapx": 37.5712114625604,
      "mapy": 126.843591958573,
      "width": 3840,
      "height": 2160,
      "caption_info": [
        "감탄떡볶이 가양2호점(가양동)",
        "건물"
      ]
    },
    {
      "image_id": 2,
      "filename": "561412_0_su_5_감탄떡볶이 가양2호점_1_003.png",
      "mapx": 37.5712114625604,
      "mapy": 126.843591958573,
      "width": 3840,
      "height": 2160,
      "caption_info": [
        "감탄떡볶이 가양2호점(가양동)",
        "테이블, 스툴 의자"
      ]
    },
    {
      "image_id": 3,
      "filename": "561412_0_su_5_감탄떡볶이 가양2호점_1_004.png",
      "mapx": 37.5712114625604,
      "mapy": 126.843591958573,
      "width": 3840,
      "height": 2160,
      "caption_info": [
        "감탄떡볶이 가양2호점(가양동)",
        "메뉴판"
      ]
    },
    {
      "image_id": 4,
      "filename": "561412_0_su_5_감탄떡볶이 가양2호점_1_005.png",
      "mapx": 37.5712114625604,
      "mapy": 126.843591958573,
      "width": 3840,
      "height": 2160,
      "caption_info": [
        "감탄떡볶이 가양2호점(가양동)",
        "치즈떡볶이"
      ]
    }
  ],
  "annotations": [
    {
      "image_id": 0,
      "question": [
        {
          "question_id": 0,
          "question_type": "정보",
          "question": "연락처를 알 수 있나요?",
          "question_wordNum": 4,
          "answer": "02-2659-0704",
          "answer_wordNum": 1,
          "fact": [
            "감탄떡볶이 가양2호점,연락처,02-2659-0704"
          ]
        },
        {
          "question_id": 1,
          "question_type": "정보",
          "question": "영업시간을 알 수 있나요?",
          "question_wordNum": 4,
          "answer": "11:00~21:00",
          "answer_wordNum": 1,
          "fact": [
            "감탄떡볶이 가양2호점,영업시간,11:00~21:00"
          ]
        },
        {
          "question_id": 2,
          "question_type": "정보",
          "question": "이 곳의 메뉴를 알 수 있나요?",
          "question_wordNum": 6,
          "answer": "밀떡볶이, 바삭튀김",
          "answer_wordNum": 2,
          "fact": [
            "감탄떡볶이 가양2호점,메뉴,밀떡볶이, 바삭튀김"
          ]
        },
        {
          "question_id": 3,
          "question_type": "정보",
          "question": "이 곳의 주소를 알 수 있나요?",
          "question_wordNum": 6,
          "answer": "서울 강서구 허준로 23 한강아파트 제상가동 104호",
          "answer_wordNum": 7,
          "fact": [
            "감탄떡볶이 가양2호점,주소,서울 강서구 허준로 23 한강아파트 제상가동 104호"
          ]
        }
      ]
    },
    {
      "image_id": 1,
      "question": [
        {
          "question_id": 0,
          "question_type": "정보",
          "question": "이 곳의 메뉴를 알 수 있나요?",
          "question_wordNum": 6,
          "answer": "밀떡볶이, 바삭튀김",
          "answer_wordNum": 2,
          "fact": [
            "감탄떡볶이 가양2호점,메뉴,밀떡볶이, 바삭튀김"
          ]
        },
        {
          "question_id": 1,
          "question_type": "정보",
          "question": "연락처를 알 수 있나요?",
          "question_wordNum": 4,
          "answer": "02-2659-0704",
          "answer_wordNum": 1,
          "fact": [
            "감탄떡볶이 가양2호점,연락처,02-2659-0704"
          ]
        },
        {
          "question_id": 2,
          "question_type": "정보",
          "question": "영업시간은 어떻게 되나요?",
          "question_wordNum": 3,
          "answer": "11:00~21:00",
          "answer_wordNum": 1,
          "fact": [
            "감탄떡볶이 가양2호점,영업시간,11:00~21:00"
          ]
        },
        {
          "question_id": 3,
          "question_type": "관계",
          "question": "이 곳에 인접한 시설이 있나요?",
          "question_wordNum": 5,
          "answer": "양천향교역 3번 출구, 요거프레소, 뚜레쥬르",
          "answer_wordNum": 5,
          "fact": [
            "감탄떡볶이 가양2호점,인접,양천향교역 3번 출구, 요거프레소, 뚜레쥬르"
          ]
        }
      ]
    },
    {
      "image_id": 2,
      "question": [
        {
          "question_id": 0,
          "question_type": "관계",
          "question": "이 곳에 인접한 시설을 알 수 있나요?",
          "question_wordNum": 7,
          "answer": "양천향교역 3번 출구, 요거프레소, 뚜레쥬르",
          "answer_wordNum": 5,
          "fact": [
            "감탄떡볶이 가양2호점,인접,양천향교역 3번 출구, 요거프레소, 뚜레쥬르"
          ]
        },
        {
          "question_id": 1,
          "question_type": "정보",
          "question": "영업시간을 알 수 있나요?",
          "question_wordNum": 4,
          "answer": "11:00~21:00",
          "answer_wordNum": 1,
          "fact": [
            "감탄떡볶이 가양2호점,영업시간,11:00~21:00"
          ]
        },
        {
          "question_id": 2,
          "question_type": "정보",
          "question": "이 곳의 주소는 어떻게 되나요?",
          "question_wordNum": 5,
          "answer": "서울 강서구 허준로 23 한강아파트 제상가동 104호",
          "answer_wordNum": 7,
          "fact": [
            "감탄떡볶이 가양2호점,주소,서울 강서구 허준로 23 한강아파트 제상가동 104호"
          ]
        },
        {
          "question_id": 3,
          "question_type": "탐색",
          "question": "주차시설이 있는지 알 수 있나요?",
          "question_wordNum": 5,
          "answer": "없음",
          "answer_wordNum": 1,
          "fact": [
            "감탄떡볶이 가양2호점,주차시설,없음"
          ]
        }
      ]
    },
    {
      "image_id": 3,
      "question": [
        {
          "question_id": 0,
          "question_type": "관계",
          "question": "이 곳에 인접한 시설을 알 수 있나요?",
          "question_wordNum": 7,
          "answer": "양천향교역 3번 출구, 요거프레소, 뚜레쥬르",
          "answer_wordNum": 5,
          "fact": [
            "감탄떡볶이 가양2호점,인접,양천향교역 3번 출구, 요거프레소, 뚜레쥬르"
          ]
        },
        {
          "question_id": 1,
          "question_type": "탐색",
          "question": "주차시설이 있는지 알 수 있나요?",
          "question_wordNum": 5,
          "answer": "없음",
          "answer_wordNum": 1,
          "fact": [
            "감탄떡볶이 가양2호점,주차시설,없음"
          ]
        },
        {
          "question_id": 2,
          "question_type": "정보",
          "question": "대표 메뉴가 무엇인가요?",
          "question_wordNum": 3,
          "answer": "밀떡볶이, 바삭튀김",
          "answer_wordNum": 2,
          "fact": [
            "감탄떡볶이 가양2호점,메뉴,밀떡볶이, 바삭튀김"
          ]
        },
        {
          "question_id": 3,
          "question_type": "정보",
          "question": "영업시간을 알 수 있나요?",
          "question_wordNum": 4,
          "answer": "11:00~21:00",
          "answer_wordNum": 1,
          "fact": [
            "감탄떡볶이 가양2호점,영업시간,11:00~21:00"
          ]
        }
      ]
    },
    {
      "image_id": 4,
      "question": [
        {
          "question_id": 0,
          "question_type": "정보",
          "question": "이 곳의 메뉴를 알 수 있나요?",
          "question_wordNum": 6,
          "answer": "밀떡볶이, 바삭튀김",
          "answer_wordNum": 2,
          "fact": [
            "감탄떡볶이 가양2호점,메뉴,밀떡볶이, 바삭튀김"
          ]
        },
        {
          "question_id": 1,
          "question_type": "정보",
          "question": "연락처를 알 수 있나요?",
          "question_wordNum": 4,
          "answer": "02-2659-0704",
          "answer_wordNum": 1,
          "fact": [
            "감탄떡볶이 가양2호점,연락처,02-2659-0704"
          ]
        },
        {
          "question_id": 2,
          "question_type": "관계",
          "question": "이 곳에 인접한 시설을 알 수 있나요?",
          "question_wordNum": 7,
          "answer": "양천향교역 3번 출구, 요거프레소, 뚜레쥬르",
          "answer_wordNum": 5,
          "fact": [
            "감탄떡볶이 가양2호점,인접,양천향교역 3번 출구, 요거프레소, 뚜레쥬르"
          ]
        },
        {
          "question_id": 3,
          "question_type": "정보",
          "question": "영업시간을 알 수 있나요?",
          "question_wordNum": 4,
          "answer": "11:00~21:00",
          "answer_wordNum": 1,
          "fact": [
            "감탄떡볶이 가양2호점,영업시간,11:00~21:00"
          ]
        }
      ]
    }
  ]
}