{
  "data": {
    "dataset": "2-083-219",
    "POI_id": "561821",
    "travelType": "음식점",
    "place": "중화식탁 ",
    "area": "서울"
  },
  "imageInfo": [
    {
      "image_id": 0,
      "filename": "561821_0_su_5_중화식탁 _3_001.png",
      "mapx": 37.5551021778519,
      "mapy": 126.818279473363,
      "width": 3840,
      "height": 2160,
      "caption_info": [
        "중화식탁(강서구) ",
        "간판"
      ]
    },
    {
      "image_id": 1,
      "filename": "561821_0_su_5_중화식탁 _3_002.png",
      "mapx": 37.5551021778519,
      "mapy": 126.818279473363,
      "width": 3840,
      "height": 2160,
      "caption_info": [
        "중화식탁(강서구) ",
        "간판"
      ]
    },
    {
      "image_id": 2,
      "filename": "561821_0_su_5_중화식탁 _3_003.png",
      "mapx": 37.5551021778519,
      "mapy": 126.818279473363,
      "width": 3840,
      "height": 2160,
      "caption_info": [
        "중화식탁(강서구) ",
        "등받이 의자"
      ]
    },
    {
      "image_id": 3,
      "filename": "561821_0_su_5_중화식탁 _3_004.png",
      "mapx": 37.5551021778519,
      "mapy": 126.818279473363,
      "width": 3840,
      "height": 2160,
      "caption_info": [
        "중화식탁(강서구) ",
        "메뉴판 "
      ]
    },
    {
      "image_id": 4,
      "filename": "561821_0_su_5_중화식탁 _3_005.png",
      "mapx": 37.5551021778519,
      "mapy": 126.818279473363,
      "width": 3840,
      "height": 2160,
      "caption_info": [
        "중화식탁(강서구) ",
        "접시 "
      ]
    }
  ],
  "annotations": [
    {
      "image_id": 0,
      "question": [
        {
          "question_id": 0,
          "question_type": "정보",
          "question": "휴무일은 어떻게 되나요?",
          "question_wordNum": 3,
          "answer": "매주 월요일",
          "answer_wordNum": 2,
          "fact": [
            "중화식탁,휴무일,매주 월요일"
          ]
        },
        {
          "question_id": 1,
          "question_type": "관계",
          "question": "이 곳에 인접한 시설이 있나요?",
          "question_wordNum": 5,
          "answer": "마곡역 7번 출구, 다솔어린이공원, 빈컾, 신가네김밥",
          "answer_wordNum": 6,
          "fact": [
            "중화식탁,인접,마곡역 7번 출구, 다솔어린이공원, 빈컾, 신가네김밥"
          ]
        },
        {
          "question_id": 2,
          "question_type": "정보",
          "question": "연락처를 알 수 있나요?",
          "question_wordNum": 4,
          "answer": "0507-1387-8744",
          "answer_wordNum": 1,
          "fact": [
            "중화식탁,연락처,0507-1387-8744"
          ]
        },
        {
          "question_id": 3,
          "question_type": "정보",
          "question": "영업시간은 어떻게 되나요?",
          "question_wordNum": 3,
          "answer": "10:30~22:00",
          "answer_wordNum": 1,
          "fact": [
            "중화식탁,영업시간,10:30~22:00"
          ]
        }
      ]
    },
    {
      "image_id": 1,
      "question": [
        {
          "question_id": 0,
          "question_type": "정보",
          "question": "이 곳의 주소는 어떻게 되나요?",
          "question_wordNum": 5,
          "answer": "서울 강서구 방화대로6라길 1",
          "answer_wordNum": 4,
          "fact": [
            "중화식탁,주소,서울 강서구 방화대로6라길 1"
          ]
        },
        {
          "question_id": 1,
          "question_type": "정보",
          "question": "휴무일은 어떻게 되나요?",
          "question_wordNum": 3,
          "answer": "매주 월요일",
          "answer_wordNum": 2,
          "fact": [
            "중화식탁,휴무일,매주 월요일"
          ]
        },
        {
          "question_id": 2,
          "question_type": "탐색",
          "question": "주차시설이 있는지 알 수 있나요?",
          "question_wordNum": 5,
          "answer": "있음",
          "answer_wordNum": 1,
          "fact": [
            "중화식탁,주차시설,있음"
          ]
        },
        {
          "question_id": 3,
          "question_type": "정보",
          "question": "이 곳의 메뉴를 알 수 있나요?",
          "question_wordNum": 6,
          "answer": "해물짬뽕, 안심탕수육",
          "answer_wordNum": 2,
          "fact": [
            "중화식탁,메뉴,해물짬뽕, 안심탕수육"
          ]
        }
      ]
    },
    {
      "image_id": 2,
      "question": [
        {
          "question_id": 0,
          "question_type": "정보",
          "question": "연락처가 어떻게 되나요?",
          "question_wordNum": 3,
          "answer": "0507-1387-8744",
          "answer_wordNum": 1,
          "fact": [
            "중화식탁,연락처,0507-1387-8744"
          ]
        },
        {
          "question_id": 1,
          "question_type": "관계",
          "question": "이 곳에 인접한 시설이 있나요?",
          "question_wordNum": 5,
          "answer": "마곡역 7번 출구, 다솔어린이공원, 빈컾, 신가네김밥",
          "answer_wordNum": 6,
          "fact": [
            "중화식탁,인접,마곡역 7번 출구, 다솔어린이공원, 빈컾, 신가네김밥"
          ]
        },
        {
          "question_id": 2,
          "question_type": "정보",
          "question": "휴무일을 알 수 있나요?",
          "question_wordNum": 4,
          "answer": "매주 월요일",
          "answer_wordNum": 2,
          "fact": [
            "중화식탁,휴무일,매주 월요일"
          ]
        },
        {
          "question_id": 3,
          "question_type": "정보",
          "question": "대표 메뉴가 무엇인가요?",
          "question_wordNum": 3,
          "answer": "해물짬뽕, 안심탕수육",
          "answer_wordNum": 2,
          "fact": [
            "중화식탁,메뉴,해물짬뽕, 안심탕수육"
          ]
        }
      ]
    },
    {
      "image_id": 3,
      "question": [
        {
          "question_id": 0,
          "question_type": "정보",
          "question": "영업시간은 어떻게 되나요?",
          "question_wordNum": 3,
          "answer": "10:30~22:00",
          "answer_wordNum": 1,
          "fact": [
            "중화식탁,영업시간,10:30~22:00"
          ]
        },
        {
          "question_id": 1,
          "question_type": "관계",
          "question": "이 곳에 인접한 시설을 알 수 있나요?",
          "question_wordNum": 7,
          "answer": "마곡역 7번 출구, 다솔어린이공원, 빈컾, 신가네김밥",
          "answer_wordNum": 6,
          "fact": [
            "중화식탁,인접,마곡역 7번 출구, 다솔어린이공원, 빈컾, 신가네김밥"
          ]
        },
        {
          "question_id": 2,
          "question_type": "탐색",
          "question": "주차시설이 있나요?",
          "question_wordNum": 2,
          "answer": "있음",
          "answer_wordNum": 1,
          "fact": [
            "중화식탁,주차시설,있음"
          ]
        },
        {
          "question_id": 3,
          "question_type": "정보",
          "question": "휴무일은 어떻게 되나요?",
          "question_wordNum": 3,
          "answer": "매주 월요일",
          "answer_wordNum": 2,
          "fact": [
            "중화식탁,휴무일,매주 월요일"
          ]
        }
      ]
    },
    {
      "image_id": 4,
      "question": [
        {
          "question_id": 0,
          "question_type": "정보",
          "question": "이 곳의 주소를 알 수 있나요?",
          "question_wordNum": 6,
          "answer": "서울 강서구 방화대로6라길 1",
          "answer_wordNum": 4,
          "fact": [
            "중화식탁,주소,서울 강서구 방화대로6라길 1"
          ]
        },
        {
          "question_id": 1,
          "question_type": "정보",
          "question": "휴무일은 어떻게 되나요?",
          "question_wordNum": 3,
          "answer": "매주 월요일",
          "answer_wordNum": 2,
          "fact": [
            "중화식탁,휴무일,매주 월요일"
          ]
        },
        {
          "question_id": 2,
          "question_type": "탐색",
          "question": "주차시설이 있나요?",
          "question_wordNum": 2,
          "answer": "있음",
          "answer_wordNum": 1,
          "fact": [
            "중화식탁,주차시설,있음"
          ]
        },
        {
          "question_id": 3,
          "question_type": "정보",
          "question": "영업시간은 어떻게 되나요?",
          "question_wordNum": 3,
          "answer": "10:30~22:00",
          "answer_wordNum": 1,
          "fact": [
            "중화식탁,영업시간,10:30~22:00"
          ]
        }
      ]
    }
  ]
}