{
  "data": {
    "dataset": "2-083-219",
    "POI_id": "561756",
    "travelType": "음식점",
    "place": "피자마루 우장산역점",
    "area": "서울"
  },
  "imageInfo": [
    {
      "image_id": 0,
      "filename": "561756_0_su_5_피자마루 우장산역점_1_001.png",
      "mapx": 37.5480776425205,
      "mapy": 126.834582814344,
      "width": 3840,
      "height": 2160,
      "caption_info": [
        "피자마루 우장산역점(내발산동)",
        "간판"
      ]
    },
    {
      "image_id": 1,
      "filename": "561756_0_su_5_피자마루 우장산역점_1_002.png",
      "mapx": 37.5480776425205,
      "mapy": 126.834582814344,
      "width": 3840,
      "height": 2160,
      "caption_info": [
        "피자마루 우장산역점(내발산동)",
        "간판, 배너, 여닫이문"
      ]
    },
    {
      "image_id": 2,
      "filename": "561756_0_su_5_피자마루 우장산역점_1_003.png",
      "mapx": 37.5480776425205,
      "mapy": 126.834582814344,
      "width": 3840,
      "height": 2160,
      "caption_info": [
        "피자마루 우장산역점(내발산동)",
        "테이블, 등받이 의자"
      ]
    },
    {
      "image_id": 3,
      "filename": "561756_0_su_5_피자마루 우장산역점_1_004.png",
      "mapx": 37.5480776425205,
      "mapy": 126.834582814344,
      "width": 3840,
      "height": 2160,
      "caption_info": [
        "피자마루 우장산역점(내발산동)",
        "메뉴판"
      ]
    },
    {
      "image_id": 4,
      "filename": "561756_0_su_5_피자마루 우장산역점_1_005.png",
      "mapx": 37.5480776425205,
      "mapy": 126.834582814344,
      "width": 3840,
      "height": 2160,
      "caption_info": [
        "피자마루 우장산역점(내발산동)",
        "피자"
      ]
    }
  ],
  "annotations": [
    {
      "image_id": 0,
      "question": [
        {
          "question_id": 0,
          "question_type": "정보",
          "question": "이 곳의 주요 메뉴는 무엇이 있나요?",
          "question_wordNum": 6,
          "answer": "골드 콤비네이션, 포테이토 바이트",
          "answer_wordNum": 4,
          "fact": [
            "피자마루 우장산역점,메뉴,골드 콤비네이션, 포테이토 바이트"
          ]
        },
        {
          "question_id": 1,
          "question_type": "관계",
          "question": "이 곳에 인접한 시설이 있나요?",
          "question_wordNum": 5,
          "answer": "우장산역 3번 출구, 한솥도시락, 아마스빈",
          "answer_wordNum": 5,
          "fact": [
            "피자마루 우장산역점,인접,우장산역 3번 출구, 한솥도시락, 아마스빈"
          ]
        },
        {
          "question_id": 2,
          "question_type": "탐색",
          "question": "주차시설이 있는지 알 수 있나요?",
          "question_wordNum": 5,
          "answer": "없음",
          "answer_wordNum": 1,
          "fact": [
            "피자마루 우장산역점,주차시설,없음"
          ]
        },
        {
          "question_id": 3,
          "question_type": "정보",
          "question": "영업시간을 알 수 있나요?",
          "question_wordNum": 4,
          "answer": "11:00~22:30",
          "answer_wordNum": 1,
          "fact": [
            "피자마루 우장산역점,영업시간,11:00~22:30"
          ]
        }
      ]
    },
    {
      "image_id": 1,
      "question": [
        {
          "question_id": 0,
          "question_type": "정보",
          "question": "연락처가 어떻게 되나요?",
          "question_wordNum": 3,
          "answer": "02-2694-1082",
          "answer_wordNum": 1,
          "fact": [
            "피자마루 우장산역점,연락처,02-2694-1082"
          ]
        },
        {
          "question_id": 1,
          "question_type": "정보",
          "question": "이 곳의 주요 메뉴를 알 수 있나요?",
          "question_wordNum": 7,
          "answer": "골드 콤비네이션, 포테이토 바이트",
          "answer_wordNum": 4,
          "fact": [
            "피자마루 우장산역점,메뉴,골드 콤비네이션, 포테이토 바이트"
          ]
        },
        {
          "question_id": 2,
          "question_type": "정보",
          "question": "휴무일은 어떻게 되나요?",
          "question_wordNum": 3,
          "answer": "첫째, 셋째 화요일",
          "answer_wordNum": 3,
          "fact": [
            "피자마루 우장산역점,휴무일,첫째, 셋째 화요일"
          ]
        },
        {
          "question_id": 3,
          "question_type": "정보",
          "question": "영업시간은 몇시부터 몇시까지로 기재되어 있나요?",
          "question_wordNum": 5,
          "answer": "11:00~22:30",
          "answer_wordNum": 1,
          "fact": [
            "피자마루 우장산역점,영업시간,11:00~22:30"
          ]
        }
      ]
    },
    {
      "image_id": 2,
      "question": [
        {
          "question_id": 0,
          "question_type": "탐색",
          "question": "주차시설이 있는지 알 수 있나요?",
          "question_wordNum": 5,
          "answer": "없음",
          "answer_wordNum": 1,
          "fact": [
            "피자마루 우장산역점,주차시설,없음"
          ]
        },
        {
          "question_id": 1,
          "question_type": "정보",
          "question": "연락처가 어떻게 되나요?",
          "question_wordNum": 3,
          "answer": "02-2694-1082",
          "answer_wordNum": 1,
          "fact": [
            "피자마루 우장산역점,연락처,02-2694-1082"
          ]
        },
        {
          "question_id": 2,
          "question_type": "관계",
          "question": "이 곳에 인접한 시설을 알 수 있나요?",
          "question_wordNum": 7,
          "answer": "우장산역 3번 출구, 한솥도시락, 아마스빈",
          "answer_wordNum": 5,
          "fact": [
            "피자마루 우장산역점,인접,우장산역 3번 출구, 한솥도시락, 아마스빈"
          ]
        },
        {
          "question_id": 3,
          "question_type": "정보",
          "question": "휴무일을 알 수 있나요?",
          "question_wordNum": 4,
          "answer": "첫째, 셋째 화요일",
          "answer_wordNum": 3,
          "fact": [
            "피자마루 우장산역점,휴무일,첫째, 셋째 화요일"
          ]
        }
      ]
    },
    {
      "image_id": 3,
      "question": [
        {
          "question_id": 0,
          "question_type": "정보",
          "question": "이 곳의 주요 메뉴를 알 수 있나요?",
          "question_wordNum": 7,
          "answer": "골드 콤비네이션, 포테이토 바이트",
          "answer_wordNum": 4,
          "fact": [
            "피자마루 우장산역점,메뉴,골드 콤비네이션, 포테이토 바이트"
          ]
        },
        {
          "question_id": 1,
          "question_type": "관계",
          "question": "이 곳에 인접한 시설을 알 수 있나요?",
          "question_wordNum": 7,
          "answer": "우장산역 3번 출구, 한솥도시락, 아마스빈",
          "answer_wordNum": 5,
          "fact": [
            "피자마루 우장산역점,인접,우장산역 3번 출구, 한솥도시락, 아마스빈"
          ]
        },
        {
          "question_id": 2,
          "question_type": "정보",
          "question": "이 곳의 주소를 알 수 있나요?",
          "question_wordNum": 6,
          "answer": "서울 강서구 강서로45길 28",
          "answer_wordNum": 4,
          "fact": [
            "피자마루 우장산역점,주소,서울 강서구 강서로45길 28"
          ]
        },
        {
          "question_id": 3,
          "question_type": "정보",
          "question": "연락처를 알 수 있나요?",
          "question_wordNum": 4,
          "answer": "02-2694-1082",
          "answer_wordNum": 1,
          "fact": [
            "피자마루 우장산역점,연락처,02-2694-1082"
          ]
        }
      ]
    },
    {
      "image_id": 4,
      "question": [
        {
          "question_id": 0,
          "question_type": "정보",
          "question": "이 곳의 주소를 알 수 있나요?",
          "question_wordNum": 6,
          "answer": "서울 강서구 강서로45길 28",
          "answer_wordNum": 4,
          "fact": [
            "피자마루 우장산역점,주소,서울 강서구 강서로45길 28"
          ]
        },
        {
          "question_id": 1,
          "question_type": "탐색",
          "question": "주차시설이 있나요?",
          "question_wordNum": 2,
          "answer": "없음",
          "answer_wordNum": 1,
          "fact": [
            "피자마루 우장산역점,주차시설,없음"
          ]
        },
        {
          "question_id": 2,
          "question_type": "정보",
          "question": "영업시간은 어떻게 되나요?",
          "question_wordNum": 3,
          "answer": "11:00~22:30",
          "answer_wordNum": 1,
          "fact": [
            "피자마루 우장산역점,영업시간,11:00~22:30"
          ]
        },
        {
          "question_id": 3,
          "question_type": "정보",
          "question": "휴무일은 어떻게 되나요?",
          "question_wordNum": 3,
          "answer": "첫째, 셋째 화요일",
          "answer_wordNum": 3,
          "fact": [
            "피자마루 우장산역점,휴무일,첫째, 셋째 화요일"
          ]
        }
      ]
    }
  ]
}