{
  "data": {
    "dataset": "2-083-219",
    "POI_id": "561700",
    "travelType": "음식점",
    "place": "라운지 목화 우장산관",
    "area": "서울"
  },
  "imageInfo": [
    {
      "image_id": 0,
      "filename": "561700_0_su_5_라운지 목화 우장산관_1_001.png",
      "mapx": 37.5511711929948,
      "mapy": 126.835403339873,
      "width": 3840,
      "height": 2160,
      "caption_info": [
        "라운지 목화 우장산관(내발산동)",
        "간판, 여닫이문"
      ]
    },
    {
      "image_id": 1,
      "filename": "561700_0_su_5_라운지 목화 우장산관_1_002.png",
      "mapx": 37.5511711929948,
      "mapy": 126.835403339873,
      "width": 3840,
      "height": 2160,
      "caption_info": [
        "라운지 목화 우장산관(내발산동)",
        "간판, 여닫이문, 입간판"
      ]
    },
    {
      "image_id": 2,
      "filename": "561700_0_su_5_라운지 목화 우장산관_1_003.png",
      "mapx": 37.5511711929948,
      "mapy": 126.835403339873,
      "width": 3840,
      "height": 2160,
      "caption_info": [
        "라운지 목화 우장산관(내발산동)",
        "등받이의자, 테이블, 옷걸이"
      ]
    },
    {
      "image_id": 3,
      "filename": "561700_0_su_5_라운지 목화 우장산관_1_004.png",
      "mapx": 37.5511711929948,
      "mapy": 126.835403339873,
      "width": 3840,
      "height": 2160,
      "caption_info": [
        "라운지 목화 우장산관(내발산동)",
        "메뉴판"
      ]
    },
    {
      "image_id": 4,
      "filename": "561700_0_su_5_라운지 목화 우장산관_1_005.png",
      "mapx": 37.5511711929948,
      "mapy": 126.835403339873,
      "width": 3840,
      "height": 2160,
      "caption_info": [
        "라운지 목화 우장산관(내발산동)",
        "크림새우"
      ]
    }
  ],
  "annotations": [
    {
      "image_id": 0,
      "question": [
        {
          "question_id": 0,
          "question_type": "정보",
          "question": "이 곳의 주요 메뉴는 무엇이 있나요?",
          "question_wordNum": 6,
          "answer": "아보카도 크림 새우, 차돌마라탕",
          "answer_wordNum": 4,
          "fact": [
            "라운지 목화 우장산관,메뉴,아보카도 크림 새우, 차돌마라탕"
          ]
        },
        {
          "question_id": 1,
          "question_type": "관계",
          "question": "이 곳에 인접한 시설이 있나요?",
          "question_wordNum": 5,
          "answer": "우장산역 4번 출구, 마모루, 쿠킹맘",
          "answer_wordNum": 5,
          "fact": [
            "라운지 목화 우장산관,인접,우장산역 4번 출구, 마모루, 쿠킹맘"
          ]
        },
        {
          "question_id": 2,
          "question_type": "정보",
          "question": "휴무일은 어떻게 되나요?",
          "question_wordNum": 3,
          "answer": "매주 일요일",
          "answer_wordNum": 2,
          "fact": [
            "라운지 목화 우장산관,휴무일,매주 일요일"
          ]
        },
        {
          "question_id": 3,
          "question_type": "정보",
          "question": "영업시간은 어떻게 되나요?",
          "question_wordNum": 3,
          "answer": "17:00~02:00",
          "answer_wordNum": 1,
          "fact": [
            "라운지 목화 우장산관,영업시간,17:00~02:00"
          ]
        }
      ]
    },
    {
      "image_id": 1,
      "question": [
        {
          "question_id": 0,
          "question_type": "정보",
          "question": "이 곳의 주소는 어떻게 되나요?",
          "question_wordNum": 5,
          "answer": "서울 강서구 강서로47가길 34",
          "answer_wordNum": 4,
          "fact": [
            "라운지 목화 우장산관,주소,서울 강서구 강서로47가길 34"
          ]
        },
        {
          "question_id": 1,
          "question_type": "정보",
          "question": "영업시간은 어떻게 되나요?",
          "question_wordNum": 3,
          "answer": "17:00~02:00",
          "answer_wordNum": 1,
          "fact": [
            "라운지 목화 우장산관,영업시간,17:00~02:00"
          ]
        },
        {
          "question_id": 2,
          "question_type": "정보",
          "question": "이 곳의 대표적인 메뉴는 무엇이 있나요?",
          "question_wordNum": 6,
          "answer": "아보카도 크림 새우, 차돌마라탕",
          "answer_wordNum": 4,
          "fact": [
            "라운지 목화 우장산관,메뉴,아보카도 크림 새우, 차돌마라탕"
          ]
        },
        {
          "question_id": 3,
          "question_type": "관계",
          "question": "이 곳에 인접한 시설이 있나요?",
          "question_wordNum": 5,
          "answer": "우장산역 4번 출구, 마모루, 쿠킹맘",
          "answer_wordNum": 5,
          "fact": [
            "라운지 목화 우장산관,인접,우장산역 4번 출구, 마모루, 쿠킹맘"
          ]
        }
      ]
    },
    {
      "image_id": 2,
      "question": [
        {
          "question_id": 0,
          "question_type": "정보",
          "question": "휴무일은 어떻게 되나요?",
          "question_wordNum": 3,
          "answer": "매주 일요일",
          "answer_wordNum": 2,
          "fact": [
            "라운지 목화 우장산관,휴무일,매주 일요일"
          ]
        },
        {
          "question_id": 1,
          "question_type": "정보",
          "question": "영업시간은 몇시부터 몇시까지로 기재되어 있나요?",
          "question_wordNum": 5,
          "answer": "17:00~02:00",
          "answer_wordNum": 1,
          "fact": [
            "라운지 목화 우장산관,영업시간,17:00~02:00"
          ]
        },
        {
          "question_id": 2,
          "question_type": "탐색",
          "question": "주차시설이 있나요?",
          "question_wordNum": 2,
          "answer": "있음",
          "answer_wordNum": 1,
          "fact": [
            "라운지 목화 우장산관,주차시설,있음"
          ]
        },
        {
          "question_id": 3,
          "question_type": "정보",
          "question": "연락처가 어떻게 되나요?",
          "question_wordNum": 3,
          "answer": "0507-1457-8057",
          "answer_wordNum": 1,
          "fact": [
            "라운지 목화 우장산관,연락처,0507-1457-8057"
          ]
        }
      ]
    },
    {
      "image_id": 3,
      "question": [
        {
          "question_id": 0,
          "question_type": "정보",
          "question": "이 곳의 주소는 어떻게 되나요?",
          "question_wordNum": 5,
          "answer": "서울 강서구 강서로47가길 34",
          "answer_wordNum": 4,
          "fact": [
            "라운지 목화 우장산관,주소,서울 강서구 강서로47가길 34"
          ]
        },
        {
          "question_id": 1,
          "question_type": "정보",
          "question": "이 곳의 주요 메뉴는 무엇이 있나요?",
          "question_wordNum": 6,
          "answer": "아보카도 크림 새우, 차돌마라탕",
          "answer_wordNum": 4,
          "fact": [
            "라운지 목화 우장산관,메뉴,아보카도 크림 새우, 차돌마라탕"
          ]
        },
        {
          "question_id": 2,
          "question_type": "탐색",
          "question": "주차시설이 있나요?",
          "question_wordNum": 2,
          "answer": "있음",
          "answer_wordNum": 1,
          "fact": [
            "라운지 목화 우장산관,주차시설,있음"
          ]
        },
        {
          "question_id": 3,
          "question_type": "정보",
          "question": "영업시간은 어떻게 되나요?",
          "question_wordNum": 3,
          "answer": "17:00~02:00",
          "answer_wordNum": 1,
          "fact": [
            "라운지 목화 우장산관,영업시간,17:00~02:00"
          ]
        }
      ]
    },
    {
      "image_id": 4,
      "question": [
        {
          "question_id": 0,
          "question_type": "정보",
          "question": "이 곳의 주소는 어떻게 되나요?",
          "question_wordNum": 5,
          "answer": "서울 강서구 강서로47가길 34",
          "answer_wordNum": 4,
          "fact": [
            "라운지 목화 우장산관,주소,서울 강서구 강서로47가길 34"
          ]
        },
        {
          "question_id": 1,
          "question_type": "정보",
          "question": "이 곳의 주요 메뉴는 무엇이 있나요?",
          "question_wordNum": 6,
          "answer": "아보카도 크림 새우, 차돌마라탕",
          "answer_wordNum": 4,
          "fact": [
            "라운지 목화 우장산관,메뉴,아보카도 크림 새우, 차돌마라탕"
          ]
        },
        {
          "question_id": 2,
          "question_type": "정보",
          "question": "휴무일은 어떻게 되나요?",
          "question_wordNum": 3,
          "answer": "매주 일요일",
          "answer_wordNum": 2,
          "fact": [
            "라운지 목화 우장산관,휴무일,매주 일요일"
          ]
        },
        {
          "question_id": 3,
          "question_type": "정보",
          "question": "연락처가 어떻게 되나요?",
          "question_wordNum": 3,
          "answer": "0507-1457-8057",
          "answer_wordNum": 1,
          "fact": [
            "라운지 목화 우장산관,연락처,0507-1457-8057"
          ]
        }
      ]
    }
  ]
}