{
  "data": {
    "dataset": "2-083-219",
    "POI_id": "561479",
    "travelType": "음식점",
    "place": "압구정곱창 마곡점",
    "area": "서울"
  },
  "imageInfo": [
    {
      "image_id": 0,
      "filename": "561479_0_su_5_압구정곱창 마곡점_1_001.png",
      "mapx": 37.5605729719154,
      "mapy": 126.837593310628,
      "width": 3840,
      "height": 2160,
      "caption_info": [
        "압구정곱창 마곡점(강서구)",
        "간판"
      ]
    },
    {
      "image_id": 1,
      "filename": "561479_0_su_5_압구정곱창 마곡점_1_002.png",
      "mapx": 37.5605729719154,
      "mapy": 126.837593310628,
      "width": 3840,
      "height": 2160,
      "caption_info": [
        "압구정곱창 마곡점(강서구)",
        "간판"
      ]
    },
    {
      "image_id": 2,
      "filename": "561479_0_su_5_압구정곱창 마곡점_1_003.png",
      "mapx": 37.5605729719154,
      "mapy": 126.837593310628,
      "width": 3840,
      "height": 2160,
      "caption_info": [
        "압구정곱창 마곡점(강서구)",
        "싱크대 "
      ]
    },
    {
      "image_id": 3,
      "filename": "561479_0_su_5_압구정곱창 마곡점_1_004.png",
      "mapx": 37.5605729719154,
      "mapy": 126.837593310628,
      "width": 3840,
      "height": 2160,
      "caption_info": [
        "압구정곱창 마곡점(강서구)",
        "메뉴판 "
      ]
    },
    {
      "image_id": 4,
      "filename": "561479_0_su_5_압구정곱창 마곡점_1_005.png",
      "mapx": 37.5605729719154,
      "mapy": 126.837593310628,
      "width": 3840,
      "height": 2160,
      "caption_info": [
        "압구정곱창 마곡점(강서구)",
        "고기"
      ]
    }
  ],
  "annotations": [
    {
      "image_id": 0,
      "question": [
        {
          "question_id": 0,
          "question_type": "정보",
          "question": "대표 메뉴가 무엇인가요?",
          "question_wordNum": 3,
          "answer": "한우곱창구이, 한우대창구이",
          "answer_wordNum": 2,
          "fact": [
            "압구정곱창 마곡점,메뉴,한우곱창구이, 한우대창구이"
          ]
        },
        {
          "question_id": 1,
          "question_type": "탐색",
          "question": "주차시설이 있나요?",
          "question_wordNum": 2,
          "answer": "있음",
          "answer_wordNum": 1,
          "fact": [
            "압구정곱창 마곡점,주차시설,있음"
          ]
        },
        {
          "question_id": 2,
          "question_type": "정보",
          "question": "휴무일을 알 수 있나요?",
          "question_wordNum": 4,
          "answer": "매주 일요일",
          "answer_wordNum": 2,
          "fact": [
            "압구정곱창 마곡점,휴무일,매주 일요일"
          ]
        },
        {
          "question_id": 3,
          "question_type": "정보",
          "question": "영업시간을 알 수 있나요?",
          "question_wordNum": 4,
          "answer": "16:00~22:00",
          "answer_wordNum": 1,
          "fact": [
            "압구정곱창 마곡점,영업시간,16:00~22:00"
          ]
        }
      ]
    },
    {
      "image_id": 1,
      "question": [
        {
          "question_id": 0,
          "question_type": "탐색",
          "question": "주차시설이 있나요?",
          "question_wordNum": 2,
          "answer": "있음",
          "answer_wordNum": 1,
          "fact": [
            "압구정곱창 마곡점,주차시설,있음"
          ]
        },
        {
          "question_id": 1,
          "question_type": "정보",
          "question": "연락처를 알 수 있나요?",
          "question_wordNum": 4,
          "answer": "02-3663-1411",
          "answer_wordNum": 1,
          "fact": [
            "압구정곱창 마곡점,연락처,02-3663-1411"
          ]
        },
        {
          "question_id": 2,
          "question_type": "정보",
          "question": "이 곳의 주소는 어떻게 되나요?",
          "question_wordNum": 5,
          "answer": "서울 강서구 마곡중앙8로 90",
          "answer_wordNum": 4,
          "fact": [
            "압구정곱창 마곡점,주소,서울 강서구 마곡중앙8로 90"
          ]
        },
        {
          "question_id": 3,
          "question_type": "정보",
          "question": "휴무일을 알 수 있나요?",
          "question_wordNum": 4,
          "answer": "매주 일요일",
          "answer_wordNum": 2,
          "fact": [
            "압구정곱창 마곡점,휴무일,매주 일요일"
          ]
        }
      ]
    },
    {
      "image_id": 2,
      "question": [
        {
          "question_id": 0,
          "question_type": "탐색",
          "question": "주차시설이 있는지 알 수 있나요?",
          "question_wordNum": 5,
          "answer": "있음",
          "answer_wordNum": 1,
          "fact": [
            "압구정곱창 마곡점,주차시설,있음"
          ]
        },
        {
          "question_id": 1,
          "question_type": "관계",
          "question": "이 곳에 인접한 시설이 있나요?",
          "question_wordNum": 5,
          "answer": "발산역 2번 출구, 라무진, 라까사",
          "answer_wordNum": 5,
          "fact": [
            "압구정곱창 마곡점,인접,발산역 2번 출구, 라무진, 라까사"
          ]
        },
        {
          "question_id": 2,
          "question_type": "정보",
          "question": "이 곳의 주소를 알 수 있나요?",
          "question_wordNum": 6,
          "answer": "서울 강서구 마곡중앙8로 90",
          "answer_wordNum": 4,
          "fact": [
            "압구정곱창 마곡점,주소,서울 강서구 마곡중앙8로 90"
          ]
        },
        {
          "question_id": 3,
          "question_type": "정보",
          "question": "영업시간을 알 수 있나요?",
          "question_wordNum": 4,
          "answer": "16:00~22:00",
          "answer_wordNum": 1,
          "fact": [
            "압구정곱창 마곡점,영업시간,16:00~22:00"
          ]
        }
      ]
    },
    {
      "image_id": 3,
      "question": [
        {
          "question_id": 0,
          "question_type": "정보",
          "question": "이 곳의 메뉴를 알 수 있나요?",
          "question_wordNum": 6,
          "answer": "한우곱창구이, 한우대창구이",
          "answer_wordNum": 2,
          "fact": [
            "압구정곱창 마곡점,메뉴,한우곱창구이, 한우대창구이"
          ]
        },
        {
          "question_id": 1,
          "question_type": "관계",
          "question": "이 곳에 인접한 시설이 있나요?",
          "question_wordNum": 5,
          "answer": "발산역 2번 출구, 라무진, 라까사",
          "answer_wordNum": 5,
          "fact": [
            "압구정곱창 마곡점,인접,발산역 2번 출구, 라무진, 라까사"
          ]
        },
        {
          "question_id": 2,
          "question_type": "탐색",
          "question": "주차시설이 있는지 알 수 있나요?",
          "question_wordNum": 5,
          "answer": "있음",
          "answer_wordNum": 1,
          "fact": [
            "압구정곱창 마곡점,주차시설,있음"
          ]
        },
        {
          "question_id": 3,
          "question_type": "정보",
          "question": "영업시간은 어떻게 되나요?",
          "question_wordNum": 3,
          "answer": "16:00~22:00",
          "answer_wordNum": 1,
          "fact": [
            "압구정곱창 마곡점,영업시간,16:00~22:00"
          ]
        }
      ]
    },
    {
      "image_id": 4,
      "question": [
        {
          "question_id": 0,
          "question_type": "정보",
          "question": "이 곳의 주소를 알 수 있나요?",
          "question_wordNum": 6,
          "answer": "서울 강서구 마곡중앙8로 90",
          "answer_wordNum": 4,
          "fact": [
            "압구정곱창 마곡점,주소,서울 강서구 마곡중앙8로 90"
          ]
        },
        {
          "question_id": 1,
          "question_type": "정보",
          "question": "휴무일은 어떻게 되나요?",
          "question_wordNum": 3,
          "answer": "매주 일요일",
          "answer_wordNum": 2,
          "fact": [
            "압구정곱창 마곡점,휴무일,매주 일요일"
          ]
        },
        {
          "question_id": 2,
          "question_type": "정보",
          "question": "영업시간은 어떻게 되나요?",
          "question_wordNum": 3,
          "answer": "16:00~22:00",
          "answer_wordNum": 1,
          "fact": [
            "압구정곱창 마곡점,영업시간,16:00~22:00"
          ]
        },
        {
          "question_id": 3,
          "question_type": "탐색",
          "question": "주차시설이 있나요?",
          "question_wordNum": 2,
          "answer": "있음",
          "answer_wordNum": 1,
          "fact": [
            "압구정곱창 마곡점,주차시설,있음"
          ]
        }
      ]
    }
  ]
}