{
  "data": {
    "dataset": "2-083-219",
    "POI_id": "561355",
    "travelType": "음식점",
    "place": "이조면옥 ",
    "area": "서울"
  },
  "imageInfo": [
    {
      "image_id": 0,
      "filename": "561355_0_su_5_이조면옥 _4_001.png",
      "mapx": 37.5684602013054,
      "mapy": 126.842249470641,
      "width": 3840,
      "height": 2160,
      "caption_info": [
        "이조면옥(가양동)",
        "간판, 자동차, 건물"
      ]
    },
    {
      "image_id": 1,
      "filename": "561355_0_su_5_이조면옥 _4_002.png",
      "mapx": 37.5684602013054,
      "mapy": 126.842249470641,
      "width": 3840,
      "height": 2160,
      "caption_info": [
        "이조면옥(가양동)",
        "여닫이문, 간판"
      ]
    },
    {
      "image_id": 2,
      "filename": "561355_0_su_5_이조면옥 _4_003.png",
      "mapx": 37.5684602013054,
      "mapy": 126.842249470641,
      "width": 3840,
      "height": 2160,
      "caption_info": [
        "이조면옥(가양동)",
        "테이블, 방석"
      ]
    },
    {
      "image_id": 3,
      "filename": "561355_0_su_5_이조면옥 _4_004.png",
      "mapx": 37.5684602013054,
      "mapy": 126.842249470641,
      "width": 3840,
      "height": 2160,
      "caption_info": [
        "이조면옥(가양동)",
        "메뉴판"
      ]
    },
    {
      "image_id": 4,
      "filename": "561355_0_su_5_이조면옥 _4_005.png",
      "mapx": 37.5684602013054,
      "mapy": 126.842249470641,
      "width": 3840,
      "height": 2160,
      "caption_info": [
        "이조면옥(가양동)",
        "왕갈비탕"
      ]
    }
  ],
  "annotations": [
    {
      "image_id": 0,
      "question": [
        {
          "question_id": 0,
          "question_type": "정보",
          "question": "이 곳의 주소는 어떻게 되나요?",
          "question_wordNum": 5,
          "answer": "서울 강서구 양천로 353",
          "answer_wordNum": 4,
          "fact": [
            "이조면옥,주소,서울 강서구 양천로 353"
          ]
        },
        {
          "question_id": 1,
          "question_type": "정보",
          "question": "이 곳의 주요 메뉴는 무엇이 있나요?",
          "question_wordNum": 6,
          "answer": "왕갈비탕, 영양갈비탕",
          "answer_wordNum": 2,
          "fact": [
            "이조면옥,메뉴,왕갈비탕, 영양갈비탕"
          ]
        },
        {
          "question_id": 2,
          "question_type": "탐색",
          "question": "주차시설이 있나요?",
          "question_wordNum": 2,
          "answer": "있음",
          "answer_wordNum": 1,
          "fact": [
            "이조면옥,주차시설,있음"
          ]
        },
        {
          "question_id": 3,
          "question_type": "정보",
          "question": "영업시간은 어떻게 되나요?",
          "question_wordNum": 3,
          "answer": "11:00 - 20:50",
          "answer_wordNum": 3,
          "fact": [
            "이조면옥,영업시간,11:00 - 20:50"
          ]
        }
      ]
    },
    {
      "image_id": 1,
      "question": [
        {
          "question_id": 0,
          "question_type": "탐색",
          "question": "주차시설이 있나요?",
          "question_wordNum": 2,
          "answer": "있음",
          "answer_wordNum": 1,
          "fact": [
            "이조면옥,주차시설,있음"
          ]
        },
        {
          "question_id": 1,
          "question_type": "정보",
          "question": "연락처가 어떻게 되나요?",
          "question_wordNum": 3,
          "answer": "02-3661-3457",
          "answer_wordNum": 1,
          "fact": [
            "이조면옥,연락처,02-3661-3457"
          ]
        },
        {
          "question_id": 2,
          "question_type": "정보",
          "question": "휴무일은 어떻게 되나요?",
          "question_wordNum": 3,
          "answer": "없음",
          "answer_wordNum": 1,
          "fact": [
            "이조면옥,휴무일,없음"
          ]
        },
        {
          "question_id": 3,
          "question_type": "정보",
          "question": "영업시간은 어떻게 되나요?",
          "question_wordNum": 3,
          "answer": "11:00 - 20:50",
          "answer_wordNum": 3,
          "fact": [
            "이조면옥,영업시간,11:00 - 20:50"
          ]
        }
      ]
    },
    {
      "image_id": 2,
      "question": [
        {
          "question_id": 0,
          "question_type": "탐색",
          "question": "주차시설이 있나요?",
          "question_wordNum": 2,
          "answer": "있음",
          "answer_wordNum": 1,
          "fact": [
            "이조면옥,주차시설,있음"
          ]
        },
        {
          "question_id": 1,
          "question_type": "정보",
          "question": "영업시간은 어떻게 되나요?",
          "question_wordNum": 3,
          "answer": "11:00 - 20:50",
          "answer_wordNum": 3,
          "fact": [
            "이조면옥,영업시간,11:00 - 20:50"
          ]
        },
        {
          "question_id": 2,
          "question_type": "정보",
          "question": "이 곳의 주소는 어떻게 되나요?",
          "question_wordNum": 5,
          "answer": "서울 강서구 양천로 353",
          "answer_wordNum": 4,
          "fact": [
            "이조면옥,주소,서울 강서구 양천로 353"
          ]
        },
        {
          "question_id": 3,
          "question_type": "정보",
          "question": "연락처가 어떻게 되나요?",
          "question_wordNum": 3,
          "answer": "02-3661-3457",
          "answer_wordNum": 1,
          "fact": [
            "이조면옥,연락처,02-3661-3457"
          ]
        }
      ]
    },
    {
      "image_id": 3,
      "question": [
        {
          "question_id": 0,
          "question_type": "정보",
          "question": "이 곳의 주요 메뉴는 무엇이 있나요?",
          "question_wordNum": 6,
          "answer": "왕갈비탕, 영양갈비탕",
          "answer_wordNum": 2,
          "fact": [
            "이조면옥,메뉴,왕갈비탕, 영양갈비탕"
          ]
        },
        {
          "question_id": 1,
          "question_type": "정보",
          "question": "영업시간은 어떻게 되나요?",
          "question_wordNum": 3,
          "answer": "11:00 - 20:50",
          "answer_wordNum": 3,
          "fact": [
            "이조면옥,영업시간,11:00 - 20:50"
          ]
        },
        {
          "question_id": 2,
          "question_type": "관계",
          "question": "이 곳에 인접한 시설이 있나요?",
          "question_wordNum": 5,
          "answer": "양천향교역 4번 출구, 커비 커피, 롤리밥스",
          "answer_wordNum": 6,
          "fact": [
            "이조면옥,인접,양천향교역 4번 출구, 커비 커피, 롤리밥스"
          ]
        },
        {
          "question_id": 3,
          "question_type": "정보",
          "question": "휴무일은 어떻게 되나요?",
          "question_wordNum": 3,
          "answer": "없음",
          "answer_wordNum": 1,
          "fact": [
            "이조면옥,휴무일,없음"
          ]
        }
      ]
    },
    {
      "image_id": 4,
      "question": [
        {
          "question_id": 0,
          "question_type": "관계",
          "question": "이 곳에 인접한 시설이 있나요?",
          "question_wordNum": 5,
          "answer": "양천향교역 4번 출구, 커비 커피, 롤리밥스",
          "answer_wordNum": 6,
          "fact": [
            "이조면옥,인접,양천향교역 4번 출구, 커비 커피, 롤리밥스"
          ]
        },
        {
          "question_id": 1,
          "question_type": "정보",
          "question": "영업시간은 어떻게 되나요?",
          "question_wordNum": 3,
          "answer": "11:00 - 20:50",
          "answer_wordNum": 3,
          "fact": [
            "이조면옥,영업시간,11:00 - 20:50"
          ]
        },
        {
          "question_id": 2,
          "question_type": "정보",
          "question": "연락처가 어떻게 되나요?",
          "question_wordNum": 3,
          "answer": "02-3661-3457",
          "answer_wordNum": 1,
          "fact": [
            "이조면옥,연락처,02-3661-3457"
          ]
        },
        {
          "question_id": 3,
          "question_type": "정보",
          "question": "이 곳의 주요 메뉴는 무엇이 있나요?",
          "question_wordNum": 6,
          "answer": "왕갈비탕, 영양갈비탕",
          "answer_wordNum": 2,
          "fact": [
            "이조면옥,메뉴,왕갈비탕, 영양갈비탕"
          ]
        }
      ]
    }
  ]
}