{
  "data": {
    "dataset": "2-083-219",
    "POI_id": "561569",
    "travelType": "음식점",
    "place": "사이공 윤다이 ",
    "area": "서울"
  },
  "imageInfo": [
    {
      "image_id": 0,
      "filename": "561569_0_su_5_사이공 윤다이 _2_001.png",
      "mapx": 37.5686664592954,
      "mapy": 126.826712019131,
      "width": 3840,
      "height": 2160,
      "caption_info": [
        "사이공 윤다이(강서구) ",
        "여닫이문 "
      ]
    },
    {
      "image_id": 1,
      "filename": "561569_0_su_5_사이공 윤다이 _2_002.png",
      "mapx": 37.5686664592954,
      "mapy": 126.826712019131,
      "width": 3840,
      "height": 2160,
      "caption_info": [
        "사이공 윤다이(강서구) ",
        "간판"
      ]
    },
    {
      "image_id": 2,
      "filename": "561569_0_su_5_사이공 윤다이 _2_003.png",
      "mapx": 37.5686664592954,
      "mapy": 126.826712019131,
      "width": 3840,
      "height": 2160,
      "caption_info": [
        "사이공 윤다이(강서구) ",
        "사각 테이블"
      ]
    },
    {
      "image_id": 3,
      "filename": "561569_0_su_5_사이공 윤다이 _2_004.png",
      "mapx": 37.5686664592954,
      "mapy": 126.826712019131,
      "width": 3840,
      "height": 2160,
      "caption_info": [
        "사이공 윤다이(강서구) ",
        "메뉴판 "
      ]
    },
    {
      "image_id": 4,
      "filename": "561569_0_su_5_사이공 윤다이 _2_005.png",
      "mapx": 37.5686664592954,
      "mapy": 126.826712019131,
      "width": 3840,
      "height": 2160,
      "caption_info": [
        "사이공 윤다이 (강서구)",
        "접시"
      ]
    }
  ],
  "annotations": [
    {
      "image_id": 0,
      "question": [
        {
          "question_id": 0,
          "question_type": "관계",
          "question": "이 곳에 인접한 시설을 알 수 있나요?",
          "question_wordNum": 7,
          "answer": "마곡나루역 1번 출구, 메가커피, 참치예담",
          "answer_wordNum": 5,
          "fact": [
            "사이공 윤다이,인접,마곡나루역 1번 출구, 메가커피, 참치예담"
          ]
        },
        {
          "question_id": 1,
          "question_type": "정보",
          "question": "연락처가 어떻게 되나요?",
          "question_wordNum": 3,
          "answer": "02-2093-6502",
          "answer_wordNum": 1,
          "fact": [
            "사이공 윤다이,연락처,02-2093-6502"
          ]
        },
        {
          "question_id": 2,
          "question_type": "탐색",
          "question": "주차시설이 있는지 알 수 있나요?",
          "question_wordNum": 5,
          "answer": "있음",
          "answer_wordNum": 1,
          "fact": [
            "사이공 윤다이,주차시설,있음"
          ]
        },
        {
          "question_id": 3,
          "question_type": "정보",
          "question": "이 곳의 메뉴를 알 수 있나요?",
          "question_wordNum": 6,
          "answer": "베트남 쌀국수, 월남쌈",
          "answer_wordNum": 3,
          "fact": [
            "사이공 윤다이,메뉴,베트남 쌀국수, 월남쌈"
          ]
        }
      ]
    },
    {
      "image_id": 1,
      "question": [
        {
          "question_id": 0,
          "question_type": "정보",
          "question": "이 곳의 주소는 어떻게 되나요?",
          "question_wordNum": 5,
          "answer": "서울 강서구 마곡중앙5로1길 20",
          "answer_wordNum": 4,
          "fact": [
            "사이공 윤다이,주소,서울 강서구 마곡중앙5로1길 20"
          ]
        },
        {
          "question_id": 1,
          "question_type": "정보",
          "question": "영업시간을 알 수 있나요?",
          "question_wordNum": 4,
          "answer": "11:00~21:00/21:30",
          "answer_wordNum": 1,
          "fact": [
            "사이공 윤다이,영업시간,11:00~21:00/21:30"
          ]
        },
        {
          "question_id": 2,
          "question_type": "정보",
          "question": "이 곳의 메뉴를 알 수 있나요?",
          "question_wordNum": 6,
          "answer": "베트남 쌀국수, 월남쌈",
          "answer_wordNum": 3,
          "fact": [
            "사이공 윤다이,메뉴,베트남 쌀국수, 월남쌈"
          ]
        },
        {
          "question_id": 3,
          "question_type": "관계",
          "question": "이 곳에 인접한 시설이 있나요?",
          "question_wordNum": 5,
          "answer": "마곡나루역 1번 출구, 메가커피, 참치예담",
          "answer_wordNum": 5,
          "fact": [
            "사이공 윤다이,인접,마곡나루역 1번 출구, 메가커피, 참치예담"
          ]
        }
      ]
    },
    {
      "image_id": 2,
      "question": [
        {
          "question_id": 0,
          "question_type": "탐색",
          "question": "주차시설이 있나요?",
          "question_wordNum": 2,
          "answer": "있음",
          "answer_wordNum": 1,
          "fact": [
            "사이공 윤다이,주차시설,있음"
          ]
        },
        {
          "question_id": 1,
          "question_type": "정보",
          "question": "이 곳의 주소는 어떻게 되나요?",
          "question_wordNum": 5,
          "answer": "서울 강서구 마곡중앙5로1길 20",
          "answer_wordNum": 4,
          "fact": [
            "사이공 윤다이,주소,서울 강서구 마곡중앙5로1길 20"
          ]
        },
        {
          "question_id": 2,
          "question_type": "정보",
          "question": "연락처가 어떻게 되나요?",
          "question_wordNum": 3,
          "answer": "02-2093-6502",
          "answer_wordNum": 1,
          "fact": [
            "사이공 윤다이,연락처,02-2093-6502"
          ]
        },
        {
          "question_id": 3,
          "question_type": "관계",
          "question": "이 곳에 인접한 시설을 알 수 있나요?",
          "question_wordNum": 7,
          "answer": "마곡나루역 1번 출구, 메가커피, 참치예담",
          "answer_wordNum": 5,
          "fact": [
            "사이공 윤다이,인접,마곡나루역 1번 출구, 메가커피, 참치예담"
          ]
        }
      ]
    },
    {
      "image_id": 3,
      "question": [
        {
          "question_id": 0,
          "question_type": "탐색",
          "question": "주차시설이 있는지 알 수 있나요?",
          "question_wordNum": 5,
          "answer": "있음",
          "answer_wordNum": 1,
          "fact": [
            "사이공 윤다이,주차시설,있음"
          ]
        },
        {
          "question_id": 1,
          "question_type": "정보",
          "question": "이 곳의 주소를 알 수 있나요?",
          "question_wordNum": 6,
          "answer": "서울 강서구 마곡중앙5로1길 20",
          "answer_wordNum": 4,
          "fact": [
            "사이공 윤다이,주소,서울 강서구 마곡중앙5로1길 20"
          ]
        },
        {
          "question_id": 2,
          "question_type": "관계",
          "question": "이 곳에 인접한 시설을 알 수 있나요?",
          "question_wordNum": 7,
          "answer": "마곡나루역 1번 출구, 메가커피, 참치예담",
          "answer_wordNum": 5,
          "fact": [
            "사이공 윤다이,인접,마곡나루역 1번 출구, 메가커피, 참치예담"
          ]
        },
        {
          "question_id": 3,
          "question_type": "정보",
          "question": "연락처가 어떻게 되나요?",
          "question_wordNum": 3,
          "answer": "02-2093-6502",
          "answer_wordNum": 1,
          "fact": [
            "사이공 윤다이,연락처,02-2093-6502"
          ]
        }
      ]
    },
    {
      "image_id": 4,
      "question": [
        {
          "question_id": 0,
          "question_type": "정보",
          "question": "대표 메뉴가 무엇인가요?",
          "question_wordNum": 3,
          "answer": "베트남 쌀국수, 월남쌈",
          "answer_wordNum": 3,
          "fact": [
            "사이공 윤다이,메뉴,베트남 쌀국수, 월남쌈"
          ]
        },
        {
          "question_id": 1,
          "question_type": "정보",
          "question": "영업시간을 알 수 있나요?",
          "question_wordNum": 4,
          "answer": "11:00~21:00/21:30",
          "answer_wordNum": 1,
          "fact": [
            "사이공 윤다이,영업시간,11:00~21:00/21:30"
          ]
        },
        {
          "question_id": 2,
          "question_type": "정보",
          "question": "휴무일은 어떻게 되나요?",
          "question_wordNum": 3,
          "answer": "알수없음",
          "answer_wordNum": 1,
          "fact": [
            "사이공 윤다이,휴무일,알수없음"
          ]
        },
        {
          "question_id": 3,
          "question_type": "탐색",
          "question": "주차시설이 있는지 알 수 있나요?",
          "question_wordNum": 5,
          "answer": "있음",
          "answer_wordNum": 1,
          "fact": [
            "사이공 윤다이,주차시설,있음"
          ]
        }
      ]
    }
  ]
}