{
  "data": {
    "dataset": "2-083-219",
    "POI_id": "561623",
    "travelType": "음식점",
    "place": "본대가 발산점",
    "area": "서울"
  },
  "imageInfo": [
    {
      "image_id": 0,
      "filename": "561623_0_su_5_본대가 발산점_1_001.png",
      "mapx": 37.5589430708389,
      "mapy": 126.837790496795,
      "width": 3840,
      "height": 2160,
      "caption_info": [
        "본대가 발산점(강서구)",
        "간판"
      ]
    },
    {
      "image_id": 1,
      "filename": "561623_0_su_5_본대가 발산점_1_002.png",
      "mapx": 37.5589430708389,
      "mapy": 126.837790496795,
      "width": 3840,
      "height": 2160,
      "caption_info": [
        "본대가 발산점(강서구)",
        "간판"
      ]
    },
    {
      "image_id": 2,
      "filename": "561623_0_su_5_본대가 발산점_1_003.png",
      "mapx": 37.5589430708389,
      "mapy": 126.837790496795,
      "width": 3840,
      "height": 2160,
      "caption_info": [
        "본대가 발산점(강서구)",
        "사각 테이블"
      ]
    },
    {
      "image_id": 3,
      "filename": "561623_0_su_5_본대가 발산점_1_004.png",
      "mapx": 37.5589430708389,
      "mapy": 126.837790496795,
      "width": 3840,
      "height": 2160,
      "caption_info": [
        "본대가 발산점(강서구)",
        "메뉴판 "
      ]
    },
    {
      "image_id": 4,
      "filename": "561623_0_su_5_본대가 발산점_1_005.png",
      "mapx": 37.5589430708389,
      "mapy": 126.837790496795,
      "width": 3840,
      "height": 2160,
      "caption_info": [
        "본대가 발산점(강서구)",
        "냄비 "
      ]
    }
  ],
  "annotations": [
    {
      "image_id": 0,
      "question": [
        {
          "question_id": 0,
          "question_type": "정보",
          "question": "이 곳의 주소를 알 수 있나요?",
          "question_wordNum": 6,
          "answer": "서울 강서구 공항대로 271",
          "answer_wordNum": 4,
          "fact": [
            "본대가 발산점,주소,서울 강서구 공항대로 271"
          ]
        },
        {
          "question_id": 1,
          "question_type": "정보",
          "question": "휴무일은 어떻게 되나요?",
          "question_wordNum": 3,
          "answer": "알수없음",
          "answer_wordNum": 1,
          "fact": [
            "본대가 발산점,휴무일,알수없음"
          ]
        },
        {
          "question_id": 2,
          "question_type": "정보",
          "question": "영업시간을 알 수 있나요?",
          "question_wordNum": 4,
          "answer": "10:00/11:00~22:00/23:00/24:00",
          "answer_wordNum": 1,
          "fact": [
            "본대가 발산점,영업시간,10:00/11:00~22:00/23:00/24:00"
          ]
        },
        {
          "question_id": 3,
          "question_type": "정보",
          "question": "연락처를 알 수 있나요?",
          "question_wordNum": 4,
          "answer": "0507-1384-2833",
          "answer_wordNum": 1,
          "fact": [
            "본대가 발산점,연락처,0507-1384-2833"
          ]
        }
      ]
    },
    {
      "image_id": 1,
      "question": [
        {
          "question_id": 0,
          "question_type": "정보",
          "question": "영업시간은 어떻게 되나요?",
          "question_wordNum": 3,
          "answer": "10:00/11:00~22:00/23:00/24:00",
          "answer_wordNum": 1,
          "fact": [
            "본대가 발산점,영업시간,10:00/11:00~22:00/23:00/24:00"
          ]
        },
        {
          "question_id": 1,
          "question_type": "관계",
          "question": "이 곳에 인접한 시설이 있나요?",
          "question_wordNum": 5,
          "answer": "발산역 2번 출구, Honey dough, KFC, 우미스시, 더나은약국",
          "answer_wordNum": 8,
          "fact": [
            "본대가 발산점,인접,발산역 2번 출구, Honey dough, KFC, 우미스시, 더나은약국"
          ]
        },
        {
          "question_id": 2,
          "question_type": "정보",
          "question": "이 곳의 주소는 어떻게 되나요?",
          "question_wordNum": 5,
          "answer": "서울 강서구 공항대로 271",
          "answer_wordNum": 4,
          "fact": [
            "본대가 발산점,주소,서울 강서구 공항대로 271"
          ]
        },
        {
          "question_id": 3,
          "question_type": "정보",
          "question": "휴무일을 알 수 있나요?",
          "question_wordNum": 4,
          "answer": "알수없음",
          "answer_wordNum": 1,
          "fact": [
            "본대가 발산점,휴무일,알수없음"
          ]
        }
      ]
    },
    {
      "image_id": 2,
      "question": [
        {
          "question_id": 0,
          "question_type": "정보",
          "question": "영업시간은 어떻게 되나요?",
          "question_wordNum": 3,
          "answer": "10:00/11:00~22:00/23:00/24:00",
          "answer_wordNum": 1,
          "fact": [
            "본대가 발산점,영업시간,10:00/11:00~22:00/23:00/24:00"
          ]
        },
        {
          "question_id": 1,
          "question_type": "정보",
          "question": "휴무일을 알 수 있나요?",
          "question_wordNum": 4,
          "answer": "알수없음",
          "answer_wordNum": 1,
          "fact": [
            "본대가 발산점,휴무일,알수없음"
          ]
        },
        {
          "question_id": 2,
          "question_type": "정보",
          "question": "이 곳의 메뉴를 알 수 있나요?",
          "question_wordNum": 6,
          "answer": "세계최초 미나리감자탕, 닭볶음탕",
          "answer_wordNum": 3,
          "fact": [
            "본대가 발산점,메뉴,세계최초 미나리감자탕, 닭볶음탕"
          ]
        },
        {
          "question_id": 3,
          "question_type": "정보",
          "question": "이 곳의 주소는 어떻게 되나요?",
          "question_wordNum": 5,
          "answer": "서울 강서구 공항대로 271",
          "answer_wordNum": 4,
          "fact": [
            "본대가 발산점,주소,서울 강서구 공항대로 271"
          ]
        }
      ]
    },
    {
      "image_id": 3,
      "question": [
        {
          "question_id": 0,
          "question_type": "탐색",
          "question": "주차시설이 있나요?",
          "question_wordNum": 2,
          "answer": "있음",
          "answer_wordNum": 1,
          "fact": [
            "본대가 발산점,주차시설,있음"
          ]
        },
        {
          "question_id": 1,
          "question_type": "정보",
          "question": "이 곳의 메뉴를 알 수 있나요?",
          "question_wordNum": 6,
          "answer": "세계최초 미나리감자탕, 닭볶음탕",
          "answer_wordNum": 3,
          "fact": [
            "본대가 발산점,메뉴,세계최초 미나리감자탕, 닭볶음탕"
          ]
        },
        {
          "question_id": 2,
          "question_type": "관계",
          "question": "이 곳에 인접한 시설이 있나요?",
          "question_wordNum": 5,
          "answer": "발산역 2번 출구, Honey dough, KFC, 우미스시, 더나은약국",
          "answer_wordNum": 8,
          "fact": [
            "본대가 발산점,인접,발산역 2번 출구, Honey dough, KFC, 우미스시, 더나은약국"
          ]
        },
        {
          "question_id": 3,
          "question_type": "정보",
          "question": "연락처가 어떻게 되나요?",
          "question_wordNum": 3,
          "answer": "0507-1384-2833",
          "answer_wordNum": 1,
          "fact": [
            "본대가 발산점,연락처,0507-1384-2833"
          ]
        }
      ]
    },
    {
      "image_id": 4,
      "question": [
        {
          "question_id": 0,
          "question_type": "관계",
          "question": "이 곳에 인접한 시설이 있나요?",
          "question_wordNum": 5,
          "answer": "발산역 2번 출구, Honey dough, KFC, 우미스시, 더나은약국",
          "answer_wordNum": 8,
          "fact": [
            "본대가 발산점,인접,발산역 2번 출구, Honey dough, KFC, 우미스시, 더나은약국"
          ]
        },
        {
          "question_id": 1,
          "question_type": "정보",
          "question": "이 곳의 주소는 어떻게 되나요?",
          "question_wordNum": 5,
          "answer": "서울 강서구 공항대로 271",
          "answer_wordNum": 4,
          "fact": [
            "본대가 발산점,주소,서울 강서구 공항대로 271"
          ]
        },
        {
          "question_id": 2,
          "question_type": "정보",
          "question": "영업시간을 알 수 있나요?",
          "question_wordNum": 4,
          "answer": "10:00/11:00~22:00/23:00/24:00",
          "answer_wordNum": 1,
          "fact": [
            "본대가 발산점,영업시간,10:00/11:00~22:00/23:00/24:00"
          ]
        },
        {
          "question_id": 3,
          "question_type": "정보",
          "question": "휴무일을 알 수 있나요?",
          "question_wordNum": 4,
          "answer": "알수없음",
          "answer_wordNum": 1,
          "fact": [
            "본대가 발산점,휴무일,알수없음"
          ]
        }
      ]
    }
  ]
}