{
  "data": {
    "dataset": "2-083-219",
    "POI_id": "561810",
    "travelType": "음식점",
    "place": "무지개양꼬치",
    "area": "서울"
  },
  "imageInfo": [
    {
      "image_id": 0,
      "filename": "561810_0_su_5_무지개양꼬치_1_001.png",
      "mapx": 37.5602624197847,
      "mapy": 126.809848237274,
      "width": 3840,
      "height": 2160,
      "caption_info": [
        "무지개양꼬치(강서구)",
        "간판"
      ]
    },
    {
      "image_id": 1,
      "filename": "561810_0_su_5_무지개양꼬치_1_002.png",
      "mapx": 37.5602624197847,
      "mapy": 126.809848237274,
      "width": 3840,
      "height": 2160,
      "caption_info": [
        "무지개양꼬치(강서구)",
        "간판"
      ]
    },
    {
      "image_id": 2,
      "filename": "561810_0_su_5_무지개양꼬치_1_003.png",
      "mapx": 37.5602624197847,
      "mapy": 126.809848237274,
      "width": 3840,
      "height": 2160,
      "caption_info": [
        "무지개양꼬치(강서구)",
        "등받이 의자"
      ]
    },
    {
      "image_id": 3,
      "filename": "561810_0_su_5_무지개양꼬치_1_004.png",
      "mapx": 37.5602624197847,
      "mapy": 126.809848237274,
      "width": 3840,
      "height": 2160,
      "caption_info": [
        "무지개양꼬치(강서구)",
        "메뉴판 "
      ]
    },
    {
      "image_id": 4,
      "filename": "561810_0_su_5_무지개양꼬치_1_005.png",
      "mapx": 37.5602624197847,
      "mapy": 126.809848237274,
      "width": 3840,
      "height": 2160,
      "caption_info": [
        "무지개양꼬치(강서구)",
        "꼬치 "
      ]
    }
  ],
  "annotations": [
    {
      "image_id": 0,
      "question": [
        {
          "question_id": 0,
          "question_type": "정보",
          "question": "이 곳의 메뉴를 알 수 있나요?",
          "question_wordNum": 6,
          "answer": "꿔바러우, 모듬꼬치",
          "answer_wordNum": 2,
          "fact": [
            "무지개양꼬치,메뉴,꿔바러우, 모듬꼬치"
          ]
        },
        {
          "question_id": 1,
          "question_type": "관계",
          "question": "이 곳에 인접한 시설을 알 수 있나요?",
          "question_wordNum": 7,
          "answer": "송정역 4번 출구, 황소곱창, 투다리",
          "answer_wordNum": 5,
          "fact": [
            "무지개양꼬치,인접,송정역 4번 출구, 황소곱창, 투다리"
          ]
        },
        {
          "question_id": 2,
          "question_type": "정보",
          "question": "이 곳의 주소를 알 수 있나요?",
          "question_wordNum": 6,
          "answer": "서울 강서구 송정로 61",
          "answer_wordNum": 4,
          "fact": [
            "무지개양꼬치,주소,서울 강서구 송정로 61"
          ]
        },
        {
          "question_id": 3,
          "question_type": "정보",
          "question": "연락처가 어떻게 되나요?",
          "question_wordNum": 3,
          "answer": "02-6414-8826",
          "answer_wordNum": 1,
          "fact": [
            "무지개양꼬치,연락처,02-6414-8826"
          ]
        }
      ]
    },
    {
      "image_id": 1,
      "question": [
        {
          "question_id": 0,
          "question_type": "정보",
          "question": "대표 메뉴가 무엇인가요?",
          "question_wordNum": 3,
          "answer": "꿔바러우, 모듬꼬치",
          "answer_wordNum": 2,
          "fact": [
            "무지개양꼬치,메뉴,꿔바러우, 모듬꼬치"
          ]
        },
        {
          "question_id": 1,
          "question_type": "탐색",
          "question": "주차시설이 있나요?",
          "question_wordNum": 2,
          "answer": "없음",
          "answer_wordNum": 1,
          "fact": [
            "무지개양꼬치,주차시설,없음"
          ]
        },
        {
          "question_id": 2,
          "question_type": "정보",
          "question": "이 곳의 주소는 어떻게 되나요?",
          "question_wordNum": 5,
          "answer": "서울 강서구 송정로 61",
          "answer_wordNum": 4,
          "fact": [
            "무지개양꼬치,주소,서울 강서구 송정로 61"
          ]
        },
        {
          "question_id": 3,
          "question_type": "정보",
          "question": "영업시간을 알 수 있나요?",
          "question_wordNum": 4,
          "answer": "15:00 - 24:00",
          "answer_wordNum": 3,
          "fact": [
            "무지개양꼬치,영업시간,15:00 - 24:00"
          ]
        }
      ]
    },
    {
      "image_id": 2,
      "question": [
        {
          "question_id": 0,
          "question_type": "정보",
          "question": "영업시간을 알 수 있나요?",
          "question_wordNum": 4,
          "answer": "15:00 - 24:00",
          "answer_wordNum": 3,
          "fact": [
            "무지개양꼬치,영업시간,15:00 - 24:00"
          ]
        },
        {
          "question_id": 1,
          "question_type": "탐색",
          "question": "주차시설이 있나요?",
          "question_wordNum": 2,
          "answer": "없음",
          "answer_wordNum": 1,
          "fact": [
            "무지개양꼬치,주차시설,없음"
          ]
        },
        {
          "question_id": 2,
          "question_type": "정보",
          "question": "휴무일은 어떻게 되나요?",
          "question_wordNum": 3,
          "answer": "없음",
          "answer_wordNum": 1,
          "fact": [
            "무지개양꼬치,휴무일,없음"
          ]
        },
        {
          "question_id": 3,
          "question_type": "정보",
          "question": "이 곳의 주소를 알 수 있나요?",
          "question_wordNum": 6,
          "answer": "서울 강서구 송정로 61",
          "answer_wordNum": 4,
          "fact": [
            "무지개양꼬치,주소,서울 강서구 송정로 61"
          ]
        }
      ]
    },
    {
      "image_id": 3,
      "question": [
        {
          "question_id": 0,
          "question_type": "정보",
          "question": "영업시간을 알 수 있나요?",
          "question_wordNum": 4,
          "answer": "15:00 - 24:00",
          "answer_wordNum": 3,
          "fact": [
            "무지개양꼬치,영업시간,15:00 - 24:00"
          ]
        },
        {
          "question_id": 1,
          "question_type": "정보",
          "question": "대표 메뉴가 무엇인가요?",
          "question_wordNum": 3,
          "answer": "꿔바러우, 모듬꼬치",
          "answer_wordNum": 2,
          "fact": [
            "무지개양꼬치,메뉴,꿔바러우, 모듬꼬치"
          ]
        },
        {
          "question_id": 2,
          "question_type": "정보",
          "question": "연락처가 어떻게 되나요?",
          "question_wordNum": 3,
          "answer": "02-6414-8826",
          "answer_wordNum": 1,
          "fact": [
            "무지개양꼬치,연락처,02-6414-8826"
          ]
        },
        {
          "question_id": 3,
          "question_type": "정보",
          "question": "이 곳의 주소는 어떻게 되나요?",
          "question_wordNum": 5,
          "answer": "서울 강서구 송정로 61",
          "answer_wordNum": 4,
          "fact": [
            "무지개양꼬치,주소,서울 강서구 송정로 61"
          ]
        }
      ]
    },
    {
      "image_id": 4,
      "question": [
        {
          "question_id": 0,
          "question_type": "탐색",
          "question": "주차시설이 있는지 알 수 있나요?",
          "question_wordNum": 5,
          "answer": "없음",
          "answer_wordNum": 1,
          "fact": [
            "무지개양꼬치,주차시설,없음"
          ]
        },
        {
          "question_id": 1,
          "question_type": "정보",
          "question": "이 곳의 메뉴를 알 수 있나요?",
          "question_wordNum": 6,
          "answer": "꿔바러우, 모듬꼬치",
          "answer_wordNum": 2,
          "fact": [
            "무지개양꼬치,메뉴,꿔바러우, 모듬꼬치"
          ]
        },
        {
          "question_id": 2,
          "question_type": "정보",
          "question": "휴무일을 알 수 있나요?",
          "question_wordNum": 4,
          "answer": "없음",
          "answer_wordNum": 1,
          "fact": [
            "무지개양꼬치,휴무일,없음"
          ]
        },
        {
          "question_id": 3,
          "question_type": "정보",
          "question": "영업시간은 어떻게 되나요?",
          "question_wordNum": 3,
          "answer": "15:00 - 24:00",
          "answer_wordNum": 3,
          "fact": [
            "무지개양꼬치,영업시간,15:00 - 24:00"
          ]
        }
      ]
    }
  ]
}