{
  "data": {
    "dataset": "2-083-219",
    "POI_id": "561489",
    "travelType": "음식점",
    "place": "송쭈집 마곡",
    "area": "서울"
  },
  "imageInfo": [
    {
      "image_id": 0,
      "filename": "561489_0_su_5_송쭈집 마곡_1_001.png",
      "mapx": 37.5680890965874,
      "mapy": 126.825424095847,
      "width": 3840,
      "height": 2160,
      "caption_info": [
        "송쭈집 마곡(마곡동)",
        "여닫이문, 배너"
      ]
    },
    {
      "image_id": 1,
      "filename": "561489_0_su_5_송쭈집 마곡_1_002.png",
      "mapx": 37.5680890965874,
      "mapy": 126.825424095847,
      "width": 3840,
      "height": 2160,
      "caption_info": [
        "송쭈집 마곡(마곡동)",
        "간판"
      ]
    },
    {
      "image_id": 2,
      "filename": "561489_0_su_5_송쭈집 마곡_1_003.png",
      "mapx": 37.5680890965874,
      "mapy": 126.825424095847,
      "width": 3840,
      "height": 2160,
      "caption_info": [
        "송쭈집 마곡(마곡동)",
        "테이블, 등받이의자"
      ]
    },
    {
      "image_id": 3,
      "filename": "561489_0_su_5_송쭈집 마곡_1_004.png",
      "mapx": 37.5680890965874,
      "mapy": 126.825424095847,
      "width": 3840,
      "height": 2160,
      "caption_info": [
        "송쭈집 마곡(마곡동)",
        "메뉴판"
      ]
    },
    {
      "image_id": 4,
      "filename": "561489_0_su_5_송쭈집 마곡_1_005.png",
      "mapx": 37.5680890965874,
      "mapy": 126.825424095847,
      "width": 3840,
      "height": 2160,
      "caption_info": [
        "송쭈집 마곡(마곡동)",
        "쭈꾸미"
      ]
    }
  ],
  "annotations": [
    {
      "image_id": 0,
      "question": [
        {
          "question_id": 0,
          "question_type": "정보",
          "question": "이 곳의 주소는 어떻게 되나요?",
          "question_wordNum": 5,
          "answer": "서울 강서구 마곡서로 158 센트럴타워2차 2층 송쭈집 마곡나루점",
          "answer_wordNum": 8,
          "fact": [
            "송쭈집 마곡,주소,서울 강서구 마곡서로 158 센트럴타워2차 2층 송쭈집 마곡나루점"
          ]
        },
        {
          "question_id": 1,
          "question_type": "정보",
          "question": "이 곳의 주요 메뉴는 무엇이 있나요?",
          "question_wordNum": 6,
          "answer": "알쌈철판쭈꾸미, 싸먹는쭈꾸미도시락",
          "answer_wordNum": 2,
          "fact": [
            "송쭈집 마곡,메뉴,알쌈철판쭈꾸미, 싸먹는쭈꾸미도시락"
          ]
        },
        {
          "question_id": 2,
          "question_type": "탐색",
          "question": "주차시설이 있나요?",
          "question_wordNum": 2,
          "answer": "있음",
          "answer_wordNum": 1,
          "fact": [
            "송쭈집 마곡,주차시설,있음"
          ]
        },
        {
          "question_id": 3,
          "question_type": "정보",
          "question": "휴무일은 어떻게 되나요?",
          "question_wordNum": 3,
          "answer": "없음",
          "answer_wordNum": 1,
          "fact": [
            "송쭈집 마곡,휴무일,없음"
          ]
        }
      ]
    },
    {
      "image_id": 1,
      "question": [
        {
          "question_id": 0,
          "question_type": "관계",
          "question": "이 곳에 인접한 시설이 있나요?",
          "question_wordNum": 5,
          "answer": "마곡나루역 1번 출구, 이마트에브리데이, 몽키마라, 긴자료코",
          "answer_wordNum": 6,
          "fact": [
            "송쭈집 마곡,인접,마곡나루역 1번 출구, 이마트에브리데이, 몽키마라, 긴자료코"
          ]
        },
        {
          "question_id": 1,
          "question_type": "정보",
          "question": "연락처가 어떻게 되나요?",
          "question_wordNum": 3,
          "answer": "0507-1440-7896",
          "answer_wordNum": 1,
          "fact": [
            "송쭈집 마곡,연락처,0507-1440-7896"
          ]
        },
        {
          "question_id": 2,
          "question_type": "정보",
          "question": "이 곳의 주소는 어떻게 되나요?",
          "question_wordNum": 5,
          "answer": "서울 강서구 마곡서로 158 센트럴타워2차 2층 송쭈집 마곡나루점",
          "answer_wordNum": 8,
          "fact": [
            "송쭈집 마곡,주소,서울 강서구 마곡서로 158 센트럴타워2차 2층 송쭈집 마곡나루점"
          ]
        },
        {
          "question_id": 3,
          "question_type": "정보",
          "question": "영업시간은 어떻게 되나요?",
          "question_wordNum": 3,
          "answer": "11:00 - 23:00",
          "answer_wordNum": 3,
          "fact": [
            "송쭈집 마곡,영업시간,11:00 - 23:00"
          ]
        }
      ]
    },
    {
      "image_id": 2,
      "question": [
        {
          "question_id": 0,
          "question_type": "탐색",
          "question": "주차시설이 있나요?",
          "question_wordNum": 2,
          "answer": "있음",
          "answer_wordNum": 1,
          "fact": [
            "송쭈집 마곡,주차시설,있음"
          ]
        },
        {
          "question_id": 1,
          "question_type": "정보",
          "question": "연락처가 어떻게 되나요?",
          "question_wordNum": 3,
          "answer": "0507-1440-7896",
          "answer_wordNum": 1,
          "fact": [
            "송쭈집 마곡,연락처,0507-1440-7896"
          ]
        },
        {
          "question_id": 2,
          "question_type": "관계",
          "question": "이 곳에 인접한 시설이 있나요?",
          "question_wordNum": 5,
          "answer": "마곡나루역 1번 출구, 이마트에브리데이, 몽키마라, 긴자료코",
          "answer_wordNum": 6,
          "fact": [
            "송쭈집 마곡,인접,마곡나루역 1번 출구, 이마트에브리데이, 몽키마라, 긴자료코"
          ]
        },
        {
          "question_id": 3,
          "question_type": "정보",
          "question": "휴무일은 어떻게 되나요?",
          "question_wordNum": 3,
          "answer": "없음",
          "answer_wordNum": 1,
          "fact": [
            "송쭈집 마곡,휴무일,없음"
          ]
        }
      ]
    },
    {
      "image_id": 3,
      "question": [
        {
          "question_id": 0,
          "question_type": "정보",
          "question": "이 곳의 주요 메뉴는 무엇이 있나요?",
          "question_wordNum": 6,
          "answer": "알쌈철판쭈꾸미, 싸먹는쭈꾸미도시락",
          "answer_wordNum": 2,
          "fact": [
            "송쭈집 마곡,메뉴,알쌈철판쭈꾸미, 싸먹는쭈꾸미도시락"
          ]
        },
        {
          "question_id": 1,
          "question_type": "탐색",
          "question": "주차시설이 있나요?",
          "question_wordNum": 2,
          "answer": "있음",
          "answer_wordNum": 1,
          "fact": [
            "송쭈집 마곡,주차시설,있음"
          ]
        },
        {
          "question_id": 2,
          "question_type": "정보",
          "question": "영업시간은 어떻게 되나요?",
          "question_wordNum": 3,
          "answer": "11:00 - 23:00",
          "answer_wordNum": 3,
          "fact": [
            "송쭈집 마곡,영업시간,11:00 - 23:00"
          ]
        },
        {
          "question_id": 3,
          "question_type": "정보",
          "question": "연락처가 어떻게 되나요?",
          "question_wordNum": 3,
          "answer": "0507-1440-7896",
          "answer_wordNum": 1,
          "fact": [
            "송쭈집 마곡,연락처,0507-1440-7896"
          ]
        }
      ]
    },
    {
      "image_id": 4,
      "question": [
        {
          "question_id": 0,
          "question_type": "탐색",
          "question": "주차시설이 있나요?",
          "question_wordNum": 2,
          "answer": "있음",
          "answer_wordNum": 1,
          "fact": [
            "송쭈집 마곡,주차시설,있음"
          ]
        },
        {
          "question_id": 1,
          "question_type": "정보",
          "question": "휴무일은 어떻게 되나요?",
          "question_wordNum": 3,
          "answer": "없음",
          "answer_wordNum": 1,
          "fact": [
            "송쭈집 마곡,휴무일,없음"
          ]
        },
        {
          "question_id": 2,
          "question_type": "정보",
          "question": "이 곳의 주소는 어떻게 되나요?",
          "question_wordNum": 5,
          "answer": "서울 강서구 마곡서로 158 센트럴타워2차 2층 송쭈집 마곡나루점",
          "answer_wordNum": 8,
          "fact": [
            "송쭈집 마곡,주소,서울 강서구 마곡서로 158 센트럴타워2차 2층 송쭈집 마곡나루점"
          ]
        },
        {
          "question_id": 3,
          "question_type": "정보",
          "question": "영업시간은 어떻게 되나요?",
          "question_wordNum": 3,
          "answer": "11:00 - 23:00",
          "answer_wordNum": 3,
          "fact": [
            "송쭈집 마곡,영업시간,11:00 - 23:00"
          ]
        }
      ]
    }
  ]
}