{
  "data": {
    "dataset": "2-083-219",
    "POI_id": "561643",
    "travelType": "음식점",
    "place": "촌놈숯불닭갈비 발산마곡점",
    "area": "서울"
  },
  "imageInfo": [
    {
      "image_id": 0,
      "filename": "561643_0_su_5_촌놈숯불닭갈비 발산마곡점_1_001.png",
      "mapx": 0,
      "mapy": 0,
      "width": 3840,
      "height": 2160,
      "caption_info": [
        "촌놈숯불닭갈비 발산마곡점(강서구)",
        "간판"
      ]
    },
    {
      "image_id": 1,
      "filename": "561643_0_su_5_촌놈숯불닭갈비 발산마곡점_1_002.png",
      "mapx": 0,
      "mapy": 0,
      "width": 3840,
      "height": 2160,
      "caption_info": [
        "촌놈숯불닭갈비 발산마곡점(강서구)",
        "간판"
      ]
    },
    {
      "image_id": 2,
      "filename": "561643_0_su_5_촌놈숯불닭갈비 발산마곡점_1_003.png",
      "mapx": 0,
      "mapy": 0,
      "width": 3840,
      "height": 2160,
      "caption_info": [
        "촌놈숯불닭갈비 발산마곡점(강서구)",
        "테이블, 스툴 의자"
      ]
    },
    {
      "image_id": 3,
      "filename": "561643_0_su_5_촌놈숯불닭갈비 발산마곡점_1_004.png",
      "mapx": 0,
      "mapy": 0,
      "width": 3840,
      "height": 2160,
      "caption_info": [
        "촌놈숯불닭갈비 발산마곡점(강서구)",
        "메뉴판"
      ]
    },
    {
      "image_id": 4,
      "filename": "561643_0_su_5_촌놈숯불닭갈비 발산마곡점_1_005.png",
      "mapx": 0,
      "mapy": 0,
      "width": 3840,
      "height": 2160,
      "caption_info": [
        "촌놈숯불닭갈비 발산마곡점(강서구)",
        "닭목살구이"
      ]
    }
  ],
  "annotations": [
    {
      "image_id": 0,
      "question": [
        {
          "question_id": 0,
          "question_type": "정보",
          "question": "대표 메뉴가 무엇인가요?",
          "question_wordNum": 3,
          "answer": "닭목살, 간장숙성양념닭갈비",
          "answer_wordNum": 2,
          "fact": [
            "촌놈숯불닭갈비 발산마곡점,메뉴,닭목살, 간장숙성양념닭갈비"
          ]
        },
        {
          "question_id": 1,
          "question_type": "정보",
          "question": "영업시간을 알 수 있나요?",
          "question_wordNum": 4,
          "answer": "알수없음",
          "answer_wordNum": 1,
          "fact": [
            "촌놈숯불닭갈비 발산마곡점,영업시간,알수없음"
          ]
        },
        {
          "question_id": 2,
          "question_type": "정보",
          "question": "이 곳의 주소를 알 수 있나요?",
          "question_wordNum": 6,
          "answer": "서울 강서구 마곡중앙6로 65 104 105호",
          "answer_wordNum": 6,
          "fact": [
            "촌놈숯불닭갈비 발산마곡점,주소,서울 강서구 마곡중앙6로 65 104 105호"
          ]
        },
        {
          "question_id": 3,
          "question_type": "정보",
          "question": "휴무일은 어떻게 되나요?",
          "question_wordNum": 3,
          "answer": "없음",
          "answer_wordNum": 1,
          "fact": [
            "촌놈숯불닭갈비 발산마곡점,휴무일,없음"
          ]
        }
      ]
    },
    {
      "image_id": 1,
      "question": [
        {
          "question_id": 0,
          "question_type": "정보",
          "question": "휴무일을 알 수 있나요?",
          "question_wordNum": 4,
          "answer": "없음",
          "answer_wordNum": 1,
          "fact": [
            "촌놈숯불닭갈비 발산마곡점,휴무일,없음"
          ]
        },
        {
          "question_id": 1,
          "question_type": "정보",
          "question": "이 곳의 주소를 알 수 있나요?",
          "question_wordNum": 6,
          "answer": "서울 강서구 마곡중앙6로 65 104 105호",
          "answer_wordNum": 6,
          "fact": [
            "촌놈숯불닭갈비 발산마곡점,주소,서울 강서구 마곡중앙6로 65 104 105호"
          ]
        },
        {
          "question_id": 2,
          "question_type": "탐색",
          "question": "주차시설이 있나요?",
          "question_wordNum": 2,
          "answer": "있음",
          "answer_wordNum": 1,
          "fact": [
            "촌놈숯불닭갈비 발산마곡점,주차시설,있음"
          ]
        },
        {
          "question_id": 3,
          "question_type": "정보",
          "question": "영업시간을 알 수 있나요?",
          "question_wordNum": 4,
          "answer": "알수없음",
          "answer_wordNum": 1,
          "fact": [
            "촌놈숯불닭갈비 발산마곡점,영업시간,알수없음"
          ]
        }
      ]
    },
    {
      "image_id": 2,
      "question": [
        {
          "question_id": 0,
          "question_type": "정보",
          "question": "이 곳의 주소는 어떻게 되나요?",
          "question_wordNum": 5,
          "answer": "서울 강서구 마곡중앙6로 65 104 105호",
          "answer_wordNum": 6,
          "fact": [
            "촌놈숯불닭갈비 발산마곡점,주소,서울 강서구 마곡중앙6로 65 104 105호"
          ]
        },
        {
          "question_id": 1,
          "question_type": "정보",
          "question": "휴무일을 알 수 있나요?",
          "question_wordNum": 4,
          "answer": "없음",
          "answer_wordNum": 1,
          "fact": [
            "촌놈숯불닭갈비 발산마곡점,휴무일,없음"
          ]
        },
        {
          "question_id": 2,
          "question_type": "탐색",
          "question": "주차시설이 있나요?",
          "question_wordNum": 2,
          "answer": "있음",
          "answer_wordNum": 1,
          "fact": [
            "촌놈숯불닭갈비 발산마곡점,주차시설,있음"
          ]
        },
        {
          "question_id": 3,
          "question_type": "정보",
          "question": "연락처를 알 수 있나요?",
          "question_wordNum": 4,
          "answer": "010-9415-4875",
          "answer_wordNum": 1,
          "fact": [
            "촌놈숯불닭갈비 발산마곡점,연락처,010-9415-4875"
          ]
        }
      ]
    },
    {
      "image_id": 3,
      "question": [
        {
          "question_id": 0,
          "question_type": "정보",
          "question": "이 곳의 주소를 알 수 있나요?",
          "question_wordNum": 6,
          "answer": "서울 강서구 마곡중앙6로 65 104 105호",
          "answer_wordNum": 6,
          "fact": [
            "촌놈숯불닭갈비 발산마곡점,주소,서울 강서구 마곡중앙6로 65 104 105호"
          ]
        },
        {
          "question_id": 1,
          "question_type": "정보",
          "question": "연락처를 알 수 있나요?",
          "question_wordNum": 4,
          "answer": "010-9415-4875",
          "answer_wordNum": 1,
          "fact": [
            "촌놈숯불닭갈비 발산마곡점,연락처,010-9415-4875"
          ]
        },
        {
          "question_id": 2,
          "question_type": "관계",
          "question": "이 곳에 인접한 시설이 있나요?",
          "question_wordNum": 5,
          "answer": "발산역 1번 출구, 발산역 9번 출구, 고망고, 김치옥",
          "answer_wordNum": 8,
          "fact": [
            "촌놈숯불닭갈비 발산마곡점,인접,발산역 1번 출구, 발산역 9번 출구, 고망고, 김치옥"
          ]
        },
        {
          "question_id": 3,
          "question_type": "정보",
          "question": "영업시간을 알 수 있나요?",
          "question_wordNum": 4,
          "answer": "알수없음",
          "answer_wordNum": 1,
          "fact": [
            "촌놈숯불닭갈비 발산마곡점,영업시간,알수없음"
          ]
        }
      ]
    },
    {
      "image_id": 4,
      "question": [
        {
          "question_id": 0,
          "question_type": "정보",
          "question": "휴무일은 어떻게 되나요?",
          "question_wordNum": 3,
          "answer": "없음",
          "answer_wordNum": 1,
          "fact": [
            "촌놈숯불닭갈비 발산마곡점,휴무일,없음"
          ]
        },
        {
          "question_id": 1,
          "question_type": "정보",
          "question": "영업시간을 알 수 있나요?",
          "question_wordNum": 4,
          "answer": "알수없음",
          "answer_wordNum": 1,
          "fact": [
            "촌놈숯불닭갈비 발산마곡점,영업시간,알수없음"
          ]
        },
        {
          "question_id": 2,
          "question_type": "정보",
          "question": "연락처가 어떻게 되나요?",
          "question_wordNum": 3,
          "answer": "010-9415-4875",
          "answer_wordNum": 1,
          "fact": [
            "촌놈숯불닭갈비 발산마곡점,연락처,010-9415-4875"
          ]
        },
        {
          "question_id": 3,
          "question_type": "정보",
          "question": "이 곳의 주소를 알 수 있나요?",
          "question_wordNum": 6,
          "answer": "서울 강서구 마곡중앙6로 65 104 105호",
          "answer_wordNum": 6,
          "fact": [
            "촌놈숯불닭갈비 발산마곡점,주소,서울 강서구 마곡중앙6로 65 104 105호"
          ]
        }
      ]
    }
  ]
}