{
  "data": {
    "dataset": "2-083-219",
    "POI_id": "561719",
    "travelType": "음식점",
    "place": "돈카츠답다 ",
    "area": "서울"
  },
  "imageInfo": [
    {
      "image_id": 0,
      "filename": "561719_0_su_5_돈카츠답다 _5_001.png",
      "mapx": 37.5528876532177,
      "mapy": 126.836744922471,
      "width": 3840,
      "height": 2160,
      "caption_info": [
        "돈카츠답다(강서구) ",
        "간판"
      ]
    },
    {
      "image_id": 1,
      "filename": "561719_0_su_5_돈카츠답다 _5_002.png",
      "mapx": 37.5528876532177,
      "mapy": 126.836744922471,
      "width": 3840,
      "height": 2160,
      "caption_info": [
        "돈카츠답다(강서구)",
        "간판"
      ]
    },
    {
      "image_id": 2,
      "filename": "561719_0_su_5_돈카츠답다 _5_003.png",
      "mapx": 37.5528876532177,
      "mapy": 126.836744922471,
      "width": 3840,
      "height": 2160,
      "caption_info": [
        "돈카츠답다(강서구) ",
        "사각 테이블"
      ]
    },
    {
      "image_id": 3,
      "filename": "561719_0_su_5_돈카츠답다 _5_004.png",
      "mapx": 37.5528876532177,
      "mapy": 126.836744922471,
      "width": 3840,
      "height": 2160,
      "caption_info": [
        "돈카츠답다(강서구) ",
        "메뉴판 "
      ]
    },
    {
      "image_id": 4,
      "filename": "561719_0_su_5_돈카츠답다 _5_005.png",
      "mapx": 37.5528876532177,
      "mapy": 126.836744922471,
      "width": 3840,
      "height": 2160,
      "caption_info": [
        "돈카츠답다(강서구) ",
        "돈카츠 "
      ]
    }
  ],
  "annotations": [
    {
      "image_id": 0,
      "question": [
        {
          "question_id": 0,
          "question_type": "정보",
          "question": "연락처가 어떻게 되나요?",
          "question_wordNum": 3,
          "answer": "02-3663-5289",
          "answer_wordNum": 1,
          "fact": [
            "돈카츠답다,연락처,02-3663-5289"
          ]
        },
        {
          "question_id": 1,
          "question_type": "정보",
          "question": "이 곳의 주소는 어떻게 되나요?",
          "question_wordNum": 5,
          "answer": "서울 강서구 강서로 306",
          "answer_wordNum": 4,
          "fact": [
            "돈카츠답다,주소,서울 강서구 강서로 306"
          ]
        },
        {
          "question_id": 2,
          "question_type": "정보",
          "question": "휴무일을 알 수 있나요?",
          "question_wordNum": 4,
          "answer": "없음",
          "answer_wordNum": 1,
          "fact": [
            "돈카츠답다,휴무일,없음"
          ]
        },
        {
          "question_id": 3,
          "question_type": "탐색",
          "question": "주차시설이 있나요?",
          "question_wordNum": 2,
          "answer": "없음",
          "answer_wordNum": 1,
          "fact": [
            "돈카츠답다,주차시설,없음"
          ]
        }
      ]
    },
    {
      "image_id": 1,
      "question": [
        {
          "question_id": 0,
          "question_type": "관계",
          "question": "이 곳에 인접한 시설이 있나요?",
          "question_wordNum": 5,
          "answer": "우장산역 1번 출구, 버거킹, 피자스쿨",
          "answer_wordNum": 5,
          "fact": [
            "돈카츠답다,인접,우장산역 1번 출구, 버거킹, 피자스쿨"
          ]
        },
        {
          "question_id": 1,
          "question_type": "정보",
          "question": "이 곳의 주소는 어떻게 되나요?",
          "question_wordNum": 5,
          "answer": "서울 강서구 강서로 306",
          "answer_wordNum": 4,
          "fact": [
            "돈카츠답다,주소,서울 강서구 강서로 306"
          ]
        },
        {
          "question_id": 2,
          "question_type": "정보",
          "question": "연락처가 어떻게 되나요?",
          "question_wordNum": 3,
          "answer": "02-3663-5289",
          "answer_wordNum": 1,
          "fact": [
            "돈카츠답다,연락처,02-3663-5289"
          ]
        },
        {
          "question_id": 3,
          "question_type": "정보",
          "question": "이 곳의 메뉴를 알 수 있나요?",
          "question_wordNum": 6,
          "answer": "안심카츠정식, 등심카츠정식",
          "answer_wordNum": 2,
          "fact": [
            "돈카츠답다,메뉴,안심카츠정식, 등심카츠정식"
          ]
        }
      ]
    },
    {
      "image_id": 2,
      "question": [
        {
          "question_id": 0,
          "question_type": "정보",
          "question": "연락처를 알 수 있나요?",
          "question_wordNum": 4,
          "answer": "02-3663-5289",
          "answer_wordNum": 1,
          "fact": [
            "돈카츠답다,연락처,02-3663-5289"
          ]
        },
        {
          "question_id": 1,
          "question_type": "정보",
          "question": "이 곳의 주소를 알 수 있나요?",
          "question_wordNum": 6,
          "answer": "서울 강서구 강서로 306",
          "answer_wordNum": 4,
          "fact": [
            "돈카츠답다,주소,서울 강서구 강서로 306"
          ]
        },
        {
          "question_id": 2,
          "question_type": "관계",
          "question": "이 곳에 인접한 시설이 있나요?",
          "question_wordNum": 5,
          "answer": "우장산역 1번 출구, 버거킹, 피자스쿨",
          "answer_wordNum": 5,
          "fact": [
            "돈카츠답다,인접,우장산역 1번 출구, 버거킹, 피자스쿨"
          ]
        },
        {
          "question_id": 3,
          "question_type": "정보",
          "question": "대표 메뉴가 무엇인가요?",
          "question_wordNum": 3,
          "answer": "안심카츠정식, 등심카츠정식",
          "answer_wordNum": 2,
          "fact": [
            "돈카츠답다,메뉴,안심카츠정식, 등심카츠정식"
          ]
        }
      ]
    },
    {
      "image_id": 3,
      "question": [
        {
          "question_id": 0,
          "question_type": "정보",
          "question": "대표 메뉴가 무엇인가요?",
          "question_wordNum": 3,
          "answer": "안심카츠정식, 등심카츠정식",
          "answer_wordNum": 2,
          "fact": [
            "돈카츠답다,메뉴,안심카츠정식, 등심카츠정식"
          ]
        },
        {
          "question_id": 1,
          "question_type": "정보",
          "question": "휴무일을 알 수 있나요?",
          "question_wordNum": 4,
          "answer": "없음",
          "answer_wordNum": 1,
          "fact": [
            "돈카츠답다,휴무일,없음"
          ]
        },
        {
          "question_id": 2,
          "question_type": "탐색",
          "question": "주차시설이 있나요?",
          "question_wordNum": 2,
          "answer": "없음",
          "answer_wordNum": 1,
          "fact": [
            "돈카츠답다,주차시설,없음"
          ]
        },
        {
          "question_id": 3,
          "question_type": "정보",
          "question": "이 곳의 주소는 어떻게 되나요?",
          "question_wordNum": 5,
          "answer": "서울 강서구 강서로 306",
          "answer_wordNum": 4,
          "fact": [
            "돈카츠답다,주소,서울 강서구 강서로 306"
          ]
        }
      ]
    },
    {
      "image_id": 4,
      "question": [
        {
          "question_id": 0,
          "question_type": "정보",
          "question": "휴무일을 알 수 있나요?",
          "question_wordNum": 4,
          "answer": "없음",
          "answer_wordNum": 1,
          "fact": [
            "돈카츠답다,휴무일,없음"
          ]
        },
        {
          "question_id": 1,
          "question_type": "관계",
          "question": "이 곳에 인접한 시설을 알 수 있나요?",
          "question_wordNum": 7,
          "answer": "우장산역 1번 출구, 버거킹, 피자스쿨",
          "answer_wordNum": 5,
          "fact": [
            "돈카츠답다,인접,우장산역 1번 출구, 버거킹, 피자스쿨"
          ]
        },
        {
          "question_id": 2,
          "question_type": "정보",
          "question": "이 곳의 메뉴를 알 수 있나요?",
          "question_wordNum": 6,
          "answer": "안심카츠정식, 등심카츠정식",
          "answer_wordNum": 2,
          "fact": [
            "돈카츠답다,메뉴,안심카츠정식, 등심카츠정식"
          ]
        },
        {
          "question_id": 3,
          "question_type": "탐색",
          "question": "주차시설이 있는지 알 수 있나요?",
          "question_wordNum": 5,
          "answer": "없음",
          "answer_wordNum": 1,
          "fact": [
            "돈카츠답다,주차시설,없음"
          ]
        }
      ]
    }
  ]
}