{
  "data": {
    "dataset": "2-083-219",
    "POI_id": "561361",
    "travelType": "음식점",
    "place": "362키친",
    "area": "서울"
  },
  "imageInfo": [
    {
      "image_id": 0,
      "filename": "561361_0_su_5_362키친_1_001.png",
      "mapx": 37.5675315444152,
      "mapy": 126.84245075938,
      "width": 3840,
      "height": 2160,
      "caption_info": [
        "362키친(가양동)",
        "간판, 여닫이문"
      ]
    },
    {
      "image_id": 1,
      "filename": "561361_0_su_5_362키친_1_002.png",
      "mapx": 37.5675315444152,
      "mapy": 126.84245075938,
      "width": 3840,
      "height": 2160,
      "caption_info": [
        "362키친(가양동)",
        "간판, 등받이의자, 여닫이문"
      ]
    },
    {
      "image_id": 2,
      "filename": "561361_0_su_5_362키친_1_003.png",
      "mapx": 37.5675315444152,
      "mapy": 126.84245075938,
      "width": 3840,
      "height": 2160,
      "caption_info": [
        "362키친(가양동)",
        "테이블, 등받이의자"
      ]
    },
    {
      "image_id": 3,
      "filename": "561361_0_su_5_362키친_1_004.png",
      "mapx": 37.5675315444152,
      "mapy": 126.84245075938,
      "width": 3840,
      "height": 2160,
      "caption_info": [
        "362키친(가양동)",
        "메뉴판"
      ]
    },
    {
      "image_id": 4,
      "filename": "561361_0_su_5_362키친_1_005.png",
      "mapx": 37.5675315444152,
      "mapy": 126.84245075938,
      "width": 3840,
      "height": 2160,
      "caption_info": [
        "362키친(가양동)",
        "덮밥"
      ]
    }
  ],
  "annotations": [
    {
      "image_id": 0,
      "question": [
        {
          "question_id": 0,
          "question_type": "정보",
          "question": "연락처가 어떻게 되나요?",
          "question_wordNum": 3,
          "answer": "0507-1427-8702",
          "answer_wordNum": 1,
          "fact": [
            "362키친,연락처,0507-1427-8702"
          ]
        },
        {
          "question_id": 1,
          "question_type": "정보",
          "question": "영업시간은 어떻게 되나요?",
          "question_wordNum": 3,
          "answer": "10:30/11:00~21:00/22:00",
          "answer_wordNum": 1,
          "fact": [
            "362키친,영업시간,10:30/11:00~21:00/22:00"
          ]
        },
        {
          "question_id": 2,
          "question_type": "관계",
          "question": "이 곳에 인접한 시설이 있나요?",
          "question_wordNum": 5,
          "answer": "양천향교역 5번 출구, 이타순대국, 대한민국식당",
          "answer_wordNum": 5,
          "fact": [
            "362키친,인접,양천향교역 5번 출구, 이타순대국, 대한민국식당"
          ]
        },
        {
          "question_id": 3,
          "question_type": "정보",
          "question": "이 곳의 주소는 어떻게 되나요?",
          "question_wordNum": 5,
          "answer": "서울 강서구 양천로 362 101호",
          "answer_wordNum": 5,
          "fact": [
            "362키친,주소,서울 강서구 양천로 362 101호"
          ]
        }
      ]
    },
    {
      "image_id": 1,
      "question": [
        {
          "question_id": 0,
          "question_type": "정보",
          "question": "휴무일은 어떻게 되나요?",
          "question_wordNum": 3,
          "answer": "격주 일요일",
          "answer_wordNum": 2,
          "fact": [
            "362키친,휴무일,격주 일요일"
          ]
        },
        {
          "question_id": 1,
          "question_type": "정보",
          "question": "영업시간은 어떻게 되나요?",
          "question_wordNum": 3,
          "answer": "10:30/11:00~21:00/22:00",
          "answer_wordNum": 1,
          "fact": [
            "362키친,영업시간,10:30/11:00~21:00/22:00"
          ]
        },
        {
          "question_id": 2,
          "question_type": "정보",
          "question": "이 곳의 주요 메뉴는 무엇이 있나요?",
          "question_wordNum": 6,
          "answer": "오사카풍 멘치카츠, 웰빙 덮밥",
          "answer_wordNum": 4,
          "fact": [
            "362키친,메뉴,오사카풍 멘치카츠, 웰빙 덮밥"
          ]
        },
        {
          "question_id": 3,
          "question_type": "탐색",
          "question": "주차시설이 있나요?",
          "question_wordNum": 2,
          "answer": "있음",
          "answer_wordNum": 1,
          "fact": [
            "362키친,주차시설,있음"
          ]
        }
      ]
    },
    {
      "image_id": 2,
      "question": [
        {
          "question_id": 0,
          "question_type": "탐색",
          "question": "주차시설이 있나요?",
          "question_wordNum": 2,
          "answer": "있음",
          "answer_wordNum": 1,
          "fact": [
            "362키친,주차시설,있음"
          ]
        },
        {
          "question_id": 1,
          "question_type": "정보",
          "question": "휴무일은 어떻게 되나요?",
          "question_wordNum": 3,
          "answer": "격주 일요일",
          "answer_wordNum": 2,
          "fact": [
            "362키친,휴무일,격주 일요일"
          ]
        },
        {
          "question_id": 2,
          "question_type": "관계",
          "question": "이 곳에 인접한 시설이 있나요?",
          "question_wordNum": 5,
          "answer": "양천향교역 5번 출구, 이타순대국, 대한민국식당",
          "answer_wordNum": 5,
          "fact": [
            "362키친,인접,양천향교역 5번 출구, 이타순대국, 대한민국식당"
          ]
        },
        {
          "question_id": 3,
          "question_type": "정보",
          "question": "이 곳의 주소는 어떻게 되나요?",
          "question_wordNum": 5,
          "answer": "서울 강서구 양천로 362 101호",
          "answer_wordNum": 5,
          "fact": [
            "362키친,주소,서울 강서구 양천로 362 101호"
          ]
        }
      ]
    },
    {
      "image_id": 3,
      "question": [
        {
          "question_id": 0,
          "question_type": "정보",
          "question": "이 곳의 주요 메뉴는 무엇이 있나요?",
          "question_wordNum": 6,
          "answer": "오사카풍 멘치카츠, 웰빙 덮밥",
          "answer_wordNum": 4,
          "fact": [
            "362키친,메뉴,오사카풍 멘치카츠, 웰빙 덮밥"
          ]
        },
        {
          "question_id": 1,
          "question_type": "탐색",
          "question": "주차시설이 있나요?",
          "question_wordNum": 2,
          "answer": "있음",
          "answer_wordNum": 1,
          "fact": [
            "362키친,주차시설,있음"
          ]
        },
        {
          "question_id": 2,
          "question_type": "정보",
          "question": "연락처가 어떻게 되나요?",
          "question_wordNum": 3,
          "answer": "0507-1427-8702",
          "answer_wordNum": 1,
          "fact": [
            "362키친,연락처,0507-1427-8702"
          ]
        },
        {
          "question_id": 3,
          "question_type": "정보",
          "question": "휴무일은 어떻게 되나요?",
          "question_wordNum": 3,
          "answer": "격주 일요일",
          "answer_wordNum": 2,
          "fact": [
            "362키친,휴무일,격주 일요일"
          ]
        }
      ]
    },
    {
      "image_id": 4,
      "question": [
        {
          "question_id": 0,
          "question_type": "관계",
          "question": "이 곳에 인접한 시설이 있나요?",
          "question_wordNum": 5,
          "answer": "양천향교역 5번 출구, 이타순대국, 대한민국식당",
          "answer_wordNum": 5,
          "fact": [
            "362키친,인접,양천향교역 5번 출구, 이타순대국, 대한민국식당"
          ]
        },
        {
          "question_id": 1,
          "question_type": "정보",
          "question": "영업시간은 어떻게 되나요?",
          "question_wordNum": 3,
          "answer": "10:30/11:00~21:00/22:00",
          "answer_wordNum": 1,
          "fact": [
            "362키친,영업시간,10:30/11:00~21:00/22:00"
          ]
        },
        {
          "question_id": 2,
          "question_type": "정보",
          "question": "휴무일은 어떻게 되나요?",
          "question_wordNum": 3,
          "answer": "격주 일요일",
          "answer_wordNum": 2,
          "fact": [
            "362키친,휴무일,격주 일요일"
          ]
        },
        {
          "question_id": 3,
          "question_type": "정보",
          "question": "연락처가 어떻게 되나요?",
          "question_wordNum": 3,
          "answer": "0507-1427-8702",
          "answer_wordNum": 1,
          "fact": [
            "362키친,연락처,0507-1427-8702"
          ]
        }
      ]
    }
  ]
}