{
  "data": {
    "dataset": "2-083-219",
    "POI_id": "561567",
    "travelType": "음식점",
    "place": "예향정 마곡점",
    "area": "서울"
  },
  "imageInfo": [
    {
      "image_id": 0,
      "filename": "561567_0_su_5_예향정 마곡점_1_001.png",
      "mapx": 37.5679745986878,
      "mapy": 126.826720979429,
      "width": 3840,
      "height": 2160,
      "caption_info": [
        "예향정 마곡점(마곡동)",
        "미닫이문"
      ]
    },
    {
      "image_id": 1,
      "filename": "561567_0_su_5_예향정 마곡점_1_002.png",
      "mapx": 37.5679745986878,
      "mapy": 126.826720979429,
      "width": 3840,
      "height": 2160,
      "caption_info": [
        "예향정 마곡점(마곡동)",
        "간판"
      ]
    },
    {
      "image_id": 2,
      "filename": "561567_0_su_5_예향정 마곡점_1_003.png",
      "mapx": 37.5679745986878,
      "mapy": 126.826720979429,
      "width": 3840,
      "height": 2160,
      "caption_info": [
        "예향정 마곡점(마곡동)",
        "등받이 의자"
      ]
    },
    {
      "image_id": 3,
      "filename": "561567_0_su_5_예향정 마곡점_1_004.png",
      "mapx": 37.5679745986878,
      "mapy": 126.826720979429,
      "width": 3840,
      "height": 2160,
      "caption_info": [
        "예향정 마곡점(마곡동)",
        "메뉴판"
      ]
    },
    {
      "image_id": 4,
      "filename": "561567_0_su_5_예향정 마곡점_1_005.png",
      "mapx": 37.5679745986878,
      "mapy": 126.826720979429,
      "width": 3840,
      "height": 2160,
      "caption_info": [
        "예향정 마곡점(마곡동)",
        "그릇, 냄비, 화구"
      ]
    }
  ],
  "annotations": [
    {
      "image_id": 0,
      "question": [
        {
          "question_id": 0,
          "question_type": "정보",
          "question": "영업시간을 알 수 있나요?",
          "question_wordNum": 4,
          "answer": "10:00~21:30",
          "answer_wordNum": 1,
          "fact": [
            "예향정 마곡점,영업시간,10:00~21:30"
          ]
        },
        {
          "question_id": 1,
          "question_type": "정보",
          "question": "이 곳의 주요 메뉴를 알 수 있나요?",
          "question_wordNum": 7,
          "answer": "소불고기, 삼겹김치찌개",
          "answer_wordNum": 2,
          "fact": [
            "예향정 마곡점,메뉴,소불고기, 삼겹김치찌개"
          ]
        },
        {
          "question_id": 2,
          "question_type": "탐색",
          "question": "주차시설이 있는지 알 수 있나요?",
          "question_wordNum": 5,
          "answer": "있음",
          "answer_wordNum": 1,
          "fact": [
            "예향정 마곡점,주차시설,있음"
          ]
        },
        {
          "question_id": 3,
          "question_type": "관계",
          "question": "이 곳에 인접한 시설이 있나요?",
          "question_wordNum": 5,
          "answer": "마곡나루역 1번 출구, 디저트39, 구름공방",
          "answer_wordNum": 5,
          "fact": [
            "예향정 마곡점,인접,마곡나루역 1번 출구, 디저트39, 구름공방"
          ]
        }
      ]
    },
    {
      "image_id": 1,
      "question": [
        {
          "question_id": 0,
          "question_type": "관계",
          "question": "이 곳에 인접한 시설을 알 수 있나요?",
          "question_wordNum": 7,
          "answer": "마곡나루역 1번 출구, 디저트39, 구름공방",
          "answer_wordNum": 5,
          "fact": [
            "예향정 마곡점,인접,마곡나루역 1번 출구, 디저트39, 구름공방"
          ]
        },
        {
          "question_id": 1,
          "question_type": "탐색",
          "question": "주차시설이 있는지 알 수 있나요?",
          "question_wordNum": 5,
          "answer": "있음",
          "answer_wordNum": 1,
          "fact": [
            "예향정 마곡점,주차시설,있음"
          ]
        },
        {
          "question_id": 2,
          "question_type": "정보",
          "question": "휴무일은 어떻게 되나요?",
          "question_wordNum": 3,
          "answer": "알수없음",
          "answer_wordNum": 1,
          "fact": [
            "예향정 마곡점,휴무일,알수없음"
          ]
        },
        {
          "question_id": 3,
          "question_type": "정보",
          "question": "연락처가 어떻게 되나요?",
          "question_wordNum": 3,
          "answer": "0507-1431-1973",
          "answer_wordNum": 1,
          "fact": [
            "예향정 마곡점,연락처,0507-1431-1973"
          ]
        }
      ]
    },
    {
      "image_id": 2,
      "question": [
        {
          "question_id": 0,
          "question_type": "정보",
          "question": "연락처를 알 수 있나요?",
          "question_wordNum": 4,
          "answer": "0507-1431-1973",
          "answer_wordNum": 1,
          "fact": [
            "예향정 마곡점,연락처,0507-1431-1973"
          ]
        },
        {
          "question_id": 1,
          "question_type": "정보",
          "question": "영업시간은 몇시부터 몇시까지로 기재되어 있나요?",
          "question_wordNum": 5,
          "answer": "10:00~21:30",
          "answer_wordNum": 1,
          "fact": [
            "예향정 마곡점,영업시간,10:00~21:30"
          ]
        },
        {
          "question_id": 2,
          "question_type": "정보",
          "question": "이 곳의 대표적인 메뉴를 알 수 있나요?",
          "question_wordNum": 7,
          "answer": "소불고기, 삼겹김치찌개",
          "answer_wordNum": 2,
          "fact": [
            "예향정 마곡점,메뉴,소불고기, 삼겹김치찌개"
          ]
        },
        {
          "question_id": 3,
          "question_type": "정보",
          "question": "휴무일은 어떻게 되나요?",
          "question_wordNum": 3,
          "answer": "알수없음",
          "answer_wordNum": 1,
          "fact": [
            "예향정 마곡점,휴무일,알수없음"
          ]
        }
      ]
    },
    {
      "image_id": 3,
      "question": [
        {
          "question_id": 0,
          "question_type": "관계",
          "question": "이 곳에 인접한 시설이 있나요?",
          "question_wordNum": 5,
          "answer": "마곡나루역 1번 출구, 디저트39, 구름공방",
          "answer_wordNum": 5,
          "fact": [
            "예향정 마곡점,인접,마곡나루역 1번 출구, 디저트39, 구름공방"
          ]
        },
        {
          "question_id": 1,
          "question_type": "탐색",
          "question": "이 곳은 무엇을 제공하나요?",
          "question_wordNum": 4,
          "answer": "쌈 채소, 렌틸콩 밥, 김치찌개, 된장찌개, 두루치기",
          "answer_wordNum": 7,
          "fact": [
            "예향정 마곡점,제공,쌈 채소, 렌틸콩 밥, 김치찌개, 된장찌개, 두루치기"
          ]
        },
        {
          "question_id": 2,
          "question_type": "정보",
          "question": "휴무일은 어떻게 되나요?",
          "question_wordNum": 3,
          "answer": "알수없음",
          "answer_wordNum": 1,
          "fact": [
            "예향정 마곡점,휴무일,알수없음"
          ]
        },
        {
          "question_id": 3,
          "question_type": "정보",
          "question": "이 곳의 주소를 알 수 있나요?",
          "question_wordNum": 6,
          "answer": "서울 강서구 마곡중앙로 161-11",
          "answer_wordNum": 4,
          "fact": [
            "예향정 마곡점,주소,서울 강서구 마곡중앙로 161-11"
          ]
        }
      ]
    },
    {
      "image_id": 4,
      "question": [
        {
          "question_id": 0,
          "question_type": "정보",
          "question": "영업시간을 알 수 있나요?",
          "question_wordNum": 4,
          "answer": "10:00~21:30",
          "answer_wordNum": 1,
          "fact": [
            "예향정 마곡점,영업시간,10:00~21:30"
          ]
        },
        {
          "question_id": 1,
          "question_type": "탐색",
          "question": "주차시설이 있나요?",
          "question_wordNum": 2,
          "answer": "있음",
          "answer_wordNum": 1,
          "fact": [
            "예향정 마곡점,주차시설,있음"
          ]
        },
        {
          "question_id": 2,
          "question_type": "정보",
          "question": "이 곳의 주소를 알 수 있나요?",
          "question_wordNum": 6,
          "answer": "서울 강서구 마곡중앙로 161-11",
          "answer_wordNum": 4,
          "fact": [
            "예향정 마곡점,주소,서울 강서구 마곡중앙로 161-11"
          ]
        },
        {
          "question_id": 3,
          "question_type": "정보",
          "question": "이 곳은 무엇을 제공하나요?",
          "question_wordNum": 4,
          "answer": "쌈 채소, 렌틸콩 밥, 김치찌개, 된장찌개, 두루치기",
          "answer_wordNum": 7,
          "fact": [
            "예향정 마곡점,제공,쌈 채소, 렌틸콩 밥, 김치찌개, 된장찌개, 두루치기"
          ]
        }
      ]
    }
  ]
}