{
  "data": {
    "dataset": "2-083-219",
    "POI_id": "561383",
    "travelType": "음식점",
    "place": "황금오리농장 ",
    "area": "서울"
  },
  "imageInfo": [
    {
      "image_id": 0,
      "filename": "561383_0_su_5_황금오리농장 _2_001.png",
      "mapx": 37.5657010514328,
      "mapy": 126.84764409296,
      "width": 3840,
      "height": 2160,
      "caption_info": [
        "황금오리농장(가양동)",
        "간판, 여닫이문, 전동휠체어, 배너"
      ]
    },
    {
      "image_id": 1,
      "filename": "561383_0_su_5_황금오리농장 _2_002.png",
      "mapx": 37.5657010514328,
      "mapy": 126.84764409296,
      "width": 3840,
      "height": 2160,
      "caption_info": [
        "황금오리농장(가양동)",
        "간판, 화분, 여닫이문, 배너"
      ]
    },
    {
      "image_id": 2,
      "filename": "561383_0_su_5_황금오리농장 _2_003.png",
      "mapx": 37.5657010514328,
      "mapy": 126.84764409296,
      "width": 3840,
      "height": 2160,
      "caption_info": [
        "황금오리농장(가양동)",
        "시계, 테이블, 등받이의자"
      ]
    },
    {
      "image_id": 3,
      "filename": "561383_0_su_5_황금오리농장 _2_004.png",
      "mapx": 37.5657010514328,
      "mapy": 126.84764409296,
      "width": 3840,
      "height": 2160,
      "caption_info": [
        "황금오리농장(가양동)",
        "메뉴판"
      ]
    },
    {
      "image_id": 4,
      "filename": "561383_0_su_5_황금오리농장 _2_005.png",
      "mapx": 37.5657010514328,
      "mapy": 126.84764409296,
      "width": 3840,
      "height": 2160,
      "caption_info": [
        "황금오리농장(가양동)",
        "오리고기"
      ]
    }
  ],
  "annotations": [
    {
      "image_id": 0,
      "question": [
        {
          "question_id": 0,
          "question_type": "정보",
          "question": "영업시간은 몇시부터 몇시까지로 기재되어 있나요?",
          "question_wordNum": 5,
          "answer": "11:30~21:30",
          "answer_wordNum": 1,
          "fact": [
            "황금오리농장,영업시간,11:30~21:30"
          ]
        },
        {
          "question_id": 1,
          "question_type": "정보",
          "question": "휴무일을 알 수 있나요?",
          "question_wordNum": 4,
          "answer": "알수없음",
          "answer_wordNum": 1,
          "fact": [
            "황금오리농장,휴무일,알수없음"
          ]
        },
        {
          "question_id": 2,
          "question_type": "정보",
          "question": "이 곳의 주요 메뉴는 무엇이 있나요?",
          "question_wordNum": 6,
          "answer": "오리로스구이, 오리훈제구이",
          "answer_wordNum": 2,
          "fact": [
            "황금오리농장,메뉴,오리로스구이, 오리훈제구이"
          ]
        },
        {
          "question_id": 3,
          "question_type": "탐색",
          "question": "주차시설이 있나요?",
          "question_wordNum": 2,
          "answer": "있음",
          "answer_wordNum": 1,
          "fact": [
            "황금오리농장,주차시설,있음"
          ]
        }
      ]
    },
    {
      "image_id": 1,
      "question": [
        {
          "question_id": 0,
          "question_type": "관계",
          "question": "이 곳에 인접한 시설이 있나요?",
          "question_wordNum": 5,
          "answer": "가양역 1번 출구, 강서한강자이타워, CU, 짬뽕만리",
          "answer_wordNum": 6,
          "fact": [
            "황금오리농장,인접,가양역 1번 출구, 강서한강자이타워, CU, 짬뽕만리"
          ]
        },
        {
          "question_id": 1,
          "question_type": "정보",
          "question": "연락처가 어떻게 되나요?",
          "question_wordNum": 3,
          "answer": "0507-1348-5258",
          "answer_wordNum": 1,
          "fact": [
            "황금오리농장,연락처,0507-1348-5258"
          ]
        },
        {
          "question_id": 2,
          "question_type": "정보",
          "question": "이 곳의 주소는 어떻게 되나요?",
          "question_wordNum": 5,
          "answer": "서울 강서구 양천로 401 강서 한강 자이타워 1층B동 113호 황금오리 농장",
          "answer_wordNum": 11,
          "fact": [
            "황금오리농장,주소,서울 강서구 양천로 401 강서 한강 자이타워 1층B동 113호 황금오리 농장"
          ]
        },
        {
          "question_id": 3,
          "question_type": "정보",
          "question": "휴무일을 알 수 있나요?",
          "question_wordNum": 4,
          "answer": "알수없음",
          "answer_wordNum": 1,
          "fact": [
            "황금오리농장,휴무일,알수없음"
          ]
        }
      ]
    },
    {
      "image_id": 2,
      "question": [
        {
          "question_id": 0,
          "question_type": "정보",
          "question": "이 곳의 주요 메뉴는 무엇이 있나요?",
          "question_wordNum": 6,
          "answer": "오리로스구이, 오리훈제구이",
          "answer_wordNum": 2,
          "fact": [
            "황금오리농장,메뉴,오리로스구이, 오리훈제구이"
          ]
        },
        {
          "question_id": 1,
          "question_type": "탐색",
          "question": "주차시설이 있나요?",
          "question_wordNum": 2,
          "answer": "있음",
          "answer_wordNum": 1,
          "fact": [
            "황금오리농장,주차시설,있음"
          ]
        },
        {
          "question_id": 2,
          "question_type": "정보",
          "question": "이 곳의 주소는 어떻게 되나요?",
          "question_wordNum": 5,
          "answer": "서울 강서구 양천로 401 강서 한강 자이타워 1층B동 113호 황금오리 농장",
          "answer_wordNum": 11,
          "fact": [
            "황금오리농장,주소,서울 강서구 양천로 401 강서 한강 자이타워 1층B동 113호 황금오리 농장"
          ]
        },
        {
          "question_id": 3,
          "question_type": "관계",
          "question": "이 곳에 인접한 시설이 있나요?",
          "question_wordNum": 5,
          "answer": "가양역 1번 출구, 강서한강자이타워, CU, 짬뽕만리",
          "answer_wordNum": 6,
          "fact": [
            "황금오리농장,인접,가양역 1번 출구, 강서한강자이타워, CU, 짬뽕만리"
          ]
        }
      ]
    },
    {
      "image_id": 3,
      "question": [
        {
          "question_id": 0,
          "question_type": "정보",
          "question": "이 곳의 주소는 어떻게 되나요?",
          "question_wordNum": 5,
          "answer": "서울 강서구 양천로 401 강서 한강 자이타워 1층B동 113호 황금오리 농장",
          "answer_wordNum": 11,
          "fact": [
            "황금오리농장,주소,서울 강서구 양천로 401 강서 한강 자이타워 1층B동 113호 황금오리 농장"
          ]
        },
        {
          "question_id": 1,
          "question_type": "정보",
          "question": "연락처가 어떻게 되나요?",
          "question_wordNum": 3,
          "answer": "0507-1348-5258",
          "answer_wordNum": 1,
          "fact": [
            "황금오리농장,연락처,0507-1348-5258"
          ]
        },
        {
          "question_id": 2,
          "question_type": "정보",
          "question": "영업시간은 어떻게 되나요?",
          "question_wordNum": 3,
          "answer": "11:30~21:30",
          "answer_wordNum": 1,
          "fact": [
            "황금오리농장,영업시간,11:30~21:30"
          ]
        },
        {
          "question_id": 3,
          "question_type": "정보",
          "question": "휴무일을 알 수 있나요?",
          "question_wordNum": 4,
          "answer": "알수없음",
          "answer_wordNum": 1,
          "fact": [
            "황금오리농장,휴무일,알수없음"
          ]
        }
      ]
    },
    {
      "image_id": 4,
      "question": [
        {
          "question_id": 0,
          "question_type": "정보",
          "question": "영업시간은 어떻게 되나요?",
          "question_wordNum": 3,
          "answer": "11:30~21:30",
          "answer_wordNum": 1,
          "fact": [
            "황금오리농장,영업시간,11:30~21:30"
          ]
        },
        {
          "question_id": 1,
          "question_type": "정보",
          "question": "이 곳의 주요 메뉴는 무엇이 있나요?",
          "question_wordNum": 6,
          "answer": "오리로스구이, 오리훈제구이",
          "answer_wordNum": 2,
          "fact": [
            "황금오리농장,메뉴,오리로스구이, 오리훈제구이"
          ]
        },
        {
          "question_id": 2,
          "question_type": "탐색",
          "question": "주차시설이 있나요?",
          "question_wordNum": 2,
          "answer": "있음",
          "answer_wordNum": 1,
          "fact": [
            "황금오리농장,주차시설,있음"
          ]
        },
        {
          "question_id": 3,
          "question_type": "정보",
          "question": "이 곳의 주소는 어떻게 되나요?",
          "question_wordNum": 5,
          "answer": "서울 강서구 양천로 401 강서 한강 자이타워 1층B동 113호 황금오리 농장",
          "answer_wordNum": 11,
          "fact": [
            "황금오리농장,주소,서울 강서구 양천로 401 강서 한강 자이타워 1층B동 113호 황금오리 농장"
          ]
        }
      ]
    }
  ]
}