{
  "data": {
    "dataset": "2-083-219",
    "POI_id": "553162",
    "travelType": "음식점",
    "place": "신촌갈비국밥",
    "area": "서울"
  },
  "imageInfo": [
    {
      "image_id": 0,
      "filename": "553162_0_su_5_신촌갈비국밥_1_001.png",
      "mapx": 37.5317036944089,
      "mapy": 126.859787408909,
      "width": 3840,
      "height": 2160,
      "caption_info": [
        "신촌갈비국밥(화곡동)",
        "간판, 여닫이문"
      ]
    },
    {
      "image_id": 1,
      "filename": "553162_0_su_5_신촌갈비국밥_1_002.png",
      "mapx": 37.5317036944089,
      "mapy": 126.859787408909,
      "width": 3840,
      "height": 2160,
      "caption_info": [
        "신촌갈비국밥(화곡동)",
        "간판"
      ]
    },
    {
      "image_id": 2,
      "filename": "553162_0_su_5_신촌갈비국밥_1_003.png",
      "mapx": 37.5317036944089,
      "mapy": 126.859787408909,
      "width": 3840,
      "height": 2160,
      "caption_info": [
        "신촌갈비국밥(화곡동)",
        "테이블, 등받이의자"
      ]
    },
    {
      "image_id": 3,
      "filename": "553162_0_su_5_신촌갈비국밥_1_004.png",
      "mapx": 37.5317036944089,
      "mapy": 126.859787408909,
      "width": 3840,
      "height": 2160,
      "caption_info": [
        "신촌갈비국밥(화곡동)",
        "메뉴판 "
      ]
    },
    {
      "image_id": 4,
      "filename": "553162_0_su_5_신촌갈비국밥_1_005.png",
      "mapx": 37.5317036944089,
      "mapy": 126.859787408909,
      "width": 3840,
      "height": 2160,
      "caption_info": [
        "신촌갈비국밥(화곡동)",
        "소갈비곱창전골"
      ]
    }
  ],
  "annotations": [
    {
      "image_id": 0,
      "question": [
        {
          "question_id": 0,
          "question_type": "관계",
          "question": "이 곳에 인접한 시설을 알 수 있나요?",
          "question_wordNum": 7,
          "answer": "두레어린이공원, 영지식당",
          "answer_wordNum": 2,
          "fact": [
            "신촌갈비국밥,인접,두레어린이공원, 영지식당"
          ]
        },
        {
          "question_id": 1,
          "question_type": "정보",
          "question": "이 곳의 주소를 알 수 있나요?",
          "question_wordNum": 6,
          "answer": "서울 강서구 곰달래로 242",
          "answer_wordNum": 4,
          "fact": [
            "신촌갈비국밥,주소,서울 강서구 곰달래로 242"
          ]
        },
        {
          "question_id": 2,
          "question_type": "정보",
          "question": "영업시간을 알 수 있나요?",
          "question_wordNum": 4,
          "answer": "08:30-02:30",
          "answer_wordNum": 1,
          "fact": [
            "신촌갈비국밥,영업시간,08:30-02:30"
          ]
        },
        {
          "question_id": 3,
          "question_type": "탐색",
          "question": "주차시설이 있는지 알 수 있나요?",
          "question_wordNum": 5,
          "answer": "있음",
          "answer_wordNum": 1,
          "fact": [
            "신촌갈비국밥,주차시설,있음"
          ]
        }
      ]
    },
    {
      "image_id": 1,
      "question": [
        {
          "question_id": 0,
          "question_type": "정보",
          "question": "이 곳의 주요 메뉴를 알 수 있나요?",
          "question_wordNum": 7,
          "answer": "소갈비 수육, 소갈비 곱창전골",
          "answer_wordNum": 4,
          "fact": [
            "신촌갈비국밥,메뉴,소갈비 수육, 소갈비 곱창전골"
          ]
        },
        {
          "question_id": 1,
          "question_type": "정보",
          "question": "연락처가 어떻게 되나요?",
          "question_wordNum": 3,
          "answer": "0507-1477-6888",
          "answer_wordNum": 1,
          "fact": [
            "신촌갈비국밥,연락처,0507-1477-6888"
          ]
        },
        {
          "question_id": 2,
          "question_type": "정보",
          "question": "휴무일은 어떻게 되나요?",
          "question_wordNum": 3,
          "answer": "없음",
          "answer_wordNum": 1,
          "fact": [
            "신촌갈비국밥,휴무일,없음"
          ]
        },
        {
          "question_id": 3,
          "question_type": "관계",
          "question": "이 곳에 인접한 시설을 알 수 있나요?",
          "question_wordNum": 7,
          "answer": "두레어린이공원, 영지식당",
          "answer_wordNum": 2,
          "fact": [
            "신촌갈비국밥,인접,두레어린이공원, 영지식당"
          ]
        }
      ]
    },
    {
      "image_id": 2,
      "question": [
        {
          "question_id": 0,
          "question_type": "정보",
          "question": "이 곳의 대표적인 메뉴를 알 수 있나요?",
          "question_wordNum": 7,
          "answer": "소갈비 수육, 소갈비 곱창전골",
          "answer_wordNum": 4,
          "fact": [
            "신촌갈비국밥,메뉴,소갈비 수육, 소갈비 곱창전골"
          ]
        },
        {
          "question_id": 1,
          "question_type": "정보",
          "question": "휴무일은 어떻게 되나요?",
          "question_wordNum": 3,
          "answer": "없음",
          "answer_wordNum": 1,
          "fact": [
            "신촌갈비국밥,휴무일,없음"
          ]
        },
        {
          "question_id": 2,
          "question_type": "정보",
          "question": "영업시간은 몇시부터 몇시까지로 기재되어 있나요?",
          "question_wordNum": 5,
          "answer": "08:30-02:30",
          "answer_wordNum": 1,
          "fact": [
            "신촌갈비국밥,영업시간,08:30-02:30"
          ]
        },
        {
          "question_id": 3,
          "question_type": "정보",
          "question": "이 곳의 주소를 알 수 있나요?",
          "question_wordNum": 6,
          "answer": "서울 강서구 곰달래로 242",
          "answer_wordNum": 4,
          "fact": [
            "신촌갈비국밥,주소,서울 강서구 곰달래로 242"
          ]
        }
      ]
    },
    {
      "image_id": 3,
      "question": [
        {
          "question_id": 0,
          "question_type": "관계",
          "question": "이 곳에 인접한 시설이 있나요?",
          "question_wordNum": 5,
          "answer": "두레어린이공원, 영지식당",
          "answer_wordNum": 2,
          "fact": [
            "신촌갈비국밥,인접,두레어린이공원, 영지식당"
          ]
        },
        {
          "question_id": 1,
          "question_type": "정보",
          "question": "휴무일은 어떻게 되나요?",
          "question_wordNum": 3,
          "answer": "없음",
          "answer_wordNum": 1,
          "fact": [
            "신촌갈비국밥,휴무일,없음"
          ]
        },
        {
          "question_id": 2,
          "question_type": "정보",
          "question": "연락처를 알 수 있나요?",
          "question_wordNum": 4,
          "answer": "0507-1477-6888",
          "answer_wordNum": 1,
          "fact": [
            "신촌갈비국밥,연락처,0507-1477-6888"
          ]
        },
        {
          "question_id": 3,
          "question_type": "정보",
          "question": "이 곳의 주요 메뉴를 알 수 있나요?",
          "question_wordNum": 7,
          "answer": "소갈비 수육, 소갈비 곱창전골",
          "answer_wordNum": 4,
          "fact": [
            "신촌갈비국밥,메뉴,소갈비 수육, 소갈비 곱창전골"
          ]
        }
      ]
    },
    {
      "image_id": 4,
      "question": [
        {
          "question_id": 0,
          "question_type": "정보",
          "question": "이 곳의 주소는 어떻게 되나요?",
          "question_wordNum": 5,
          "answer": "서울 강서구 곰달래로 242",
          "answer_wordNum": 4,
          "fact": [
            "신촌갈비국밥,주소,서울 강서구 곰달래로 242"
          ]
        },
        {
          "question_id": 1,
          "question_type": "관계",
          "question": "이 곳에 인접한 시설이 있나요?",
          "question_wordNum": 5,
          "answer": "두레어린이공원, 영지식당",
          "answer_wordNum": 2,
          "fact": [
            "신촌갈비국밥,인접,두레어린이공원, 영지식당"
          ]
        },
        {
          "question_id": 2,
          "question_type": "정보",
          "question": "이 곳의 주요 메뉴를 알 수 있나요?",
          "question_wordNum": 7,
          "answer": "소갈비 수육, 소갈비 곱창전골",
          "answer_wordNum": 4,
          "fact": [
            "신촌갈비국밥,메뉴,소갈비 수육, 소갈비 곱창전골"
          ]
        },
        {
          "question_id": 3,
          "question_type": "정보",
          "question": "연락처가 어떻게 되나요?",
          "question_wordNum": 3,
          "answer": "0507-1477-6888",
          "answer_wordNum": 1,
          "fact": [
            "신촌갈비국밥,연락처,0507-1477-6888"
          ]
        }
      ]
    }
  ]
}