{
  "data": {
    "dataset": "2-083-219",
    "POI_id": "561593",
    "travelType": "음식점",
    "place": "대가원 ",
    "area": "서울"
  },
  "imageInfo": [
    {
      "image_id": 0,
      "filename": "561593_0_su_5_대가원 _3_001.png",
      "mapx": 37.5597527538278,
      "mapy": 126.830889417254,
      "width": 3840,
      "height": 2160,
      "caption_info": [
        "대가원(강서구) ",
        "화분 "
      ]
    },
    {
      "image_id": 1,
      "filename": "561593_0_su_5_대가원 _3_002.png",
      "mapx": 37.5597527538278,
      "mapy": 126.830889417254,
      "width": 3840,
      "height": 2160,
      "caption_info": [
        "대가원(강서구) ",
        "간판"
      ]
    },
    {
      "image_id": 2,
      "filename": "561593_0_su_5_대가원 _3_003.png",
      "mapx": 37.5597527538278,
      "mapy": 126.830889417254,
      "width": 3840,
      "height": 2160,
      "caption_info": [
        "대가원(강서구) ",
        "사각 테이블"
      ]
    },
    {
      "image_id": 3,
      "filename": "561593_0_su_5_대가원 _3_004.png",
      "mapx": 37.5597527538278,
      "mapy": 126.830889417254,
      "width": 3840,
      "height": 2160,
      "caption_info": [
        "대가원(강서구) ",
        "메뉴판 "
      ]
    },
    {
      "image_id": 4,
      "filename": "561593_0_su_5_대가원 _3_005.png",
      "mapx": 37.5597527538278,
      "mapy": 126.830889417254,
      "width": 3840,
      "height": 2160,
      "caption_info": [
        "대가원(강서구) ",
        "고기"
      ]
    }
  ],
  "annotations": [
    {
      "image_id": 0,
      "question": [
        {
          "question_id": 0,
          "question_type": "정보",
          "question": "영업시간은 어떻게 되나요?",
          "question_wordNum": 3,
          "answer": "11:00~22:00/22:30",
          "answer_wordNum": 1,
          "fact": [
            "대가원,영업시간,11:00~22:00/22:30"
          ]
        },
        {
          "question_id": 1,
          "question_type": "관계",
          "question": "이 곳에 인접한 시설을 알 수 있나요?",
          "question_wordNum": 7,
          "answer": "마곡역 3번 출구, 교촌치킨, 이마트24",
          "answer_wordNum": 5,
          "fact": [
            "대가원,인접,마곡역 3번 출구, 교촌치킨, 이마트24"
          ]
        },
        {
          "question_id": 2,
          "question_type": "정보",
          "question": "이 곳의 주소를 알 수 있나요?",
          "question_wordNum": 6,
          "answer": "서울 강서구 공항대로 209",
          "answer_wordNum": 4,
          "fact": [
            "대가원,주소,서울 강서구 공항대로 209"
          ]
        },
        {
          "question_id": 3,
          "question_type": "탐색",
          "question": "주차시설이 있는지 알 수 있나요?",
          "question_wordNum": 5,
          "answer": "있음",
          "answer_wordNum": 1,
          "fact": [
            "대가원,주차시설,있음"
          ]
        }
      ]
    },
    {
      "image_id": 1,
      "question": [
        {
          "question_id": 0,
          "question_type": "탐색",
          "question": "주차시설이 있는지 알 수 있나요?",
          "question_wordNum": 5,
          "answer": "있음",
          "answer_wordNum": 1,
          "fact": [
            "대가원,주차시설,있음"
          ]
        },
        {
          "question_id": 1,
          "question_type": "정보",
          "question": "연락처를 알 수 있나요?",
          "question_wordNum": 4,
          "answer": "0507-1330-3902",
          "answer_wordNum": 1,
          "fact": [
            "대가원,연락처,0507-1330-3902"
          ]
        },
        {
          "question_id": 2,
          "question_type": "정보",
          "question": "이 곳의 메뉴를 알 수 있나요?",
          "question_wordNum": 6,
          "answer": "한우생등심, 깍두기볶음밥",
          "answer_wordNum": 2,
          "fact": [
            "대가원,메뉴,한우생등심, 깍두기볶음밥"
          ]
        },
        {
          "question_id": 3,
          "question_type": "정보",
          "question": "이 곳의 주소는 어떻게 되나요?",
          "question_wordNum": 5,
          "answer": "서울 강서구 공항대로 209",
          "answer_wordNum": 4,
          "fact": [
            "대가원,주소,서울 강서구 공항대로 209"
          ]
        }
      ]
    },
    {
      "image_id": 2,
      "question": [
        {
          "question_id": 0,
          "question_type": "정보",
          "question": "이 곳의 주소를 알 수 있나요?",
          "question_wordNum": 6,
          "answer": "서울 강서구 공항대로 209",
          "answer_wordNum": 4,
          "fact": [
            "대가원,주소,서울 강서구 공항대로 209"
          ]
        },
        {
          "question_id": 1,
          "question_type": "정보",
          "question": "연락처가 어떻게 되나요?",
          "question_wordNum": 3,
          "answer": "0507-1330-3902",
          "answer_wordNum": 1,
          "fact": [
            "대가원,연락처,0507-1330-3902"
          ]
        },
        {
          "question_id": 2,
          "question_type": "탐색",
          "question": "주차시설이 있나요?",
          "question_wordNum": 2,
          "answer": "있음",
          "answer_wordNum": 1,
          "fact": [
            "대가원,주차시설,있음"
          ]
        },
        {
          "question_id": 3,
          "question_type": "관계",
          "question": "이 곳에 인접한 시설이 있나요?",
          "question_wordNum": 5,
          "answer": "마곡역 3번 출구, 교촌치킨, 이마트24",
          "answer_wordNum": 5,
          "fact": [
            "대가원,인접,마곡역 3번 출구, 교촌치킨, 이마트24"
          ]
        }
      ]
    },
    {
      "image_id": 3,
      "question": [
        {
          "question_id": 0,
          "question_type": "정보",
          "question": "연락처가 어떻게 되나요?",
          "question_wordNum": 3,
          "answer": "0507-1330-3902",
          "answer_wordNum": 1,
          "fact": [
            "대가원,연락처,0507-1330-3902"
          ]
        },
        {
          "question_id": 1,
          "question_type": "정보",
          "question": "영업시간은 어떻게 되나요?",
          "question_wordNum": 3,
          "answer": "11:00~22:00/22:30",
          "answer_wordNum": 1,
          "fact": [
            "대가원,영업시간,11:00~22:00/22:30"
          ]
        },
        {
          "question_id": 2,
          "question_type": "정보",
          "question": "이 곳의 주소는 어떻게 되나요?",
          "question_wordNum": 5,
          "answer": "서울 강서구 공항대로 209",
          "answer_wordNum": 4,
          "fact": [
            "대가원,주소,서울 강서구 공항대로 209"
          ]
        },
        {
          "question_id": 3,
          "question_type": "관계",
          "question": "이 곳에 인접한 시설을 알 수 있나요?",
          "question_wordNum": 7,
          "answer": "마곡역 3번 출구, 교촌치킨, 이마트24",
          "answer_wordNum": 5,
          "fact": [
            "대가원,인접,마곡역 3번 출구, 교촌치킨, 이마트24"
          ]
        }
      ]
    },
    {
      "image_id": 4,
      "question": [
        {
          "question_id": 0,
          "question_type": "정보",
          "question": "영업시간은 어떻게 되나요?",
          "question_wordNum": 3,
          "answer": "11:00~22:00/22:30",
          "answer_wordNum": 1,
          "fact": [
            "대가원,영업시간,11:00~22:00/22:30"
          ]
        },
        {
          "question_id": 1,
          "question_type": "정보",
          "question": "연락처를 알 수 있나요?",
          "question_wordNum": 4,
          "answer": "0507-1330-3902",
          "answer_wordNum": 1,
          "fact": [
            "대가원,연락처,0507-1330-3902"
          ]
        },
        {
          "question_id": 2,
          "question_type": "탐색",
          "question": "주차시설이 있나요?",
          "question_wordNum": 2,
          "answer": "있음",
          "answer_wordNum": 1,
          "fact": [
            "대가원,주차시설,있음"
          ]
        },
        {
          "question_id": 3,
          "question_type": "관계",
          "question": "이 곳에 인접한 시설을 알 수 있나요?",
          "question_wordNum": 7,
          "answer": "마곡역 3번 출구, 교촌치킨, 이마트24",
          "answer_wordNum": 5,
          "fact": [
            "대가원,인접,마곡역 3번 출구, 교촌치킨, 이마트24"
          ]
        }
      ]
    }
  ]
}