{
  "data": {
    "dataset": "2-083-219",
    "POI_id": "561790",
    "travelType": "음식점",
    "place": "자연은바지락칼국수",
    "area": "서울"
  },
  "imageInfo": [
    {
      "image_id": 0,
      "filename": "561790_0_su_5_자연은바지락칼국수_1_001.png",
      "mapx": 37.5568874407015,
      "mapy": 126.837392387854,
      "width": 3840,
      "height": 2160,
      "caption_info": [
        "자연은바지락칼국수(강서구)",
        "간판"
      ]
    },
    {
      "image_id": 1,
      "filename": "561790_0_su_5_자연은바지락칼국수_1_002.png",
      "mapx": 37.5568874407015,
      "mapy": 126.837392387854,
      "width": 3840,
      "height": 2160,
      "caption_info": [
        "자연은바지락칼국수(강서구)",
        "간판"
      ]
    },
    {
      "image_id": 2,
      "filename": "561790_0_su_5_자연은바지락칼국수_1_003.png",
      "mapx": 37.5568874407015,
      "mapy": 126.837392387854,
      "width": 3840,
      "height": 2160,
      "caption_info": [
        "자연은바지락칼국수(강서구)",
        "사각 테이블"
      ]
    },
    {
      "image_id": 3,
      "filename": "561790_0_su_5_자연은바지락칼국수_1_004.png",
      "mapx": 37.5568874407015,
      "mapy": 126.837392387854,
      "width": 3840,
      "height": 2160,
      "caption_info": [
        "자연은바지락칼국수(강서구)",
        "메뉴판 "
      ]
    },
    {
      "image_id": 4,
      "filename": "561790_0_su_5_자연은바지락칼국수_1_005.png",
      "mapx": 37.5568874407015,
      "mapy": 126.837392387854,
      "width": 3840,
      "height": 2160,
      "caption_info": [
        "자연은바지락칼국수(강서구)",
        "칼국수 "
      ]
    }
  ],
  "annotations": [
    {
      "image_id": 0,
      "question": [
        {
          "question_id": 0,
          "question_type": "정보",
          "question": "영업시간을 알 수 있나요?",
          "question_wordNum": 4,
          "answer": "알수없음",
          "answer_wordNum": 1,
          "fact": [
            "자연은바지락칼국수,영업시간,알수없음"
          ]
        },
        {
          "question_id": 1,
          "question_type": "정보",
          "question": "휴무일은 어떻게 되나요?",
          "question_wordNum": 3,
          "answer": "알수없음",
          "answer_wordNum": 1,
          "fact": [
            "자연은바지락칼국수,휴무일,알수없음"
          ]
        },
        {
          "question_id": 2,
          "question_type": "정보",
          "question": "연락처를 알 수 있나요?",
          "question_wordNum": 4,
          "answer": "010-5371-6220",
          "answer_wordNum": 1,
          "fact": [
            "자연은바지락칼국수,연락처,010-5371-6220"
          ]
        },
        {
          "question_id": 3,
          "question_type": "정보",
          "question": "이 곳의 메뉴를 알 수 있나요?",
          "question_wordNum": 6,
          "answer": "바지락칼국수, 꼬막비빔밥",
          "answer_wordNum": 2,
          "fact": [
            "자연은바지락칼국수,메뉴,바지락칼국수, 꼬막비빔밥"
          ]
        }
      ]
    },
    {
      "image_id": 1,
      "question": [
        {
          "question_id": 0,
          "question_type": "관계",
          "question": "이 곳에 인접한 시설을 알 수 있나요?",
          "question_wordNum": 7,
          "answer": "발산역 7번 출구, 핵밥, 메가커피",
          "answer_wordNum": 5,
          "fact": [
            "자연은바지락칼국수,인접,발산역 7번 출구, 핵밥, 메가커피"
          ]
        },
        {
          "question_id": 1,
          "question_type": "탐색",
          "question": "주차시설이 있나요?",
          "question_wordNum": 2,
          "answer": "없음",
          "answer_wordNum": 1,
          "fact": [
            "자연은바지락칼국수,주차시설,없음"
          ]
        },
        {
          "question_id": 2,
          "question_type": "정보",
          "question": "연락처를 알 수 있나요?",
          "question_wordNum": 4,
          "answer": "010-5371-6220",
          "answer_wordNum": 1,
          "fact": [
            "자연은바지락칼국수,연락처,010-5371-6220"
          ]
        },
        {
          "question_id": 3,
          "question_type": "정보",
          "question": "이 곳의 주소는 어떻게 되나요?",
          "question_wordNum": 5,
          "answer": "서울 강서구 강서로 349",
          "answer_wordNum": 4,
          "fact": [
            "자연은바지락칼국수,주소,서울 강서구 강서로 349"
          ]
        }
      ]
    },
    {
      "image_id": 2,
      "question": [
        {
          "question_id": 0,
          "question_type": "정보",
          "question": "이 곳의 메뉴를 알 수 있나요?",
          "question_wordNum": 6,
          "answer": "바지락칼국수, 꼬막비빔밥",
          "answer_wordNum": 2,
          "fact": [
            "자연은바지락칼국수,메뉴,바지락칼국수, 꼬막비빔밥"
          ]
        },
        {
          "question_id": 1,
          "question_type": "정보",
          "question": "연락처가 어떻게 되나요?",
          "question_wordNum": 3,
          "answer": "010-5371-6220",
          "answer_wordNum": 1,
          "fact": [
            "자연은바지락칼국수,연락처,010-5371-6220"
          ]
        },
        {
          "question_id": 2,
          "question_type": "정보",
          "question": "이 곳의 주소를 알 수 있나요?",
          "question_wordNum": 6,
          "answer": "서울 강서구 강서로 349",
          "answer_wordNum": 4,
          "fact": [
            "자연은바지락칼국수,주소,서울 강서구 강서로 349"
          ]
        },
        {
          "question_id": 3,
          "question_type": "관계",
          "question": "이 곳에 인접한 시설을 알 수 있나요?",
          "question_wordNum": 7,
          "answer": "발산역 7번 출구, 핵밥, 메가커피",
          "answer_wordNum": 5,
          "fact": [
            "자연은바지락칼국수,인접,발산역 7번 출구, 핵밥, 메가커피"
          ]
        }
      ]
    },
    {
      "image_id": 3,
      "question": [
        {
          "question_id": 0,
          "question_type": "정보",
          "question": "영업시간은 어떻게 되나요?",
          "question_wordNum": 3,
          "answer": "알수없음",
          "answer_wordNum": 1,
          "fact": [
            "자연은바지락칼국수,영업시간,알수없음"
          ]
        },
        {
          "question_id": 1,
          "question_type": "탐색",
          "question": "주차시설이 있는지 알 수 있나요?",
          "question_wordNum": 5,
          "answer": "없음",
          "answer_wordNum": 1,
          "fact": [
            "자연은바지락칼국수,주차시설,없음"
          ]
        },
        {
          "question_id": 2,
          "question_type": "정보",
          "question": "이 곳의 주소는 어떻게 되나요?",
          "question_wordNum": 5,
          "answer": "서울 강서구 강서로 349",
          "answer_wordNum": 4,
          "fact": [
            "자연은바지락칼국수,주소,서울 강서구 강서로 349"
          ]
        },
        {
          "question_id": 3,
          "question_type": "관계",
          "question": "이 곳에 인접한 시설이 있나요?",
          "question_wordNum": 5,
          "answer": "발산역 7번 출구, 핵밥, 메가커피",
          "answer_wordNum": 5,
          "fact": [
            "자연은바지락칼국수,인접,발산역 7번 출구, 핵밥, 메가커피"
          ]
        }
      ]
    },
    {
      "image_id": 4,
      "question": [
        {
          "question_id": 0,
          "question_type": "정보",
          "question": "이 곳의 주소를 알 수 있나요?",
          "question_wordNum": 6,
          "answer": "서울 강서구 강서로 349",
          "answer_wordNum": 4,
          "fact": [
            "자연은바지락칼국수,주소,서울 강서구 강서로 349"
          ]
        },
        {
          "question_id": 1,
          "question_type": "정보",
          "question": "대표 메뉴가 무엇인가요?",
          "question_wordNum": 3,
          "answer": "바지락칼국수, 꼬막비빔밥",
          "answer_wordNum": 2,
          "fact": [
            "자연은바지락칼국수,메뉴,바지락칼국수, 꼬막비빔밥"
          ]
        },
        {
          "question_id": 2,
          "question_type": "탐색",
          "question": "주차시설이 있나요?",
          "question_wordNum": 2,
          "answer": "없음",
          "answer_wordNum": 1,
          "fact": [
            "자연은바지락칼국수,주차시설,없음"
          ]
        },
        {
          "question_id": 3,
          "question_type": "정보",
          "question": "연락처를 알 수 있나요?",
          "question_wordNum": 4,
          "answer": "010-5371-6220",
          "answer_wordNum": 1,
          "fact": [
            "자연은바지락칼국수,연락처,010-5371-6220"
          ]
        }
      ]
    }
  ]
}