{
  "data": {
    "dataset": "2-083-219",
    "POI_id": "561831",
    "travelType": "음식점",
    "place": "소소국수 ",
    "area": "서울"
  },
  "imageInfo": [
    {
      "image_id": 0,
      "filename": "561831_0_su_5_소소국수 _1_001.png",
      "mapx": 37.557555043961,
      "mapy": 126.813251880212,
      "width": 3840,
      "height": 2160,
      "caption_info": [
        "소소국수(공항동)",
        "간판"
      ]
    },
    {
      "image_id": 1,
      "filename": "561831_0_su_5_소소국수 _1_002.png",
      "mapx": 37.557555043961,
      "mapy": 126.813251880212,
      "width": 3840,
      "height": 2160,
      "caption_info": [
        "소소국수(공항동)",
        "간판, 배너"
      ]
    },
    {
      "image_id": 2,
      "filename": "561831_0_su_5_소소국수 _1_003.png",
      "mapx": 37.557555043961,
      "mapy": 126.813251880212,
      "width": 3840,
      "height": 2160,
      "caption_info": [
        "소소국수(공항동)",
        "테이블, 등받이 의자"
      ]
    },
    {
      "image_id": 3,
      "filename": "561831_0_su_5_소소국수 _1_004.png",
      "mapx": 37.557555043961,
      "mapy": 126.813251880212,
      "width": 3840,
      "height": 2160,
      "caption_info": [
        "소소국수(공항동)",
        "메뉴판"
      ]
    },
    {
      "image_id": 4,
      "filename": "561831_0_su_5_소소국수 _1_005.png",
      "mapx": 37.557555043961,
      "mapy": 126.813251880212,
      "width": 3840,
      "height": 2160,
      "caption_info": [
        "소소국수(공항동)",
        "잔치국수, 쫄면"
      ]
    }
  ],
  "annotations": [
    {
      "image_id": 0,
      "question": [
        {
          "question_id": 0,
          "question_type": "정보",
          "question": "영업시간을 알 수 있나요?",
          "question_wordNum": 4,
          "answer": "08:00~14:00/20:00",
          "answer_wordNum": 1,
          "fact": [
            "소소국수,영업시간,08:00~14:00/20:00"
          ]
        },
        {
          "question_id": 1,
          "question_type": "정보",
          "question": "이 곳의 대표적인 메뉴를 알 수 있나요?",
          "question_wordNum": 7,
          "answer": "잔치국수, 쫄면",
          "answer_wordNum": 2,
          "fact": [
            "소소국수,메뉴,잔치국수, 쫄면"
          ]
        },
        {
          "question_id": 2,
          "question_type": "탐색",
          "question": "주차시설이 있는지 알 수 있나요?",
          "question_wordNum": 5,
          "answer": "없음",
          "answer_wordNum": 1,
          "fact": [
            "소소국수,주차시설,없음"
          ]
        },
        {
          "question_id": 3,
          "question_type": "관계",
          "question": "이 곳에 인접한 시설이 있나요?",
          "question_wordNum": 5,
          "answer": "송정역 3번 출구, 파티오피자, 김밥천국",
          "answer_wordNum": 5,
          "fact": [
            "소소국수,인접,송정역 3번 출구, 파티오피자, 김밥천국"
          ]
        }
      ]
    },
    {
      "image_id": 1,
      "question": [
        {
          "question_id": 0,
          "question_type": "탐색",
          "question": "주차시설이 있나요?",
          "question_wordNum": 2,
          "answer": "없음",
          "answer_wordNum": 1,
          "fact": [
            "소소국수,주차시설,없음"
          ]
        },
        {
          "question_id": 1,
          "question_type": "관계",
          "question": "이 곳에 인접한 시설이 있나요?",
          "question_wordNum": 5,
          "answer": "송정역 3번 출구, 파티오피자, 김밥천국",
          "answer_wordNum": 5,
          "fact": [
            "소소국수,인접,송정역 3번 출구, 파티오피자, 김밥천국"
          ]
        },
        {
          "question_id": 2,
          "question_type": "정보",
          "question": "휴무일을 알 수 있나요?",
          "question_wordNum": 4,
          "answer": "매주 월요일",
          "answer_wordNum": 2,
          "fact": [
            "소소국수,휴무일,매주 월요일"
          ]
        },
        {
          "question_id": 3,
          "question_type": "정보",
          "question": "연락처를 알 수 있나요?",
          "question_wordNum": 4,
          "answer": "02-6954-6838",
          "answer_wordNum": 1,
          "fact": [
            "소소국수,연락처,02-6954-6838"
          ]
        }
      ]
    },
    {
      "image_id": 2,
      "question": [
        {
          "question_id": 0,
          "question_type": "정보",
          "question": "연락처가 어떻게 되나요?",
          "question_wordNum": 3,
          "answer": "02-6954-6838",
          "answer_wordNum": 1,
          "fact": [
            "소소국수,연락처,02-6954-6838"
          ]
        },
        {
          "question_id": 1,
          "question_type": "정보",
          "question": "영업시간은 몇시부터 몇시까지로 기재되어 있나요?",
          "question_wordNum": 5,
          "answer": "08:00~14:00/20:00",
          "answer_wordNum": 1,
          "fact": [
            "소소국수,영업시간,08:00~14:00/20:00"
          ]
        },
        {
          "question_id": 2,
          "question_type": "정보",
          "question": "이 곳의 대표적인 메뉴를 알 수 있나요?",
          "question_wordNum": 7,
          "answer": "잔치국수, 쫄면",
          "answer_wordNum": 2,
          "fact": [
            "소소국수,메뉴,잔치국수, 쫄면"
          ]
        },
        {
          "question_id": 3,
          "question_type": "정보",
          "question": "휴무일은 어떻게 되나요?",
          "question_wordNum": 3,
          "answer": "매주 월요일",
          "answer_wordNum": 2,
          "fact": [
            "소소국수,휴무일,매주 월요일"
          ]
        }
      ]
    },
    {
      "image_id": 3,
      "question": [
        {
          "question_id": 0,
          "question_type": "탐색",
          "question": "주차시설이 있나요?",
          "question_wordNum": 2,
          "answer": "없음",
          "answer_wordNum": 1,
          "fact": [
            "소소국수,주차시설,없음"
          ]
        },
        {
          "question_id": 1,
          "question_type": "정보",
          "question": "연락처가 어떻게 되나요?",
          "question_wordNum": 3,
          "answer": "02-6954-6838",
          "answer_wordNum": 1,
          "fact": [
            "소소국수,연락처,02-6954-6838"
          ]
        },
        {
          "question_id": 2,
          "question_type": "정보",
          "question": "이 곳의 대표적인 메뉴를 알 수 있나요?",
          "question_wordNum": 7,
          "answer": "잔치국수, 쫄면",
          "answer_wordNum": 2,
          "fact": [
            "소소국수,메뉴,잔치국수, 쫄면"
          ]
        },
        {
          "question_id": 3,
          "question_type": "정보",
          "question": "이 곳의 주소를 알 수 있나요?",
          "question_wordNum": 6,
          "answer": "서울 강서구 남부순환로11가길 87",
          "answer_wordNum": 4,
          "fact": [
            "소소국수,주소,서울 강서구 남부순환로11가길 87"
          ]
        }
      ]
    },
    {
      "image_id": 4,
      "question": [
        {
          "question_id": 0,
          "question_type": "관계",
          "question": "이 곳에 인접한 시설이 있나요?",
          "question_wordNum": 5,
          "answer": "송정역 3번 출구, 파티오피자, 김밥천국",
          "answer_wordNum": 5,
          "fact": [
            "소소국수,인접,송정역 3번 출구, 파티오피자, 김밥천국"
          ]
        },
        {
          "question_id": 1,
          "question_type": "정보",
          "question": "영업시간은 몇시부터 몇시까지로 기재되어 있나요?",
          "question_wordNum": 5,
          "answer": "08:00~14:00/20:00",
          "answer_wordNum": 1,
          "fact": [
            "소소국수,영업시간,08:00~14:00/20:00"
          ]
        },
        {
          "question_id": 2,
          "question_type": "정보",
          "question": "이 곳의 주소를 알 수 있나요?",
          "question_wordNum": 6,
          "answer": "서울 강서구 남부순환로11가길 87",
          "answer_wordNum": 4,
          "fact": [
            "소소국수,주소,서울 강서구 남부순환로11가길 87"
          ]
        },
        {
          "question_id": 3,
          "question_type": "정보",
          "question": "휴무일을 알 수 있나요?",
          "question_wordNum": 4,
          "answer": "매주 월요일",
          "answer_wordNum": 2,
          "fact": [
            "소소국수,휴무일,매주 월요일"
          ]
        }
      ]
    }
  ]
}