{
  "data": {
    "dataset": "2-083-219",
    "POI_id": "561520",
    "travelType": "음식점",
    "place": "능라도 마곡점",
    "area": "서울"
  },
  "imageInfo": [
    {
      "image_id": 0,
      "filename": "561520_0_su_5_능라도 마곡점_1_001.png",
      "mapx": 37.559977905954,
      "mapy": 126.833803408762,
      "width": 3840,
      "height": 2160,
      "caption_info": [
        "능라도 마곡점(마곡동)",
        "간판, 자동문"
      ]
    },
    {
      "image_id": 1,
      "filename": "561520_0_su_5_능라도 마곡점_1_002.png",
      "mapx": 37.559977905954,
      "mapy": 126.833803408762,
      "width": 3840,
      "height": 2160,
      "caption_info": [
        "능라도 마곡점(마곡동)",
        "간판"
      ]
    },
    {
      "image_id": 2,
      "filename": "561520_0_su_5_능라도 마곡점_1_003.png",
      "mapx": 37.559977905954,
      "mapy": 126.833803408762,
      "width": 3840,
      "height": 2160,
      "caption_info": [
        "능라도 마곡점(마곡동)",
        "테이블, 등받이의자"
      ]
    },
    {
      "image_id": 3,
      "filename": "561520_0_su_5_능라도 마곡점_1_004.png",
      "mapx": 37.559977905954,
      "mapy": 126.833803408762,
      "width": 3840,
      "height": 2160,
      "caption_info": [
        "능라도 마곡점(마곡동)",
        "메뉴판"
      ]
    },
    {
      "image_id": 4,
      "filename": "561520_0_su_5_능라도 마곡점_1_005.png",
      "mapx": 37.559977905954,
      "mapy": 126.833803408762,
      "width": 3840,
      "height": 2160,
      "caption_info": [
        "능라도 마곡점(마곡동)",
        "만두, 소주잔"
      ]
    }
  ],
  "annotations": [
    {
      "image_id": 0,
      "question": [
        {
          "question_id": 0,
          "question_type": "정보",
          "question": "영업시간은 어떻게 되나요?",
          "question_wordNum": 3,
          "answer": "11:20~21:20",
          "answer_wordNum": 1,
          "fact": [
            "능라도 마곡점,영업시간,11:20~21:20"
          ]
        },
        {
          "question_id": 1,
          "question_type": "정보",
          "question": "이 곳의 주요 메뉴는 무엇이 있나요?",
          "question_wordNum": 6,
          "answer": "어복쟁반, 불고기",
          "answer_wordNum": 2,
          "fact": [
            "능라도 마곡점,메뉴,어복쟁반, 불고기"
          ]
        },
        {
          "question_id": 2,
          "question_type": "탐색",
          "question": "주차시설이 있나요?",
          "question_wordNum": 2,
          "answer": "있음",
          "answer_wordNum": 1,
          "fact": [
            "능라도 마곡점,주차시설,있음"
          ]
        },
        {
          "question_id": 3,
          "question_type": "정보",
          "question": "휴무일을 알 수 있나요?",
          "question_wordNum": 4,
          "answer": "알수없음",
          "answer_wordNum": 1,
          "fact": [
            "능라도 마곡점,휴무일,알수없음"
          ]
        }
      ]
    },
    {
      "image_id": 1,
      "question": [
        {
          "question_id": 0,
          "question_type": "정보",
          "question": "연락처가 어떻게 되나요?",
          "question_wordNum": 3,
          "answer": "0507-1419-8939",
          "answer_wordNum": 1,
          "fact": [
            "능라도 마곡점,연락처,0507-1419-8939"
          ]
        },
        {
          "question_id": 1,
          "question_type": "정보",
          "question": "영업시간은 어떻게 되나요?",
          "question_wordNum": 3,
          "answer": "11:20~21:20",
          "answer_wordNum": 1,
          "fact": [
            "능라도 마곡점,영업시간,11:20~21:20"
          ]
        },
        {
          "question_id": 2,
          "question_type": "정보",
          "question": "이 곳의 주소는 어떻게 되나요?",
          "question_wordNum": 5,
          "answer": "서울 강서구 마곡동로 56 건와빌딩 2층",
          "answer_wordNum": 6,
          "fact": [
            "능라도 마곡점,주소,서울 강서구 마곡동로 56 건와빌딩 2층"
          ]
        },
        {
          "question_id": 3,
          "question_type": "관계",
          "question": "이 곳에 인접한 시설이 있나요?",
          "question_wordNum": 5,
          "answer": "발산역 9번 출구, 버거킹, 백소정",
          "answer_wordNum": 5,
          "fact": [
            "능라도 마곡점,인접,발산역 9번 출구, 버거킹, 백소정"
          ]
        }
      ]
    },
    {
      "image_id": 2,
      "question": [
        {
          "question_id": 0,
          "question_type": "정보",
          "question": "이 곳의 주소는 어떻게 되나요?",
          "question_wordNum": 5,
          "answer": "서울 강서구 마곡동로 56 건와빌딩 2층",
          "answer_wordNum": 6,
          "fact": [
            "능라도 마곡점,주소,서울 강서구 마곡동로 56 건와빌딩 2층"
          ]
        },
        {
          "question_id": 1,
          "question_type": "관계",
          "question": "이 곳에 인접한 시설이 있나요?",
          "question_wordNum": 5,
          "answer": "발산역 9번 출구, 버거킹, 백소정",
          "answer_wordNum": 5,
          "fact": [
            "능라도 마곡점,인접,발산역 9번 출구, 버거킹, 백소정"
          ]
        },
        {
          "question_id": 2,
          "question_type": "정보",
          "question": "영업시간은 어떻게 되나요?",
          "question_wordNum": 3,
          "answer": "11:20~21:20",
          "answer_wordNum": 1,
          "fact": [
            "능라도 마곡점,영업시간,11:20~21:20"
          ]
        },
        {
          "question_id": 3,
          "question_type": "정보",
          "question": "이곳은 어떤 메뉴가 전문인가요?",
          "question_wordNum": 4,
          "answer": "이북음식, 평양냉면",
          "answer_wordNum": 2,
          "fact": [
            "능라도 마곡점,전문,이북음식, 평양냉면"
          ]
        }
      ]
    },
    {
      "image_id": 3,
      "question": [
        {
          "question_id": 0,
          "question_type": "정보",
          "question": "이 곳의 주소는 어떻게 되나요?",
          "question_wordNum": 5,
          "answer": "서울 강서구 마곡동로 56 건와빌딩 2층",
          "answer_wordNum": 6,
          "fact": [
            "능라도 마곡점,주소,서울 강서구 마곡동로 56 건와빌딩 2층"
          ]
        },
        {
          "question_id": 1,
          "question_type": "관계",
          "question": "이 곳에 인접한 시설이 있나요?",
          "question_wordNum": 5,
          "answer": "발산역 9번 출구, 버거킹, 백소정",
          "answer_wordNum": 5,
          "fact": [
            "능라도 마곡점,인접,발산역 9번 출구, 버거킹, 백소정"
          ]
        },
        {
          "question_id": 2,
          "question_type": "정보",
          "question": "휴무일을 알 수 있나요?",
          "question_wordNum": 4,
          "answer": "알수없음",
          "answer_wordNum": 1,
          "fact": [
            "능라도 마곡점,휴무일,알수없음"
          ]
        },
        {
          "question_id": 3,
          "question_type": "정보",
          "question": "이곳은 어떤 그릇을 사용하나요?",
          "question_wordNum": 4,
          "answer": "유기그릇",
          "answer_wordNum": 1,
          "fact": [
            "능라도 마곡점,사용,유기그릇"
          ]
        }
      ]
    },
    {
      "image_id": 4,
      "question": [
        {
          "question_id": 0,
          "question_type": "정보",
          "question": "이 곳의 대표적인 메뉴는 무엇이 있나요?",
          "question_wordNum": 6,
          "answer": "어복쟁반, 불고기",
          "answer_wordNum": 2,
          "fact": [
            "능라도 마곡점,메뉴,어복쟁반, 불고기"
          ]
        },
        {
          "question_id": 1,
          "question_type": "관계",
          "question": "이 곳에 인접한 시설이 있나요?",
          "question_wordNum": 5,
          "answer": "발산역 9번 출구, 버거킹, 백소정",
          "answer_wordNum": 5,
          "fact": [
            "능라도 마곡점,인접,발산역 9번 출구, 버거킹, 백소정"
          ]
        },
        {
          "question_id": 2,
          "question_type": "정보",
          "question": "이 곳의 주소는 어떻게 되나요?",
          "question_wordNum": 5,
          "answer": "서울 강서구 마곡동로 56 건와빌딩 2층",
          "answer_wordNum": 6,
          "fact": [
            "능라도 마곡점,주소,서울 강서구 마곡동로 56 건와빌딩 2층"
          ]
        },
        {
          "question_id": 3,
          "question_type": "정보",
          "question": "이곳의 규모는 어떻게 되나요?",
          "question_wordNum": 4,
          "answer": "200석",
          "answer_wordNum": 1,
          "fact": [
            "능라도 마곡점,규모,200석"
          ]
        }
      ]
    }
  ]
}