{
  "data": {
    "dataset": "2-083-219",
    "POI_id": "561469",
    "travelType": "음식점",
    "place": "베이커리 룬 ",
    "area": "서울"
  },
  "imageInfo": [
    {
      "image_id": 0,
      "filename": "561469_0_su_5_베이커리 룬 _1_001.png",
      "mapx": 37.5591532341498,
      "mapy": 126.836520966803,
      "width": 3840,
      "height": 2160,
      "caption_info": [
        "베이커리 룬(마곡동)",
        "여닫이문"
      ]
    },
    {
      "image_id": 1,
      "filename": "561469_0_su_5_베이커리 룬 _1_002.png",
      "mapx": 37.5591532341498,
      "mapy": 126.836520966803,
      "width": 3840,
      "height": 2160,
      "caption_info": [
        "베이커리 룬(마곡동)",
        "간판, 에어컨실외기, 여닫이문"
      ]
    },
    {
      "image_id": 2,
      "filename": "561469_0_su_5_베이커리 룬 _1_003.png",
      "mapx": 37.5591532341498,
      "mapy": 126.836520966803,
      "width": 3840,
      "height": 2160,
      "caption_info": [
        "베이커리 룬(마곡동)",
        "빵"
      ]
    },
    {
      "image_id": 3,
      "filename": "561469_0_su_5_베이커리 룬 _1_004.png",
      "mapx": 37.5591532341498,
      "mapy": 126.836520966803,
      "width": 3840,
      "height": 2160,
      "caption_info": [
        "베이커리 룬(마곡동)",
        "빵"
      ]
    },
    {
      "image_id": 4,
      "filename": "561469_0_su_5_베이커리 룬 _1_005.png",
      "mapx": 37.5591532341498,
      "mapy": 126.836520966803,
      "width": 3840,
      "height": 2160,
      "caption_info": [
        "베이커리 룬(마곡동)",
        "빵"
      ]
    }
  ],
  "annotations": [
    {
      "image_id": 0,
      "question": [
        {
          "question_id": 0,
          "question_type": "탐색",
          "question": "주차시설이 있는지 알 수 있나요?",
          "question_wordNum": 5,
          "answer": "있음",
          "answer_wordNum": 1,
          "fact": [
            "베이커리 룬,주차시설,있음"
          ]
        },
        {
          "question_id": 1,
          "question_type": "관계",
          "question": "이 곳에 인접한 시설을 알 수 있나요?",
          "question_wordNum": 7,
          "answer": "발산역 9번 출구, 브런치빈, 뚜레쥬르",
          "answer_wordNum": 5,
          "fact": [
            "베이커리 룬,인접,발산역 9번 출구, 브런치빈, 뚜레쥬르"
          ]
        },
        {
          "question_id": 2,
          "question_type": "정보",
          "question": "영업시간을 알 수 있나요?",
          "question_wordNum": 4,
          "answer": "11:00~22:00",
          "answer_wordNum": 1,
          "fact": [
            "베이커리 룬,영업시간,11:00~22:00"
          ]
        },
        {
          "question_id": 3,
          "question_type": "정보",
          "question": "무엇을 전문으로 하나요? ",
          "question_wordNum": 4,
          "answer": "유럽빵, 식사빵",
          "answer_wordNum": 2,
          "fact": [
            "베이커리 룬,전문,유럽빵, 식사빵"
          ]
        }
      ]
    },
    {
      "image_id": 1,
      "question": [
        {
          "question_id": 0,
          "question_type": "정보",
          "question": "영업시간은 몇시부터 몇시까지로 기재되어 있나요?",
          "question_wordNum": 5,
          "answer": "11:00~22:00",
          "answer_wordNum": 1,
          "fact": [
            "베이커리 룬,영업시간,11:00~22:00"
          ]
        },
        {
          "question_id": 1,
          "question_type": "정보",
          "question": "이 곳의 주소는 어떻게 되나요?",
          "question_wordNum": 5,
          "answer": "서울 강서구 공항대로 261",
          "answer_wordNum": 4,
          "fact": [
            "베이커리 룬,주소,서울 강서구 공항대로 261"
          ]
        },
        {
          "question_id": 2,
          "question_type": "정보",
          "question": "연락처가 어떻게 되나요?",
          "question_wordNum": 3,
          "answer": "0507-1366-4645",
          "answer_wordNum": 1,
          "fact": [
            "베이커리 룬,연락처,0507-1366-4645"
          ]
        },
        {
          "question_id": 3,
          "question_type": "정보",
          "question": "무엇을 판매하나요? ",
          "question_wordNum": 3,
          "answer": "크루아상, 치아바타, 바게트, 샤워도우, 스콘",
          "answer_wordNum": 5,
          "fact": [
            "베이커리 룬,판매,크루아상, 치아바타, 바게트, 샤워도우, 스콘"
          ]
        }
      ]
    },
    {
      "image_id": 2,
      "question": [
        {
          "question_id": 0,
          "question_type": "정보",
          "question": "영업시간은 몇시부터 몇시까지로 기재되어 있나요?",
          "question_wordNum": 5,
          "answer": "11:00~22:00",
          "answer_wordNum": 1,
          "fact": [
            "베이커리 룬,영업시간,11:00~22:00"
          ]
        },
        {
          "question_id": 1,
          "question_type": "정보",
          "question": "이 곳의 대표적인 메뉴는 무엇이 있나요?",
          "question_wordNum": 6,
          "answer": "크루아상, 초코 크루아상",
          "answer_wordNum": 3,
          "fact": [
            "베이커리 룬,메뉴,크루아상, 초코 크루아상"
          ]
        },
        {
          "question_id": 2,
          "question_type": "정보",
          "question": "무엇을 전문으로 하나요? ",
          "question_wordNum": 4,
          "answer": "유럽빵, 식사빵",
          "answer_wordNum": 2,
          "fact": [
            "베이커리 룬,전문,유럽빵, 식사빵"
          ]
        },
        {
          "question_id": 3,
          "question_type": "정보",
          "question": "무엇을 판매하나요? ",
          "question_wordNum": 3,
          "answer": "크루아상, 치아바타, 바게트, 샤워도우, 스콘",
          "answer_wordNum": 5,
          "fact": [
            "베이커리 룬,판매,크루아상, 치아바타, 바게트, 샤워도우, 스콘"
          ]
        }
      ]
    },
    {
      "image_id": 3,
      "question": [
        {
          "question_id": 0,
          "question_type": "정보",
          "question": "영업시간은 어떻게 되나요?",
          "question_wordNum": 3,
          "answer": "11:00~22:00",
          "answer_wordNum": 1,
          "fact": [
            "베이커리 룬,영업시간,11:00~22:00"
          ]
        },
        {
          "question_id": 1,
          "question_type": "정보",
          "question": "이 곳의 주소를 알 수 있나요?",
          "question_wordNum": 6,
          "answer": "서울 강서구 공항대로 261",
          "answer_wordNum": 4,
          "fact": [
            "베이커리 룬,주소,서울 강서구 공항대로 261"
          ]
        },
        {
          "question_id": 2,
          "question_type": "정보",
          "question": "이 곳의 대표적인 메뉴는 무엇이 있나요?",
          "question_wordNum": 6,
          "answer": "크루아상, 초코 크루아상",
          "answer_wordNum": 3,
          "fact": [
            "베이커리 룬,메뉴,크루아상, 초코 크루아상"
          ]
        },
        {
          "question_id": 3,
          "question_type": "탐색",
          "question": "주차시설이 있는지 알 수 있나요?",
          "question_wordNum": 5,
          "answer": "있음",
          "answer_wordNum": 1,
          "fact": [
            "베이커리 룬,주차시설,있음"
          ]
        }
      ]
    },
    {
      "image_id": 4,
      "question": [
        {
          "question_id": 0,
          "question_type": "정보",
          "question": "이 곳의 주소를 알 수 있나요?",
          "question_wordNum": 6,
          "answer": "서울 강서구 공항대로 261",
          "answer_wordNum": 4,
          "fact": [
            "베이커리 룬,주소,서울 강서구 공항대로 261"
          ]
        },
        {
          "question_id": 1,
          "question_type": "정보",
          "question": "무엇을 전문으로 하나요?",
          "question_wordNum": 3,
          "answer": "유럽빵, 식사빵",
          "answer_wordNum": 2,
          "fact": [
            "베이커리 룬,전문,유럽빵, 식사빵"
          ]
        },
        {
          "question_id": 2,
          "question_type": "정보",
          "question": "영업시간은 몇시부터 몇시까지로 기재되어 있나요?",
          "question_wordNum": 5,
          "answer": "11:00~22:00",
          "answer_wordNum": 1,
          "fact": [
            "베이커리 룬,영업시간,11:00~22:00"
          ]
        },
        {
          "question_id": 3,
          "question_type": "정보",
          "question": "연락처가 어떻게 되나요?",
          "question_wordNum": 3,
          "answer": "0507-1366-4645",
          "answer_wordNum": 1,
          "fact": [
            "베이커리 룬,연락처,0507-1366-4645"
          ]
        }
      ]
    }
  ]
}