{
  "data": {
    "dataset": "2-083-219",
    "POI_id": "561677",
    "travelType": "음식점",
    "place": "서울꽃삼 발산본점",
    "area": "서울"
  },
  "imageInfo": [
    {
      "image_id": 0,
      "filename": "561677_0_su_5_서울꽃삼 발산본점_1_001.png",
      "mapx": 37.5576845042108,
      "mapy": 126.838934950863,
      "width": 3840,
      "height": 2160,
      "caption_info": [
        "서울꽃삼 발산본점(내발산동)",
        "간판, 여닫이문"
      ]
    },
    {
      "image_id": 1,
      "filename": "561677_0_su_5_서울꽃삼 발산본점_1_002.png",
      "mapx": 37.5576845042108,
      "mapy": 126.838934950863,
      "width": 3840,
      "height": 2160,
      "caption_info": [
        "서울꽃삼 발산본점(내발산동)",
        "간판, 오토바이, 의자, 입간판"
      ]
    },
    {
      "image_id": 2,
      "filename": "561677_0_su_5_서울꽃삼 발산본점_1_003.png",
      "mapx": 37.5576845042108,
      "mapy": 126.838934950863,
      "width": 3840,
      "height": 2160,
      "caption_info": [
        "서울꽃삼 발산본점(내발산동)",
        "테이블, 등받이"
      ]
    },
    {
      "image_id": 3,
      "filename": "561677_0_su_5_서울꽃삼 발산본점_1_004.png",
      "mapx": 37.5576845042108,
      "mapy": 126.838934950863,
      "width": 3840,
      "height": 2160,
      "caption_info": [
        "서울꽃삼 발산본점(내발산동)",
        "메뉴판"
      ]
    },
    {
      "image_id": 4,
      "filename": "561677_0_su_5_서울꽃삼 발산본점_1_005.png",
      "mapx": 37.5576845042108,
      "mapy": 126.838934950863,
      "width": 3840,
      "height": 2160,
      "caption_info": [
        "서울꽃삼 발산본점(내발산동)",
        "삼겹살"
      ]
    }
  ],
  "annotations": [
    {
      "image_id": 0,
      "question": [
        {
          "question_id": 0,
          "question_type": "정보",
          "question": "이 곳의 주요 메뉴는 무엇이 있나요?",
          "question_wordNum": 6,
          "answer": "듀록 꽃삼겹살, 이베리코 꽃목살",
          "answer_wordNum": 4,
          "fact": [
            "서울꽃삼 발산본점,메뉴,듀록 꽃삼겹살, 이베리코 꽃목살"
          ]
        },
        {
          "question_id": 1,
          "question_type": "관계",
          "question": "이 곳에 인접한 시설이 있나요?",
          "question_wordNum": 5,
          "answer": "발산역 5번 출구, 세븐일레븐, 밀동",
          "answer_wordNum": 5,
          "fact": [
            "서울꽃삼 발산본점,인접,발산역 5번 출구, 세븐일레븐, 밀동"
          ]
        },
        {
          "question_id": 2,
          "question_type": "정보",
          "question": "연락처가 어떻게 되나요?",
          "question_wordNum": 3,
          "answer": "0507-1411-2153",
          "answer_wordNum": 1,
          "fact": [
            "서울꽃삼 발산본점,연락처,0507-1411-2153"
          ]
        },
        {
          "question_id": 3,
          "question_type": "정보",
          "question": "이 곳의 주소는 어떻게 되나요?",
          "question_wordNum": 5,
          "answer": "서울 강서구 강서로52길 16 1층",
          "answer_wordNum": 5,
          "fact": [
            "서울꽃삼 발산본점,주소,서울 강서구 강서로52길 16 1층"
          ]
        }
      ]
    },
    {
      "image_id": 1,
      "question": [
        {
          "question_id": 0,
          "question_type": "정보",
          "question": "이 곳의 주소는 어떻게 되나요?",
          "question_wordNum": 5,
          "answer": "서울 강서구 강서로52길 16 1층",
          "answer_wordNum": 5,
          "fact": [
            "서울꽃삼 발산본점,주소,서울 강서구 강서로52길 16 1층"
          ]
        },
        {
          "question_id": 1,
          "question_type": "관계",
          "question": "이 곳에 인접한 시설이 있나요?",
          "question_wordNum": 5,
          "answer": "발산역 5번 출구, 세븐일레븐, 밀동",
          "answer_wordNum": 5,
          "fact": [
            "서울꽃삼 발산본점,인접,발산역 5번 출구, 세븐일레븐, 밀동"
          ]
        },
        {
          "question_id": 2,
          "question_type": "정보",
          "question": "이 곳의 주요 메뉴는 무엇이 있나요?",
          "question_wordNum": 6,
          "answer": "듀록 꽃삼겹살, 이베리코 꽃목살",
          "answer_wordNum": 4,
          "fact": [
            "서울꽃삼 발산본점,메뉴,듀록 꽃삼겹살, 이베리코 꽃목살"
          ]
        },
        {
          "question_id": 3,
          "question_type": "정보",
          "question": "휴무일은 어떻게 되나요?",
          "question_wordNum": 3,
          "answer": "매주 월요일",
          "answer_wordNum": 2,
          "fact": [
            "서울꽃삼 발산본점,휴무일,매주 월요일"
          ]
        }
      ]
    },
    {
      "image_id": 2,
      "question": [
        {
          "question_id": 0,
          "question_type": "정보",
          "question": "영업시간은 어떻게 되나요?",
          "question_wordNum": 3,
          "answer": "15:00/16:00~00:30",
          "answer_wordNum": 1,
          "fact": [
            "서울꽃삼 발산본점,영업시간,15:00/16:00~00:30"
          ]
        },
        {
          "question_id": 1,
          "question_type": "정보",
          "question": "연락처가 어떻게 되나요?",
          "question_wordNum": 3,
          "answer": "0507-1411-2153",
          "answer_wordNum": 1,
          "fact": [
            "서울꽃삼 발산본점,연락처,0507-1411-2153"
          ]
        },
        {
          "question_id": 2,
          "question_type": "정보",
          "question": "이 곳의 대표적인 메뉴는 무엇이 있나요?",
          "question_wordNum": 6,
          "answer": "듀록 꽃삼겹살, 이베리코 꽃목살",
          "answer_wordNum": 4,
          "fact": [
            "서울꽃삼 발산본점,메뉴,듀록 꽃삼겹살, 이베리코 꽃목살"
          ]
        },
        {
          "question_id": 3,
          "question_type": "정보",
          "question": "이 곳의 주소는 어떻게 되나요?",
          "question_wordNum": 5,
          "answer": "서울 강서구 강서로52길 16 1층",
          "answer_wordNum": 5,
          "fact": [
            "서울꽃삼 발산본점,주소,서울 강서구 강서로52길 16 1층"
          ]
        }
      ]
    },
    {
      "image_id": 3,
      "question": [
        {
          "question_id": 0,
          "question_type": "정보",
          "question": "휴무일은 어떻게 되나요?",
          "question_wordNum": 3,
          "answer": "매주 월요일",
          "answer_wordNum": 2,
          "fact": [
            "서울꽃삼 발산본점,휴무일,매주 월요일"
          ]
        },
        {
          "question_id": 1,
          "question_type": "정보",
          "question": "이 곳의 주소는 어떻게 되나요?",
          "question_wordNum": 5,
          "answer": "서울 강서구 강서로52길 16 1층",
          "answer_wordNum": 5,
          "fact": [
            "서울꽃삼 발산본점,주소,서울 강서구 강서로52길 16 1층"
          ]
        },
        {
          "question_id": 2,
          "question_type": "정보",
          "question": "이 곳의 주요 메뉴는 무엇이 있나요?",
          "question_wordNum": 6,
          "answer": "듀록 꽃삼겹살, 이베리코 꽃목살",
          "answer_wordNum": 4,
          "fact": [
            "서울꽃삼 발산본점,메뉴,듀록 꽃삼겹살, 이베리코 꽃목살"
          ]
        },
        {
          "question_id": 3,
          "question_type": "정보",
          "question": "이곳은 어떤 고기를 사용하나요?",
          "question_wordNum": 4,
          "answer": "듀록돼지고기",
          "answer_wordNum": 1,
          "fact": [
            "서울꽃삼 발산본점,사용,듀록돼지고기"
          ]
        }
      ]
    },
    {
      "image_id": 4,
      "question": [
        {
          "question_id": 0,
          "question_type": "정보",
          "question": "이 곳의 주소는 어떻게 되나요?",
          "question_wordNum": 5,
          "answer": "서울 강서구 강서로52길 16 1층",
          "answer_wordNum": 5,
          "fact": [
            "서울꽃삼 발산본점,주소,서울 강서구 강서로52길 16 1층"
          ]
        },
        {
          "question_id": 1,
          "question_type": "탐색",
          "question": "주차시설이 있나요?",
          "question_wordNum": 2,
          "answer": "있음",
          "answer_wordNum": 1,
          "fact": [
            "서울꽃삼 발산본점,주차시설,있음"
          ]
        },
        {
          "question_id": 2,
          "question_type": "정보",
          "question": "연락처가 어떻게 되나요?",
          "question_wordNum": 3,
          "answer": "0507-1411-2153",
          "answer_wordNum": 1,
          "fact": [
            "서울꽃삼 발산본점,연락처,0507-1411-2153"
          ]
        },
        {
          "question_id": 3,
          "question_type": "정보",
          "question": "휴무일은 어떻게 되나요?",
          "question_wordNum": 3,
          "answer": "매주 월요일",
          "answer_wordNum": 2,
          "fact": [
            "서울꽃삼 발산본점,휴무일,매주 월요일"
          ]
        }
      ]
    }
  ]
}