{
  "data": {
    "dataset": "2-083-219",
    "POI_id": "561432",
    "travelType": "음식점",
    "place": "김민주 밥엔전",
    "area": "서울"
  },
  "imageInfo": [
    {
      "image_id": 0,
      "filename": "561432_0_su_5_김민주 밥엔전_1_001.png",
      "mapx": 37.5712939658628,
      "mapy": 126.840007735618,
      "width": 3840,
      "height": 2160,
      "caption_info": [
        "김민주 밥엔전(가양동)",
        "여닫이문, 입간판, 등받이의자"
      ]
    },
    {
      "image_id": 1,
      "filename": "561432_0_su_5_김민주 밥엔전_1_002.png",
      "mapx": 37.5712939658628,
      "mapy": 126.840007735618,
      "width": 3840,
      "height": 2160,
      "caption_info": [
        "김민주 밥엔전(가양동)",
        "간판"
      ]
    },
    {
      "image_id": 2,
      "filename": "561432_0_su_5_김민주 밥엔전_1_003.png",
      "mapx": 37.5712939658628,
      "mapy": 126.840007735618,
      "width": 3840,
      "height": 2160,
      "caption_info": [
        "김민주 밥엔전(가양동)",
        "테이블, 등받이의자"
      ]
    },
    {
      "image_id": 3,
      "filename": "561432_0_su_5_김민주 밥엔전_1_004.png",
      "mapx": 37.5712939658628,
      "mapy": 126.840007735618,
      "width": 3840,
      "height": 2160,
      "caption_info": [
        "김민주 밥엔전(가양동)",
        "메뉴판"
      ]
    },
    {
      "image_id": 4,
      "filename": "561432_0_su_5_김민주 밥엔전_1_005.png",
      "mapx": 37.5712939658628,
      "mapy": 126.840007735618,
      "width": 3840,
      "height": 2160,
      "caption_info": [
        "김민주 밥엔전(가양동)",
        "수저, 볶음밥"
      ]
    }
  ],
  "annotations": [
    {
      "image_id": 0,
      "question": [
        {
          "question_id": 0,
          "question_type": "정보",
          "question": "휴무일은 어떻게 되나요?",
          "question_wordNum": 3,
          "answer": "매주 토요일, 일요일",
          "answer_wordNum": 3,
          "fact": [
            "김민주 밥엔전,휴무일,매주 토요일, 일요일"
          ]
        },
        {
          "question_id": 1,
          "question_type": "탐색",
          "question": "주차시설이 있나요?",
          "question_wordNum": 2,
          "answer": "없음",
          "answer_wordNum": 1,
          "fact": [
            "김민주 밥엔전,주차시설,없음"
          ]
        },
        {
          "question_id": 2,
          "question_type": "정보",
          "question": "연락처를 알 수 있나요?",
          "question_wordNum": 4,
          "answer": "02-3664-4343",
          "answer_wordNum": 1,
          "fact": [
            "김민주 밥엔전,연락처,02-3664-4343"
          ]
        },
        {
          "question_id": 3,
          "question_type": "정보",
          "question": "이 곳에 인접한 시설이 있나요?",
          "question_wordNum": 5,
          "answer": "양천향교역 2번 출구, 쇼와, 장하촌",
          "answer_wordNum": 5,
          "fact": [
            "김민주 밥엔전,인접,양천향교역 2번 출구, 쇼와, 장하촌"
          ]
        }
      ]
    },
    {
      "image_id": 1,
      "question": [
        {
          "question_id": 0,
          "question_type": "정보",
          "question": "이 곳의 주소를 알 수 있나요?",
          "question_wordNum": 6,
          "answer": "서울 강서구 양천로47가길 43",
          "answer_wordNum": 4,
          "fact": [
            "김민주 밥엔전,주소,서울 강서구 양천로47가길 43"
          ]
        },
        {
          "question_id": 1,
          "question_type": "탐색",
          "question": "주차시설이 있나요?",
          "question_wordNum": 2,
          "answer": "없음",
          "answer_wordNum": 1,
          "fact": [
            "김민주 밥엔전,주차시설,없음"
          ]
        },
        {
          "question_id": 2,
          "question_type": "정보",
          "question": "휴무일을 알 수 있나요?",
          "question_wordNum": 4,
          "answer": "매주 토요일, 일요일",
          "answer_wordNum": 3,
          "fact": [
            "김민주 밥엔전,휴무일,매주 토요일, 일요일"
          ]
        },
        {
          "question_id": 3,
          "question_type": "정보",
          "question": "이 곳에 인접한 시설이 있나요?",
          "question_wordNum": 5,
          "answer": "양천향교역 2번 출구, 쇼와, 장하촌",
          "answer_wordNum": 5,
          "fact": [
            "김민주 밥엔전,인접,양천향교역 2번 출구, 쇼와, 장하촌"
          ]
        }
      ]
    },
    {
      "image_id": 2,
      "question": [
        {
          "question_id": 0,
          "question_type": "정보",
          "question": "이 곳의 주요 메뉴는 무엇이 있나요?",
          "question_wordNum": 6,
          "answer": "해물야채전, 제육덮밥",
          "answer_wordNum": 2,
          "fact": [
            "김민주 밥엔전,메뉴,해물야채전, 제육덮밥"
          ]
        },
        {
          "question_id": 1,
          "question_type": "정보",
          "question": "이 곳의 주소는 어떻게 되나요?",
          "question_wordNum": 5,
          "answer": "서울 강서구 양천로47가길 43",
          "answer_wordNum": 4,
          "fact": [
            "김민주 밥엔전,주소,서울 강서구 양천로47가길 43"
          ]
        },
        {
          "question_id": 2,
          "question_type": "탐색",
          "question": "주차시설이 있나요?",
          "question_wordNum": 2,
          "answer": "없음",
          "answer_wordNum": 1,
          "fact": [
            "김민주 밥엔전,주차시설,없음"
          ]
        },
        {
          "question_id": 3,
          "question_type": "정보",
          "question": "이 곳에 인접한 시설이 있나요?",
          "question_wordNum": 5,
          "answer": "양천향교역 2번 출구, 쇼와, 장하촌",
          "answer_wordNum": 5,
          "fact": [
            "김민주 밥엔전,인접,양천향교역 2번 출구, 쇼와, 장하촌"
          ]
        }
      ]
    },
    {
      "image_id": 3,
      "question": [
        {
          "question_id": 0,
          "question_type": "정보",
          "question": "휴무일은 어떻게 되나요?",
          "question_wordNum": 3,
          "answer": "매주 토요일, 일요일",
          "answer_wordNum": 3,
          "fact": [
            "김민주 밥엔전,휴무일,매주 토요일, 일요일"
          ]
        },
        {
          "question_id": 1,
          "question_type": "탐색",
          "question": "주차시설이 있나요?",
          "question_wordNum": 2,
          "answer": "없음",
          "answer_wordNum": 1,
          "fact": [
            "김민주 밥엔전,주차시설,없음"
          ]
        },
        {
          "question_id": 2,
          "question_type": "정보",
          "question": "연락처가 어떻게 되나요?",
          "question_wordNum": 3,
          "answer": "02-3664-4343",
          "answer_wordNum": 1,
          "fact": [
            "김민주 밥엔전,연락처,02-3664-4343"
          ]
        },
        {
          "question_id": 3,
          "question_type": "정보",
          "question": "이 곳에 인접한 시설이 있나요?",
          "question_wordNum": 5,
          "answer": "양천향교역 2번 출구, 쇼와, 장하촌",
          "answer_wordNum": 5,
          "fact": [
            "김민주 밥엔전,인접,양천향교역 2번 출구, 쇼와, 장하촌"
          ]
        }
      ]
    },
    {
      "image_id": 4,
      "question": [
        {
          "question_id": 0,
          "question_type": "탐색",
          "question": "주차시설이 있나요?",
          "question_wordNum": 2,
          "answer": "없음",
          "answer_wordNum": 1,
          "fact": [
            "김민주 밥엔전,주차시설,없음"
          ]
        },
        {
          "question_id": 1,
          "question_type": "정보",
          "question": "휴무일을 알 수 있나요?",
          "question_wordNum": 4,
          "answer": "매주 토요일, 일요일",
          "answer_wordNum": 3,
          "fact": [
            "김민주 밥엔전,휴무일,매주 토요일, 일요일"
          ]
        },
        {
          "question_id": 2,
          "question_type": "정보",
          "question": "영업시간은 어떻게 되나요?",
          "question_wordNum": 3,
          "answer": "11:00~22:00",
          "answer_wordNum": 1,
          "fact": [
            "김민주 밥엔전,영업시간,11:00~22:00"
          ]
        },
        {
          "question_id": 3,
          "question_type": "정보",
          "question": "이 곳에 인접한 시설이 있나요?",
          "question_wordNum": 5,
          "answer": "양천향교역 2번 출구, 쇼와, 장하촌",
          "answer_wordNum": 5,
          "fact": [
            "김민주 밥엔전,인접,양천향교역 2번 출구, 쇼와, 장하촌"
          ]
        }
      ]
    }
  ]
}