{
  "data": {
    "dataset": "2-083-219",
    "POI_id": "561694",
    "travelType": "음식점",
    "place": "청담추어정",
    "area": "서울"
  },
  "imageInfo": [
    {
      "image_id": 0,
      "filename": "561694_0_su_5_청담추어정_7_001.png",
      "mapx": 37.5529862473925,
      "mapy": 126.82677164429,
      "width": 3840,
      "height": 2160,
      "caption_info": [
        "청담추어정(내발산동)",
        "미닫이문"
      ]
    },
    {
      "image_id": 1,
      "filename": "561694_0_su_5_청담추어정_7_002.png",
      "mapx": 37.5529862473925,
      "mapy": 126.82677164429,
      "width": 3840,
      "height": 2160,
      "caption_info": [
        "청담추어정(내발산동)",
        "간판, 미닫이문"
      ]
    },
    {
      "image_id": 2,
      "filename": "561694_0_su_5_청담추어정_7_003.png",
      "mapx": 37.5529862473925,
      "mapy": 126.82677164429,
      "width": 3840,
      "height": 2160,
      "caption_info": [
        "청담추어정(내발산동)",
        "화분, 조명"
      ]
    },
    {
      "image_id": 3,
      "filename": "561694_0_su_5_청담추어정_7_004.png",
      "mapx": 37.5529862473925,
      "mapy": 126.82677164429,
      "width": 3840,
      "height": 2160,
      "caption_info": [
        "청담추어정(내발산동)",
        "메뉴판"
      ]
    },
    {
      "image_id": 4,
      "filename": "561694_0_su_5_청담추어정_7_005.png",
      "mapx": 37.5529862473925,
      "mapy": 126.82677164429,
      "width": 3840,
      "height": 2160,
      "caption_info": [
        "청담추어정(내발산동)",
        "솥밥, 추어탕, 깍두기, 추어튀김, 김치"
      ]
    }
  ],
  "annotations": [
    {
      "image_id": 0,
      "question": [
        {
          "question_id": 0,
          "question_type": "정보",
          "question": "이 곳의 주소는 어떻게 되나요?",
          "question_wordNum": 5,
          "answer": "서울 강서구 수명로 68-35",
          "answer_wordNum": 4,
          "fact": [
            "청담추어정,주소,서울 강서구 수명로 68-35"
          ]
        },
        {
          "question_id": 1,
          "question_type": "정보",
          "question": "이 곳의 주요 메뉴는 무엇이 있나요?",
          "question_wordNum": 6,
          "answer": "추어탕, 게장정식",
          "answer_wordNum": 2,
          "fact": [
            "청담추어정,메뉴,추어탕, 게장정식"
          ]
        },
        {
          "question_id": 2,
          "question_type": "탐색",
          "question": "주차시설이 있나요?",
          "question_wordNum": 2,
          "answer": "있음",
          "answer_wordNum": 1,
          "fact": [
            "청담추어정,주차시설,있음"
          ]
        },
        {
          "question_id": 3,
          "question_type": "정보",
          "question": "연락처가 어떻게 되나요?",
          "question_wordNum": 3,
          "answer": "0507-1437-1717",
          "answer_wordNum": 1,
          "fact": [
            "청담추어정,연락처,0507-1437-1717"
          ]
        }
      ]
    },
    {
      "image_id": 1,
      "question": [
        {
          "question_id": 0,
          "question_type": "정보",
          "question": "휴무일은 어떻게 되나요?",
          "question_wordNum": 3,
          "answer": "없음",
          "answer_wordNum": 1,
          "fact": [
            "청담추어정,휴무일,없음"
          ]
        },
        {
          "question_id": 1,
          "question_type": "정보",
          "question": "영업시간은 어떻게 되나요?",
          "question_wordNum": 3,
          "answer": "11:00 - 21:30",
          "answer_wordNum": 3,
          "fact": [
            "청담추어정,영업시간,11:00 - 21:30"
          ]
        },
        {
          "question_id": 2,
          "question_type": "정보",
          "question": "이 곳의 주요 메뉴는 무엇이 있나요?",
          "question_wordNum": 6,
          "answer": "추어탕, 게장정식",
          "answer_wordNum": 2,
          "fact": [
            "청담추어정,메뉴,추어탕, 게장정식"
          ]
        },
        {
          "question_id": 3,
          "question_type": "관계",
          "question": "이 곳에 인접한 시설이 있나요?",
          "question_wordNum": 5,
          "answer": "마곡역 5번 출구, 마곡수명산파크5단지아파트, 홈플러스익스프레스, 올리앤, 뚜레쥬르",
          "answer_wordNum": 7,
          "fact": [
            "청담추어정,인접,마곡역 5번 출구, 마곡수명산파크5단지아파트, 홈플러스익스프레스, 올리앤, 뚜레쥬르"
          ]
        }
      ]
    },
    {
      "image_id": 2,
      "question": [
        {
          "question_id": 0,
          "question_type": "정보",
          "question": "이 곳의 주요 메뉴는 무엇이 있나요?",
          "question_wordNum": 6,
          "answer": "추어탕, 게장정식",
          "answer_wordNum": 2,
          "fact": [
            "청담추어정,메뉴,추어탕, 게장정식"
          ]
        },
        {
          "question_id": 1,
          "question_type": "탐색",
          "question": "주차시설이 있나요?",
          "question_wordNum": 2,
          "answer": "있음",
          "answer_wordNum": 1,
          "fact": [
            "청담추어정,주차시설,있음"
          ]
        },
        {
          "question_id": 2,
          "question_type": "관계",
          "question": "이 곳에 인접한 시설이 있나요?",
          "question_wordNum": 5,
          "answer": "마곡역 5번 출구, 마곡수명산파크5단지아파트, 홈플러스익스프레스, 올리앤, 뚜레쥬르",
          "answer_wordNum": 7,
          "fact": [
            "청담추어정,인접,마곡역 5번 출구, 마곡수명산파크5단지아파트, 홈플러스익스프레스, 올리앤, 뚜레쥬르"
          ]
        },
        {
          "question_id": 3,
          "question_type": "정보",
          "question": "이 곳의 주소는 어떻게 되나요?",
          "question_wordNum": 5,
          "answer": "서울 강서구 수명로 68-35",
          "answer_wordNum": 4,
          "fact": [
            "청담추어정,주소,서울 강서구 수명로 68-35"
          ]
        }
      ]
    },
    {
      "image_id": 3,
      "question": [
        {
          "question_id": 0,
          "question_type": "정보",
          "question": "이 곳의 주소는 어떻게 되나요?",
          "question_wordNum": 5,
          "answer": "서울 강서구 수명로 68-35",
          "answer_wordNum": 4,
          "fact": [
            "청담추어정,주소,서울 강서구 수명로 68-35"
          ]
        },
        {
          "question_id": 1,
          "question_type": "정보",
          "question": "이 곳의 대표적인 메뉴는 무엇이 있나요?",
          "question_wordNum": 6,
          "answer": "추어탕, 게장정식",
          "answer_wordNum": 2,
          "fact": [
            "청담추어정,메뉴,추어탕, 게장정식"
          ]
        },
        {
          "question_id": 2,
          "question_type": "정보",
          "question": "휴무일은 어떻게 되나요?",
          "question_wordNum": 3,
          "answer": "없음",
          "answer_wordNum": 1,
          "fact": [
            "청담추어정,휴무일,없음"
          ]
        },
        {
          "question_id": 3,
          "question_type": "정보",
          "question": "연락처가 어떻게 되나요?",
          "question_wordNum": 3,
          "answer": "0507-1437-1717",
          "answer_wordNum": 1,
          "fact": [
            "청담추어정,연락처,0507-1437-1717"
          ]
        }
      ]
    },
    {
      "image_id": 4,
      "question": [
        {
          "question_id": 0,
          "question_type": "정보",
          "question": "휴무일은 어떻게 되나요?",
          "question_wordNum": 3,
          "answer": "없음",
          "answer_wordNum": 1,
          "fact": [
            "청담추어정,휴무일,없음"
          ]
        },
        {
          "question_id": 1,
          "question_type": "정보",
          "question": "이 곳의 주소는 어떻게 되나요?",
          "question_wordNum": 5,
          "answer": "서울 강서구 수명로 68-35",
          "answer_wordNum": 4,
          "fact": [
            "청담추어정,주소,서울 강서구 수명로 68-35"
          ]
        },
        {
          "question_id": 2,
          "question_type": "관계",
          "question": "이 곳에 인접한 시설이 있나요?",
          "question_wordNum": 5,
          "answer": "마곡역 5번 출구, 마곡수명산파크5단지아파트, 홈플러스익스프레스, 올리앤, 뚜레쥬르",
          "answer_wordNum": 7,
          "fact": [
            "청담추어정,인접,마곡역 5번 출구, 마곡수명산파크5단지아파트, 홈플러스익스프레스, 올리앤, 뚜레쥬르"
          ]
        },
        {
          "question_id": 3,
          "question_type": "정보",
          "question": "영업시간은 어떻게 되나요?",
          "question_wordNum": 3,
          "answer": "11:00 - 21:30",
          "answer_wordNum": 3,
          "fact": [
            "청담추어정,영업시간,11:00 - 21:30"
          ]
        }
      ]
    }
  ]
}