{
  "data": {
    "dataset": "2-083-219",
    "POI_id": "561420",
    "travelType": "음식점",
    "place": "곤지암할매소머리국밥 가양점",
    "area": "서울"
  },
  "imageInfo": [
    {
      "image_id": 0,
      "filename": "561420_0_su_5_곤지암할매소머리국밥 가양점_1_001.png",
      "mapx": 37.561041563254,
      "mapy": 126.860025023147,
      "width": 3840,
      "height": 2160,
      "caption_info": [
        "곤지암할매소머리국밥 가양점(가양동)",
        "건물, 간판"
      ]
    },
    {
      "image_id": 1,
      "filename": "561420_0_su_5_곤지암할매소머리국밥 가양점_1_002.png",
      "mapx": 37.561041563254,
      "mapy": 126.860025023147,
      "width": 3840,
      "height": 2160,
      "caption_info": [
        "곤지암할매소머리국밥 가양점(가양동)",
        "건물, 간판"
      ]
    },
    {
      "image_id": 2,
      "filename": "561420_0_su_5_곤지암할매소머리국밥 가양점_1_003.png",
      "mapx": 37.561041563254,
      "mapy": 126.860025023147,
      "width": 3840,
      "height": 2160,
      "caption_info": [
        "곤지암할매소머리국밥 가양점(가양동)",
        "냉장고"
      ]
    },
    {
      "image_id": 3,
      "filename": "561420_0_su_5_곤지암할매소머리국밥 가양점_1_004.png",
      "mapx": 37.561041563254,
      "mapy": 126.860025023147,
      "width": 3840,
      "height": 2160,
      "caption_info": [
        "곤지암할매소머리국밥 가양점(가양동)",
        "메뉴판"
      ]
    },
    {
      "image_id": 4,
      "filename": "561420_0_su_5_곤지암할매소머리국밥 가양점_1_005.png",
      "mapx": 37.561041563254,
      "mapy": 126.860025023147,
      "width": 3840,
      "height": 2160,
      "caption_info": [
        "곤지암할매소머리국밥 가양점(가양동)",
        "배추김치,깍두기,파김치"
      ]
    }
  ],
  "annotations": [
    {
      "image_id": 0,
      "question": [
        {
          "question_id": 0,
          "question_type": "정보",
          "question": "휴무일을 알 수 있나요?",
          "question_wordNum": 4,
          "answer": "알수없음",
          "answer_wordNum": 1,
          "fact": [
            "곤지암할매소머리국밥 가양점,휴무일,알수없음"
          ]
        },
        {
          "question_id": 1,
          "question_type": "정보",
          "question": "이 곳의 주요 메뉴는 무엇이 있나요?",
          "question_wordNum": 6,
          "answer": "한우 소머리국밥, 한우 소머리수육",
          "answer_wordNum": 4,
          "fact": [
            "곤지암할매소머리국밥 가양점,메뉴,한우 소머리국밥, 한우 소머리수육"
          ]
        },
        {
          "question_id": 2,
          "question_type": "정보",
          "question": "이 곳의 주소는 어떻게 되나요?",
          "question_wordNum": 5,
          "answer": "서울 강서구 양천로59길 46 대일빌딩 1층",
          "answer_wordNum": 6,
          "fact": [
            "곤지암할매소머리국밥 가양점,주소,서울 강서구 양천로59길 46 대일빌딩 1층"
          ]
        },
        {
          "question_id": 3,
          "question_type": "정보",
          "question": "영업시간은 몇시부터 몇시까지로 기재되어 있나요?",
          "question_wordNum": 5,
          "answer": "알수없음",
          "answer_wordNum": 1,
          "fact": [
            "곤지암할매소머리국밥 가양점,영업시간,알수없음"
          ]
        }
      ]
    },
    {
      "image_id": 1,
      "question": [
        {
          "question_id": 0,
          "question_type": "정보",
          "question": "이 곳의 대표적인 메뉴는 무엇이 있나요?",
          "question_wordNum": 6,
          "answer": "한우 소머리국밥, 한우 소머리수육",
          "answer_wordNum": 4,
          "fact": [
            "곤지암할매소머리국밥 가양점,메뉴,한우 소머리국밥, 한우 소머리수육"
          ]
        },
        {
          "question_id": 1,
          "question_type": "정보",
          "question": "영업시간을 알 수 있나요?",
          "question_wordNum": 4,
          "answer": "알수없음",
          "answer_wordNum": 1,
          "fact": [
            "곤지암할매소머리국밥 가양점,영업시간,알수없음"
          ]
        },
        {
          "question_id": 2,
          "question_type": "정보",
          "question": "연락처가 어떻게 되나요?",
          "question_wordNum": 3,
          "answer": "02-2668-6800",
          "answer_wordNum": 1,
          "fact": [
            "곤지암할매소머리국밥 가양점,연락처,02-2668-6800"
          ]
        },
        {
          "question_id": 3,
          "question_type": "탐색",
          "question": "주차시설이 있는지 알 수 있나요?",
          "question_wordNum": 5,
          "answer": "있음",
          "answer_wordNum": 1,
          "fact": [
            "곤지암할매소머리국밥 가양점,주차시설,있음"
          ]
        }
      ]
    },
    {
      "image_id": 2,
      "question": [
        {
          "question_id": 0,
          "question_type": "정보",
          "question": "이 곳의 주요 메뉴를 알 수 있나요?",
          "question_wordNum": 7,
          "answer": "한우 소머리국밥, 한우 소머리수육",
          "answer_wordNum": 4,
          "fact": [
            "곤지암할매소머리국밥 가양점,메뉴,한우 소머리국밥, 한우 소머리수육"
          ]
        },
        {
          "question_id": 1,
          "question_type": "관계",
          "question": "이 곳에 인접한 시설이 있나요?",
          "question_wordNum": 5,
          "answer": "가양역 5번 출구, 김밥나라, 새봄약국",
          "answer_wordNum": 5,
          "fact": [
            "곤지암할매소머리국밥 가양점,인접,가양역 5번 출구, 김밥나라, 새봄약국"
          ]
        },
        {
          "question_id": 2,
          "question_type": "탐색",
          "question": "주차시설이 있는지 알 수 있나요?",
          "question_wordNum": 5,
          "answer": "있음",
          "answer_wordNum": 1,
          "fact": [
            "곤지암할매소머리국밥 가양점,주차시설,있음"
          ]
        },
        {
          "question_id": 3,
          "question_type": "정보",
          "question": "영업시간은 몇시부터 몇시까지로 기재되어 있나요?",
          "question_wordNum": 5,
          "answer": "알수없음",
          "answer_wordNum": 1,
          "fact": [
            "곤지암할매소머리국밥 가양점,영업시간,알수없음"
          ]
        }
      ]
    },
    {
      "image_id": 3,
      "question": [
        {
          "question_id": 0,
          "question_type": "정보",
          "question": "이 곳의 주소를 알 수 있나요?",
          "question_wordNum": 6,
          "answer": "서울 강서구 양천로59길 46 대일빌딩 1층",
          "answer_wordNum": 6,
          "fact": [
            "곤지암할매소머리국밥 가양점,주소,서울 강서구 양천로59길 46 대일빌딩 1층"
          ]
        },
        {
          "question_id": 1,
          "question_type": "정보",
          "question": "영업시간은 어떻게 되나요?",
          "question_wordNum": 3,
          "answer": "알수없음",
          "answer_wordNum": 1,
          "fact": [
            "곤지암할매소머리국밥 가양점,영업시간,알수없음"
          ]
        },
        {
          "question_id": 2,
          "question_type": "정보",
          "question": "연락처를 알 수 있나요?",
          "question_wordNum": 4,
          "answer": "02-2668-6800",
          "answer_wordNum": 1,
          "fact": [
            "곤지암할매소머리국밥 가양점,연락처,02-2668-6800"
          ]
        },
        {
          "question_id": 3,
          "question_type": "탐색",
          "question": "주차시설이 있는지 알 수 있나요?",
          "question_wordNum": 5,
          "answer": "있음",
          "answer_wordNum": 1,
          "fact": [
            "곤지암할매소머리국밥 가양점,주차시설,있음"
          ]
        }
      ]
    },
    {
      "image_id": 4,
      "question": [
        {
          "question_id": 0,
          "question_type": "정보",
          "question": "영업시간을 알 수 있나요?",
          "question_wordNum": 4,
          "answer": "알수없음",
          "answer_wordNum": 1,
          "fact": [
            "곤지암할매소머리국밥 가양점,영업시간,알수없음"
          ]
        },
        {
          "question_id": 1,
          "question_type": "정보",
          "question": "이 곳의 주소는 어떻게 되나요?",
          "question_wordNum": 5,
          "answer": "서울 강서구 양천로59길 46 대일빌딩 1층",
          "answer_wordNum": 6,
          "fact": [
            "곤지암할매소머리국밥 가양점,주소,서울 강서구 양천로59길 46 대일빌딩 1층"
          ]
        },
        {
          "question_id": 2,
          "question_type": "정보",
          "question": "연락처가 어떻게 되나요?",
          "question_wordNum": 3,
          "answer": "02-2668-6800",
          "answer_wordNum": 1,
          "fact": [
            "곤지암할매소머리국밥 가양점,연락처,02-2668-6800"
          ]
        },
        {
          "question_id": 3,
          "question_type": "정보",
          "question": "휴무일은 어떻게 되나요?",
          "question_wordNum": 3,
          "answer": "알수없음",
          "answer_wordNum": 1,
          "fact": [
            "곤지암할매소머리국밥 가양점,휴무일,알수없음"
          ]
        }
      ]
    }
  ]
}