{
  "data": {
    "dataset": "2-083-219",
    "POI_id": "561813",
    "travelType": "음식점",
    "place": "동대문곱창 ",
    "area": "서울"
  },
  "imageInfo": [
    {
      "image_id": 0,
      "filename": "561813_0_su_5_동대문곱창 _13_001.png",
      "mapx": 37.5628821481519,
      "mapy": 126.810292619118,
      "width": 3840,
      "height": 2160,
      "caption_info": [
        "동대문곱창(강서구) ",
        "간판"
      ]
    },
    {
      "image_id": 1,
      "filename": "561813_0_su_5_동대문곱창 _13_002.png",
      "mapx": 37.5628821481519,
      "mapy": 126.810292619118,
      "width": 3840,
      "height": 2160,
      "caption_info": [
        "동대문곱창(강서구) ",
        "간판"
      ]
    },
    {
      "image_id": 2,
      "filename": "561813_0_su_5_동대문곱창 _13_003.png",
      "mapx": 37.5628821481519,
      "mapy": 126.810292619118,
      "width": 3840,
      "height": 2160,
      "caption_info": [
        "동대문곱창(강서구) ",
        "등받이 의자"
      ]
    },
    {
      "image_id": 3,
      "filename": "561813_0_su_5_동대문곱창 _13_004.png",
      "mapx": 37.5628821481519,
      "mapy": 126.810292619118,
      "width": 3840,
      "height": 2160,
      "caption_info": [
        "동대문곱창(강서구) ",
        "메뉴판 "
      ]
    },
    {
      "image_id": 4,
      "filename": "561813_0_su_5_동대문곱창 _13_005.png",
      "mapx": 37.5628821481519,
      "mapy": 126.810292619118,
      "width": 3840,
      "height": 2160,
      "caption_info": [
        "동대문곱창(강서구) ",
        "곱창 "
      ]
    }
  ],
  "annotations": [
    {
      "image_id": 0,
      "question": [
        {
          "question_id": 0,
          "question_type": "정보",
          "question": "이 곳의 주소를 알 수 있나요?",
          "question_wordNum": 6,
          "answer": "서울 강서구 공항대로3길 29",
          "answer_wordNum": 4,
          "fact": [
            "동대문곱창,주소,서울 강서구 공항대로3길 29"
          ]
        },
        {
          "question_id": 1,
          "question_type": "정보",
          "question": "이 곳의 메뉴를 알 수 있나요?",
          "question_wordNum": 6,
          "answer": "막창, 순대곱창",
          "answer_wordNum": 2,
          "fact": [
            "동대문곱창,메뉴,막창, 순대곱창"
          ]
        },
        {
          "question_id": 2,
          "question_type": "관계",
          "question": "이 곳에 인접한 시설을 알 수 있나요?",
          "question_wordNum": 7,
          "answer": "공항시장역 4번 출구, 아키, 김돈이",
          "answer_wordNum": 5,
          "fact": [
            "동대문곱창,인접,공항시장역 4번 출구, 아키, 김돈이"
          ]
        },
        {
          "question_id": 3,
          "question_type": "정보",
          "question": "영업시간은 어떻게 되나요?",
          "question_wordNum": 3,
          "answer": "알수없음",
          "answer_wordNum": 1,
          "fact": [
            "동대문곱창,영업시간,알수없음"
          ]
        }
      ]
    },
    {
      "image_id": 1,
      "question": [
        {
          "question_id": 0,
          "question_type": "정보",
          "question": "이 곳의 메뉴를 알 수 있나요?",
          "question_wordNum": 6,
          "answer": "막창, 순대곱창",
          "answer_wordNum": 2,
          "fact": [
            "동대문곱창,메뉴,막창, 순대곱창"
          ]
        },
        {
          "question_id": 1,
          "question_type": "탐색",
          "question": "주차시설이 있는지 알 수 있나요?",
          "question_wordNum": 5,
          "answer": "있음",
          "answer_wordNum": 1,
          "fact": [
            "동대문곱창,주차시설,있음"
          ]
        },
        {
          "question_id": 2,
          "question_type": "정보",
          "question": "영업시간을 알 수 있나요?",
          "question_wordNum": 4,
          "answer": "알수없음",
          "answer_wordNum": 1,
          "fact": [
            "동대문곱창,영업시간,알수없음"
          ]
        },
        {
          "question_id": 3,
          "question_type": "정보",
          "question": "휴무일은 어떻게 되나요?",
          "question_wordNum": 3,
          "answer": "알수없음",
          "answer_wordNum": 1,
          "fact": [
            "동대문곱창,휴무일,알수없음"
          ]
        }
      ]
    },
    {
      "image_id": 2,
      "question": [
        {
          "question_id": 0,
          "question_type": "탐색",
          "question": "주차시설이 있나요?",
          "question_wordNum": 2,
          "answer": "있음",
          "answer_wordNum": 1,
          "fact": [
            "동대문곱창,주차시설,있음"
          ]
        },
        {
          "question_id": 1,
          "question_type": "정보",
          "question": "대표 메뉴가 무엇인가요?",
          "question_wordNum": 3,
          "answer": "막창, 순대곱창",
          "answer_wordNum": 2,
          "fact": [
            "동대문곱창,메뉴,막창, 순대곱창"
          ]
        },
        {
          "question_id": 2,
          "question_type": "정보",
          "question": "휴무일은 어떻게 되나요?",
          "question_wordNum": 3,
          "answer": "알수없음",
          "answer_wordNum": 1,
          "fact": [
            "동대문곱창,휴무일,알수없음"
          ]
        },
        {
          "question_id": 3,
          "question_type": "정보",
          "question": "영업시간은 어떻게 되나요?",
          "question_wordNum": 3,
          "answer": "알수없음",
          "answer_wordNum": 1,
          "fact": [
            "동대문곱창,영업시간,알수없음"
          ]
        }
      ]
    },
    {
      "image_id": 3,
      "question": [
        {
          "question_id": 0,
          "question_type": "정보",
          "question": "이 곳의 주소는 어떻게 되나요?",
          "question_wordNum": 5,
          "answer": "서울 강서구 공항대로3길 29",
          "answer_wordNum": 4,
          "fact": [
            "동대문곱창,주소,서울 강서구 공항대로3길 29"
          ]
        },
        {
          "question_id": 1,
          "question_type": "탐색",
          "question": "주차시설이 있는지 알 수 있나요?",
          "question_wordNum": 5,
          "answer": "있음",
          "answer_wordNum": 1,
          "fact": [
            "동대문곱창,주차시설,있음"
          ]
        },
        {
          "question_id": 2,
          "question_type": "정보",
          "question": "휴무일은 어떻게 되나요?",
          "question_wordNum": 3,
          "answer": "알수없음",
          "answer_wordNum": 1,
          "fact": [
            "동대문곱창,휴무일,알수없음"
          ]
        },
        {
          "question_id": 3,
          "question_type": "정보",
          "question": "대표 메뉴가 무엇인가요?",
          "question_wordNum": 3,
          "answer": "막창, 순대곱창",
          "answer_wordNum": 2,
          "fact": [
            "동대문곱창,메뉴,막창, 순대곱창"
          ]
        }
      ]
    },
    {
      "image_id": 4,
      "question": [
        {
          "question_id": 0,
          "question_type": "정보",
          "question": "휴무일은 어떻게 되나요?",
          "question_wordNum": 3,
          "answer": "알수없음",
          "answer_wordNum": 1,
          "fact": [
            "동대문곱창,휴무일,알수없음"
          ]
        },
        {
          "question_id": 1,
          "question_type": "탐색",
          "question": "주차시설이 있는지 알 수 있나요?",
          "question_wordNum": 5,
          "answer": "있음",
          "answer_wordNum": 1,
          "fact": [
            "동대문곱창,주차시설,있음"
          ]
        },
        {
          "question_id": 2,
          "question_type": "정보",
          "question": "이 곳의 메뉴를 알 수 있나요?",
          "question_wordNum": 6,
          "answer": "막창, 순대곱창",
          "answer_wordNum": 2,
          "fact": [
            "동대문곱창,메뉴,막창, 순대곱창"
          ]
        },
        {
          "question_id": 3,
          "question_type": "관계",
          "question": "이 곳에 인접한 시설을 알 수 있나요?",
          "question_wordNum": 7,
          "answer": "공항시장역 4번 출구, 아키, 김돈이",
          "answer_wordNum": 5,
          "fact": [
            "동대문곱창,인접,공항시장역 4번 출구, 아키, 김돈이"
          ]
        }
      ]
    }
  ]
}