{
  "data": {
    "dataset": "2-083-219",
    "POI_id": "561777",
    "travelType": "음식점",
    "place": "큰집닭강정 발산점",
    "area": "서울"
  },
  "imageInfo": [
    {
      "image_id": 0,
      "filename": "561777_0_su_5_큰집닭강정 발산점_1_001.png",
      "mapx": 37.5558629211238,
      "mapy": 126.837068220627,
      "width": 3840,
      "height": 2160,
      "caption_info": [
        "큰집닭강정 발산점(내발산동)",
        "간판, 여닫이문"
      ]
    },
    {
      "image_id": 1,
      "filename": "561777_0_su_5_큰집닭강정 발산점_1_002.png",
      "mapx": 37.5558629211238,
      "mapy": 126.837068220627,
      "width": 3840,
      "height": 2160,
      "caption_info": [
        "큰집닭강정 발산점(내발산동)",
        "간판, 여닫이문, 테이블, 입간판"
      ]
    },
    {
      "image_id": 2,
      "filename": "561777_0_su_5_큰집닭강정 발산점_1_003.png",
      "mapx": 37.5558629211238,
      "mapy": 126.837068220627,
      "width": 3840,
      "height": 2160,
      "caption_info": [
        "큰집닭강정 발산점(내발산동)",
        "의자, 손소독제, 쓰레기통"
      ]
    },
    {
      "image_id": 3,
      "filename": "561777_0_su_5_큰집닭강정 발산점_1_004.png",
      "mapx": 37.5558629211238,
      "mapy": 126.837068220627,
      "width": 3840,
      "height": 2160,
      "caption_info": [
        "큰집닭강정 발산점(내발산동)",
        "가격표"
      ]
    },
    {
      "image_id": 4,
      "filename": "561777_0_su_5_큰집닭강정 발산점_1_005.png",
      "mapx": 37.5558629211238,
      "mapy": 126.837068220627,
      "width": 3840,
      "height": 2160,
      "caption_info": [
        "큰집닭강정 발산점(내발산동)",
        "닭강정"
      ]
    }
  ],
  "annotations": [
    {
      "image_id": 0,
      "question": [
        {
          "question_id": 0,
          "question_type": "정보",
          "question": "휴무일은 어떻게 되나요?",
          "question_wordNum": 3,
          "answer": "매주 토요일",
          "answer_wordNum": 2,
          "fact": [
            "큰집닭강정 발산점,휴무일,매주 토요일"
          ]
        },
        {
          "question_id": 1,
          "question_type": "정보",
          "question": "이 곳의 주요 메뉴는 무엇이 있나요?",
          "question_wordNum": 6,
          "answer": "닭강정, 치즈볼",
          "answer_wordNum": 2,
          "fact": [
            "큰집닭강정 발산점,메뉴,닭강정, 치즈볼"
          ]
        },
        {
          "question_id": 2,
          "question_type": "탐색",
          "question": "주차시설이 있는지 알 수 있나요?",
          "question_wordNum": 5,
          "answer": "없음",
          "answer_wordNum": 1,
          "fact": [
            "큰집닭강정 발산점,주차시설,없음"
          ]
        },
        {
          "question_id": 3,
          "question_type": "정보",
          "question": "연락처를 알 수 있나요?",
          "question_wordNum": 4,
          "answer": "0507-1371-0948",
          "answer_wordNum": 1,
          "fact": [
            "큰집닭강정 발산점,연락처,0507-1371-0948"
          ]
        }
      ]
    },
    {
      "image_id": 1,
      "question": [
        {
          "question_id": 0,
          "question_type": "정보",
          "question": "이 곳의 대표적인 메뉴를 알 수 있나요?",
          "question_wordNum": 7,
          "answer": "닭강정, 치즈볼",
          "answer_wordNum": 2,
          "fact": [
            "큰집닭강정 발산점,메뉴,닭강정, 치즈볼"
          ]
        },
        {
          "question_id": 1,
          "question_type": "탐색",
          "question": "주차시설이 있는지 알 수 있나요?",
          "question_wordNum": 5,
          "answer": "없음",
          "answer_wordNum": 1,
          "fact": [
            "큰집닭강정 발산점,주차시설,없음"
          ]
        },
        {
          "question_id": 2,
          "question_type": "관계",
          "question": "이 곳에 인접한 시설이 있나요?",
          "question_wordNum": 5,
          "answer": "발산역 7번 출구, 목포산낙지, 한촌설렁탕",
          "answer_wordNum": 5,
          "fact": [
            "큰집닭강정 발산점,인접,발산역 7번 출구, 목포산낙지, 한촌설렁탕"
          ]
        },
        {
          "question_id": 3,
          "question_type": "정보",
          "question": "영업시간을 알 수 있나요?",
          "question_wordNum": 4,
          "answer": "15:00~22:00/02:00",
          "answer_wordNum": 1,
          "fact": [
            "큰집닭강정 발산점,영업시간,15:00~22:00/02:00"
          ]
        }
      ]
    },
    {
      "image_id": 2,
      "question": [
        {
          "question_id": 0,
          "question_type": "정보",
          "question": "영업시간을 알 수 있나요?",
          "question_wordNum": 4,
          "answer": "15:00~22:00/02:00",
          "answer_wordNum": 1,
          "fact": [
            "큰집닭강정 발산점,영업시간,15:00~22:00/02:00"
          ]
        },
        {
          "question_id": 1,
          "question_type": "정보",
          "question": "이 곳의 주요 메뉴는 무엇이 있나요?",
          "question_wordNum": 6,
          "answer": "닭강정, 치즈볼",
          "answer_wordNum": 2,
          "fact": [
            "큰집닭강정 발산점,메뉴,닭강정, 치즈볼"
          ]
        },
        {
          "question_id": 2,
          "question_type": "정보",
          "question": "이 곳의 주소는 어떻게 되나요?",
          "question_wordNum": 5,
          "answer": "서울 강서구 강서로 337",
          "answer_wordNum": 4,
          "fact": [
            "큰집닭강정 발산점,주소,서울 강서구 강서로 337"
          ]
        },
        {
          "question_id": 3,
          "question_type": "정보",
          "question": "인접한 시설이 있나요?",
          "question_wordNum": 3,
          "answer": "발산역 7번 출구, 목포산낙지, 한촌설렁탕",
          "answer_wordNum": 5,
          "fact": [
            "큰집닭강정 발산점,인접,발산역 7번 출구, 목포산낙지, 한촌설렁탕"
          ]
        }
      ]
    },
    {
      "image_id": 3,
      "question": [
        {
          "question_id": 0,
          "question_type": "정보",
          "question": "휴무일은 어떻게 되나요?",
          "question_wordNum": 3,
          "answer": "매주 토요일",
          "answer_wordNum": 2,
          "fact": [
            "큰집닭강정 발산점,휴무일,매주 토요일"
          ]
        },
        {
          "question_id": 1,
          "question_type": "탐색",
          "question": "주차시설이 있는지 알 수 있나요?",
          "question_wordNum": 5,
          "answer": "없음",
          "answer_wordNum": 1,
          "fact": [
            "큰집닭강정 발산점,주차시설,없음"
          ]
        },
        {
          "question_id": 2,
          "question_type": "정보",
          "question": "연락처를 알 수 있나요?",
          "question_wordNum": 4,
          "answer": "0507-1371-0948",
          "answer_wordNum": 1,
          "fact": [
            "큰집닭강정 발산점,연락처,0507-1371-0948"
          ]
        },
        {
          "question_id": 3,
          "question_type": "정보",
          "question": "영업시간을 알 수 있나요?",
          "question_wordNum": 4,
          "answer": "15:00~22:00/02:00",
          "answer_wordNum": 1,
          "fact": [
            "큰집닭강정 발산점,영업시간,15:00~22:00/02:00"
          ]
        }
      ]
    },
    {
      "image_id": 4,
      "question": [
        {
          "question_id": 0,
          "question_type": "정보",
          "question": "이 곳의 주요 메뉴를 알 수 있나요?",
          "question_wordNum": 7,
          "answer": "닭강정, 치즈볼",
          "answer_wordNum": 2,
          "fact": [
            "큰집닭강정 발산점,메뉴,닭강정, 치즈볼"
          ]
        },
        {
          "question_id": 1,
          "question_type": "관계",
          "question": "이 곳에 인접한 시설을 알 수 있나요?",
          "question_wordNum": 7,
          "answer": "발산역 7번 출구, 목포산낙지, 한촌설렁탕",
          "answer_wordNum": 5,
          "fact": [
            "큰집닭강정 발산점,인접,발산역 7번 출구, 목포산낙지, 한촌설렁탕"
          ]
        },
        {
          "question_id": 2,
          "question_type": "정보",
          "question": "영업시간을 알 수 있나요?",
          "question_wordNum": 4,
          "answer": "15:00~22:00/02:00",
          "answer_wordNum": 1,
          "fact": [
            "큰집닭강정 발산점,영업시간,15:00~22:00/02:00"
          ]
        },
        {
          "question_id": 3,
          "question_type": "정보",
          "question": "주소는 어떻게 되나요?",
          "question_wordNum": 3,
          "answer": "서울 강서구 강서로 337",
          "answer_wordNum": 4,
          "fact": [
            "큰집닭강정 발산점,주소,서울 강서구 강서로 337"
          ]
        }
      ]
    }
  ]
}