{
  "data": {
    "dataset": "2-083-219",
    "POI_id": "561507",
    "travelType": "음식점",
    "place": "배진수스시 ",
    "area": "서울"
  },
  "imageInfo": [
    {
      "image_id": 0,
      "filename": "561507_0_su_5_배진수스시 _1_001.png",
      "mapx": 37.5597174210035,
      "mapy": 126.835794591825,
      "width": 3840,
      "height": 2160,
      "caption_info": [
        "배진수스시(마곡동)",
        "간판, 화분, 여닫이문"
      ]
    },
    {
      "image_id": 1,
      "filename": "561507_0_su_5_배진수스시 _1_002.png",
      "mapx": 37.5597174210035,
      "mapy": 126.835794591825,
      "width": 3840,
      "height": 2160,
      "caption_info": [
        "배진수스시(마곡동)",
        "간판"
      ]
    },
    {
      "image_id": 2,
      "filename": "561507_0_su_5_배진수스시 _1_003.png",
      "mapx": 37.5597174210035,
      "mapy": 126.835794591825,
      "width": 3840,
      "height": 2160,
      "caption_info": [
        "배진수스시(마곡동)",
        "테이블"
      ]
    },
    {
      "image_id": 3,
      "filename": "561507_0_su_5_배진수스시 _1_004.png",
      "mapx": 37.5597174210035,
      "mapy": 126.835794591825,
      "width": 3840,
      "height": 2160,
      "caption_info": [
        "배진수스시(마곡동)",
        "메뉴판"
      ]
    },
    {
      "image_id": 4,
      "filename": "561507_0_su_5_배진수스시 _1_005.png",
      "mapx": 37.5597174210035,
      "mapy": 126.835794591825,
      "width": 3840,
      "height": 2160,
      "caption_info": [
        "배진수스시(마곡동)",
        "스시"
      ]
    }
  ],
  "annotations": [
    {
      "image_id": 0,
      "question": [
        {
          "question_id": 0,
          "question_type": "관계",
          "question": "이 곳에 인접한 시설이 있나요?",
          "question_wordNum": 5,
          "answer": "발산역 9번 출구, 인터시티365, 쿠마데, 오봉집",
          "answer_wordNum": 6,
          "fact": [
            "배진수스시,인접,발산역 9번 출구, 인터시티365, 쿠마데, 오봉집"
          ]
        },
        {
          "question_id": 1,
          "question_type": "정보",
          "question": "영업시간은 어떻게 되나요?",
          "question_wordNum": 3,
          "answer": "11:30~21:50",
          "answer_wordNum": 1,
          "fact": [
            "배진수스시,영업시간,11:30~21:50"
          ]
        },
        {
          "question_id": 2,
          "question_type": "정보",
          "question": "이 곳의 주요 메뉴는 무엇이 있나요?",
          "question_wordNum": 6,
          "answer": "활어초밥, 연어초밥",
          "answer_wordNum": 2,
          "fact": [
            "배진수스시,메뉴,활어초밥, 연어초밥"
          ]
        },
        {
          "question_id": 3,
          "question_type": "정보",
          "question": "연락처가 어떻게 되나요?",
          "question_wordNum": 3,
          "answer": "0507-1465-3487",
          "answer_wordNum": 1,
          "fact": [
            "배진수스시,연락처,0507-1465-3487"
          ]
        }
      ]
    },
    {
      "image_id": 1,
      "question": [
        {
          "question_id": 0,
          "question_type": "탐색",
          "question": "주차시설이 있나요?",
          "question_wordNum": 2,
          "answer": "있음",
          "answer_wordNum": 1,
          "fact": [
            "배진수스시,주차시설,있음"
          ]
        },
        {
          "question_id": 1,
          "question_type": "정보",
          "question": "이 곳의 주요 메뉴는 무엇이 있나요?",
          "question_wordNum": 6,
          "answer": "활어초밥, 연어초밥",
          "answer_wordNum": 2,
          "fact": [
            "배진수스시,메뉴,활어초밥, 연어초밥"
          ]
        },
        {
          "question_id": 2,
          "question_type": "정보",
          "question": "연락처가 어떻게 되나요?",
          "question_wordNum": 3,
          "answer": "0507-1465-3487",
          "answer_wordNum": 1,
          "fact": [
            "배진수스시,연락처,0507-1465-3487"
          ]
        },
        {
          "question_id": 3,
          "question_type": "정보",
          "question": "이 곳의 주소는 어떻게 되나요?",
          "question_wordNum": 5,
          "answer": "서울 강서구 마곡중앙6로 76-3 1층",
          "answer_wordNum": 5,
          "fact": [
            "배진수스시,주소,서울 강서구 마곡중앙6로 76-3 1층"
          ]
        }
      ]
    },
    {
      "image_id": 2,
      "question": [
        {
          "question_id": 0,
          "question_type": "탐색",
          "question": "주차시설이 있나요?",
          "question_wordNum": 2,
          "answer": "있음",
          "answer_wordNum": 1,
          "fact": [
            "배진수스시,주차시설,있음"
          ]
        },
        {
          "question_id": 1,
          "question_type": "관계",
          "question": "이 곳에 인접한 시설이 있나요?",
          "question_wordNum": 5,
          "answer": "발산역 9번 출구, 인터시티365, 쿠마데, 오봉집",
          "answer_wordNum": 6,
          "fact": [
            "배진수스시,인접,발산역 9번 출구, 인터시티365, 쿠마데, 오봉집"
          ]
        },
        {
          "question_id": 2,
          "question_type": "정보",
          "question": "이 곳의 주소는 어떻게 되나요?",
          "question_wordNum": 5,
          "answer": "서울 강서구 마곡중앙6로 76-3 1층",
          "answer_wordNum": 5,
          "fact": [
            "배진수스시,주소,서울 강서구 마곡중앙6로 76-3 1층"
          ]
        },
        {
          "question_id": 3,
          "question_type": "정보",
          "question": "연락처가 어떻게 되나요?",
          "question_wordNum": 3,
          "answer": "0507-1465-3487",
          "answer_wordNum": 1,
          "fact": [
            "배진수스시,연락처,0507-1465-3487"
          ]
        }
      ]
    },
    {
      "image_id": 3,
      "question": [
        {
          "question_id": 0,
          "question_type": "정보",
          "question": "휴무일은 어떻게 되나요?",
          "question_wordNum": 3,
          "answer": "매주 월요일",
          "answer_wordNum": 2,
          "fact": [
            "배진수스시,휴무일,매주 월요일"
          ]
        },
        {
          "question_id": 1,
          "question_type": "정보",
          "question": "이 곳의 주요 메뉴는 무엇이 있나요?",
          "question_wordNum": 6,
          "answer": "활어초밥, 연어초밥",
          "answer_wordNum": 2,
          "fact": [
            "배진수스시,메뉴,활어초밥, 연어초밥"
          ]
        },
        {
          "question_id": 2,
          "question_type": "정보",
          "question": "이 곳의 주소는 어떻게 되나요?",
          "question_wordNum": 5,
          "answer": "서울 강서구 마곡중앙6로 76-3 1층",
          "answer_wordNum": 5,
          "fact": [
            "배진수스시,주소,서울 강서구 마곡중앙6로 76-3 1층"
          ]
        },
        {
          "question_id": 3,
          "question_type": "정보",
          "question": "연락처가 어떻게 되나요?",
          "question_wordNum": 3,
          "answer": "0507-1465-3487",
          "answer_wordNum": 1,
          "fact": [
            "배진수스시,연락처,0507-1465-3487"
          ]
        }
      ]
    },
    {
      "image_id": 4,
      "question": [
        {
          "question_id": 0,
          "question_type": "정보",
          "question": "휴무일은 어떻게 되나요?",
          "question_wordNum": 3,
          "answer": "매주 월요일",
          "answer_wordNum": 2,
          "fact": [
            "배진수스시,휴무일,매주 월요일"
          ]
        },
        {
          "question_id": 1,
          "question_type": "정보",
          "question": "영업시간은 어떻게 되나요?",
          "question_wordNum": 3,
          "answer": "11:30~21:50",
          "answer_wordNum": 1,
          "fact": [
            "배진수스시,영업시간,11:30~21:50"
          ]
        },
        {
          "question_id": 2,
          "question_type": "정보",
          "question": "연락처가 어떻게 되나요?",
          "question_wordNum": 3,
          "answer": "0507-1465-3487",
          "answer_wordNum": 1,
          "fact": [
            "배진수스시,연락처,0507-1465-3487"
          ]
        },
        {
          "question_id": 3,
          "question_type": "정보",
          "question": "이 곳의 주소는 어떻게 되나요?",
          "question_wordNum": 5,
          "answer": "서울 강서구 마곡중앙6로 76-3 1층",
          "answer_wordNum": 5,
          "fact": [
            "배진수스시,주소,서울 강서구 마곡중앙6로 76-3 1층"
          ]
        }
      ]
    }
  ]
}