{
  "data": {
    "dataset": "2-083-219",
    "POI_id": "561425",
    "travelType": "음식점",
    "place": "북촌손만두 강서한강자이점",
    "area": "서울"
  },
  "imageInfo": [
    {
      "image_id": 0,
      "filename": "561425_0_su_5_북촌손만두 강서한강자이점_1_001.png",
      "mapx": 37.5657010514328,
      "mapy": 126.84764409296,
      "width": 3840,
      "height": 2160,
      "caption_info": [
        "북촌손만두 강서한강자이점(가양동)",
        "간판, 여닫이문"
      ]
    },
    {
      "image_id": 1,
      "filename": "561425_0_su_5_북촌손만두 강서한강자이점_1_002.png",
      "mapx": 37.5657010514328,
      "mapy": 126.84764409296,
      "width": 3840,
      "height": 2160,
      "caption_info": [
        "북촌손만두 강서한강자이점(가양동)",
        "간판, 여닫이문"
      ]
    },
    {
      "image_id": 2,
      "filename": "561425_0_su_5_북촌손만두 강서한강자이점_1_003.png",
      "mapx": 37.5657010514328,
      "mapy": 126.84764409296,
      "width": 3840,
      "height": 2160,
      "caption_info": [
        "북촌손만두 강서한강자이점(가양동)",
        "테이블, 의자, 선풍기, 냉장고, 티비"
      ]
    },
    {
      "image_id": 3,
      "filename": "561425_0_su_5_북촌손만두 강서한강자이점_1_004.png",
      "mapx": 37.5657010514328,
      "mapy": 126.84764409296,
      "width": 3840,
      "height": 2160,
      "caption_info": [
        "북촌손만두 강서한강자이점(가양동)",
        "선풍기, 메뉴판"
      ]
    },
    {
      "image_id": 4,
      "filename": "561425_0_su_5_북촌손만두 강서한강자이점_1_005.png",
      "mapx": 37.5657010514328,
      "mapy": 126.84764409296,
      "width": 3840,
      "height": 2160,
      "caption_info": [
        "북촌손만두 강서한강자이점(가양동)",
        "음식, 김"
      ]
    }
  ],
  "annotations": [
    {
      "image_id": 0,
      "question": [
        {
          "question_id": 0,
          "question_type": "탐색",
          "question": "주차시설이 있나요?",
          "question_wordNum": 2,
          "answer": "있음",
          "answer_wordNum": 1,
          "fact": [
            "북촌손만두 강서한강자이점,주차시설,있음"
          ]
        },
        {
          "question_id": 1,
          "question_type": "정보",
          "question": "휴무일은 어떻게 되나요?",
          "question_wordNum": 3,
          "answer": "알수없음",
          "answer_wordNum": 1,
          "fact": [
            "북촌손만두 강서한강자이점,휴무일,알수없음"
          ]
        },
        {
          "question_id": 2,
          "question_type": "정보",
          "question": "이 곳의 주소는 어떻게 되나요?",
          "question_wordNum": 5,
          "answer": "서울 강서구 양천로 401",
          "answer_wordNum": 4,
          "fact": [
            "북촌손만두 강서한강자이점,주소,서울 강서구 양천로 401"
          ]
        },
        {
          "question_id": 3,
          "question_type": "정보",
          "question": "이 곳에 인접한 시설이 있나요?",
          "question_wordNum": 5,
          "answer": "양천향교역 4번 출구, GS25, 한라산 횟집",
          "answer_wordNum": 6,
          "fact": [
            "북촌손만두 강서한강자이점,인접,양천향교역 4번 출구, GS25, 한라산 횟집"
          ]
        }
      ]
    },
    {
      "image_id": 1,
      "question": [
        {
          "question_id": 0,
          "question_type": "정보",
          "question": "이 곳의 주소는 어떻게 되나요?",
          "question_wordNum": 5,
          "answer": "서울 강서구 양천로 401",
          "answer_wordNum": 4,
          "fact": [
            "북촌손만두 강서한강자이점,주소,서울 강서구 양천로 401"
          ]
        },
        {
          "question_id": 1,
          "question_type": "탐색",
          "question": "주차시설이 있나요?",
          "question_wordNum": 2,
          "answer": "있음",
          "answer_wordNum": 1,
          "fact": [
            "북촌손만두 강서한강자이점,주차시설,있음"
          ]
        },
        {
          "question_id": 2,
          "question_type": "정보",
          "question": "이 곳의 주요 메뉴는 무엇이 있나요?",
          "question_wordNum": 6,
          "answer": "북촌 피냉면, 북촌 비빔국시",
          "answer_wordNum": 4,
          "fact": [
            "북촌손만두 강서한강자이점,메뉴,북촌 피냉면, 북촌 비빔국시"
          ]
        },
        {
          "question_id": 3,
          "question_type": "정보",
          "question": "이 곳에 인접한 시설이 있나요?",
          "question_wordNum": 5,
          "answer": "양천향교역 4번 출구, GS25, 한라산 횟집",
          "answer_wordNum": 6,
          "fact": [
            "북촌손만두 강서한강자이점,인접,양천향교역 4번 출구, GS25, 한라산 횟집"
          ]
        }
      ]
    },
    {
      "image_id": 2,
      "question": [
        {
          "question_id": 0,
          "question_type": "정보",
          "question": "연락처를 알 수 있나요?",
          "question_wordNum": 4,
          "answer": "02-2638-5554",
          "answer_wordNum": 1,
          "fact": [
            "북촌손만두 강서한강자이점,연락처,02-2638-5554"
          ]
        },
        {
          "question_id": 1,
          "question_type": "탐색",
          "question": "주차시설이 있나요?",
          "question_wordNum": 2,
          "answer": "있음",
          "answer_wordNum": 1,
          "fact": [
            "북촌손만두 강서한강자이점,주차시설,있음"
          ]
        },
        {
          "question_id": 2,
          "question_type": "정보",
          "question": "이 곳의 주소는 어떻게 되나요?",
          "question_wordNum": 5,
          "answer": "서울 강서구 양천로 401",
          "answer_wordNum": 4,
          "fact": [
            "북촌손만두 강서한강자이점,주소,서울 강서구 양천로 401"
          ]
        },
        {
          "question_id": 3,
          "question_type": "정보",
          "question": "이 곳에 인접한 시설이 있나요?",
          "question_wordNum": 5,
          "answer": "양천향교역 4번 출구, GS25, 한라산 횟집",
          "answer_wordNum": 6,
          "fact": [
            "북촌손만두 강서한강자이점,인접,양천향교역 4번 출구, GS25, 한라산 횟집"
          ]
        }
      ]
    },
    {
      "image_id": 3,
      "question": [
        {
          "question_id": 0,
          "question_type": "정보",
          "question": "이 곳의 대표적인 메뉴는 무엇이 있나요?",
          "question_wordNum": 6,
          "answer": "북촌 피냉면, 북촌 비빔국시",
          "answer_wordNum": 4,
          "fact": [
            "북촌손만두 강서한강자이점,메뉴,북촌 피냉면, 북촌 비빔국시"
          ]
        },
        {
          "question_id": 1,
          "question_type": "정보",
          "question": "휴무일은 어떻게 되나요?",
          "question_wordNum": 3,
          "answer": "알수없음",
          "answer_wordNum": 1,
          "fact": [
            "북촌손만두 강서한강자이점,휴무일,알수없음"
          ]
        },
        {
          "question_id": 2,
          "question_type": "정보",
          "question": "연락처가 어떻게 되나요?",
          "question_wordNum": 3,
          "answer": "02-2638-5554",
          "answer_wordNum": 1,
          "fact": [
            "북촌손만두 강서한강자이점,연락처,02-2638-5554"
          ]
        },
        {
          "question_id": 3,
          "question_type": "정보",
          "question": "이 곳에 인접한 시설이 있나요?",
          "question_wordNum": 5,
          "answer": "양천향교역 4번 출구, GS25, 한라산 횟집",
          "answer_wordNum": 6,
          "fact": [
            "북촌손만두 강서한강자이점,인접,양천향교역 4번 출구, GS25, 한라산 횟집"
          ]
        }
      ]
    },
    {
      "image_id": 4,
      "question": [
        {
          "question_id": 0,
          "question_type": "정보",
          "question": "연락처가 어떻게 되나요?",
          "question_wordNum": 3,
          "answer": "02-2638-5554",
          "answer_wordNum": 1,
          "fact": [
            "북촌손만두 강서한강자이점,연락처,02-2638-5554"
          ]
        },
        {
          "question_id": 1,
          "question_type": "정보",
          "question": "이 곳의 대표적인 메뉴는 무엇이 있나요?",
          "question_wordNum": 6,
          "answer": "북촌 피냉면, 북촌 비빔국시",
          "answer_wordNum": 4,
          "fact": [
            "북촌손만두 강서한강자이점,메뉴,북촌 피냉면, 북촌 비빔국시"
          ]
        },
        {
          "question_id": 2,
          "question_type": "탐색",
          "question": "주차시설이 있나요?",
          "question_wordNum": 2,
          "answer": "있음",
          "answer_wordNum": 1,
          "fact": [
            "북촌손만두 강서한강자이점,주차시설,있음"
          ]
        },
        {
          "question_id": 3,
          "question_type": "정보",
          "question": "이 곳에 인접한 시설이 있나요?",
          "question_wordNum": 5,
          "answer": "양천향교역 4번 출구, GS25, 한라산 횟집",
          "answer_wordNum": 6,
          "fact": [
            "북촌손만두 강서한강자이점,인접,양천향교역 4번 출구, GS25, 한라산 횟집"
          ]
        }
      ]
    }
  ]
}