{
  "data": {
    "dataset": "2-083-219",
    "POI_id": "561402",
    "travelType": "음식점",
    "place": "디디치킨 가양등촌점",
    "area": "서울"
  },
  "imageInfo": [
    {
      "image_id": 0,
      "filename": "561402_0_su_5_디디치킨 가양등촌점_1_001.png",
      "mapx": 37.5637580924465,
      "mapy": 126.85928943925,
      "width": 3840,
      "height": 2160,
      "caption_info": [
        "디디치킨 가양등촌점(가양동)",
        "여닫이문"
      ]
    },
    {
      "image_id": 1,
      "filename": "561402_0_su_5_디디치킨 가양등촌점_1_002.png",
      "mapx": 37.5637580924465,
      "mapy": 126.85928943925,
      "width": 3840,
      "height": 2160,
      "caption_info": [
        "디디치킨 가양등촌점(가양동)",
        "간판, 건물"
      ]
    },
    {
      "image_id": 2,
      "filename": "561402_0_su_5_디디치킨 가양등촌점_1_003.png",
      "mapx": 37.5637580924465,
      "mapy": 126.85928943925,
      "width": 3840,
      "height": 2160,
      "caption_info": [
        "디디치킨 가양등촌점(가양동)",
        "등받이의자, 화분, 환풍구"
      ]
    },
    {
      "image_id": 3,
      "filename": "561402_0_su_5_디디치킨 가양등촌점_1_004.png",
      "mapx": 37.5637580924465,
      "mapy": 126.85928943925,
      "width": 3840,
      "height": 2160,
      "caption_info": [
        "디디치킨 가양등촌점(가양동)",
        "가격표"
      ]
    },
    {
      "image_id": 4,
      "filename": "561402_0_su_5_디디치킨 가양등촌점_1_005.png",
      "mapx": 37.5637580924465,
      "mapy": 126.85928943925,
      "width": 3840,
      "height": 2160,
      "caption_info": [
        "디디치킨 가양등촌점(가양동)",
        "치킨"
      ]
    }
  ],
  "annotations": [
    {
      "image_id": 0,
      "question": [
        {
          "question_id": 0,
          "question_type": "정보",
          "question": "이 곳의 주요 메뉴는 무엇이 있나요?",
          "question_wordNum": 6,
          "answer": "청양마요치킨, 매직버터치킨",
          "answer_wordNum": 2,
          "fact": [
            "디디치킨 가양등촌점,메뉴,청양마요치킨, 매직버터치킨"
          ]
        },
        {
          "question_id": 1,
          "question_type": "정보",
          "question": "연락처가 어떻게 되나요?",
          "question_wordNum": 3,
          "answer": "02-3663-9922",
          "answer_wordNum": 1,
          "fact": [
            "디디치킨 가양등촌점,연락처,02-3663-9922"
          ]
        },
        {
          "question_id": 2,
          "question_type": "정보",
          "question": "영업시간은 몇시부터 몇시까지로 기재되어 있나요?",
          "question_wordNum": 5,
          "answer": "15:00~23:50",
          "answer_wordNum": 1,
          "fact": [
            "디디치킨 가양등촌점,영업시간,15:00~23:50"
          ]
        },
        {
          "question_id": 3,
          "question_type": "정보",
          "question": "휴무일을 알 수 있나요?",
          "question_wordNum": 4,
          "answer": "알수없음",
          "answer_wordNum": 1,
          "fact": [
            "디디치킨 가양등촌점,휴무일,알수없음"
          ]
        }
      ]
    },
    {
      "image_id": 1,
      "question": [
        {
          "question_id": 0,
          "question_type": "정보",
          "question": "휴무일을 알 수 있나요?",
          "question_wordNum": 4,
          "answer": "알수없음",
          "answer_wordNum": 1,
          "fact": [
            "디디치킨 가양등촌점,휴무일,알수없음"
          ]
        },
        {
          "question_id": 1,
          "question_type": "정보",
          "question": "영업시간은 어떻게 되나요?",
          "question_wordNum": 3,
          "answer": "15:00~23:50",
          "answer_wordNum": 1,
          "fact": [
            "디디치킨 가양등촌점,영업시간,15:00~23:50"
          ]
        },
        {
          "question_id": 2,
          "question_type": "탐색",
          "question": "주차시설이 있나요?",
          "question_wordNum": 2,
          "answer": "없음",
          "answer_wordNum": 1,
          "fact": [
            "디디치킨 가양등촌점,주차시설,없음"
          ]
        },
        {
          "question_id": 3,
          "question_type": "정보",
          "question": "이 곳의 주소는 어떻게 되나요?",
          "question_wordNum": 5,
          "answer": "서울 강서구 허준로 175 가양6단지아파트 상가203호",
          "answer_wordNum": 6,
          "fact": [
            "디디치킨 가양등촌점,주소,서울 강서구 허준로 175 가양6단지아파트 상가203호"
          ]
        }
      ]
    },
    {
      "image_id": 2,
      "question": [
        {
          "question_id": 0,
          "question_type": "정보",
          "question": "이 곳의 대표적인 메뉴는 무엇이 있나요?",
          "question_wordNum": 6,
          "answer": "청양마요치킨, 매직버터치킨",
          "answer_wordNum": 2,
          "fact": [
            "디디치킨 가양등촌점,메뉴,청양마요치킨, 매직버터치킨"
          ]
        },
        {
          "question_id": 1,
          "question_type": "정보",
          "question": "영업시간은 어떻게 되나요?",
          "question_wordNum": 3,
          "answer": "15:00~23:50",
          "answer_wordNum": 1,
          "fact": [
            "디디치킨 가양등촌점,영업시간,15:00~23:50"
          ]
        },
        {
          "question_id": 2,
          "question_type": "관계",
          "question": "이 곳에 인접한 시설이 있나요?",
          "question_wordNum": 5,
          "answer": "가양역 4번 출구, 부자떡집, 이마트24",
          "answer_wordNum": 5,
          "fact": [
            "디디치킨 가양등촌점,인접,가양역 4번 출구, 부자떡집, 이마트24"
          ]
        },
        {
          "question_id": 3,
          "question_type": "정보",
          "question": "이 곳의 주소는 어떻게 되나요?",
          "question_wordNum": 5,
          "answer": "서울 강서구 허준로 175 가양6단지아파트 상가203호",
          "answer_wordNum": 6,
          "fact": [
            "디디치킨 가양등촌점,주소,서울 강서구 허준로 175 가양6단지아파트 상가203호"
          ]
        }
      ]
    },
    {
      "image_id": 3,
      "question": [
        {
          "question_id": 0,
          "question_type": "탐색",
          "question": "주차시설이 있나요?",
          "question_wordNum": 2,
          "answer": "없음",
          "answer_wordNum": 1,
          "fact": [
            "디디치킨 가양등촌점,주차시설,없음"
          ]
        },
        {
          "question_id": 1,
          "question_type": "정보",
          "question": "연락처가 어떻게 되나요?",
          "question_wordNum": 3,
          "answer": "02-3663-9922",
          "answer_wordNum": 1,
          "fact": [
            "디디치킨 가양등촌점,연락처,02-3663-9922"
          ]
        },
        {
          "question_id": 2,
          "question_type": "정보",
          "question": "휴무일을 알 수 있나요?",
          "question_wordNum": 4,
          "answer": "알수없음",
          "answer_wordNum": 1,
          "fact": [
            "디디치킨 가양등촌점,휴무일,알수없음"
          ]
        },
        {
          "question_id": 3,
          "question_type": "정보",
          "question": "이 곳의 대표적인 메뉴는 무엇이 있나요?",
          "question_wordNum": 6,
          "answer": "청양마요치킨, 매직버터치킨",
          "answer_wordNum": 2,
          "fact": [
            "디디치킨 가양등촌점,메뉴,청양마요치킨, 매직버터치킨"
          ]
        }
      ]
    },
    {
      "image_id": 4,
      "question": [
        {
          "question_id": 0,
          "question_type": "정보",
          "question": "연락처가 어떻게 되나요?",
          "question_wordNum": 3,
          "answer": "02-3663-9922",
          "answer_wordNum": 1,
          "fact": [
            "디디치킨 가양등촌점,연락처,02-3663-9922"
          ]
        },
        {
          "question_id": 1,
          "question_type": "정보",
          "question": "이 곳의 주소는 어떻게 되나요?",
          "question_wordNum": 5,
          "answer": "서울 강서구 허준로 175 가양6단지아파트 상가203호",
          "answer_wordNum": 6,
          "fact": [
            "디디치킨 가양등촌점,주소,서울 강서구 허준로 175 가양6단지아파트 상가203호"
          ]
        },
        {
          "question_id": 2,
          "question_type": "관계",
          "question": "이 곳에 인접한 시설이 있나요?",
          "question_wordNum": 5,
          "answer": "가양역 4번 출구, 부자떡집, 이마트24",
          "answer_wordNum": 5,
          "fact": [
            "디디치킨 가양등촌점,인접,가양역 4번 출구, 부자떡집, 이마트24"
          ]
        },
        {
          "question_id": 3,
          "question_type": "정보",
          "question": "영업시간은 어떻게 되나요?",
          "question_wordNum": 3,
          "answer": "15:00~23:50",
          "answer_wordNum": 1,
          "fact": [
            "디디치킨 가양등촌점,영업시간,15:00~23:50"
          ]
        }
      ]
    }
  ]
}