{
  "data": {
    "dataset": "2-083-219",
    "POI_id": "561836",
    "travelType": "음식점",
    "place": "공항닭발 본점",
    "area": "서울"
  },
  "imageInfo": [
    {
      "image_id": 0,
      "filename": "561836_0_su_5_공항닭발 본점_1_001.png",
      "mapx": 37.5601458832483,
      "mapy": 126.810160684715,
      "width": 3840,
      "height": 2160,
      "caption_info": [
        "공항닭발 본점(강서구)",
        "간판"
      ]
    },
    {
      "image_id": 1,
      "filename": "561836_0_su_5_공항닭발 본점_1_002.png",
      "mapx": 37.5601458832483,
      "mapy": 126.810160684715,
      "width": 3840,
      "height": 2160,
      "caption_info": [
        "공항닭발 본점(강서구)",
        "간판"
      ]
    },
    {
      "image_id": 2,
      "filename": "561836_0_su_5_공항닭발 본점_1_003.png",
      "mapx": 37.5601458832483,
      "mapy": 126.810160684715,
      "width": 3840,
      "height": 2160,
      "caption_info": [
        "공항닭발 본점(강서구)",
        "사각 테이블"
      ]
    },
    {
      "image_id": 3,
      "filename": "561836_0_su_5_공항닭발 본점_1_004.png",
      "mapx": 37.5601458832483,
      "mapy": 126.810160684715,
      "width": 3840,
      "height": 2160,
      "caption_info": [
        "공항닭발 본점(강서구)",
        "메뉴판 "
      ]
    },
    {
      "image_id": 4,
      "filename": "561836_0_su_5_공항닭발 본점_1_005.png",
      "mapx": 37.5601458832483,
      "mapy": 126.810160684715,
      "width": 3840,
      "height": 2160,
      "caption_info": [
        "공항닭발 본점(강서구)",
        "냄비 "
      ]
    }
  ],
  "annotations": [
    {
      "image_id": 0,
      "question": [
        {
          "question_id": 0,
          "question_type": "정보",
          "question": "대표 메뉴가 무엇인가요?",
          "question_wordNum": 3,
          "answer": "통닭발, 무뼈닭발",
          "answer_wordNum": 2,
          "fact": [
            "공항닭발 본점,메뉴,통닭발, 무뼈닭발"
          ]
        },
        {
          "question_id": 1,
          "question_type": "정보",
          "question": "이 곳의 주소를 알 수 있나요?",
          "question_wordNum": 6,
          "answer": "서울 강서구 송정로 60",
          "answer_wordNum": 4,
          "fact": [
            "공항닭발 본점,주소,서울 강서구 송정로 60"
          ]
        },
        {
          "question_id": 2,
          "question_type": "탐색",
          "question": "주차시설이 있나요?",
          "question_wordNum": 2,
          "answer": "없음",
          "answer_wordNum": 1,
          "fact": [
            "공항닭발 본점,주차시설,없음"
          ]
        },
        {
          "question_id": 3,
          "question_type": "정보",
          "question": "연락처를 알 수 있나요?",
          "question_wordNum": 4,
          "answer": "02-2666-0882",
          "answer_wordNum": 1,
          "fact": [
            "공항닭발 본점,연락처,02-2666-0882"
          ]
        }
      ]
    },
    {
      "image_id": 1,
      "question": [
        {
          "question_id": 0,
          "question_type": "정보",
          "question": "연락처가 어떻게 되나요?",
          "question_wordNum": 3,
          "answer": "02-2666-0882",
          "answer_wordNum": 1,
          "fact": [
            "공항닭발 본점,연락처,02-2666-0882"
          ]
        },
        {
          "question_id": 1,
          "question_type": "정보",
          "question": "영업시간은 어떻게 되나요?",
          "question_wordNum": 3,
          "answer": "16:00 - 24:00",
          "answer_wordNum": 3,
          "fact": [
            "공항닭발 본점,영업시간,16:00 - 24:00"
          ]
        },
        {
          "question_id": 2,
          "question_type": "탐색",
          "question": "주차시설이 있나요?",
          "question_wordNum": 2,
          "answer": "없음",
          "answer_wordNum": 1,
          "fact": [
            "공항닭발 본점,주차시설,없음"
          ]
        },
        {
          "question_id": 3,
          "question_type": "정보",
          "question": "이 곳의 주소는 어떻게 되나요?",
          "question_wordNum": 5,
          "answer": "서울 강서구 송정로 60",
          "answer_wordNum": 4,
          "fact": [
            "공항닭발 본점,주소,서울 강서구 송정로 60"
          ]
        }
      ]
    },
    {
      "image_id": 2,
      "question": [
        {
          "question_id": 0,
          "question_type": "정보",
          "question": "휴무일은 어떻게 되나요?",
          "question_wordNum": 3,
          "answer": "없음",
          "answer_wordNum": 1,
          "fact": [
            "공항닭발 본점,휴무일,없음"
          ]
        },
        {
          "question_id": 1,
          "question_type": "탐색",
          "question": "주차시설이 있나요?",
          "question_wordNum": 2,
          "answer": "없음",
          "answer_wordNum": 1,
          "fact": [
            "공항닭발 본점,주차시설,없음"
          ]
        },
        {
          "question_id": 2,
          "question_type": "정보",
          "question": "이 곳의 메뉴를 알 수 있나요?",
          "question_wordNum": 6,
          "answer": "통닭발, 무뼈닭발",
          "answer_wordNum": 2,
          "fact": [
            "공항닭발 본점,메뉴,통닭발, 무뼈닭발"
          ]
        },
        {
          "question_id": 3,
          "question_type": "정보",
          "question": "이 곳의 주소는 어떻게 되나요?",
          "question_wordNum": 5,
          "answer": "서울 강서구 송정로 60",
          "answer_wordNum": 4,
          "fact": [
            "공항닭발 본점,주소,서울 강서구 송정로 60"
          ]
        }
      ]
    },
    {
      "image_id": 3,
      "question": [
        {
          "question_id": 0,
          "question_type": "정보",
          "question": "대표 메뉴가 무엇인가요?",
          "question_wordNum": 3,
          "answer": "통닭발, 무뼈닭발",
          "answer_wordNum": 2,
          "fact": [
            "공항닭발 본점,메뉴,통닭발, 무뼈닭발"
          ]
        },
        {
          "question_id": 1,
          "question_type": "관계",
          "question": "이 곳에 인접한 시설을 알 수 있나요?",
          "question_wordNum": 7,
          "answer": "송정역 4번 출구, 마루, 세븐일레븐",
          "answer_wordNum": 5,
          "fact": [
            "공항닭발 본점,인접,송정역 4번 출구, 마루, 세븐일레븐"
          ]
        },
        {
          "question_id": 2,
          "question_type": "탐색",
          "question": "주차시설이 있나요?",
          "question_wordNum": 2,
          "answer": "없음",
          "answer_wordNum": 1,
          "fact": [
            "공항닭발 본점,주차시설,없음"
          ]
        },
        {
          "question_id": 3,
          "question_type": "정보",
          "question": "연락처가 어떻게 되나요?",
          "question_wordNum": 3,
          "answer": "02-2666-0882",
          "answer_wordNum": 1,
          "fact": [
            "공항닭발 본점,연락처,02-2666-0882"
          ]
        }
      ]
    },
    {
      "image_id": 4,
      "question": [
        {
          "question_id": 0,
          "question_type": "탐색",
          "question": "주차시설이 있나요?",
          "question_wordNum": 2,
          "answer": "없음",
          "answer_wordNum": 1,
          "fact": [
            "공항닭발 본점,주차시설,없음"
          ]
        },
        {
          "question_id": 1,
          "question_type": "정보",
          "question": "이 곳의 주소를 알 수 있나요?",
          "question_wordNum": 6,
          "answer": "서울 강서구 송정로 60",
          "answer_wordNum": 4,
          "fact": [
            "공항닭발 본점,주소,서울 강서구 송정로 60"
          ]
        },
        {
          "question_id": 2,
          "question_type": "정보",
          "question": "영업시간을 알 수 있나요?",
          "question_wordNum": 4,
          "answer": "16:00 - 24:00",
          "answer_wordNum": 3,
          "fact": [
            "공항닭발 본점,영업시간,16:00 - 24:00"
          ]
        },
        {
          "question_id": 3,
          "question_type": "관계",
          "question": "이 곳에 인접한 시설이 있나요?",
          "question_wordNum": 5,
          "answer": "송정역 4번 출구, 마루, 세븐일레븐",
          "answer_wordNum": 5,
          "fact": [
            "공항닭발 본점,인접,송정역 4번 출구, 마루, 세븐일레븐"
          ]
        }
      ]
    }
  ]
}