{
  "data": {
    "dataset": "2-083-219",
    "POI_id": "561372",
    "travelType": "음식점",
    "place": "쇼와",
    "area": "서울"
  },
  "imageInfo": [
    {
      "image_id": 0,
      "filename": "561372_0_su_5_쇼와_1_001.png",
      "mapx": 37.5712939658628,
      "mapy": 126.840007735618,
      "width": 3840,
      "height": 2160,
      "caption_info": [
        "쇼와(가양동)",
        "간판, 이젤, 여닫이문, 테이블, 등받이의자"
      ]
    },
    {
      "image_id": 1,
      "filename": "561372_0_su_5_쇼와_1_002.png",
      "mapx": 37.5712939658628,
      "mapy": 126.840007735618,
      "width": 3840,
      "height": 2160,
      "caption_info": [
        "쇼와(가양동)",
        "여닫이문, 간판, 테이블, 등받이의자, 화분"
      ]
    },
    {
      "image_id": 2,
      "filename": "561372_0_su_5_쇼와_1_003.png",
      "mapx": 37.5712939658628,
      "mapy": 126.840007735618,
      "width": 3840,
      "height": 2160,
      "caption_info": [
        "쇼와(가양동)",
        "냅킨"
      ]
    },
    {
      "image_id": 3,
      "filename": "561372_0_su_5_쇼와_1_004.png",
      "mapx": 37.5712939658628,
      "mapy": 126.840007735618,
      "width": 3840,
      "height": 2160,
      "caption_info": [
        "쇼와(가양동)",
        "메뉴판"
      ]
    },
    {
      "image_id": 4,
      "filename": "561372_0_su_5_쇼와_1_005.png",
      "mapx": 37.5712939658628,
      "mapy": 126.840007735618,
      "width": 3840,
      "height": 2160,
      "caption_info": [
        "쇼와(가양동)",
        "초밥"
      ]
    }
  ],
  "annotations": [
    {
      "image_id": 0,
      "question": [
        {
          "question_id": 0,
          "question_type": "탐색",
          "question": "주차시설이 있나요?",
          "question_wordNum": 2,
          "answer": "없음",
          "answer_wordNum": 1,
          "fact": [
            "쇼와,주차시설,없음"
          ]
        },
        {
          "question_id": 1,
          "question_type": "정보",
          "question": "연락처가 어떻게 되나요?",
          "question_wordNum": 3,
          "answer": "070-8800-7541",
          "answer_wordNum": 1,
          "fact": [
            "쇼와,연락처,070-8800-7541"
          ]
        },
        {
          "question_id": 2,
          "question_type": "관계",
          "question": "이 곳에 인접한 시설이 있나요?",
          "question_wordNum": 5,
          "answer": "양천향교역 1번 출구, 장하촌, 남도식당",
          "answer_wordNum": 5,
          "fact": [
            "쇼와,인접,양천향교역 1번 출구, 장하촌, 남도식당"
          ]
        },
        {
          "question_id": 3,
          "question_type": "정보",
          "question": "이 곳의 주소는 어떻게 되나요?",
          "question_wordNum": 5,
          "answer": "서울 강서구 양천로47가길 43 1층 102호",
          "answer_wordNum": 6,
          "fact": [
            "쇼와,주소,서울 강서구 양천로47가길 43 1층 102호"
          ]
        }
      ]
    },
    {
      "image_id": 1,
      "question": [
        {
          "question_id": 0,
          "question_type": "정보",
          "question": "영업시간은 몇시부터 몇시까지로 기재되어 있나요?",
          "question_wordNum": 5,
          "answer": "11:00~21:00",
          "answer_wordNum": 1,
          "fact": [
            "쇼와,영업시간,11:00~21:00"
          ]
        },
        {
          "question_id": 1,
          "question_type": "관계",
          "question": "이 곳에 인접한 시설이 있나요?",
          "question_wordNum": 5,
          "answer": "양천향교역 1번 출구, 장하촌, 남도식당",
          "answer_wordNum": 5,
          "fact": [
            "쇼와,인접,양천향교역 1번 출구, 장하촌, 남도식당"
          ]
        },
        {
          "question_id": 2,
          "question_type": "정보",
          "question": "이 곳의 대표적인 메뉴는 무엇이 있나요?",
          "question_wordNum": 6,
          "answer": "연어초밥, 광어초밥",
          "answer_wordNum": 2,
          "fact": [
            "쇼와,메뉴,연어초밥, 광어초밥"
          ]
        },
        {
          "question_id": 3,
          "question_type": "탐색",
          "question": "주차시설이 있나요?",
          "question_wordNum": 2,
          "answer": "없음",
          "answer_wordNum": 1,
          "fact": [
            "쇼와,주차시설,없음"
          ]
        }
      ]
    },
    {
      "image_id": 2,
      "question": [
        {
          "question_id": 0,
          "question_type": "정보",
          "question": "연락처가 어떻게 되나요?",
          "question_wordNum": 3,
          "answer": "070-8800-7541",
          "answer_wordNum": 1,
          "fact": [
            "쇼와,연락처,070-8800-7541"
          ]
        },
        {
          "question_id": 1,
          "question_type": "탐색",
          "question": "주차시설이 있나요?",
          "question_wordNum": 2,
          "answer": "없음",
          "answer_wordNum": 1,
          "fact": [
            "쇼와,주차시설,없음"
          ]
        },
        {
          "question_id": 2,
          "question_type": "정보",
          "question": "휴무일은 어떻게 되나요?",
          "question_wordNum": 3,
          "answer": "매주 일요일",
          "answer_wordNum": 2,
          "fact": [
            "쇼와,휴무일,매주 일요일"
          ]
        },
        {
          "question_id": 3,
          "question_type": "관계",
          "question": "이 곳에 인접한 시설이 있나요?",
          "question_wordNum": 5,
          "answer": "양천향교역 1번 출구, 장하촌, 남도식당",
          "answer_wordNum": 5,
          "fact": [
            "쇼와,인접,양천향교역 1번 출구, 장하촌, 남도식당"
          ]
        }
      ]
    },
    {
      "image_id": 3,
      "question": [
        {
          "question_id": 0,
          "question_type": "정보",
          "question": "연락처가 어떻게 되나요?",
          "question_wordNum": 3,
          "answer": "070-8800-7541",
          "answer_wordNum": 1,
          "fact": [
            "쇼와,연락처,070-8800-7541"
          ]
        },
        {
          "question_id": 1,
          "question_type": "정보",
          "question": "이 곳의 대표적인 메뉴는 무엇이 있나요?",
          "question_wordNum": 6,
          "answer": "연어초밥, 광어초밥",
          "answer_wordNum": 2,
          "fact": [
            "쇼와,메뉴,연어초밥, 광어초밥"
          ]
        },
        {
          "question_id": 2,
          "question_type": "관계",
          "question": "이 곳에 인접한 시설이 있나요?",
          "question_wordNum": 5,
          "answer": "양천향교역 1번 출구, 장하촌, 남도식당",
          "answer_wordNum": 5,
          "fact": [
            "쇼와,인접,양천향교역 1번 출구, 장하촌, 남도식당"
          ]
        },
        {
          "question_id": 3,
          "question_type": "정보",
          "question": "휴무일은 어떻게 되나요?",
          "question_wordNum": 3,
          "answer": "매주 일요일",
          "answer_wordNum": 2,
          "fact": [
            "쇼와,휴무일,매주 일요일"
          ]
        }
      ]
    },
    {
      "image_id": 4,
      "question": [
        {
          "question_id": 0,
          "question_type": "정보",
          "question": "영업시간은 어떻게 되나요?",
          "question_wordNum": 3,
          "answer": "11:00~21:00",
          "answer_wordNum": 1,
          "fact": [
            "쇼와,영업시간,11:00~21:00"
          ]
        },
        {
          "question_id": 1,
          "question_type": "정보",
          "question": "연락처가 어떻게 되나요?",
          "question_wordNum": 3,
          "answer": "070-8800-7541",
          "answer_wordNum": 1,
          "fact": [
            "쇼와,연락처,070-8800-7541"
          ]
        },
        {
          "question_id": 2,
          "question_type": "정보",
          "question": "이 곳의 주요 메뉴는 무엇이 있나요?",
          "question_wordNum": 6,
          "answer": "연어초밥, 광어초밥",
          "answer_wordNum": 2,
          "fact": [
            "쇼와,메뉴,연어초밥, 광어초밥"
          ]
        },
        {
          "question_id": 3,
          "question_type": "정보",
          "question": "이 곳의 주소는 어떻게 되나요?",
          "question_wordNum": 5,
          "answer": "서울 강서구 양천로47가길 43 1층 102호",
          "answer_wordNum": 6,
          "fact": [
            "쇼와,주소,서울 강서구 양천로47가길 43 1층 102호"
          ]
        }
      ]
    }
  ]
}