{
  "data": {
    "dataset": "2-083-219",
    "POI_id": "561440",
    "travelType": "음식점",
    "place": "대호손칼국수",
    "area": "서울"
  },
  "imageInfo": [
    {
      "image_id": 0,
      "filename": "561440_0_su_5_대호손칼국수_1_001.png",
      "mapx": 37.5688733260683,
      "mapy": 126.841121191533,
      "width": 3840,
      "height": 2160,
      "caption_info": [
        "대호손칼국수(가양동)",
        "간판, 여닫이문"
      ]
    },
    {
      "image_id": 1,
      "filename": "561440_0_su_5_대호손칼국수_1_002.png",
      "mapx": 37.5688733260683,
      "mapy": 126.841121191533,
      "width": 3840,
      "height": 2160,
      "caption_info": [
        "대호손칼국수(가양동)",
        "간판, 여닫이문"
      ]
    },
    {
      "image_id": 2,
      "filename": "561440_0_su_5_대호손칼국수_1_003.png",
      "mapx": 37.5688733260683,
      "mapy": 126.841121191533,
      "width": 3840,
      "height": 2160,
      "caption_info": [
        "대호손칼국수(가양동)",
        "테이블, 등받이 의자"
      ]
    },
    {
      "image_id": 3,
      "filename": "561440_0_su_5_대호손칼국수_1_004.png",
      "mapx": 37.5688733260683,
      "mapy": 126.841121191533,
      "width": 3840,
      "height": 2160,
      "caption_info": [
        "대호손칼국수(가양동)",
        "메뉴판"
      ]
    },
    {
      "image_id": 4,
      "filename": "561440_0_su_5_대호손칼국수_1_005.png",
      "mapx": 37.5688733260683,
      "mapy": 126.841121191533,
      "width": 3840,
      "height": 2160,
      "caption_info": [
        "대호손칼국수(가양동)",
        "밥, 김치, 콩나물, 무생채, 숟가락"
      ]
    }
  ],
  "annotations": [
    {
      "image_id": 0,
      "question": [
        {
          "question_id": 0,
          "question_type": "정보",
          "question": "휴무일은 어떻게 되나요?",
          "question_wordNum": 3,
          "answer": "알수없음",
          "answer_wordNum": 1,
          "fact": [
            "대호손칼국수,휴무일,알수없음"
          ]
        },
        {
          "question_id": 1,
          "question_type": "정보",
          "question": "대표 메뉴가 무엇인가요?",
          "question_wordNum": 3,
          "answer": "콩국수, 손칼국수",
          "answer_wordNum": 2,
          "fact": [
            "대호손칼국수,메뉴,콩국수, 손칼국수"
          ]
        },
        {
          "question_id": 2,
          "question_type": "관계",
          "question": "이 곳에 인접한 시설을 알 수 있나요?",
          "question_wordNum": 7,
          "answer": "양천향교역 1번 출구, 양천곱창, 대박집",
          "answer_wordNum": 5,
          "fact": [
            "대호손칼국수,인접,양천향교역 1번 출구, 양천곱창, 대박집"
          ]
        },
        {
          "question_id": 3,
          "question_type": "탐색",
          "question": "주차시설이 있나요?",
          "question_wordNum": 2,
          "answer": "없음",
          "answer_wordNum": 1,
          "fact": [
            "대호손칼국수,주차시설,없음"
          ]
        }
      ]
    },
    {
      "image_id": 1,
      "question": [
        {
          "question_id": 0,
          "question_type": "정보",
          "question": "연락처를 알 수 있나요?",
          "question_wordNum": 4,
          "answer": "알수없음",
          "answer_wordNum": 1,
          "fact": [
            "대호손칼국수,연락처,알수없음"
          ]
        },
        {
          "question_id": 1,
          "question_type": "정보",
          "question": "이 곳의 메뉴를 알 수 있나요?",
          "question_wordNum": 6,
          "answer": "콩국수, 손칼국수",
          "answer_wordNum": 2,
          "fact": [
            "대호손칼국수,메뉴,콩국수, 손칼국수"
          ]
        },
        {
          "question_id": 2,
          "question_type": "정보",
          "question": "이 곳의 주소는 어떻게 되나요?",
          "question_wordNum": 5,
          "answer": "서울 강서구 양천로49길 4",
          "answer_wordNum": 4,
          "fact": [
            "대호손칼국수,주소,서울 강서구 양천로49길 4"
          ]
        },
        {
          "question_id": 3,
          "question_type": "정보",
          "question": "휴무일은 어떻게 되나요?",
          "question_wordNum": 3,
          "answer": "알수없음",
          "answer_wordNum": 1,
          "fact": [
            "대호손칼국수,휴무일,알수없음"
          ]
        }
      ]
    },
    {
      "image_id": 2,
      "question": [
        {
          "question_id": 0,
          "question_type": "정보",
          "question": "영업시간은 어떻게 되나요?",
          "question_wordNum": 3,
          "answer": "알수없음",
          "answer_wordNum": 1,
          "fact": [
            "대호손칼국수,영업시간,알수없음"
          ]
        },
        {
          "question_id": 1,
          "question_type": "정보",
          "question": "이 곳의 주소는 어떻게 되나요?",
          "question_wordNum": 5,
          "answer": "서울 강서구 양천로49길 4",
          "answer_wordNum": 4,
          "fact": [
            "대호손칼국수,주소,서울 강서구 양천로49길 4"
          ]
        },
        {
          "question_id": 2,
          "question_type": "정보",
          "question": "연락처가 어떻게 되나요?",
          "question_wordNum": 3,
          "answer": "알수없음",
          "answer_wordNum": 1,
          "fact": [
            "대호손칼국수,연락처,알수없음"
          ]
        },
        {
          "question_id": 3,
          "question_type": "정보",
          "question": "이 곳의 메뉴를 알 수 있나요?",
          "question_wordNum": 6,
          "answer": "콩국수, 손칼국수",
          "answer_wordNum": 2,
          "fact": [
            "대호손칼국수,메뉴,콩국수, 손칼국수"
          ]
        }
      ]
    },
    {
      "image_id": 3,
      "question": [
        {
          "question_id": 0,
          "question_type": "관계",
          "question": "이 곳에 인접한 시설이 있나요?",
          "question_wordNum": 5,
          "answer": "양천향교역 1번 출구, 양천곱창, 대박집",
          "answer_wordNum": 5,
          "fact": [
            "대호손칼국수,인접,양천향교역 1번 출구, 양천곱창, 대박집"
          ]
        },
        {
          "question_id": 1,
          "question_type": "정보",
          "question": "영업시간은 어떻게 되나요?",
          "question_wordNum": 3,
          "answer": "알수없음",
          "answer_wordNum": 1,
          "fact": [
            "대호손칼국수,영업시간,알수없음"
          ]
        },
        {
          "question_id": 2,
          "question_type": "정보",
          "question": "이 곳의 메뉴를 알 수 있나요?",
          "question_wordNum": 6,
          "answer": "콩국수, 손칼국수",
          "answer_wordNum": 2,
          "fact": [
            "대호손칼국수,메뉴,콩국수, 손칼국수"
          ]
        },
        {
          "question_id": 3,
          "question_type": "정보",
          "question": "연락처를 알 수 있나요?",
          "question_wordNum": 4,
          "answer": "알수없음",
          "answer_wordNum": 1,
          "fact": [
            "대호손칼국수,연락처,알수없음"
          ]
        }
      ]
    },
    {
      "image_id": 4,
      "question": [
        {
          "question_id": 0,
          "question_type": "정보",
          "question": "대표 메뉴가 무엇인가요?",
          "question_wordNum": 3,
          "answer": "콩국수, 손칼국수",
          "answer_wordNum": 2,
          "fact": [
            "대호손칼국수,메뉴,콩국수, 손칼국수"
          ]
        },
        {
          "question_id": 1,
          "question_type": "정보",
          "question": "이 곳의 주소는 어떻게 되나요?",
          "question_wordNum": 5,
          "answer": "서울 강서구 양천로49길 4",
          "answer_wordNum": 4,
          "fact": [
            "대호손칼국수,주소,서울 강서구 양천로49길 4"
          ]
        },
        {
          "question_id": 2,
          "question_type": "정보",
          "question": "연락처가 어떻게 되나요?",
          "question_wordNum": 3,
          "answer": "알수없음",
          "answer_wordNum": 1,
          "fact": [
            "대호손칼국수,연락처,알수없음"
          ]
        },
        {
          "question_id": 3,
          "question_type": "탐색",
          "question": "주차시설이 있는지 알 수 있나요?",
          "question_wordNum": 5,
          "answer": "없음",
          "answer_wordNum": 1,
          "fact": [
            "대호손칼국수,주차시설,없음"
          ]
        }
      ]
    }
  ]
}