{
  "data": {
    "dataset": "2-083-219",
    "POI_id": "561840",
    "travelType": "음식점",
    "place": "강순자옛맛김치찌개 본점",
    "area": "서울"
  },
  "imageInfo": [
    {
      "image_id": 0,
      "filename": "561840_0_su_5_강순자옛맛김치찌개 본점_1_001.png",
      "mapx": 37.5548029991147,
      "mapy": 126.818834630627,
      "width": 3840,
      "height": 2160,
      "caption_info": [
        "강순자옛맛김치찌개 본점(강서구)",
        "간판"
      ]
    },
    {
      "image_id": 1,
      "filename": "561840_0_su_5_강순자옛맛김치찌개 본점_1_002.png",
      "mapx": 37.5548029991147,
      "mapy": 126.818834630627,
      "width": 3840,
      "height": 2160,
      "caption_info": [
        "강순자옛맛김치찌개 본점(강서구)",
        "간판"
      ]
    },
    {
      "image_id": 2,
      "filename": "561840_0_su_5_강순자옛맛김치찌개 본점_1_003.png",
      "mapx": 37.5548029991147,
      "mapy": 126.818834630627,
      "width": 3840,
      "height": 2160,
      "caption_info": [
        "강순자옛맛김치찌개 본점(강서구)",
        "등받이 의자"
      ]
    },
    {
      "image_id": 3,
      "filename": "561840_0_su_5_강순자옛맛김치찌개 본점_1_004.png",
      "mapx": 37.5548029991147,
      "mapy": 126.818834630627,
      "width": 3840,
      "height": 2160,
      "caption_info": [
        "강순자옛맛김치찌개 본점(강서구)",
        "메뉴판 "
      ]
    },
    {
      "image_id": 4,
      "filename": "561840_0_su_5_강순자옛맛김치찌개 본점_1_005.png",
      "mapx": 37.5548029991147,
      "mapy": 126.818834630627,
      "width": 3840,
      "height": 2160,
      "caption_info": [
        "강순자옛맛김치찌개 본점(강서구)",
        "찌개 "
      ]
    }
  ],
  "annotations": [
    {
      "image_id": 0,
      "question": [
        {
          "question_id": 0,
          "question_type": "관계",
          "question": "이 곳에 인접한 시설을 알 수 있나요?",
          "question_wordNum": 7,
          "answer": "마곡역 7번 출구, 미니스톱, CU",
          "answer_wordNum": 5,
          "fact": [
            "강순자옛맛김치찌개 본점,인접,마곡역 7번 출구, 미니스톱, CU"
          ]
        },
        {
          "question_id": 1,
          "question_type": "정보",
          "question": "영업시간을 알 수 있나요?",
          "question_wordNum": 4,
          "answer": "00:00/06:00/10:00~15:00/22:00/24:00",
          "answer_wordNum": 1,
          "fact": [
            "강순자옛맛김치찌개 본점,영업시간,00:00/06:00/10:00~15:00/22:00/24:00"
          ]
        },
        {
          "question_id": 2,
          "question_type": "정보",
          "question": "연락처를 알 수 있나요?",
          "question_wordNum": 4,
          "answer": "02-2665-2272",
          "answer_wordNum": 1,
          "fact": [
            "강순자옛맛김치찌개 본점,연락처,02-2665-2272"
          ]
        },
        {
          "question_id": 3,
          "question_type": "정보",
          "question": "이 곳의 주소를 알 수 있나요?",
          "question_wordNum": 6,
          "answer": "서울 강서구 방화대로6길 39",
          "answer_wordNum": 4,
          "fact": [
            "강순자옛맛김치찌개 본점,주소,서울 강서구 방화대로6길 39"
          ]
        }
      ]
    },
    {
      "image_id": 1,
      "question": [
        {
          "question_id": 0,
          "question_type": "관계",
          "question": "이 곳에 인접한 시설이 있나요?",
          "question_wordNum": 5,
          "answer": "마곡역 7번 출구, 미니스톱, CU",
          "answer_wordNum": 5,
          "fact": [
            "강순자옛맛김치찌개 본점,인접,마곡역 7번 출구, 미니스톱, CU"
          ]
        },
        {
          "question_id": 1,
          "question_type": "탐색",
          "question": "주차시설이 있나요?",
          "question_wordNum": 2,
          "answer": "있음",
          "answer_wordNum": 1,
          "fact": [
            "강순자옛맛김치찌개 본점,주차시설,있음"
          ]
        },
        {
          "question_id": 2,
          "question_type": "정보",
          "question": "영업시간은 어떻게 되나요?",
          "question_wordNum": 3,
          "answer": "00:00/06:00/10:00~15:00/22:00/24:00",
          "answer_wordNum": 1,
          "fact": [
            "강순자옛맛김치찌개 본점,영업시간,00:00/06:00/10:00~15:00/22:00/24:00"
          ]
        },
        {
          "question_id": 3,
          "question_type": "정보",
          "question": "연락처가 어떻게 되나요?",
          "question_wordNum": 3,
          "answer": "02-2665-2272",
          "answer_wordNum": 1,
          "fact": [
            "강순자옛맛김치찌개 본점,연락처,02-2665-2272"
          ]
        }
      ]
    },
    {
      "image_id": 2,
      "question": [
        {
          "question_id": 0,
          "question_type": "정보",
          "question": "이 곳의 메뉴를 알 수 있나요?",
          "question_wordNum": 6,
          "answer": "옛맛김치찌개, 김치돼지볶음",
          "answer_wordNum": 2,
          "fact": [
            "강순자옛맛김치찌개 본점,메뉴,옛맛김치찌개, 김치돼지볶음"
          ]
        },
        {
          "question_id": 1,
          "question_type": "정보",
          "question": "영업시간을 알 수 있나요?",
          "question_wordNum": 4,
          "answer": "00:00/06:00/10:00~15:00/22:00/24:00",
          "answer_wordNum": 1,
          "fact": [
            "강순자옛맛김치찌개 본점,영업시간,00:00/06:00/10:00~15:00/22:00/24:00"
          ]
        },
        {
          "question_id": 2,
          "question_type": "정보",
          "question": "휴무일은 어떻게 되나요?",
          "question_wordNum": 3,
          "answer": "알수없음",
          "answer_wordNum": 1,
          "fact": [
            "강순자옛맛김치찌개 본점,휴무일,알수없음"
          ]
        },
        {
          "question_id": 3,
          "question_type": "관계",
          "question": "이 곳에 인접한 시설이 있나요?",
          "question_wordNum": 5,
          "answer": "마곡역 7번 출구, 미니스톱, CU",
          "answer_wordNum": 5,
          "fact": [
            "강순자옛맛김치찌개 본점,인접,마곡역 7번 출구, 미니스톱, CU"
          ]
        }
      ]
    },
    {
      "image_id": 3,
      "question": [
        {
          "question_id": 0,
          "question_type": "탐색",
          "question": "주차시설이 있나요?",
          "question_wordNum": 2,
          "answer": "있음",
          "answer_wordNum": 1,
          "fact": [
            "강순자옛맛김치찌개 본점,주차시설,있음"
          ]
        },
        {
          "question_id": 1,
          "question_type": "관계",
          "question": "이 곳에 인접한 시설이 있나요?",
          "question_wordNum": 5,
          "answer": "마곡역 7번 출구, 미니스톱, CU",
          "answer_wordNum": 5,
          "fact": [
            "강순자옛맛김치찌개 본점,인접,마곡역 7번 출구, 미니스톱, CU"
          ]
        },
        {
          "question_id": 2,
          "question_type": "정보",
          "question": "영업시간을 알 수 있나요?",
          "question_wordNum": 4,
          "answer": "00:00/06:00/10:00~15:00/22:00/24:00",
          "answer_wordNum": 1,
          "fact": [
            "강순자옛맛김치찌개 본점,영업시간,00:00/06:00/10:00~15:00/22:00/24:00"
          ]
        },
        {
          "question_id": 3,
          "question_type": "정보",
          "question": "이 곳의 메뉴를 알 수 있나요?",
          "question_wordNum": 6,
          "answer": "옛맛김치찌개, 김치돼지볶음",
          "answer_wordNum": 2,
          "fact": [
            "강순자옛맛김치찌개 본점,메뉴,옛맛김치찌개, 김치돼지볶음"
          ]
        }
      ]
    },
    {
      "image_id": 4,
      "question": [
        {
          "question_id": 0,
          "question_type": "관계",
          "question": "이 곳에 인접한 시설이 있나요?",
          "question_wordNum": 5,
          "answer": "마곡역 7번 출구, 미니스톱, CU",
          "answer_wordNum": 5,
          "fact": [
            "강순자옛맛김치찌개 본점,인접,마곡역 7번 출구, 미니스톱, CU"
          ]
        },
        {
          "question_id": 1,
          "question_type": "정보",
          "question": "이 곳의 주소는 어떻게 되나요?",
          "question_wordNum": 5,
          "answer": "서울 강서구 방화대로6길 39",
          "answer_wordNum": 4,
          "fact": [
            "강순자옛맛김치찌개 본점,주소,서울 강서구 방화대로6길 39"
          ]
        },
        {
          "question_id": 2,
          "question_type": "정보",
          "question": "연락처를 알 수 있나요?",
          "question_wordNum": 4,
          "answer": "02-2665-2272",
          "answer_wordNum": 1,
          "fact": [
            "강순자옛맛김치찌개 본점,연락처,02-2665-2272"
          ]
        },
        {
          "question_id": 3,
          "question_type": "정보",
          "question": "영업시간을 알 수 있나요?",
          "question_wordNum": 4,
          "answer": "00:00/06:00/10:00~15:00/22:00/24:00",
          "answer_wordNum": 1,
          "fact": [
            "강순자옛맛김치찌개 본점,영업시간,00:00/06:00/10:00~15:00/22:00/24:00"
          ]
        }
      ]
    }
  ]
}