{
  "data": {
    "dataset": "2-083-219",
    "POI_id": "561684",
    "travelType": "음식점",
    "place": "루브레드 발산점",
    "area": "서울"
  },
  "imageInfo": [
    {
      "image_id": 0,
      "filename": "561684_0_su_5_루브레드 발산점_1_001.png",
      "mapx": 37.5528759997276,
      "mapy": 126.834779648962,
      "width": 3840,
      "height": 2160,
      "caption_info": [
        "루브레드 발산점(강서구)",
        "간판"
      ]
    },
    {
      "image_id": 1,
      "filename": "561684_0_su_5_루브레드 발산점_1_002.png",
      "mapx": 37.5528759997276,
      "mapy": 126.834779648962,
      "width": 3840,
      "height": 2160,
      "caption_info": [
        "루브레드 발산점(강서구)",
        "간판"
      ]
    },
    {
      "image_id": 2,
      "filename": "561684_0_su_5_루브레드 발산점_1_003.png",
      "mapx": 37.5528759997276,
      "mapy": 126.834779648962,
      "width": 3840,
      "height": 2160,
      "caption_info": [
        "루브레드 발산점(강서구)",
        "사각 테이블"
      ]
    },
    {
      "image_id": 3,
      "filename": "561684_0_su_5_루브레드 발산점_1_004.png",
      "mapx": 37.5528759997276,
      "mapy": 126.834779648962,
      "width": 3840,
      "height": 2160,
      "caption_info": [
        "루브레드 발산점(강서구)",
        "빵 "
      ]
    },
    {
      "image_id": 4,
      "filename": "561684_0_su_5_루브레드 발산점_1_005.png",
      "mapx": 37.5528759997276,
      "mapy": 126.834779648962,
      "width": 3840,
      "height": 2160,
      "caption_info": [
        "루브레드 발산점(강서구)",
        "빵 "
      ]
    }
  ],
  "annotations": [
    {
      "image_id": 0,
      "question": [
        {
          "question_id": 0,
          "question_type": "정보",
          "question": "이 곳의 메뉴를 알 수 있나요?",
          "question_wordNum": 6,
          "answer": "우유식빵, 소금빵",
          "answer_wordNum": 2,
          "fact": [
            "루브레드 발산점,메뉴,우유식빵, 소금빵"
          ]
        },
        {
          "question_id": 1,
          "question_type": "탐색",
          "question": "주차시설이 있는지 알 수 있나요?",
          "question_wordNum": 5,
          "answer": "있음",
          "answer_wordNum": 1,
          "fact": [
            "루브레드 발산점,주차시설,있음"
          ]
        },
        {
          "question_id": 2,
          "question_type": "정보",
          "question": "연락처를 알 수 있나요?",
          "question_wordNum": 4,
          "answer": "070-7617-6541",
          "answer_wordNum": 1,
          "fact": [
            "루브레드 발산점,연락처,070-7617-6541"
          ]
        },
        {
          "question_id": 3,
          "question_type": "정보",
          "question": "이 곳의 주소를 알 수 있나요?",
          "question_wordNum": 6,
          "answer": "서울 강서구 강서로47길 26",
          "answer_wordNum": 4,
          "fact": [
            "루브레드 발산점,주소,서울 강서구 강서로47길 26"
          ]
        }
      ]
    },
    {
      "image_id": 1,
      "question": [
        {
          "question_id": 0,
          "question_type": "정보",
          "question": "휴무일은 어떻게 되나요?",
          "question_wordNum": 3,
          "answer": "없음",
          "answer_wordNum": 1,
          "fact": [
            "루브레드 발산점,휴무일,없음"
          ]
        },
        {
          "question_id": 1,
          "question_type": "정보",
          "question": "영업시간은 어떻게 되나요?",
          "question_wordNum": 3,
          "answer": "09:00~20:00",
          "answer_wordNum": 1,
          "fact": [
            "루브레드 발산점,영업시간,09:00~20:00"
          ]
        },
        {
          "question_id": 2,
          "question_type": "탐색",
          "question": "주차시설이 있는지 알 수 있나요?",
          "question_wordNum": 5,
          "answer": "있음",
          "answer_wordNum": 1,
          "fact": [
            "루브레드 발산점,주차시설,있음"
          ]
        },
        {
          "question_id": 3,
          "question_type": "정보",
          "question": "연락처를 알 수 있나요?",
          "question_wordNum": 4,
          "answer": "070-7617-6541",
          "answer_wordNum": 1,
          "fact": [
            "루브레드 발산점,연락처,070-7617-6541"
          ]
        }
      ]
    },
    {
      "image_id": 2,
      "question": [
        {
          "question_id": 0,
          "question_type": "정보",
          "question": "이 곳의 주소는 어떻게 되나요?",
          "question_wordNum": 5,
          "answer": "서울 강서구 강서로47길 26",
          "answer_wordNum": 4,
          "fact": [
            "루브레드 발산점,주소,서울 강서구 강서로47길 26"
          ]
        },
        {
          "question_id": 1,
          "question_type": "정보",
          "question": "연락처를 알 수 있나요?",
          "question_wordNum": 4,
          "answer": "070-7617-6541",
          "answer_wordNum": 1,
          "fact": [
            "루브레드 발산점,연락처,070-7617-6541"
          ]
        },
        {
          "question_id": 2,
          "question_type": "정보",
          "question": "영업시간을 알 수 있나요?",
          "question_wordNum": 4,
          "answer": "09:00~20:00",
          "answer_wordNum": 1,
          "fact": [
            "루브레드 발산점,영업시간,09:00~20:00"
          ]
        },
        {
          "question_id": 3,
          "question_type": "탐색",
          "question": "주차시설이 있는지 알 수 있나요?",
          "question_wordNum": 5,
          "answer": "있음",
          "answer_wordNum": 1,
          "fact": [
            "루브레드 발산점,주차시설,있음"
          ]
        }
      ]
    },
    {
      "image_id": 3,
      "question": [
        {
          "question_id": 0,
          "question_type": "정보",
          "question": "연락처를 알 수 있나요?",
          "question_wordNum": 4,
          "answer": "070-7617-6541",
          "answer_wordNum": 1,
          "fact": [
            "루브레드 발산점,연락처,070-7617-6541"
          ]
        },
        {
          "question_id": 1,
          "question_type": "관계",
          "question": "이 곳에 인접한 시설이 있나요?",
          "question_wordNum": 5,
          "answer": "우장산역 4번 출구, 직화홍떡, 이삭토스트",
          "answer_wordNum": 5,
          "fact": [
            "루브레드 발산점,인접,우장산역 4번 출구, 직화홍떡, 이삭토스트"
          ]
        },
        {
          "question_id": 2,
          "question_type": "정보",
          "question": "이 곳의 주소를 알 수 있나요?",
          "question_wordNum": 6,
          "answer": "서울 강서구 강서로47길 26",
          "answer_wordNum": 4,
          "fact": [
            "루브레드 발산점,주소,서울 강서구 강서로47길 26"
          ]
        },
        {
          "question_id": 3,
          "question_type": "정보",
          "question": "영업시간을 알 수 있나요?",
          "question_wordNum": 4,
          "answer": "09:00~20:00",
          "answer_wordNum": 1,
          "fact": [
            "루브레드 발산점,영업시간,09:00~20:00"
          ]
        }
      ]
    },
    {
      "image_id": 4,
      "question": [
        {
          "question_id": 0,
          "question_type": "탐색",
          "question": "주차시설이 있는지 알 수 있나요?",
          "question_wordNum": 5,
          "answer": "있음",
          "answer_wordNum": 1,
          "fact": [
            "루브레드 발산점,주차시설,있음"
          ]
        },
        {
          "question_id": 1,
          "question_type": "정보",
          "question": "이 곳의 메뉴를 알 수 있나요?",
          "question_wordNum": 6,
          "answer": "우유식빵, 소금빵",
          "answer_wordNum": 2,
          "fact": [
            "루브레드 발산점,메뉴,우유식빵, 소금빵"
          ]
        },
        {
          "question_id": 2,
          "question_type": "정보",
          "question": "이 곳의 주소는 어떻게 되나요?",
          "question_wordNum": 5,
          "answer": "서울 강서구 강서로47길 26",
          "answer_wordNum": 4,
          "fact": [
            "루브레드 발산점,주소,서울 강서구 강서로47길 26"
          ]
        },
        {
          "question_id": 3,
          "question_type": "정보",
          "question": "휴무일을 알 수 있나요?",
          "question_wordNum": 4,
          "answer": "없음",
          "answer_wordNum": 1,
          "fact": [
            "루브레드 발산점,휴무일,없음"
          ]
        }
      ]
    }
  ]
}