{
  "data": {
    "dataset": "2-083-219",
    "POI_id": "561557",
    "travelType": "음식점",
    "place": "가능식당 ",
    "area": "서울"
  },
  "imageInfo": [
    {
      "image_id": 0,
      "filename": "561557_0_su_5_가능식당 _1_001.png",
      "mapx": 37.568851450649,
      "mapy": 126.827338682565,
      "width": 3840,
      "height": 2160,
      "caption_info": [
        "가능식당(강서구) ",
        "간판"
      ]
    },
    {
      "image_id": 1,
      "filename": "561557_0_su_5_가능식당 _1_002.png",
      "mapx": 37.568851450649,
      "mapy": 126.827338682565,
      "width": 3840,
      "height": 2160,
      "caption_info": [
        "가능식당(강서구) ",
        "간판"
      ]
    },
    {
      "image_id": 2,
      "filename": "561557_0_su_5_가능식당 _1_003.png",
      "mapx": 37.568851450649,
      "mapy": 126.827338682565,
      "width": 3840,
      "height": 2160,
      "caption_info": [
        "가능식당(강서구)",
        "사각 테이블"
      ]
    },
    {
      "image_id": 3,
      "filename": "561557_0_su_5_가능식당 _1_004.png",
      "mapx": 37.568851450649,
      "mapy": 126.827338682565,
      "width": 3840,
      "height": 2160,
      "caption_info": [
        "가능식당(강서구) ",
        "메뉴판 "
      ]
    },
    {
      "image_id": 4,
      "filename": "561557_0_su_5_가능식당 _1_005.png",
      "mapx": 37.568851450649,
      "mapy": 126.827338682565,
      "width": 3840,
      "height": 2160,
      "caption_info": [
        "가능식당(강서구) ",
        "젓가락 "
      ]
    }
  ],
  "annotations": [
    {
      "image_id": 0,
      "question": [
        {
          "question_id": 0,
          "question_type": "정보",
          "question": "영업시간을 알 수 있나요?",
          "question_wordNum": 4,
          "answer": "17:00~22:30",
          "answer_wordNum": 1,
          "fact": [
            "가능식당,영업시간,17:00~22:30"
          ]
        },
        {
          "question_id": 1,
          "question_type": "정보",
          "question": "이 곳의 주소는 어떻게 되나요?",
          "question_wordNum": 5,
          "answer": "서울 강서구 마곡중앙로 161-8",
          "answer_wordNum": 4,
          "fact": [
            "가능식당,주소,서울 강서구 마곡중앙로 161-8"
          ]
        },
        {
          "question_id": 2,
          "question_type": "정보",
          "question": "휴무일은 어떻게 되나요?",
          "question_wordNum": 3,
          "answer": "매주 일요일",
          "answer_wordNum": 2,
          "fact": [
            "가능식당,휴무일,매주 일요일"
          ]
        },
        {
          "question_id": 3,
          "question_type": "관계",
          "question": "이 곳에 인접한 시설이 있나요?",
          "question_wordNum": 5,
          "answer": "마곡나루역 2번 출구, 지피다, 마곡관",
          "answer_wordNum": 5,
          "fact": [
            "가능식당,인접,마곡나루역 2번 출구, 지피다, 마곡관"
          ]
        }
      ]
    },
    {
      "image_id": 1,
      "question": [
        {
          "question_id": 0,
          "question_type": "관계",
          "question": "이 곳에 인접한 시설을 알 수 있나요?",
          "question_wordNum": 7,
          "answer": "마곡나루역 2번 출구, 지피다, 마곡관",
          "answer_wordNum": 5,
          "fact": [
            "가능식당,인접,마곡나루역 2번 출구, 지피다, 마곡관"
          ]
        },
        {
          "question_id": 1,
          "question_type": "정보",
          "question": "휴무일은 어떻게 되나요?",
          "question_wordNum": 3,
          "answer": "매주 일요일",
          "answer_wordNum": 2,
          "fact": [
            "가능식당,휴무일,매주 일요일"
          ]
        },
        {
          "question_id": 2,
          "question_type": "정보",
          "question": "연락처가 어떻게 되나요?",
          "question_wordNum": 3,
          "answer": "0507-1315-8911",
          "answer_wordNum": 1,
          "fact": [
            "가능식당,연락처,0507-1315-8911"
          ]
        },
        {
          "question_id": 3,
          "question_type": "정보",
          "question": "영업시간은 어떻게 되나요?",
          "question_wordNum": 3,
          "answer": "17:00~22:30",
          "answer_wordNum": 1,
          "fact": [
            "가능식당,영업시간,17:00~22:30"
          ]
        }
      ]
    },
    {
      "image_id": 2,
      "question": [
        {
          "question_id": 0,
          "question_type": "정보",
          "question": "연락처가 어떻게 되나요?",
          "question_wordNum": 3,
          "answer": "0507-1315-8911",
          "answer_wordNum": 1,
          "fact": [
            "가능식당,연락처,0507-1315-8911"
          ]
        },
        {
          "question_id": 1,
          "question_type": "탐색",
          "question": "주차시설이 있는지 알 수 있나요?",
          "question_wordNum": 5,
          "answer": "있음",
          "answer_wordNum": 1,
          "fact": [
            "가능식당,주차시설,있음"
          ]
        },
        {
          "question_id": 2,
          "question_type": "정보",
          "question": "영업시간을 알 수 있나요?",
          "question_wordNum": 4,
          "answer": "17:00~22:30",
          "answer_wordNum": 1,
          "fact": [
            "가능식당,영업시간,17:00~22:30"
          ]
        },
        {
          "question_id": 3,
          "question_type": "정보",
          "question": "휴무일은 어떻게 되나요?",
          "question_wordNum": 3,
          "answer": "매주 일요일",
          "answer_wordNum": 2,
          "fact": [
            "가능식당,휴무일,매주 일요일"
          ]
        }
      ]
    },
    {
      "image_id": 3,
      "question": [
        {
          "question_id": 0,
          "question_type": "정보",
          "question": "이 곳의 주소는 어떻게 되나요?",
          "question_wordNum": 5,
          "answer": "서울 강서구 마곡중앙로 161-8",
          "answer_wordNum": 4,
          "fact": [
            "가능식당,주소,서울 강서구 마곡중앙로 161-8"
          ]
        },
        {
          "question_id": 1,
          "question_type": "정보",
          "question": "연락처가 어떻게 되나요?",
          "question_wordNum": 3,
          "answer": "0507-1315-8911",
          "answer_wordNum": 1,
          "fact": [
            "가능식당,연락처,0507-1315-8911"
          ]
        },
        {
          "question_id": 2,
          "question_type": "정보",
          "question": "영업시간은 어떻게 되나요?",
          "question_wordNum": 3,
          "answer": "17:00~22:30",
          "answer_wordNum": 1,
          "fact": [
            "가능식당,영업시간,17:00~22:30"
          ]
        },
        {
          "question_id": 3,
          "question_type": "탐색",
          "question": "주차시설이 있나요?",
          "question_wordNum": 2,
          "answer": "있음",
          "answer_wordNum": 1,
          "fact": [
            "가능식당,주차시설,있음"
          ]
        }
      ]
    },
    {
      "image_id": 4,
      "question": [
        {
          "question_id": 0,
          "question_type": "정보",
          "question": "영업시간을 알 수 있나요?",
          "question_wordNum": 4,
          "answer": "17:00~22:30",
          "answer_wordNum": 1,
          "fact": [
            "가능식당,영업시간,17:00~22:30"
          ]
        },
        {
          "question_id": 1,
          "question_type": "관계",
          "question": "이 곳에 인접한 시설을 알 수 있나요?",
          "question_wordNum": 7,
          "answer": "마곡나루역 2번 출구, 지피다, 마곡관",
          "answer_wordNum": 5,
          "fact": [
            "가능식당,인접,마곡나루역 2번 출구, 지피다, 마곡관"
          ]
        },
        {
          "question_id": 2,
          "question_type": "정보",
          "question": "이 곳의 주소는 어떻게 되나요?",
          "question_wordNum": 5,
          "answer": "서울 강서구 마곡중앙로 161-8",
          "answer_wordNum": 4,
          "fact": [
            "가능식당,주소,서울 강서구 마곡중앙로 161-8"
          ]
        },
        {
          "question_id": 3,
          "question_type": "정보",
          "question": "연락처를 알 수 있나요?",
          "question_wordNum": 4,
          "answer": "0507-1315-8911",
          "answer_wordNum": 1,
          "fact": [
            "가능식당,연락처,0507-1315-8911"
          ]
        }
      ]
    }
  ]
}