{
  "data": {
    "dataset": "2-083-219",
    "POI_id": "561359",
    "travelType": "음식점",
    "place": "고향막창구이",
    "area": "서울"
  },
  "imageInfo": [
    {
      "image_id": 0,
      "filename": "561359_0_su_5_고향막창구이_1_001.png",
      "mapx": 37.5638389666009,
      "mapy": 126.851464062702,
      "width": 3840,
      "height": 2160,
      "caption_info": [
        "고향막창구이(가양동)",
        "간판"
      ]
    },
    {
      "image_id": 1,
      "filename": "561359_0_su_5_고향막창구이_1_002.png",
      "mapx": 37.5638389666009,
      "mapy": 126.851464062702,
      "width": 3840,
      "height": 2160,
      "caption_info": [
        "고향막창구이(가양동)",
        "간판"
      ]
    },
    {
      "image_id": 2,
      "filename": "561359_0_su_5_고향막창구이_1_003.png",
      "mapx": 37.5638389666009,
      "mapy": 126.851464062702,
      "width": 3840,
      "height": 2160,
      "caption_info": [
        "고향막창구이(가양동)",
        "테이블, 의자, 선풍기"
      ]
    },
    {
      "image_id": 3,
      "filename": "561359_0_su_5_고향막창구이_1_004.png",
      "mapx": 37.5638389666009,
      "mapy": 126.851464062702,
      "width": 3840,
      "height": 2160,
      "caption_info": [
        "고향막창구이(가양동)",
        "메뉴판"
      ]
    },
    {
      "image_id": 4,
      "filename": "561359_0_su_5_고향막창구이_1_005.png",
      "mapx": 37.5638389666009,
      "mapy": 126.851464062702,
      "width": 3840,
      "height": 2160,
      "caption_info": [
        "고향막창구이(가양동)",
        "막창"
      ]
    }
  ],
  "annotations": [
    {
      "image_id": 0,
      "question": [
        {
          "question_id": 0,
          "question_type": "관계",
          "question": "이 곳에 인접한 시설이 있나요?",
          "question_wordNum": 5,
          "answer": "가양역 1번 출구, 해바라기약국, 굽네치킨",
          "answer_wordNum": 5,
          "fact": [
            "고향막창구이,인접,가양역 1번 출구, 해바라기약국, 굽네치킨"
          ]
        },
        {
          "question_id": 1,
          "question_type": "정보",
          "question": "이 곳의 주소는 어떻게 되나요?",
          "question_wordNum": 5,
          "answer": "서울 강서구 양천로57길 9-14",
          "answer_wordNum": 4,
          "fact": [
            "고향막창구이,주소,서울 강서구 양천로57길 9-14"
          ]
        },
        {
          "question_id": 2,
          "question_type": "정보",
          "question": "영업시간은 몇시부터 몇시까지로 기재되어 있나요?",
          "question_wordNum": 5,
          "answer": "16:00~24:00",
          "answer_wordNum": 1,
          "fact": [
            "고향막창구이,영업시간,16:00~24:00"
          ]
        },
        {
          "question_id": 3,
          "question_type": "정보",
          "question": "휴무일은 어떻게 되나요?",
          "question_wordNum": 3,
          "answer": "매주 일요일",
          "answer_wordNum": 2,
          "fact": [
            "고향막창구이,휴무일,매주 일요일"
          ]
        }
      ]
    },
    {
      "image_id": 1,
      "question": [
        {
          "question_id": 0,
          "question_type": "정보",
          "question": "휴무일은 어떻게 되나요?",
          "question_wordNum": 3,
          "answer": "매주 일요일",
          "answer_wordNum": 2,
          "fact": [
            "고향막창구이,휴무일,매주 일요일"
          ]
        },
        {
          "question_id": 1,
          "question_type": "정보",
          "question": "영업시간은 어떻게 되나요?",
          "question_wordNum": 3,
          "answer": "16:00~24:00",
          "answer_wordNum": 1,
          "fact": [
            "고향막창구이,영업시간,16:00~24:00"
          ]
        },
        {
          "question_id": 2,
          "question_type": "정보",
          "question": "연락처가 어떻게 되나요?",
          "question_wordNum": 3,
          "answer": "02-3664-3984",
          "answer_wordNum": 1,
          "fact": [
            "고향막창구이,연락처,02-3664-3984"
          ]
        },
        {
          "question_id": 3,
          "question_type": "탐색",
          "question": "주차시설이 있나요?",
          "question_wordNum": 2,
          "answer": "없음",
          "answer_wordNum": 1,
          "fact": [
            "고향막창구이,주차시설,없음"
          ]
        }
      ]
    },
    {
      "image_id": 2,
      "question": [
        {
          "question_id": 0,
          "question_type": "관계",
          "question": "이 곳에 인접한 시설이 있나요?",
          "question_wordNum": 5,
          "answer": "가양역 1번 출구, 해바라기약국, 굽네치킨",
          "answer_wordNum": 5,
          "fact": [
            "고향막창구이,인접,가양역 1번 출구, 해바라기약국, 굽네치킨"
          ]
        },
        {
          "question_id": 1,
          "question_type": "정보",
          "question": "이 곳은 어떤 곳인가요?",
          "question_wordNum": 4,
          "answer": "막창가게",
          "answer_wordNum": 1,
          "fact": [
            "고향막창구이,이다,막창가게"
          ]
        },
        {
          "question_id": 2,
          "question_type": "정보",
          "question": "휴무일은 어떻게 되나요?",
          "question_wordNum": 3,
          "answer": "매주 일요일",
          "answer_wordNum": 2,
          "fact": [
            "고향막창구이,휴무일,매주 일요일"
          ]
        },
        {
          "question_id": 3,
          "question_type": "정보",
          "question": "영업시간은 어떻게 되나요?",
          "question_wordNum": 3,
          "answer": "16:00~24:00",
          "answer_wordNum": 1,
          "fact": [
            "고향막창구이,영업시간,16:00~24:00"
          ]
        }
      ]
    },
    {
      "image_id": 3,
      "question": [
        {
          "question_id": 0,
          "question_type": "탐색",
          "question": "주차시설이 있나요?",
          "question_wordNum": 2,
          "answer": "없음",
          "answer_wordNum": 1,
          "fact": [
            "고향막창구이,주차시설,없음"
          ]
        },
        {
          "question_id": 1,
          "question_type": "정보",
          "question": "이 곳의 주요 메뉴는 무엇이 있나요?",
          "question_wordNum": 6,
          "answer": "소막창구이, 돼지막창구이",
          "answer_wordNum": 2,
          "fact": [
            "고향막창구이,메뉴,소막창구이, 돼지막창구이"
          ]
        },
        {
          "question_id": 2,
          "question_type": "정보",
          "question": "연락처가 어떻게 되나요?",
          "question_wordNum": 3,
          "answer": "02-3664-3984",
          "answer_wordNum": 1,
          "fact": [
            "고향막창구이,연락처,02-3664-3984"
          ]
        },
        {
          "question_id": 3,
          "question_type": "정보",
          "question": "이 곳의 주소는 어떻게 되나요?",
          "question_wordNum": 5,
          "answer": "서울 강서구 양천로57길 9-14",
          "answer_wordNum": 4,
          "fact": [
            "고향막창구이,주소,서울 강서구 양천로57길 9-14"
          ]
        }
      ]
    },
    {
      "image_id": 4,
      "question": [
        {
          "question_id": 0,
          "question_type": "정보",
          "question": "이 곳의 주소는 어떻게 되나요?",
          "question_wordNum": 5,
          "answer": "서울 강서구 양천로57길 9-14",
          "answer_wordNum": 4,
          "fact": [
            "고향막창구이,주소,서울 강서구 양천로57길 9-14"
          ]
        },
        {
          "question_id": 1,
          "question_type": "정보",
          "question": "연락처가 어떻게 되나요?",
          "question_wordNum": 3,
          "answer": "02-3664-3984",
          "answer_wordNum": 1,
          "fact": [
            "고향막창구이,연락처,02-3664-3984"
          ]
        },
        {
          "question_id": 2,
          "question_type": "관계",
          "question": "이 곳에 인접한 시설이 있나요?",
          "question_wordNum": 5,
          "answer": "가양역 1번 출구, 해바라기약국, 굽네치킨",
          "answer_wordNum": 5,
          "fact": [
            "고향막창구이,인접,가양역 1번 출구, 해바라기약국, 굽네치킨"
          ]
        },
        {
          "question_id": 3,
          "question_type": "탐색",
          "question": "주차시설이 있나요?",
          "question_wordNum": 2,
          "answer": "없음",
          "answer_wordNum": 1,
          "fact": [
            "고향막창구이,주차시설,없음"
          ]
        }
      ]
    }
  ]
}