{
  "data": {
    "dataset": "2-083-219",
    "POI_id": "561735",
    "travelType": "음식점",
    "place": "왕돈까스&왕냉면 내발산점",
    "area": "서울"
  },
  "imageInfo": [
    {
      "image_id": 0,
      "filename": "561735_0_su_5_왕돈까스&왕냉면 내발산점_1_001.png",
      "mapx": 37.5534518023057,
      "mapy": 126.826716924031,
      "width": 3840,
      "height": 2160,
      "caption_info": [
        "왕돈까스&왕냉면 내발산점(내발산동)",
        "간판, 여닫이문"
      ]
    },
    {
      "image_id": 1,
      "filename": "561735_0_su_5_왕돈까스&왕냉면 내발산점_1_002.png",
      "mapx": 37.5534518023057,
      "mapy": 126.826716924031,
      "width": 3840,
      "height": 2160,
      "caption_info": [
        "왕돈까스&왕냉면 내발산점(내발산동)",
        "간판"
      ]
    },
    {
      "image_id": 2,
      "filename": "561735_0_su_5_왕돈까스&왕냉면 내발산점_1_003.png",
      "mapx": 37.5534518023057,
      "mapy": 126.826716924031,
      "width": 3840,
      "height": 2160,
      "caption_info": [
        "왕돈까스&왕냉면 내발산점(내발산동)",
        "테이블, 등받이의자, 메뉴판"
      ]
    },
    {
      "image_id": 3,
      "filename": "561735_0_su_5_왕돈까스&왕냉면 내발산점_1_004.png",
      "mapx": 37.5534518023057,
      "mapy": 126.826716924031,
      "width": 3840,
      "height": 2160,
      "caption_info": [
        "왕돈까스&왕냉면 내발산점(내발산동)",
        "메뉴판"
      ]
    },
    {
      "image_id": 4,
      "filename": "561735_0_su_5_왕돈까스&왕냉면 내발산점_1_005.png",
      "mapx": 37.5534518023057,
      "mapy": 126.826716924031,
      "width": 3840,
      "height": 2160,
      "caption_info": [
        "왕돈까스&왕냉면 내발산점(내발산동)",
        "돈가스, 밥, 단무지"
      ]
    }
  ],
  "annotations": [
    {
      "image_id": 0,
      "question": [
        {
          "question_id": 0,
          "question_type": "정보",
          "question": "이 곳의 주소를 알 수 있나요?",
          "question_wordNum": 6,
          "answer": "서울 강서구 강서로47길 169",
          "answer_wordNum": 4,
          "fact": [
            "왕돈까스&왕냉면 내발산점,주소,서울 강서구 강서로47길 169"
          ]
        },
        {
          "question_id": 1,
          "question_type": "관계",
          "question": "이 곳에 인접한 시설이 있나요?",
          "question_wordNum": 5,
          "answer": "마곡역 5번 출구, 웨스트엔드아트센터, 빽다방, 와플대학",
          "answer_wordNum": 6,
          "fact": [
            "왕돈까스&왕냉면 내발산점,인접,마곡역 5번 출구, 웨스트엔드아트센터, 빽다방, 와플대학"
          ]
        },
        {
          "question_id": 2,
          "question_type": "정보",
          "question": "연락처가 어떻게 되나요?",
          "question_wordNum": 3,
          "answer": "02-2667-7454",
          "answer_wordNum": 1,
          "fact": [
            "왕돈까스&왕냉면 내발산점,연락처,02-2667-7454"
          ]
        },
        {
          "question_id": 3,
          "question_type": "정보",
          "question": "휴무일을 알 수 있나요?",
          "question_wordNum": 4,
          "answer": "없음",
          "answer_wordNum": 1,
          "fact": [
            "왕돈까스&왕냉면 내발산점,휴무일,없음"
          ]
        }
      ]
    },
    {
      "image_id": 1,
      "question": [
        {
          "question_id": 0,
          "question_type": "정보",
          "question": "연락처를 알 수 있나요?",
          "question_wordNum": 4,
          "answer": "02-2667-7454",
          "answer_wordNum": 1,
          "fact": [
            "왕돈까스&왕냉면 내발산점,연락처,02-2667-7454"
          ]
        },
        {
          "question_id": 1,
          "question_type": "정보",
          "question": "이 곳의 대표적인 메뉴를 알 수 있나요?",
          "question_wordNum": 7,
          "answer": "왕돈까스, 물냉면",
          "answer_wordNum": 2,
          "fact": [
            "왕돈까스&왕냉면 내발산점,메뉴,왕돈까스, 물냉면"
          ]
        },
        {
          "question_id": 2,
          "question_type": "정보",
          "question": "휴무일은 어떻게 되나요?",
          "question_wordNum": 3,
          "answer": "없음",
          "answer_wordNum": 1,
          "fact": [
            "왕돈까스&왕냉면 내발산점,휴무일,없음"
          ]
        },
        {
          "question_id": 3,
          "question_type": "정보",
          "question": "영업시간은 어떻게 되나요?",
          "question_wordNum": 3,
          "answer": "10:00 - 22:00",
          "answer_wordNum": 3,
          "fact": [
            "왕돈까스&왕냉면 내발산점,영업시간,10:00 - 22:00"
          ]
        }
      ]
    },
    {
      "image_id": 2,
      "question": [
        {
          "question_id": 0,
          "question_type": "정보",
          "question": "이 곳의 주소는 어떻게 되나요?",
          "question_wordNum": 5,
          "answer": "서울 강서구 강서로47길 169",
          "answer_wordNum": 4,
          "fact": [
            "왕돈까스&왕냉면 내발산점,주소,서울 강서구 강서로47길 169"
          ]
        },
        {
          "question_id": 1,
          "question_type": "정보",
          "question": "이 곳의 주요 메뉴는 무엇이 있나요?",
          "question_wordNum": 6,
          "answer": "왕돈까스, 물냉면",
          "answer_wordNum": 2,
          "fact": [
            "왕돈까스&왕냉면 내발산점,메뉴,왕돈까스, 물냉면"
          ]
        },
        {
          "question_id": 2,
          "question_type": "관계",
          "question": "이 곳에 인접한 시설을 알 수 있나요?",
          "question_wordNum": 7,
          "answer": "마곡역 5번 출구, 웨스트엔드아트센터, 빽다방, 와플대학",
          "answer_wordNum": 6,
          "fact": [
            "왕돈까스&왕냉면 내발산점,인접,마곡역 5번 출구, 웨스트엔드아트센터, 빽다방, 와플대학"
          ]
        },
        {
          "question_id": 3,
          "question_type": "정보",
          "question": "영업시간은 어떻게 되나요?",
          "question_wordNum": 3,
          "answer": "10:00 - 22:00",
          "answer_wordNum": 3,
          "fact": [
            "왕돈까스&왕냉면 내발산점,영업시간,10:00 - 22:00"
          ]
        }
      ]
    },
    {
      "image_id": 3,
      "question": [
        {
          "question_id": 0,
          "question_type": "정보",
          "question": "연락처를 알 수 있나요?",
          "question_wordNum": 4,
          "answer": "02-2667-7454",
          "answer_wordNum": 1,
          "fact": [
            "왕돈까스&왕냉면 내발산점,연락처,02-2667-7454"
          ]
        },
        {
          "question_id": 1,
          "question_type": "관계",
          "question": "이 곳에 인접한 시설이 있나요?",
          "question_wordNum": 5,
          "answer": "마곡역 5번 출구, 웨스트엔드아트센터, 빽다방, 와플대학",
          "answer_wordNum": 6,
          "fact": [
            "왕돈까스&왕냉면 내발산점,인접,마곡역 5번 출구, 웨스트엔드아트센터, 빽다방, 와플대학"
          ]
        },
        {
          "question_id": 2,
          "question_type": "정보",
          "question": "이 곳의 대표적인 메뉴를 알 수 있나요?",
          "question_wordNum": 7,
          "answer": "왕돈까스, 물냉면",
          "answer_wordNum": 2,
          "fact": [
            "왕돈까스&왕냉면 내발산점,메뉴,왕돈까스, 물냉면"
          ]
        },
        {
          "question_id": 3,
          "question_type": "탐색",
          "question": "주차시설이 있나요?",
          "question_wordNum": 2,
          "answer": "있음",
          "answer_wordNum": 1,
          "fact": [
            "왕돈까스&왕냉면 내발산점,주차시설,있음"
          ]
        }
      ]
    },
    {
      "image_id": 4,
      "question": [
        {
          "question_id": 0,
          "question_type": "정보",
          "question": "휴무일은 어떻게 되나요?",
          "question_wordNum": 3,
          "answer": "없음",
          "answer_wordNum": 1,
          "fact": [
            "왕돈까스&왕냉면 내발산점,휴무일,없음"
          ]
        },
        {
          "question_id": 1,
          "question_type": "정보",
          "question": "이 곳의 주소는 어떻게 되나요?",
          "question_wordNum": 5,
          "answer": "서울 강서구 강서로47길 169",
          "answer_wordNum": 4,
          "fact": [
            "왕돈까스&왕냉면 내발산점,주소,서울 강서구 강서로47길 169"
          ]
        },
        {
          "question_id": 2,
          "question_type": "탐색",
          "question": "주차시설이 있나요?",
          "question_wordNum": 2,
          "answer": "있음",
          "answer_wordNum": 1,
          "fact": [
            "왕돈까스&왕냉면 내발산점,주차시설,있음"
          ]
        },
        {
          "question_id": 3,
          "question_type": "정보",
          "question": "영업시간은 어떻게 되나요?",
          "question_wordNum": 3,
          "answer": "10:00 - 22:00",
          "answer_wordNum": 3,
          "fact": [
            "왕돈까스&왕냉면 내발산점,영업시간,10:00 - 22:00"
          ]
        }
      ]
    }
  ]
}