{
  "data": {
    "dataset": "2-083-219",
    "POI_id": "561664",
    "travelType": "음식점",
    "place": "복남참치 ",
    "area": "서울"
  },
  "imageInfo": [
    {
      "image_id": 0,
      "filename": "561664_0_su_5_복남참치 _1_001.png",
      "mapx": 37.5600926354663,
      "mapy": 126.838304106686,
      "width": 3840,
      "height": 2160,
      "caption_info": [
        "복남참치(강서구) ",
        "간판"
      ]
    },
    {
      "image_id": 1,
      "filename": "561664_0_su_5_복남참치 _1_002.png",
      "mapx": 37.5600926354663,
      "mapy": 126.838304106686,
      "width": 3840,
      "height": 2160,
      "caption_info": [
        "복남참치(강서구) ",
        "간판"
      ]
    },
    {
      "image_id": 2,
      "filename": "561664_0_su_5_복남참치 _1_003.png",
      "mapx": 37.5600926354663,
      "mapy": 126.838304106686,
      "width": 3840,
      "height": 2160,
      "caption_info": [
        "복남참치(강서구) ",
        "사각 테이블"
      ]
    },
    {
      "image_id": 3,
      "filename": "561664_0_su_5_복남참치 _1_004.png",
      "mapx": 37.5600926354663,
      "mapy": 126.838304106686,
      "width": 3840,
      "height": 2160,
      "caption_info": [
        "복남참치(강서구) ",
        "메뉴판 "
      ]
    },
    {
      "image_id": 4,
      "filename": "561664_0_su_5_복남참치 _1_005.png",
      "mapx": 37.5600926354663,
      "mapy": 126.838304106686,
      "width": 3840,
      "height": 2160,
      "caption_info": [
        "복남참치(강서구) ",
        "회"
      ]
    }
  ],
  "annotations": [
    {
      "image_id": 0,
      "question": [
        {
          "question_id": 0,
          "question_type": "탐색",
          "question": "주차시설이 있나요?",
          "question_wordNum": 2,
          "answer": "있음",
          "answer_wordNum": 1,
          "fact": [
            "복남참치,주차시설,있음"
          ]
        },
        {
          "question_id": 1,
          "question_type": "정보",
          "question": "연락처를 알 수 있나요?",
          "question_wordNum": 4,
          "answer": "0507-1335-8286",
          "answer_wordNum": 1,
          "fact": [
            "복남참치,연락처,0507-1335-8286"
          ]
        },
        {
          "question_id": 2,
          "question_type": "정보",
          "question": "대표 메뉴가 무엇인가요?",
          "question_wordNum": 3,
          "answer": "혼마구로스페셜, 참다랑어정식",
          "answer_wordNum": 2,
          "fact": [
            "복남참치,메뉴,혼마구로스페셜, 참다랑어정식"
          ]
        },
        {
          "question_id": 3,
          "question_type": "정보",
          "question": "휴무일은 어떻게 되나요?",
          "question_wordNum": 3,
          "answer": "알수없음",
          "answer_wordNum": 1,
          "fact": [
            "복남참치,휴무일,알수없음"
          ]
        }
      ]
    },
    {
      "image_id": 1,
      "question": [
        {
          "question_id": 0,
          "question_type": "관계",
          "question": "이 곳에 인접한 시설을 알 수 있나요?",
          "question_wordNum": 7,
          "answer": "발산역 2번 출구, 세븐일레븐, 미인닭발",
          "answer_wordNum": 5,
          "fact": [
            "복남참치,인접,발산역 2번 출구, 세븐일레븐, 미인닭발"
          ]
        },
        {
          "question_id": 1,
          "question_type": "정보",
          "question": "대표 메뉴가 무엇인가요?",
          "question_wordNum": 3,
          "answer": "혼마구로스페셜, 참다랑어정식",
          "answer_wordNum": 2,
          "fact": [
            "복남참치,메뉴,혼마구로스페셜, 참다랑어정식"
          ]
        },
        {
          "question_id": 2,
          "question_type": "정보",
          "question": "이 곳의 주소는 어떻게 되나요?",
          "question_wordNum": 5,
          "answer": "서울 강서구 강서로 385",
          "answer_wordNum": 4,
          "fact": [
            "복남참치,주소,서울 강서구 강서로 385"
          ]
        },
        {
          "question_id": 3,
          "question_type": "정보",
          "question": "영업시간은 어떻게 되나요?",
          "question_wordNum": 3,
          "answer": "11:30/12:30/17:00~21:00/22:40",
          "answer_wordNum": 1,
          "fact": [
            "복남참치,영업시간,11:30/12:30/17:00~21:00/22:40"
          ]
        }
      ]
    },
    {
      "image_id": 2,
      "question": [
        {
          "question_id": 0,
          "question_type": "관계",
          "question": "이 곳에 인접한 시설이 있나요?",
          "question_wordNum": 5,
          "answer": "발산역 2번 출구, 세븐일레븐, 미인닭발",
          "answer_wordNum": 5,
          "fact": [
            "복남참치,인접,발산역 2번 출구, 세븐일레븐, 미인닭발"
          ]
        },
        {
          "question_id": 1,
          "question_type": "정보",
          "question": "이 곳의 주소는 어떻게 되나요?",
          "question_wordNum": 5,
          "answer": "서울 강서구 강서로 385",
          "answer_wordNum": 4,
          "fact": [
            "복남참치,주소,서울 강서구 강서로 385"
          ]
        },
        {
          "question_id": 2,
          "question_type": "정보",
          "question": "휴무일은 어떻게 되나요?",
          "question_wordNum": 3,
          "answer": "알수없음",
          "answer_wordNum": 1,
          "fact": [
            "복남참치,휴무일,알수없음"
          ]
        },
        {
          "question_id": 3,
          "question_type": "정보",
          "question": "영업시간을 알 수 있나요?",
          "question_wordNum": 4,
          "answer": "11:30/12:30/17:00~21:00/22:40",
          "answer_wordNum": 1,
          "fact": [
            "복남참치,영업시간,11:30/12:30/17:00~21:00/22:40"
          ]
        }
      ]
    },
    {
      "image_id": 3,
      "question": [
        {
          "question_id": 0,
          "question_type": "정보",
          "question": "연락처를 알 수 있나요?",
          "question_wordNum": 4,
          "answer": "0507-1335-8286",
          "answer_wordNum": 1,
          "fact": [
            "복남참치,연락처,0507-1335-8286"
          ]
        },
        {
          "question_id": 1,
          "question_type": "정보",
          "question": "대표 메뉴가 무엇인가요?",
          "question_wordNum": 3,
          "answer": "혼마구로스페셜, 참다랑어정식",
          "answer_wordNum": 2,
          "fact": [
            "복남참치,메뉴,혼마구로스페셜, 참다랑어정식"
          ]
        },
        {
          "question_id": 2,
          "question_type": "정보",
          "question": "휴무일을 알 수 있나요?",
          "question_wordNum": 4,
          "answer": "알수없음",
          "answer_wordNum": 1,
          "fact": [
            "복남참치,휴무일,알수없음"
          ]
        },
        {
          "question_id": 3,
          "question_type": "정보",
          "question": "영업시간을 알 수 있나요?",
          "question_wordNum": 4,
          "answer": "11:30/12:30/17:00~21:00/22:40",
          "answer_wordNum": 1,
          "fact": [
            "복남참치,영업시간,11:30/12:30/17:00~21:00/22:40"
          ]
        }
      ]
    },
    {
      "image_id": 4,
      "question": [
        {
          "question_id": 0,
          "question_type": "탐색",
          "question": "주차시설이 있는지 알 수 있나요?",
          "question_wordNum": 5,
          "answer": "있음",
          "answer_wordNum": 1,
          "fact": [
            "복남참치,주차시설,있음"
          ]
        },
        {
          "question_id": 1,
          "question_type": "정보",
          "question": "대표 메뉴가 무엇인가요?",
          "question_wordNum": 3,
          "answer": "혼마구로스페셜, 참다랑어정식",
          "answer_wordNum": 2,
          "fact": [
            "복남참치,메뉴,혼마구로스페셜, 참다랑어정식"
          ]
        },
        {
          "question_id": 2,
          "question_type": "정보",
          "question": "연락처가 어떻게 되나요?",
          "question_wordNum": 3,
          "answer": "0507-1335-8286",
          "answer_wordNum": 1,
          "fact": [
            "복남참치,연락처,0507-1335-8286"
          ]
        },
        {
          "question_id": 3,
          "question_type": "정보",
          "question": "휴무일은 어떻게 되나요?",
          "question_wordNum": 3,
          "answer": "알수없음",
          "answer_wordNum": 1,
          "fact": [
            "복남참치,휴무일,알수없음"
          ]
        }
      ]
    }
  ]
}