{
  "data": {
    "dataset": "2-083-219",
    "POI_id": "561754",
    "travelType": "음식점",
    "place": "토담집",
    "area": "서울"
  },
  "imageInfo": [
    {
      "image_id": 0,
      "filename": "561754_0_su_5_토담집_16_001.png",
      "mapx": 37.552825373173,
      "mapy": 126.849053689101,
      "width": 3840,
      "height": 2160,
      "caption_info": [
        "토담집(강서구)",
        "간판"
      ]
    },
    {
      "image_id": 1,
      "filename": "561754_0_su_5_토담집_16_002.png",
      "mapx": 37.552825373173,
      "mapy": 126.849053689101,
      "width": 3840,
      "height": 2160,
      "caption_info": [
        "토담집(강서구)",
        "간판"
      ]
    },
    {
      "image_id": 2,
      "filename": "561754_0_su_5_토담집_16_003.png",
      "mapx": 37.552825373173,
      "mapy": 126.849053689101,
      "width": 3840,
      "height": 2160,
      "caption_info": [
        "토담집(강서구)",
        "메뉴판 "
      ]
    },
    {
      "image_id": 3,
      "filename": "561754_0_su_5_토담집_16_004.png",
      "mapx": 37.552825373173,
      "mapy": 126.849053689101,
      "width": 3840,
      "height": 2160,
      "caption_info": [
        "토담집(강서구)",
        "메뉴판 "
      ]
    },
    {
      "image_id": 4,
      "filename": "561754_0_su_5_토담집_16_005.png",
      "mapx": 37.552825373173,
      "mapy": 126.849053689101,
      "width": 3840,
      "height": 2160,
      "caption_info": [
        "토담집(강서구)",
        "접시 "
      ]
    }
  ],
  "annotations": [
    {
      "image_id": 0,
      "question": [
        {
          "question_id": 0,
          "question_type": "탐색",
          "question": "주차시설이 있나요?",
          "question_wordNum": 2,
          "answer": "있음",
          "answer_wordNum": 1,
          "fact": [
            "토담집,주차시설,있음"
          ]
        },
        {
          "question_id": 1,
          "question_type": "정보",
          "question": "이 곳의 주소를 알 수 있나요?",
          "question_wordNum": 6,
          "answer": "서울 강서구 우장산로14길 12",
          "answer_wordNum": 4,
          "fact": [
            "토담집,주소,서울 강서구 우장산로14길 12"
          ]
        },
        {
          "question_id": 2,
          "question_type": "정보",
          "question": "휴무일을 알 수 있나요?",
          "question_wordNum": 4,
          "answer": "알수없음",
          "answer_wordNum": 1,
          "fact": [
            "토담집,휴무일,알수없음"
          ]
        },
        {
          "question_id": 3,
          "question_type": "정보",
          "question": "영업시간은 어떻게 되나요?",
          "question_wordNum": 3,
          "answer": "알수없음",
          "answer_wordNum": 1,
          "fact": [
            "토담집,영업시간,알수없음"
          ]
        }
      ]
    },
    {
      "image_id": 1,
      "question": [
        {
          "question_id": 0,
          "question_type": "정보",
          "question": "영업시간은 어떻게 되나요?",
          "question_wordNum": 3,
          "answer": "알수없음",
          "answer_wordNum": 1,
          "fact": [
            "토담집,영업시간,알수없음"
          ]
        },
        {
          "question_id": 1,
          "question_type": "정보",
          "question": "휴무일을 알 수 있나요?",
          "question_wordNum": 4,
          "answer": "알수없음",
          "answer_wordNum": 1,
          "fact": [
            "토담집,휴무일,알수없음"
          ]
        },
        {
          "question_id": 2,
          "question_type": "정보",
          "question": "이 곳의 주소를 알 수 있나요?",
          "question_wordNum": 6,
          "answer": "서울 강서구 우장산로14길 12",
          "answer_wordNum": 4,
          "fact": [
            "토담집,주소,서울 강서구 우장산로14길 12"
          ]
        },
        {
          "question_id": 3,
          "question_type": "관계",
          "question": "이 곳에 인접한 시설이 있나요?",
          "question_wordNum": 5,
          "answer": "솔밭집, 강구포차",
          "answer_wordNum": 2,
          "fact": [
            "토담집,인접,솔밭집, 강구포차"
          ]
        }
      ]
    },
    {
      "image_id": 2,
      "question": [
        {
          "question_id": 0,
          "question_type": "정보",
          "question": "연락처를 알 수 있나요?",
          "question_wordNum": 4,
          "answer": "알수없음",
          "answer_wordNum": 1,
          "fact": [
            "토담집,연락처,알수없음"
          ]
        },
        {
          "question_id": 1,
          "question_type": "정보",
          "question": "이 곳의 메뉴를 알 수 있나요?",
          "question_wordNum": 6,
          "answer": "황태찜정식, 북어국",
          "answer_wordNum": 2,
          "fact": [
            "토담집,메뉴,황태찜정식, 북어국"
          ]
        },
        {
          "question_id": 2,
          "question_type": "관계",
          "question": "이 곳에 인접한 시설을 알 수 있나요?",
          "question_wordNum": 7,
          "answer": "솔밭집, 강구포차",
          "answer_wordNum": 2,
          "fact": [
            "토담집,인접,솔밭집, 강구포차"
          ]
        },
        {
          "question_id": 3,
          "question_type": "탐색",
          "question": "주차시설이 있는지 알 수 있나요?",
          "question_wordNum": 5,
          "answer": "있음",
          "answer_wordNum": 1,
          "fact": [
            "토담집,주차시설,있음"
          ]
        }
      ]
    },
    {
      "image_id": 3,
      "question": [
        {
          "question_id": 0,
          "question_type": "탐색",
          "question": "주차시설이 있는지 알 수 있나요?",
          "question_wordNum": 5,
          "answer": "있음",
          "answer_wordNum": 1,
          "fact": [
            "토담집,주차시설,있음"
          ]
        },
        {
          "question_id": 1,
          "question_type": "관계",
          "question": "이 곳에 인접한 시설을 알 수 있나요?",
          "question_wordNum": 7,
          "answer": "솔밭집, 강구포차",
          "answer_wordNum": 2,
          "fact": [
            "토담집,인접,솔밭집, 강구포차"
          ]
        },
        {
          "question_id": 2,
          "question_type": "정보",
          "question": "휴무일을 알 수 있나요?",
          "question_wordNum": 4,
          "answer": "알수없음",
          "answer_wordNum": 1,
          "fact": [
            "토담집,휴무일,알수없음"
          ]
        },
        {
          "question_id": 3,
          "question_type": "정보",
          "question": "연락처가 어떻게 되나요?",
          "question_wordNum": 3,
          "answer": "알수없음",
          "answer_wordNum": 1,
          "fact": [
            "토담집,연락처,알수없음"
          ]
        }
      ]
    },
    {
      "image_id": 4,
      "question": [
        {
          "question_id": 0,
          "question_type": "정보",
          "question": "영업시간은 어떻게 되나요?",
          "question_wordNum": 3,
          "answer": "알수없음",
          "answer_wordNum": 1,
          "fact": [
            "토담집,영업시간,알수없음"
          ]
        },
        {
          "question_id": 1,
          "question_type": "탐색",
          "question": "주차시설이 있는지 알 수 있나요?",
          "question_wordNum": 5,
          "answer": "있음",
          "answer_wordNum": 1,
          "fact": [
            "토담집,주차시설,있음"
          ]
        },
        {
          "question_id": 2,
          "question_type": "정보",
          "question": "휴무일을 알 수 있나요?",
          "question_wordNum": 4,
          "answer": "알수없음",
          "answer_wordNum": 1,
          "fact": [
            "토담집,휴무일,알수없음"
          ]
        },
        {
          "question_id": 3,
          "question_type": "정보",
          "question": "연락처를 알 수 있나요?",
          "question_wordNum": 4,
          "answer": "알수없음",
          "answer_wordNum": 1,
          "fact": [
            "토담집,연락처,알수없음"
          ]
        }
      ]
    }
  ]
}