{
  "data": {
    "dataset": "2-083-219",
    "POI_id": "561625",
    "travelType": "음식점",
    "place": "바삭하게 마곡직영점",
    "area": "서울"
  },
  "imageInfo": [
    {
      "image_id": 0,
      "filename": "561625_0_su_5_바삭하게 마곡직영점_1_001.png",
      "mapx": 37.5594526887597,
      "mapy": 126.833912548403,
      "width": 3840,
      "height": 2160,
      "caption_info": [
        "바삭하게 마곡직영점(강서구)",
        "간판"
      ]
    },
    {
      "image_id": 1,
      "filename": "561625_0_su_5_바삭하게 마곡직영점_1_002.png",
      "mapx": 37.5594526887597,
      "mapy": 126.833912548403,
      "width": 3840,
      "height": 2160,
      "caption_info": [
        "바삭하게 마곡직영점(강서구)",
        "간판"
      ]
    },
    {
      "image_id": 2,
      "filename": "561625_0_su_5_바삭하게 마곡직영점_1_003.png",
      "mapx": 37.5594526887597,
      "mapy": 126.833912548403,
      "width": 3840,
      "height": 2160,
      "caption_info": [
        "바삭하게 마곡직영점(강서구)",
        "사각 테이블"
      ]
    },
    {
      "image_id": 3,
      "filename": "561625_0_su_5_바삭하게 마곡직영점_1_004.png",
      "mapx": 37.5594526887597,
      "mapy": 126.833912548403,
      "width": 3840,
      "height": 2160,
      "caption_info": [
        "바삭하게 마곡직영점(강서구)",
        "메뉴판 "
      ]
    },
    {
      "image_id": 4,
      "filename": "561625_0_su_5_바삭하게 마곡직영점_1_005.png",
      "mapx": 37.5594526887597,
      "mapy": 126.833912548403,
      "width": 3840,
      "height": 2160,
      "caption_info": [
        "바삭하게 마곡직영점(강서구)",
        "접시 "
      ]
    }
  ],
  "annotations": [
    {
      "image_id": 0,
      "question": [
        {
          "question_id": 0,
          "question_type": "정보",
          "question": "이 곳의 주소를 알 수 있나요?",
          "question_wordNum": 6,
          "answer": "서울 강서구 공항대로 237",
          "answer_wordNum": 4,
          "fact": [
            "바삭하게 마곡직영점,주소,서울 강서구 공항대로 237"
          ]
        },
        {
          "question_id": 1,
          "question_type": "탐색",
          "question": "주차시설이 있는지 알 수 있나요?",
          "question_wordNum": 5,
          "answer": "있음",
          "answer_wordNum": 1,
          "fact": [
            "바삭하게 마곡직영점,주차시설,있음"
          ]
        },
        {
          "question_id": 2,
          "question_type": "정보",
          "question": "영업시간은 어떻게 되나요?",
          "question_wordNum": 3,
          "answer": "11:00~20:00/21:00",
          "answer_wordNum": 1,
          "fact": [
            "바삭하게 마곡직영점,영업시간,11:00~20:00/21:00"
          ]
        },
        {
          "question_id": 3,
          "question_type": "관계",
          "question": "이 곳에 인접한 시설을 알 수 있나요?",
          "question_wordNum": 7,
          "answer": "발산역 9번 출구, SNU서울병원, 무명커피, 숙성해",
          "answer_wordNum": 6,
          "fact": [
            "바삭하게 마곡직영점,인접,발산역 9번 출구, SNU서울병원, 무명커피, 숙성해"
          ]
        }
      ]
    },
    {
      "image_id": 1,
      "question": [
        {
          "question_id": 0,
          "question_type": "정보",
          "question": "이 곳의 메뉴를 알 수 있나요?",
          "question_wordNum": 6,
          "answer": "떡볶이돈까스, 수제돈까스",
          "answer_wordNum": 2,
          "fact": [
            "바삭하게 마곡직영점,메뉴,떡볶이돈까스, 수제돈까스"
          ]
        },
        {
          "question_id": 1,
          "question_type": "관계",
          "question": "이 곳에 인접한 시설을 알 수 있나요?",
          "question_wordNum": 7,
          "answer": "발산역 9번 출구, SNU서울병원, 무명커피, 숙성해",
          "answer_wordNum": 6,
          "fact": [
            "바삭하게 마곡직영점,인접,발산역 9번 출구, SNU서울병원, 무명커피, 숙성해"
          ]
        },
        {
          "question_id": 2,
          "question_type": "정보",
          "question": "이 곳의 주소를 알 수 있나요?",
          "question_wordNum": 6,
          "answer": "서울 강서구 공항대로 237",
          "answer_wordNum": 4,
          "fact": [
            "바삭하게 마곡직영점,주소,서울 강서구 공항대로 237"
          ]
        },
        {
          "question_id": 3,
          "question_type": "정보",
          "question": "영업시간을 알 수 있나요?",
          "question_wordNum": 4,
          "answer": "11:00~20:00/21:00",
          "answer_wordNum": 1,
          "fact": [
            "바삭하게 마곡직영점,영업시간,11:00~20:00/21:00"
          ]
        }
      ]
    },
    {
      "image_id": 2,
      "question": [
        {
          "question_id": 0,
          "question_type": "정보",
          "question": "이 곳의 주소는 어떻게 되나요?",
          "question_wordNum": 5,
          "answer": "서울 강서구 공항대로 237",
          "answer_wordNum": 4,
          "fact": [
            "바삭하게 마곡직영점,주소,서울 강서구 공항대로 237"
          ]
        },
        {
          "question_id": 1,
          "question_type": "정보",
          "question": "휴무일은 어떻게 되나요?",
          "question_wordNum": 3,
          "answer": "넷째 일요일",
          "answer_wordNum": 2,
          "fact": [
            "바삭하게 마곡직영점,휴무일,넷째 일요일"
          ]
        },
        {
          "question_id": 2,
          "question_type": "정보",
          "question": "연락처를 알 수 있나요?",
          "question_wordNum": 4,
          "answer": "0507-1468-6790",
          "answer_wordNum": 1,
          "fact": [
            "바삭하게 마곡직영점,연락처,0507-1468-6790"
          ]
        },
        {
          "question_id": 3,
          "question_type": "정보",
          "question": "영업시간을 알 수 있나요?",
          "question_wordNum": 4,
          "answer": "11:00~20:00/21:00",
          "answer_wordNum": 1,
          "fact": [
            "바삭하게 마곡직영점,영업시간,11:00~20:00/21:00"
          ]
        }
      ]
    },
    {
      "image_id": 3,
      "question": [
        {
          "question_id": 0,
          "question_type": "정보",
          "question": "연락처를 알 수 있나요?",
          "question_wordNum": 4,
          "answer": "0507-1468-6790",
          "answer_wordNum": 1,
          "fact": [
            "바삭하게 마곡직영점,연락처,0507-1468-6790"
          ]
        },
        {
          "question_id": 1,
          "question_type": "정보",
          "question": "이 곳의 주소는 어떻게 되나요?",
          "question_wordNum": 5,
          "answer": "서울 강서구 공항대로 237",
          "answer_wordNum": 4,
          "fact": [
            "바삭하게 마곡직영점,주소,서울 강서구 공항대로 237"
          ]
        },
        {
          "question_id": 2,
          "question_type": "정보",
          "question": "이 곳의 메뉴를 알 수 있나요?",
          "question_wordNum": 6,
          "answer": "떡볶이돈까스, 수제돈까스",
          "answer_wordNum": 2,
          "fact": [
            "바삭하게 마곡직영점,메뉴,떡볶이돈까스, 수제돈까스"
          ]
        },
        {
          "question_id": 3,
          "question_type": "탐색",
          "question": "주차시설이 있는지 알 수 있나요?",
          "question_wordNum": 5,
          "answer": "있음",
          "answer_wordNum": 1,
          "fact": [
            "바삭하게 마곡직영점,주차시설,있음"
          ]
        }
      ]
    },
    {
      "image_id": 4,
      "question": [
        {
          "question_id": 0,
          "question_type": "정보",
          "question": "연락처를 알 수 있나요?",
          "question_wordNum": 4,
          "answer": "0507-1468-6790",
          "answer_wordNum": 1,
          "fact": [
            "바삭하게 마곡직영점,연락처,0507-1468-6790"
          ]
        },
        {
          "question_id": 1,
          "question_type": "정보",
          "question": "휴무일은 어떻게 되나요?",
          "question_wordNum": 3,
          "answer": "넷째 일요일",
          "answer_wordNum": 2,
          "fact": [
            "바삭하게 마곡직영점,휴무일,넷째 일요일"
          ]
        },
        {
          "question_id": 2,
          "question_type": "탐색",
          "question": "주차시설이 있나요?",
          "question_wordNum": 2,
          "answer": "있음",
          "answer_wordNum": 1,
          "fact": [
            "바삭하게 마곡직영점,주차시설,있음"
          ]
        },
        {
          "question_id": 3,
          "question_type": "관계",
          "question": "이 곳에 인접한 시설을 알 수 있나요?",
          "question_wordNum": 7,
          "answer": "발산역 9번 출구, SNU서울병원, 무명커피, 숙성해",
          "answer_wordNum": 6,
          "fact": [
            "바삭하게 마곡직영점,인접,발산역 9번 출구, SNU서울병원, 무명커피, 숙성해"
          ]
        }
      ]
    }
  ]
}