{
  "data": {
    "dataset": "2-083-219",
    "POI_id": "561409",
    "travelType": "음식점",
    "place": "국수나무 가양점",
    "area": "서울"
  },
  "imageInfo": [
    {
      "image_id": 0,
      "filename": "561409_0_su_5_국수나무 가양점_1_001.png",
      "mapx": 37.5630457825024,
      "mapy": 126.852223862157,
      "width": 3840,
      "height": 2160,
      "caption_info": [
        "국수나무 가양점(가양동)",
        "간판, 여닫이문"
      ]
    },
    {
      "image_id": 1,
      "filename": "561409_0_su_5_국수나무 가양점_1_002.png",
      "mapx": 37.5630457825024,
      "mapy": 126.852223862157,
      "width": 3840,
      "height": 2160,
      "caption_info": [
        "국수나무 가양점(가양동)",
        "파라솔, 간판"
      ]
    },
    {
      "image_id": 2,
      "filename": "561409_0_su_5_국수나무 가양점_1_003.png",
      "mapx": 37.5630457825024,
      "mapy": 126.852223862157,
      "width": 3840,
      "height": 2160,
      "caption_info": [
        "국수나무 가양점(가양동)",
        "테이블, 등받이의자"
      ]
    },
    {
      "image_id": 3,
      "filename": "561409_0_su_5_국수나무 가양점_1_004.png",
      "mapx": 37.5630457825024,
      "mapy": 126.852223862157,
      "width": 3840,
      "height": 2160,
      "caption_info": [
        "국수나무 가양점(가양동)",
        "메뉴판"
      ]
    },
    {
      "image_id": 4,
      "filename": "561409_0_su_5_국수나무 가양점_1_005.png",
      "mapx": 37.5630457825024,
      "mapy": 126.852223862157,
      "width": 3840,
      "height": 2160,
      "caption_info": [
        "국수나무 가양점(가양동)",
        "밥, 돈까스"
      ]
    }
  ],
  "annotations": [
    {
      "image_id": 0,
      "question": [
        {
          "question_id": 0,
          "question_type": "정보",
          "question": "이 곳의 대표적인 메뉴는 무엇이 있나요?",
          "question_wordNum": 6,
          "answer": "소고기낙지덮밥, 찐만두",
          "answer_wordNum": 2,
          "fact": [
            "국수나무 가양점,메뉴,소고기낙지덮밥, 찐만두"
          ]
        },
        {
          "question_id": 1,
          "question_type": "탐색",
          "question": "주차시설이 있나요?",
          "question_wordNum": 2,
          "answer": "있음",
          "answer_wordNum": 1,
          "fact": [
            "국수나무 가양점,주차시설,있음"
          ]
        },
        {
          "question_id": 2,
          "question_type": "정보",
          "question": "휴무일은 어떻게 되나요?",
          "question_wordNum": 3,
          "answer": "없음",
          "answer_wordNum": 1,
          "fact": [
            "국수나무 가양점,휴무일,없음"
          ]
        },
        {
          "question_id": 3,
          "question_type": "정보",
          "question": "이 곳에 인접한 시설이 있나요?",
          "question_wordNum": 5,
          "answer": "미니스톱, 뚜레쥬르, 가양역 1번 출구",
          "answer_wordNum": 5,
          "fact": [
            "국수나무 가양점,인접,미니스톱, 뚜레쥬르, 가양역 1번 출구"
          ]
        }
      ]
    },
    {
      "image_id": 1,
      "question": [
        {
          "question_id": 0,
          "question_type": "정보",
          "question": "영업시간은 어떻게 되나요?",
          "question_wordNum": 3,
          "answer": "11:30 - 21:00",
          "answer_wordNum": 3,
          "fact": [
            "국수나무 가양점,영업시간,11:30 - 21:00"
          ]
        },
        {
          "question_id": 1,
          "question_type": "탐색",
          "question": "주차시설이 있나요?",
          "question_wordNum": 2,
          "answer": "있음",
          "answer_wordNum": 1,
          "fact": [
            "국수나무 가양점,주차시설,있음"
          ]
        },
        {
          "question_id": 2,
          "question_type": "정보",
          "question": "이 곳의 주소는 어떻게 되나요?",
          "question_wordNum": 5,
          "answer": "서울 강서구 양천로 461 주영빌딩",
          "answer_wordNum": 5,
          "fact": [
            "국수나무 가양점,주소,서울 강서구 양천로 461 주영빌딩"
          ]
        },
        {
          "question_id": 3,
          "question_type": "정보",
          "question": "이 곳에 인접한 시설이 있나요?",
          "question_wordNum": 5,
          "answer": "미니스톱, 뚜레쥬르, 가양역 1번 출구",
          "answer_wordNum": 5,
          "fact": [
            "국수나무 가양점,인접,미니스톱, 뚜레쥬르, 가양역 1번 출구"
          ]
        }
      ]
    },
    {
      "image_id": 2,
      "question": [
        {
          "question_id": 0,
          "question_type": "정보",
          "question": "연락처를 알 수 있나요?",
          "question_wordNum": 4,
          "answer": "02-2659-2607",
          "answer_wordNum": 1,
          "fact": [
            "국수나무 가양점,연락처,02-2659-2607"
          ]
        },
        {
          "question_id": 1,
          "question_type": "정보",
          "question": "영업시간은 어떻게 되나요?",
          "question_wordNum": 3,
          "answer": "11:30 - 21:00",
          "answer_wordNum": 3,
          "fact": [
            "국수나무 가양점,영업시간,11:30 - 21:00"
          ]
        },
        {
          "question_id": 2,
          "question_type": "탐색",
          "question": "주차시설이 있나요?",
          "question_wordNum": 2,
          "answer": "있음",
          "answer_wordNum": 1,
          "fact": [
            "국수나무 가양점,주차시설,있음"
          ]
        },
        {
          "question_id": 3,
          "question_type": "정보",
          "question": "이 곳에 인접한 시설이 있나요?",
          "question_wordNum": 5,
          "answer": "미니스톱, 뚜레쥬르, 가양역 1번 출구",
          "answer_wordNum": 5,
          "fact": [
            "국수나무 가양점,인접,미니스톱, 뚜레쥬르, 가양역 1번 출구"
          ]
        }
      ]
    },
    {
      "image_id": 3,
      "question": [
        {
          "question_id": 0,
          "question_type": "탐색",
          "question": "주차시설이 있나요?",
          "question_wordNum": 2,
          "answer": "있음",
          "answer_wordNum": 1,
          "fact": [
            "국수나무 가양점,주차시설,있음"
          ]
        },
        {
          "question_id": 1,
          "question_type": "정보",
          "question": "이 곳의 주요 메뉴를 알 수 있나요?",
          "question_wordNum": 7,
          "answer": "소고기낙지덮밥, 찐만두",
          "answer_wordNum": 2,
          "fact": [
            "국수나무 가양점,메뉴,소고기낙지덮밥, 찐만두"
          ]
        },
        {
          "question_id": 2,
          "question_type": "정보",
          "question": "연락처를 알 수 있나요?",
          "question_wordNum": 4,
          "answer": "02-2659-2607",
          "answer_wordNum": 1,
          "fact": [
            "국수나무 가양점,연락처,02-2659-2607"
          ]
        },
        {
          "question_id": 3,
          "question_type": "정보",
          "question": "이 곳에 인접한 시설이 있나요?",
          "question_wordNum": 5,
          "answer": "미니스톱, 뚜레쥬르, 가양역 1번 출구",
          "answer_wordNum": 5,
          "fact": [
            "국수나무 가양점,인접,미니스톱, 뚜레쥬르, 가양역 1번 출구"
          ]
        }
      ]
    },
    {
      "image_id": 4,
      "question": [
        {
          "question_id": 0,
          "question_type": "정보",
          "question": "휴무일은 어떻게 되나요?",
          "question_wordNum": 3,
          "answer": "없음",
          "answer_wordNum": 1,
          "fact": [
            "국수나무 가양점,휴무일,없음"
          ]
        },
        {
          "question_id": 1,
          "question_type": "정보",
          "question": "이 곳의 주요 메뉴는 무엇이 있나요?",
          "question_wordNum": 6,
          "answer": "소고기낙지덮밥, 찐만두",
          "answer_wordNum": 2,
          "fact": [
            "국수나무 가양점,메뉴,소고기낙지덮밥, 찐만두"
          ]
        },
        {
          "question_id": 2,
          "question_type": "정보",
          "question": "연락처를 알 수 있나요?",
          "question_wordNum": 4,
          "answer": "02-2659-2607",
          "answer_wordNum": 1,
          "fact": [
            "국수나무 가양점,연락처,02-2659-2607"
          ]
        },
        {
          "question_id": 3,
          "question_type": "정보",
          "question": "이 곳에 인접한 시설이 있나요?",
          "question_wordNum": 5,
          "answer": "미니스톱, 뚜레쥬르, 가양역 1번 출구",
          "answer_wordNum": 5,
          "fact": [
            "국수나무 가양점,인접,미니스톱, 뚜레쥬르, 가양역 1번 출구"
          ]
        }
      ]
    }
  ]
}