{
  "data": {
    "dataset": "2-083-219",
    "POI_id": "561462",
    "travelType": "음식점",
    "place": "마곡테이블 ",
    "area": "서울"
  },
  "imageInfo": [
    {
      "image_id": 0,
      "filename": "561462_0_su_5_마곡테이블 _1_001.png",
      "mapx": 37.5604628413112,
      "mapy": 126.83439426731,
      "width": 3840,
      "height": 2160,
      "caption_info": [
        "마곡테이블(강서구) ",
        "간판"
      ]
    },
    {
      "image_id": 1,
      "filename": "561462_0_su_5_마곡테이블 _1_002.png",
      "mapx": 37.5604628413112,
      "mapy": 126.83439426731,
      "width": 3840,
      "height": 2160,
      "caption_info": [
        "마곡테이블(강서구) ",
        "간판"
      ]
    },
    {
      "image_id": 2,
      "filename": "561462_0_su_5_마곡테이블 _1_003.png",
      "mapx": 37.5604628413112,
      "mapy": 126.83439426731,
      "width": 3840,
      "height": 2160,
      "caption_info": [
        "마곡테이블(강서구) ",
        "등받이 의자"
      ]
    },
    {
      "image_id": 3,
      "filename": "561462_0_su_5_마곡테이블 _1_004.png",
      "mapx": 37.5604628413112,
      "mapy": 126.83439426731,
      "width": 3840,
      "height": 2160,
      "caption_info": [
        "마곡테이블(강서구) ",
        "메뉴판 "
      ]
    },
    {
      "image_id": 4,
      "filename": "561462_0_su_5_마곡테이블 _1_005.png",
      "mapx": 37.5604628413112,
      "mapy": 126.83439426731,
      "width": 3840,
      "height": 2160,
      "caption_info": [
        "마곡테이블(강서구) ",
        "접시 "
      ]
    }
  ],
  "annotations": [
    {
      "image_id": 0,
      "question": [
        {
          "question_id": 0,
          "question_type": "정보",
          "question": "연락처를 알 수 있나요?",
          "question_wordNum": 4,
          "answer": "0507-1398-4010",
          "answer_wordNum": 1,
          "fact": [
            "마곡테이블,연락처,0507-1398-4010"
          ]
        },
        {
          "question_id": 1,
          "question_type": "정보",
          "question": "이 곳의 주소는 어떻게 되나요?",
          "question_wordNum": 5,
          "answer": "서울 강서구 마곡중앙6로 63",
          "answer_wordNum": 4,
          "fact": [
            "마곡테이블,주소,서울 강서구 마곡중앙6로 63"
          ]
        },
        {
          "question_id": 2,
          "question_type": "정보",
          "question": "영업시간을 알 수 있나요?",
          "question_wordNum": 4,
          "answer": "11:30~22:00",
          "answer_wordNum": 1,
          "fact": [
            "마곡테이블,영업시간,11:30~22:00"
          ]
        },
        {
          "question_id": 3,
          "question_type": "정보",
          "question": "휴무일을 알 수 있나요?",
          "question_wordNum": 4,
          "answer": "매주 수요일",
          "answer_wordNum": 2,
          "fact": [
            "마곡테이블,휴무일,매주 수요일"
          ]
        }
      ]
    },
    {
      "image_id": 1,
      "question": [
        {
          "question_id": 0,
          "question_type": "관계",
          "question": "이 곳에 인접한 시설이 있나요?",
          "question_wordNum": 5,
          "answer": "발산역 9번 출구, 고반식당, 토리아에즈",
          "answer_wordNum": 5,
          "fact": [
            "마곡테이블,인접,발산역 9번 출구, 고반식당, 토리아에즈"
          ]
        },
        {
          "question_id": 1,
          "question_type": "정보",
          "question": "이 곳의 주소는 어떻게 되나요?",
          "question_wordNum": 5,
          "answer": "서울 강서구 마곡중앙6로 63",
          "answer_wordNum": 4,
          "fact": [
            "마곡테이블,주소,서울 강서구 마곡중앙6로 63"
          ]
        },
        {
          "question_id": 2,
          "question_type": "정보",
          "question": "연락처를 알 수 있나요?",
          "question_wordNum": 4,
          "answer": "0507-1398-4010",
          "answer_wordNum": 1,
          "fact": [
            "마곡테이블,연락처,0507-1398-4010"
          ]
        },
        {
          "question_id": 3,
          "question_type": "탐색",
          "question": "주차시설이 있나요?",
          "question_wordNum": 2,
          "answer": "있음",
          "answer_wordNum": 1,
          "fact": [
            "마곡테이블,주차시설,있음"
          ]
        }
      ]
    },
    {
      "image_id": 2,
      "question": [
        {
          "question_id": 0,
          "question_type": "정보",
          "question": "휴무일을 알 수 있나요?",
          "question_wordNum": 4,
          "answer": "매주 수요일",
          "answer_wordNum": 2,
          "fact": [
            "마곡테이블,휴무일,매주 수요일"
          ]
        },
        {
          "question_id": 1,
          "question_type": "관계",
          "question": "이 곳에 인접한 시설이 있나요?",
          "question_wordNum": 5,
          "answer": "발산역 9번 출구, 고반식당, 토리아에즈",
          "answer_wordNum": 5,
          "fact": [
            "마곡테이블,인접,발산역 9번 출구, 고반식당, 토리아에즈"
          ]
        },
        {
          "question_id": 2,
          "question_type": "탐색",
          "question": "주차시설이 있는지 알 수 있나요?",
          "question_wordNum": 5,
          "answer": "있음",
          "answer_wordNum": 1,
          "fact": [
            "마곡테이블,주차시설,있음"
          ]
        },
        {
          "question_id": 3,
          "question_type": "정보",
          "question": "연락처가 어떻게 되나요?",
          "question_wordNum": 3,
          "answer": "0507-1398-4010",
          "answer_wordNum": 1,
          "fact": [
            "마곡테이블,연락처,0507-1398-4010"
          ]
        }
      ]
    },
    {
      "image_id": 3,
      "question": [
        {
          "question_id": 0,
          "question_type": "관계",
          "question": "이 곳에 인접한 시설을 알 수 있나요?",
          "question_wordNum": 7,
          "answer": "발산역 9번 출구, 고반식당, 토리아에즈",
          "answer_wordNum": 5,
          "fact": [
            "마곡테이블,인접,발산역 9번 출구, 고반식당, 토리아에즈"
          ]
        },
        {
          "question_id": 1,
          "question_type": "정보",
          "question": "영업시간은 어떻게 되나요?",
          "question_wordNum": 3,
          "answer": "11:30~22:00",
          "answer_wordNum": 1,
          "fact": [
            "마곡테이블,영업시간,11:30~22:00"
          ]
        },
        {
          "question_id": 2,
          "question_type": "탐색",
          "question": "주차시설이 있나요?",
          "question_wordNum": 2,
          "answer": "있음",
          "answer_wordNum": 1,
          "fact": [
            "마곡테이블,주차시설,있음"
          ]
        },
        {
          "question_id": 3,
          "question_type": "정보",
          "question": "이 곳의 주소는 어떻게 되나요?",
          "question_wordNum": 5,
          "answer": "서울 강서구 마곡중앙6로 63",
          "answer_wordNum": 4,
          "fact": [
            "마곡테이블,주소,서울 강서구 마곡중앙6로 63"
          ]
        }
      ]
    },
    {
      "image_id": 4,
      "question": [
        {
          "question_id": 0,
          "question_type": "정보",
          "question": "영업시간은 어떻게 되나요?",
          "question_wordNum": 3,
          "answer": "11:30~22:00",
          "answer_wordNum": 1,
          "fact": [
            "마곡테이블,영업시간,11:30~22:00"
          ]
        },
        {
          "question_id": 1,
          "question_type": "정보",
          "question": "연락처가 어떻게 되나요?",
          "question_wordNum": 3,
          "answer": "0507-1398-4010",
          "answer_wordNum": 1,
          "fact": [
            "마곡테이블,연락처,0507-1398-4010"
          ]
        },
        {
          "question_id": 2,
          "question_type": "정보",
          "question": "이 곳의 메뉴를 알 수 있나요?",
          "question_wordNum": 6,
          "answer": "부라타 토마토 샐러드, 트러플 크림을 곁들인 구운 감자뇨끼",
          "answer_wordNum": 8,
          "fact": [
            "마곡테이블,메뉴,부라타 토마토 샐러드, 트러플 크림을 곁들인 구운 감자뇨끼"
          ]
        },
        {
          "question_id": 3,
          "question_type": "탐색",
          "question": "주차시설이 있나요?",
          "question_wordNum": 2,
          "answer": "있음",
          "answer_wordNum": 1,
          "fact": [
            "마곡테이블,주차시설,있음"
          ]
        }
      ]
    }
  ]
}