{
  "data": {
    "dataset": "2-083-219",
    "POI_id": "561538",
    "travelType": "음식점",
    "place": "긴꼬리초밥 ",
    "area": "서울"
  },
  "imageInfo": [
    {
      "image_id": 0,
      "filename": "561538_0_su_5_긴꼬리초밥 _2_001.png",
      "mapx": 37.5596113961056,
      "mapy": 126.837242277605,
      "width": 3840,
      "height": 2160,
      "caption_info": [
        "긴꼬리초밥(마곡동)",
        "간판"
      ]
    },
    {
      "image_id": 1,
      "filename": "561538_0_su_5_긴꼬리초밥 _2_002.png",
      "mapx": 37.5596113961056,
      "mapy": 126.837242277605,
      "width": 3840,
      "height": 2160,
      "caption_info": [
        "긴꼬리초밥(마곡동)",
        "간판"
      ]
    },
    {
      "image_id": 2,
      "filename": "561538_0_su_5_긴꼬리초밥 _2_003.png",
      "mapx": 37.5596113961056,
      "mapy": 126.837242277605,
      "width": 3840,
      "height": 2160,
      "caption_info": [
        "긴꼬리초밥(마곡동)",
        "테이블, 등받이 의자"
      ]
    },
    {
      "image_id": 3,
      "filename": "561538_0_su_5_긴꼬리초밥 _2_004.png",
      "mapx": 37.5596113961056,
      "mapy": 126.837242277605,
      "width": 3840,
      "height": 2160,
      "caption_info": [
        "긴꼬리초밥(마곡동)",
        "메뉴판"
      ]
    },
    {
      "image_id": 4,
      "filename": "561538_0_su_5_긴꼬리초밥 _2_005.png",
      "mapx": 37.5596113961056,
      "mapy": 126.837242277605,
      "width": 3840,
      "height": 2160,
      "caption_info": [
        "긴꼬리초밥(마곡동)",
        "초밥"
      ]
    }
  ],
  "annotations": [
    {
      "image_id": 0,
      "question": [
        {
          "question_id": 0,
          "question_type": "탐색",
          "question": "주차시설이 있는지 알 수 있나요?",
          "question_wordNum": 5,
          "answer": "있음",
          "answer_wordNum": 1,
          "fact": [
            "긴꼬리초밥,주차시설,있음"
          ]
        },
        {
          "question_id": 1,
          "question_type": "정보",
          "question": "이 곳의 주요 메뉴를 알 수 있나요?",
          "question_wordNum": 7,
          "answer": "특선초밥, 반우동",
          "answer_wordNum": 2,
          "fact": [
            "긴꼬리초밥,메뉴,특선초밥, 반우동"
          ]
        },
        {
          "question_id": 2,
          "question_type": "관계",
          "question": "이 곳에 인접한 시설을 알 수 있나요?",
          "question_wordNum": 7,
          "answer": "발산역 1번 출구, GS25, 마곡김밥",
          "answer_wordNum": 5,
          "fact": [
            "긴꼬리초밥,인접,발산역 1번 출구, GS25, 마곡김밥"
          ]
        },
        {
          "question_id": 3,
          "question_type": "정보",
          "question": "영업시간을 알 수 있나요?",
          "question_wordNum": 4,
          "answer": "11:30~22:00",
          "answer_wordNum": 1,
          "fact": [
            "긴꼬리초밥,영업시간,11:30~22:00"
          ]
        }
      ]
    },
    {
      "image_id": 1,
      "question": [
        {
          "question_id": 0,
          "question_type": "정보",
          "question": "휴무일을 알 수 있나요?",
          "question_wordNum": 4,
          "answer": "없음",
          "answer_wordNum": 1,
          "fact": [
            "긴꼬리초밥,휴무일,없음"
          ]
        },
        {
          "question_id": 1,
          "question_type": "정보",
          "question": "연락처를 알 수 있나요?",
          "question_wordNum": 4,
          "answer": "02-3662-7005",
          "answer_wordNum": 1,
          "fact": [
            "긴꼬리초밥,연락처,02-3662-7005"
          ]
        },
        {
          "question_id": 2,
          "question_type": "정보",
          "question": "영업시간은 몇시부터 몇시까지로 기재되어 있나요?",
          "question_wordNum": 5,
          "answer": "11:30~22:00",
          "answer_wordNum": 1,
          "fact": [
            "긴꼬리초밥,영업시간,11:30~22:00"
          ]
        },
        {
          "question_id": 3,
          "question_type": "정보",
          "question": "이 곳의 대표적인 메뉴는 무엇이 있나요?",
          "question_wordNum": 6,
          "answer": "특선초밥, 반우동",
          "answer_wordNum": 2,
          "fact": [
            "긴꼬리초밥,메뉴,특선초밥, 반우동"
          ]
        }
      ]
    },
    {
      "image_id": 2,
      "question": [
        {
          "question_id": 0,
          "question_type": "탐색",
          "question": "주차시설이 있나요?",
          "question_wordNum": 2,
          "answer": "있음",
          "answer_wordNum": 1,
          "fact": [
            "긴꼬리초밥,주차시설,있음"
          ]
        },
        {
          "question_id": 1,
          "question_type": "정보",
          "question": "휴무일을 알 수 있나요?",
          "question_wordNum": 4,
          "answer": "없음",
          "answer_wordNum": 1,
          "fact": [
            "긴꼬리초밥,휴무일,없음"
          ]
        },
        {
          "question_id": 2,
          "question_type": "관계",
          "question": "이 곳에 인접한 시설이 있나요?",
          "question_wordNum": 5,
          "answer": "발산역 1번 출구, GS25, 마곡김밥",
          "answer_wordNum": 5,
          "fact": [
            "긴꼬리초밥,인접,발산역 1번 출구, GS25, 마곡김밥"
          ]
        },
        {
          "question_id": 3,
          "question_type": "정보",
          "question": "연락처가 어떻게 되나요?",
          "question_wordNum": 3,
          "answer": "02-3662-7005",
          "answer_wordNum": 1,
          "fact": [
            "긴꼬리초밥,연락처,02-3662-7005"
          ]
        }
      ]
    },
    {
      "image_id": 3,
      "question": [
        {
          "question_id": 0,
          "question_type": "탐색",
          "question": "주차시설이 있나요?",
          "question_wordNum": 2,
          "answer": "있음",
          "answer_wordNum": 1,
          "fact": [
            "긴꼬리초밥,주차시설,있음"
          ]
        },
        {
          "question_id": 1,
          "question_type": "정보",
          "question": "이 곳의 주소를 알 수 있나요?",
          "question_wordNum": 6,
          "answer": "서울 강서구 공항대로 269-15",
          "answer_wordNum": 4,
          "fact": [
            "긴꼬리초밥,주소,서울 강서구 공항대로 269-15"
          ]
        },
        {
          "question_id": 2,
          "question_type": "정보",
          "question": "휴무일은 어떻게 되나요?",
          "question_wordNum": 3,
          "answer": "없음",
          "answer_wordNum": 1,
          "fact": [
            "긴꼬리초밥,휴무일,없음"
          ]
        },
        {
          "question_id": 3,
          "question_type": "정보",
          "question": "영업시간을 알 수 있나요?",
          "question_wordNum": 4,
          "answer": "11:30~22:00",
          "answer_wordNum": 1,
          "fact": [
            "긴꼬리초밥,영업시간,11:30~22:00"
          ]
        }
      ]
    },
    {
      "image_id": 4,
      "question": [
        {
          "question_id": 0,
          "question_type": "관계",
          "question": "이 곳에 인접한 시설이 있나요?",
          "question_wordNum": 5,
          "answer": "발산역 1번 출구, GS25, 마곡김밥",
          "answer_wordNum": 5,
          "fact": [
            "긴꼬리초밥,인접,발산역 1번 출구, GS25, 마곡김밥"
          ]
        },
        {
          "question_id": 1,
          "question_type": "정보",
          "question": "이 곳의 주소는 어떻게 되나요?",
          "question_wordNum": 5,
          "answer": "서울 강서구 공항대로 269-15",
          "answer_wordNum": 4,
          "fact": [
            "긴꼬리초밥,주소,서울 강서구 공항대로 269-15"
          ]
        },
        {
          "question_id": 2,
          "question_type": "정보",
          "question": "연락처를 알 수 있나요?",
          "question_wordNum": 4,
          "answer": "02-3662-7005",
          "answer_wordNum": 1,
          "fact": [
            "긴꼬리초밥,연락처,02-3662-7005"
          ]
        },
        {
          "question_id": 3,
          "question_type": "정보",
          "question": "이 곳의 주요 메뉴는 무엇이 있나요?",
          "question_wordNum": 6,
          "answer": "특선초밥, 반우동",
          "answer_wordNum": 2,
          "fact": [
            "긴꼬리초밥,메뉴,특선초밥, 반우동"
          ]
        }
      ]
    }
  ]
}