{
  "data": {
    "dataset": "2-083-219",
    "POI_id": "561373",
    "travelType": "음식점",
    "place": "봉순이칼국수",
    "area": "서울"
  },
  "imageInfo": [
    {
      "image_id": 0,
      "filename": "561373_0_su_5_봉순이칼국수_1_001.png",
      "mapx": 37.5657010514328,
      "mapy": 126.84764409296,
      "width": 3840,
      "height": 2160,
      "caption_info": [
        "봉순이칼국수(가양동)",
        "간판"
      ]
    },
    {
      "image_id": 1,
      "filename": "561373_0_su_5_봉순이칼국수_1_002.png",
      "mapx": 37.5657010514328,
      "mapy": 126.84764409296,
      "width": 3840,
      "height": 2160,
      "caption_info": [
        "봉순이칼국수(가양동)",
        "간판"
      ]
    },
    {
      "image_id": 2,
      "filename": "561373_0_su_5_봉순이칼국수_1_003.png",
      "mapx": 37.5657010514328,
      "mapy": 126.84764409296,
      "width": 3840,
      "height": 2160,
      "caption_info": [
        "봉순이칼국수(가양동)",
        "조리대"
      ]
    },
    {
      "image_id": 3,
      "filename": "561373_0_su_5_봉순이칼국수_1_004.png",
      "mapx": 37.5657010514328,
      "mapy": 126.84764409296,
      "width": 3840,
      "height": 2160,
      "caption_info": [
        "봉순이칼국수(가양동)",
        "메뉴판"
      ]
    },
    {
      "image_id": 4,
      "filename": "561373_0_su_5_봉순이칼국수_1_005.png",
      "mapx": 37.5657010514328,
      "mapy": 126.84764409296,
      "width": 3840,
      "height": 2160,
      "caption_info": [
        "봉순이칼국수(가양동)",
        "보쌈"
      ]
    }
  ],
  "annotations": [
    {
      "image_id": 0,
      "question": [
        {
          "question_id": 0,
          "question_type": "정보",
          "question": "영업시간은 어떻게 되나요?",
          "question_wordNum": 3,
          "answer": "11:00~22:00",
          "answer_wordNum": 1,
          "fact": [
            "봉순이칼국수,영업시간,11:00~22:00"
          ]
        },
        {
          "question_id": 1,
          "question_type": "관계",
          "question": "이 곳에 인접한 시설이 있나요?",
          "question_wordNum": 5,
          "answer": "양천향교역 4번 출구, GS25, 감성커피",
          "answer_wordNum": 5,
          "fact": [
            "봉순이칼국수,인접,양천향교역 4번 출구, GS25, 감성커피"
          ]
        },
        {
          "question_id": 2,
          "question_type": "정보",
          "question": "이 곳의 주요 메뉴는 무엇이 있나요?",
          "question_wordNum": 6,
          "answer": "봉순이칼국수, 한방 오징어 보쌈",
          "answer_wordNum": 4,
          "fact": [
            "봉순이칼국수,메뉴,봉순이칼국수, 한방 오징어 보쌈"
          ]
        },
        {
          "question_id": 3,
          "question_type": "정보",
          "question": "이 곳의 주소는 어떻게 되나요?",
          "question_wordNum": 5,
          "answer": "서울 강서구 양천로 401 에이동 1층 105-2호",
          "answer_wordNum": 7,
          "fact": [
            "봉순이칼국수,주소,서울 강서구 양천로 401 에이동 1층 105-2호"
          ]
        }
      ]
    },
    {
      "image_id": 1,
      "question": [
        {
          "question_id": 0,
          "question_type": "정보",
          "question": "휴무일을 알 수 있나요?",
          "question_wordNum": 4,
          "answer": "알수없음",
          "answer_wordNum": 1,
          "fact": [
            "봉순이칼국수,휴무일,알수없음"
          ]
        },
        {
          "question_id": 1,
          "question_type": "정보",
          "question": "이 곳의 주소는 어떻게 되나요?",
          "question_wordNum": 5,
          "answer": "서울 강서구 양천로 401 에이동 1층 105-2호",
          "answer_wordNum": 7,
          "fact": [
            "봉순이칼국수,주소,서울 강서구 양천로 401 에이동 1층 105-2호"
          ]
        },
        {
          "question_id": 2,
          "question_type": "탐색",
          "question": "주차시설이 있나요?",
          "question_wordNum": 2,
          "answer": "있음",
          "answer_wordNum": 1,
          "fact": [
            "봉순이칼국수,주차시설,있음"
          ]
        },
        {
          "question_id": 3,
          "question_type": "정보",
          "question": "이 곳의 대표적인 메뉴는 무엇이 있나요?",
          "question_wordNum": 6,
          "answer": "봉순이칼국수, 한방 오징어 보쌈",
          "answer_wordNum": 4,
          "fact": [
            "봉순이칼국수,메뉴,봉순이칼국수, 한방 오징어 보쌈"
          ]
        }
      ]
    },
    {
      "image_id": 2,
      "question": [
        {
          "question_id": 0,
          "question_type": "정보",
          "question": "이 곳의 주요 메뉴는 무엇이 있나요?",
          "question_wordNum": 6,
          "answer": "봉순이칼국수, 한방 오징어 보쌈",
          "answer_wordNum": 4,
          "fact": [
            "봉순이칼국수,메뉴,봉순이칼국수, 한방 오징어 보쌈"
          ]
        },
        {
          "question_id": 1,
          "question_type": "정보",
          "question": "영업시간은 어떻게 되나요?",
          "question_wordNum": 3,
          "answer": "11:00~22:00",
          "answer_wordNum": 1,
          "fact": [
            "봉순이칼국수,영업시간,11:00~22:00"
          ]
        },
        {
          "question_id": 2,
          "question_type": "정보",
          "question": "연락처가 어떻게 되나요?",
          "question_wordNum": 3,
          "answer": "0507-1394-5122",
          "answer_wordNum": 1,
          "fact": [
            "봉순이칼국수,연락처,0507-1394-5122"
          ]
        },
        {
          "question_id": 3,
          "question_type": "정보",
          "question": "이 곳의 주소는 어떻게 되나요?",
          "question_wordNum": 5,
          "answer": "서울 강서구 양천로 401 에이동 1층 105-2호",
          "answer_wordNum": 7,
          "fact": [
            "봉순이칼국수,주소,서울 강서구 양천로 401 에이동 1층 105-2호"
          ]
        }
      ]
    },
    {
      "image_id": 3,
      "question": [
        {
          "question_id": 0,
          "question_type": "정보",
          "question": "영업시간은 어떻게 되나요?",
          "question_wordNum": 3,
          "answer": "11:00~22:00",
          "answer_wordNum": 1,
          "fact": [
            "봉순이칼국수,영업시간,11:00~22:00"
          ]
        },
        {
          "question_id": 1,
          "question_type": "관계",
          "question": "이 곳에 인접한 시설이 있나요?",
          "question_wordNum": 5,
          "answer": "양천향교역 4번 출구, GS25, 감성커피",
          "answer_wordNum": 5,
          "fact": [
            "봉순이칼국수,인접,양천향교역 4번 출구, GS25, 감성커피"
          ]
        },
        {
          "question_id": 2,
          "question_type": "탐색",
          "question": "주차시설이 있나요?",
          "question_wordNum": 2,
          "answer": "있음",
          "answer_wordNum": 1,
          "fact": [
            "봉순이칼국수,주차시설,있음"
          ]
        },
        {
          "question_id": 3,
          "question_type": "정보",
          "question": "연락처가 어떻게 되나요?",
          "question_wordNum": 3,
          "answer": "0507-1394-5122",
          "answer_wordNum": 1,
          "fact": [
            "봉순이칼국수,연락처,0507-1394-5122"
          ]
        }
      ]
    },
    {
      "image_id": 4,
      "question": [
        {
          "question_id": 0,
          "question_type": "정보",
          "question": "이 곳의 주소는 어떻게 되나요?",
          "question_wordNum": 5,
          "answer": "서울 강서구 양천로 401 에이동 1층 105-2호",
          "answer_wordNum": 7,
          "fact": [
            "봉순이칼국수,주소,서울 강서구 양천로 401 에이동 1층 105-2호"
          ]
        },
        {
          "question_id": 1,
          "question_type": "관계",
          "question": "이 곳에 인접한 시설이 있나요?",
          "question_wordNum": 5,
          "answer": "양천향교역 4번 출구, GS25, 감성커피",
          "answer_wordNum": 5,
          "fact": [
            "봉순이칼국수,인접,양천향교역 4번 출구, GS25, 감성커피"
          ]
        },
        {
          "question_id": 2,
          "question_type": "정보",
          "question": "이 곳의 주요 메뉴는 무엇이 있나요?",
          "question_wordNum": 6,
          "answer": "봉순이칼국수, 한방 오징어 보쌈",
          "answer_wordNum": 4,
          "fact": [
            "봉순이칼국수,메뉴,봉순이칼국수, 한방 오징어 보쌈"
          ]
        },
        {
          "question_id": 3,
          "question_type": "탐색",
          "question": "주차시설이 있나요?",
          "question_wordNum": 2,
          "answer": "있음",
          "answer_wordNum": 1,
          "fact": [
            "봉순이칼국수,주차시설,있음"
          ]
        }
      ]
    }
  ]
}