{
  "data": {
    "dataset": "2-083-219",
    "POI_id": "561429",
    "travelType": "음식점",
    "place": "홍홍닭갈비 본점",
    "area": "서울"
  },
  "imageInfo": [
    {
      "image_id": 0,
      "filename": "561429_0_su_5_홍홍닭갈비 본점_1_001.png",
      "mapx": 37.5704780061189,
      "mapy": 126.841933133618,
      "width": 3840,
      "height": 2160,
      "caption_info": [
        "홍홍닭갈비 본점(가양동)",
        "간판, 여닫이문"
      ]
    },
    {
      "image_id": 1,
      "filename": "561429_0_su_5_홍홍닭갈비 본점_1_002.png",
      "mapx": 37.5704780061189,
      "mapy": 126.841933133618,
      "width": 3840,
      "height": 2160,
      "caption_info": [
        "홍홍닭갈비 본점(가양동)",
        "간판"
      ]
    },
    {
      "image_id": 2,
      "filename": "561429_0_su_5_홍홍닭갈비 본점_1_003.png",
      "mapx": 37.5704780061189,
      "mapy": 126.841933133618,
      "width": 3840,
      "height": 2160,
      "caption_info": [
        "홍홍닭갈비 본점(가양동)",
        "에어컨, 테이블, 등받이의자, 화분"
      ]
    },
    {
      "image_id": 3,
      "filename": "561429_0_su_5_홍홍닭갈비 본점_1_004.png",
      "mapx": 37.5704780061189,
      "mapy": 126.841933133618,
      "width": 3840,
      "height": 2160,
      "caption_info": [
        "홍홍닭갈비 본점(가양동)",
        "메뉴판"
      ]
    },
    {
      "image_id": 4,
      "filename": "561429_0_su_5_홍홍닭갈비 본점_1_005.png",
      "mapx": 37.5704780061189,
      "mapy": 126.841933133618,
      "width": 3840,
      "height": 2160,
      "caption_info": [
        "홍홍닭갈비 본점(가양동)",
        "닭갈비"
      ]
    }
  ],
  "annotations": [
    {
      "image_id": 0,
      "question": [
        {
          "question_id": 0,
          "question_type": "탐색",
          "question": "주차시설이 있나요?",
          "question_wordNum": 2,
          "answer": "있음",
          "answer_wordNum": 1,
          "fact": [
            "홍홍닭갈비 본점,주차시설,있음"
          ]
        },
        {
          "question_id": 1,
          "question_type": "정보",
          "question": "연락처가 어떻게 되나요?",
          "question_wordNum": 3,
          "answer": "0507-1423-3396",
          "answer_wordNum": 1,
          "fact": [
            "홍홍닭갈비 본점,연락처,0507-1423-3396"
          ]
        },
        {
          "question_id": 2,
          "question_type": "정보",
          "question": "영업시간을 알 수 있나요?",
          "question_wordNum": 4,
          "answer": "알수없음",
          "answer_wordNum": 1,
          "fact": [
            "홍홍닭갈비 본점,영업시간,알수없음"
          ]
        },
        {
          "question_id": 3,
          "question_type": "정보",
          "question": "이 곳에 인접한 시설이 있나요?",
          "question_wordNum": 5,
          "answer": "양천향교역 3번 출구, 이디야커피, 자담치킨",
          "answer_wordNum": 5,
          "fact": [
            "홍홍닭갈비 본점,인접,양천향교역 3번 출구, 이디야커피, 자담치킨"
          ]
        }
      ]
    },
    {
      "image_id": 1,
      "question": [
        {
          "question_id": 0,
          "question_type": "정보",
          "question": "영업시간을 알 수 있나요?",
          "question_wordNum": 4,
          "answer": "알수없음",
          "answer_wordNum": 1,
          "fact": [
            "홍홍닭갈비 본점,영업시간,알수없음"
          ]
        },
        {
          "question_id": 1,
          "question_type": "정보",
          "question": "이 곳의 주요 메뉴를 알 수 있나요?",
          "question_wordNum": 7,
          "answer": "뼈없는닭갈비, 뼈없는치즈닭갈비",
          "answer_wordNum": 2,
          "fact": [
            "홍홍닭갈비 본점,메뉴,뼈없는닭갈비, 뼈없는치즈닭갈비"
          ]
        },
        {
          "question_id": 2,
          "question_type": "탐색",
          "question": "주차시설이 있나요?",
          "question_wordNum": 2,
          "answer": "있음",
          "answer_wordNum": 1,
          "fact": [
            "홍홍닭갈비 본점,주차시설,있음"
          ]
        },
        {
          "question_id": 3,
          "question_type": "정보",
          "question": "이 곳에 인접한 시설이 있나요?",
          "question_wordNum": 5,
          "answer": "양천향교역 3번 출구, 이디야커피, 자담치킨",
          "answer_wordNum": 5,
          "fact": [
            "홍홍닭갈비 본점,인접,양천향교역 3번 출구, 이디야커피, 자담치킨"
          ]
        }
      ]
    },
    {
      "image_id": 2,
      "question": [
        {
          "question_id": 0,
          "question_type": "탐색",
          "question": "주차시설이 있나요?",
          "question_wordNum": 2,
          "answer": "있음",
          "answer_wordNum": 1,
          "fact": [
            "홍홍닭갈비 본점,주차시설,있음"
          ]
        },
        {
          "question_id": 1,
          "question_type": "정보",
          "question": "휴무일을 알 수 있나요?",
          "question_wordNum": 4,
          "answer": "알수없음",
          "answer_wordNum": 1,
          "fact": [
            "홍홍닭갈비 본점,휴무일,알수없음"
          ]
        },
        {
          "question_id": 2,
          "question_type": "정보",
          "question": "이 곳의 주요 메뉴는 무엇이 있나요?",
          "question_wordNum": 6,
          "answer": "뼈없는닭갈비, 뼈없는치즈닭갈비",
          "answer_wordNum": 2,
          "fact": [
            "홍홍닭갈비 본점,메뉴,뼈없는닭갈비, 뼈없는치즈닭갈비"
          ]
        },
        {
          "question_id": 3,
          "question_type": "정보",
          "question": "이 곳에 인접한 시설이 있나요?",
          "question_wordNum": 5,
          "answer": "양천향교역 3번 출구, 이디야커피, 자담치킨",
          "answer_wordNum": 5,
          "fact": [
            "홍홍닭갈비 본점,인접,양천향교역 3번 출구, 이디야커피, 자담치킨"
          ]
        }
      ]
    },
    {
      "image_id": 3,
      "question": [
        {
          "question_id": 0,
          "question_type": "정보",
          "question": "휴무일을 알 수 있나요?",
          "question_wordNum": 4,
          "answer": "알수없음",
          "answer_wordNum": 1,
          "fact": [
            "홍홍닭갈비 본점,휴무일,알수없음"
          ]
        },
        {
          "question_id": 1,
          "question_type": "정보",
          "question": "연락처를 알 수 있나요?",
          "question_wordNum": 4,
          "answer": "0507-1423-3396",
          "answer_wordNum": 1,
          "fact": [
            "홍홍닭갈비 본점,연락처,0507-1423-3396"
          ]
        },
        {
          "question_id": 2,
          "question_type": "정보",
          "question": "영업시간은 어떻게 되나요?",
          "question_wordNum": 3,
          "answer": "알수없음",
          "answer_wordNum": 1,
          "fact": [
            "홍홍닭갈비 본점,영업시간,알수없음"
          ]
        },
        {
          "question_id": 3,
          "question_type": "정보",
          "question": "이 곳에 인접한 시설이 있나요?",
          "question_wordNum": 5,
          "answer": "양천향교역 3번 출구, 이디야커피, 자담치킨",
          "answer_wordNum": 5,
          "fact": [
            "홍홍닭갈비 본점,인접,양천향교역 3번 출구, 이디야커피, 자담치킨"
          ]
        }
      ]
    },
    {
      "image_id": 4,
      "question": [
        {
          "question_id": 0,
          "question_type": "정보",
          "question": "휴무일은 어떻게 되나요?",
          "question_wordNum": 3,
          "answer": "알수없음",
          "answer_wordNum": 1,
          "fact": [
            "홍홍닭갈비 본점,휴무일,알수없음"
          ]
        },
        {
          "question_id": 1,
          "question_type": "탐색",
          "question": "주차시설이 있나요?",
          "question_wordNum": 2,
          "answer": "있음",
          "answer_wordNum": 1,
          "fact": [
            "홍홍닭갈비 본점,주차시설,있음"
          ]
        },
        {
          "question_id": 2,
          "question_type": "정보",
          "question": "연락처를 알 수 있나요?",
          "question_wordNum": 4,
          "answer": "0507-1423-3396",
          "answer_wordNum": 1,
          "fact": [
            "홍홍닭갈비 본점,연락처,0507-1423-3396"
          ]
        },
        {
          "question_id": 3,
          "question_type": "정보",
          "question": "이 곳에 인접한 시설이 있나요?",
          "question_wordNum": 5,
          "answer": "양천향교역 3번 출구, 이디야커피, 자담치킨",
          "answer_wordNum": 5,
          "fact": [
            "홍홍닭갈비 본점,인접,양천향교역 3번 출구, 이디야커피, 자담치킨"
          ]
        }
      ]
    }
  ]
}