{
  "data": {
    "dataset": "2-083-219",
    "POI_id": "561398",
    "travelType": "음식점",
    "place": "장하촌",
    "area": "서울"
  },
  "imageInfo": [
    {
      "image_id": 0,
      "filename": "561398_0_su_5_장하촌_1_001.png",
      "mapx": 37.5714566118045,
      "mapy": 126.840419313268,
      "width": 3840,
      "height": 2160,
      "caption_info": [
        "장하촌(가양동)",
        "간판"
      ]
    },
    {
      "image_id": 1,
      "filename": "561398_0_su_5_장하촌_1_002.png",
      "mapx": 37.5714566118045,
      "mapy": 126.840419313268,
      "width": 3840,
      "height": 2160,
      "caption_info": [
        "장하촌(가양동)",
        "건물"
      ]
    },
    {
      "image_id": 2,
      "filename": "561398_0_su_5_장하촌_1_003.png",
      "mapx": 37.5714566118045,
      "mapy": 126.840419313268,
      "width": 3840,
      "height": 2160,
      "caption_info": [
        "장하촌(가양동)",
        "배달통, 소주박스, 의자"
      ]
    },
    {
      "image_id": 3,
      "filename": "561398_0_su_5_장하촌_1_004.png",
      "mapx": 37.5714566118045,
      "mapy": 126.840419313268,
      "width": 3840,
      "height": 2160,
      "caption_info": [
        "장하촌(가양동)",
        "메뉴판"
      ]
    },
    {
      "image_id": 4,
      "filename": "561398_0_su_5_장하촌_1_005.png",
      "mapx": 37.5714566118045,
      "mapy": 126.840419313268,
      "width": 3840,
      "height": 2160,
      "caption_info": [
        "장하촌(가양동)",
        "짜장면"
      ]
    }
  ],
  "annotations": [
    {
      "image_id": 0,
      "question": [
        {
          "question_id": 0,
          "question_type": "정보",
          "question": "영업시간은 어떻게 되나요?",
          "question_wordNum": 3,
          "answer": "11:00 - 21:00",
          "answer_wordNum": 3,
          "fact": [
            "장하촌,영업시간,11:00 - 21:00"
          ]
        },
        {
          "question_id": 1,
          "question_type": "정보",
          "question": "이 곳의 대표적인 메뉴를 알 수 있나요?",
          "question_wordNum": 7,
          "answer": "짜장면, 간짜장",
          "answer_wordNum": 2,
          "fact": [
            "장하촌,메뉴,짜장면, 간짜장"
          ]
        },
        {
          "question_id": 2,
          "question_type": "탐색",
          "question": "주차시설이 있는지 알 수 있나요?",
          "question_wordNum": 5,
          "answer": "있음",
          "answer_wordNum": 1,
          "fact": [
            "장하촌,주차시설,있음"
          ]
        },
        {
          "question_id": 3,
          "question_type": "정보",
          "question": "이 곳의 주소는 어떻게 되나요?",
          "question_wordNum": 5,
          "answer": "서울 강서구 양천로49길 56-3",
          "answer_wordNum": 4,
          "fact": [
            "장하촌,주소,서울 강서구 양천로49길 56-3"
          ]
        }
      ]
    },
    {
      "image_id": 1,
      "question": [
        {
          "question_id": 0,
          "question_type": "정보",
          "question": "이 곳의 대표적인 메뉴는 무엇이 있나요?",
          "question_wordNum": 6,
          "answer": "짜장면, 간짜장",
          "answer_wordNum": 2,
          "fact": [
            "장하촌,메뉴,짜장면, 간짜장"
          ]
        },
        {
          "question_id": 1,
          "question_type": "탐색",
          "question": "주차시설이 있는지 알 수 있나요?",
          "question_wordNum": 5,
          "answer": "있음",
          "answer_wordNum": 1,
          "fact": [
            "장하촌,주차시설,있음"
          ]
        },
        {
          "question_id": 2,
          "question_type": "정보",
          "question": "영업시간은 몇시부터 몇시까지로 기재되어 있나요?",
          "question_wordNum": 5,
          "answer": "11:00 - 21:00",
          "answer_wordNum": 3,
          "fact": [
            "장하촌,영업시간,11:00 - 21:00"
          ]
        },
        {
          "question_id": 3,
          "question_type": "정보",
          "question": "연락처가 어떻게 되나요?",
          "question_wordNum": 3,
          "answer": "알수없음",
          "answer_wordNum": 1,
          "fact": [
            "장하촌,연락처,알수없음"
          ]
        }
      ]
    },
    {
      "image_id": 2,
      "question": [
        {
          "question_id": 0,
          "question_type": "정보",
          "question": "이 곳의 대표적인 메뉴는 무엇이 있나요?",
          "question_wordNum": 6,
          "answer": "짜장면, 간짜장",
          "answer_wordNum": 2,
          "fact": [
            "장하촌,메뉴,짜장면, 간짜장"
          ]
        },
        {
          "question_id": 1,
          "question_type": "관계",
          "question": "이 곳에 인접한 시설을 알 수 있나요?",
          "question_wordNum": 7,
          "answer": "쇼와, 남도식당, 양천향교역 2번 출구",
          "answer_wordNum": 5,
          "fact": [
            "장하촌,인접,쇼와, 남도식당, 양천향교역 2번 출구"
          ]
        },
        {
          "question_id": 2,
          "question_type": "정보",
          "question": "영업시간은 어떻게 되나요?",
          "question_wordNum": 3,
          "answer": "11:00 - 21:00",
          "answer_wordNum": 3,
          "fact": [
            "장하촌,영업시간,11:00 - 21:00"
          ]
        },
        {
          "question_id": 3,
          "question_type": "정보",
          "question": "이 곳의 주소는 어떻게 되나요?",
          "question_wordNum": 5,
          "answer": "서울 강서구 양천로49길 56-3",
          "answer_wordNum": 4,
          "fact": [
            "장하촌,주소,서울 강서구 양천로49길 56-3"
          ]
        }
      ]
    },
    {
      "image_id": 3,
      "question": [
        {
          "question_id": 0,
          "question_type": "정보",
          "question": "이 곳의 주소를 알 수 있나요?",
          "question_wordNum": 6,
          "answer": "서울 강서구 양천로49길 56-3",
          "answer_wordNum": 4,
          "fact": [
            "장하촌,주소,서울 강서구 양천로49길 56-3"
          ]
        },
        {
          "question_id": 1,
          "question_type": "정보",
          "question": "연락처가 어떻게 되나요?",
          "question_wordNum": 3,
          "answer": "알수없음",
          "answer_wordNum": 1,
          "fact": [
            "장하촌,연락처,알수없음"
          ]
        },
        {
          "question_id": 2,
          "question_type": "관계",
          "question": "이 곳에 인접한 시설이 있나요?",
          "question_wordNum": 5,
          "answer": "쇼와, 남도식당, 양천향교역 2번 출구",
          "answer_wordNum": 5,
          "fact": [
            "장하촌,인접,쇼와, 남도식당, 양천향교역 2번 출구"
          ]
        },
        {
          "question_id": 3,
          "question_type": "정보",
          "question": "이 곳의 대표적인 메뉴는 무엇이 있나요?",
          "question_wordNum": 6,
          "answer": "짜장면, 간짜장",
          "answer_wordNum": 2,
          "fact": [
            "장하촌,메뉴,짜장면, 간짜장"
          ]
        }
      ]
    },
    {
      "image_id": 4,
      "question": [
        {
          "question_id": 0,
          "question_type": "관계",
          "question": "이 곳에 인접한 시설이 있나요?",
          "question_wordNum": 5,
          "answer": "쇼와, 남도식당, 양천향교역 2번 출구",
          "answer_wordNum": 5,
          "fact": [
            "장하촌,인접,쇼와, 남도식당, 양천향교역 2번 출구"
          ]
        },
        {
          "question_id": 1,
          "question_type": "정보",
          "question": "영업시간은 몇시부터 몇시까지로 기재되어 있나요?",
          "question_wordNum": 5,
          "answer": "11:00 - 21:00",
          "answer_wordNum": 3,
          "fact": [
            "장하촌,영업시간,11:00 - 21:00"
          ]
        },
        {
          "question_id": 2,
          "question_type": "정보",
          "question": "이 곳의 주소는 어떻게 되나요?",
          "question_wordNum": 5,
          "answer": "서울 강서구 양천로49길 56-3",
          "answer_wordNum": 4,
          "fact": [
            "장하촌,주소,서울 강서구 양천로49길 56-3"
          ]
        },
        {
          "question_id": 3,
          "question_type": "정보",
          "question": "휴무일을 알 수 있나요?",
          "question_wordNum": 4,
          "answer": "없음",
          "answer_wordNum": 1,
          "fact": [
            "장하촌,휴무일,없음"
          ]
        }
      ]
    }
  ]
}