{
  "data": {
    "dataset": "2-083-219",
    "POI_id": "561768",
    "travelType": "음식점",
    "place": "피자알볼로 발산직영점",
    "area": "서울"
  },
  "imageInfo": [
    {
      "image_id": 0,
      "filename": "561768_0_su_5_피자알볼로 발산직영점_1_001.png",
      "mapx": 37.5535962371318,
      "mapy": 126.836383155283,
      "width": 3840,
      "height": 2160,
      "caption_info": [
        "피자알볼로 발산직영점(내발산동)",
        "간판, 오토바이, 여닫이문"
      ]
    },
    {
      "image_id": 1,
      "filename": "561768_0_su_5_피자알볼로 발산직영점_1_002.png",
      "mapx": 37.5535962371318,
      "mapy": 126.836383155283,
      "width": 3840,
      "height": 2160,
      "caption_info": [
        "피자알볼로 발산직영점(내발산동)",
        "간판, 여닫이문"
      ]
    },
    {
      "image_id": 2,
      "filename": "561768_0_su_5_피자알볼로 발산직영점_1_003.png",
      "mapx": 37.5535962371318,
      "mapy": 126.836383155283,
      "width": 3840,
      "height": 2160,
      "caption_info": [
        "피자알볼로 발산직영점(내발산동)",
        "카운터, 휴지통, 등받이의자"
      ]
    },
    {
      "image_id": 3,
      "filename": "561768_0_su_5_피자알볼로 발산직영점_1_004.png",
      "mapx": 37.5535962371318,
      "mapy": 126.836383155283,
      "width": 3840,
      "height": 2160,
      "caption_info": [
        "피자알볼로 발산직영점(내발산동)",
        "메뉴판"
      ]
    },
    {
      "image_id": 4,
      "filename": "561768_0_su_5_피자알볼로 발산직영점_1_005.png",
      "mapx": 37.5535962371318,
      "mapy": 126.836383155283,
      "width": 3840,
      "height": 2160,
      "caption_info": [
        "피자알볼로 발산직영점(내발산동)",
        "피자"
      ]
    }
  ],
  "annotations": [
    {
      "image_id": 0,
      "question": [
        {
          "question_id": 0,
          "question_type": "정보",
          "question": "이 곳의 주요 메뉴를 알 수 있나요?",
          "question_wordNum": 7,
          "answer": "날개피자, 옥수수피자",
          "answer_wordNum": 2,
          "fact": [
            "피자알볼로 발산직영점,메뉴,날개피자, 옥수수피자"
          ]
        },
        {
          "question_id": 1,
          "question_type": "정보",
          "question": "연락처를 알 수 있나요?",
          "question_wordNum": 4,
          "answer": "02-2662-9998",
          "answer_wordNum": 1,
          "fact": [
            "피자알볼로 발산직영점,연락처,02-2662-9998"
          ]
        },
        {
          "question_id": 2,
          "question_type": "정보",
          "question": "휴무일을 알 수 있나요?",
          "question_wordNum": 4,
          "answer": "없음",
          "answer_wordNum": 1,
          "fact": [
            "피자알볼로 발산직영점,휴무일,없음"
          ]
        },
        {
          "question_id": 3,
          "question_type": "정보",
          "question": "영업시간은 몇시부터 몇시까지로 기재되어 있나요?",
          "question_wordNum": 5,
          "answer": "10:00 - 21:00",
          "answer_wordNum": 3,
          "fact": [
            "피자알볼로 발산직영점,영업시간,10:00 - 21:00"
          ]
        }
      ]
    },
    {
      "image_id": 1,
      "question": [
        {
          "question_id": 0,
          "question_type": "정보",
          "question": "휴무일을 알 수 있나요?",
          "question_wordNum": 4,
          "answer": "없음",
          "answer_wordNum": 1,
          "fact": [
            "피자알볼로 발산직영점,휴무일,없음"
          ]
        },
        {
          "question_id": 1,
          "question_type": "탐색",
          "question": "주차시설이 있나요?",
          "question_wordNum": 2,
          "answer": "있음",
          "answer_wordNum": 1,
          "fact": [
            "피자알볼로 발산직영점,주차시설,있음"
          ]
        },
        {
          "question_id": 2,
          "question_type": "관계",
          "question": "이 곳에 인접한 시설을 알 수 있나요?",
          "question_wordNum": 7,
          "answer": "우장산역 4번 출구, 대성약국, 지랄닭발",
          "answer_wordNum": 5,
          "fact": [
            "피자알볼로 발산직영점,인접,우장산역 4번 출구, 대성약국, 지랄닭발"
          ]
        },
        {
          "question_id": 3,
          "question_type": "정보",
          "question": "연락처를 알 수 있나요?",
          "question_wordNum": 4,
          "answer": "02-2662-9998",
          "answer_wordNum": 1,
          "fact": [
            "피자알볼로 발산직영점,연락처,02-2662-9998"
          ]
        }
      ]
    },
    {
      "image_id": 2,
      "question": [
        {
          "question_id": 0,
          "question_type": "관계",
          "question": "이 곳에 인접한 시설이 있나요?",
          "question_wordNum": 5,
          "answer": "우장산역 4번 출구, 대성약국, 지랄닭발",
          "answer_wordNum": 5,
          "fact": [
            "피자알볼로 발산직영점,인접,우장산역 4번 출구, 대성약국, 지랄닭발"
          ]
        },
        {
          "question_id": 1,
          "question_type": "탐색",
          "question": "주차시설이 있나요?",
          "question_wordNum": 2,
          "answer": "있음",
          "answer_wordNum": 1,
          "fact": [
            "피자알볼로 발산직영점,주차시설,있음"
          ]
        },
        {
          "question_id": 2,
          "question_type": "정보",
          "question": "영업시간을 알 수 있나요?",
          "question_wordNum": 4,
          "answer": "10:00 - 21:00",
          "answer_wordNum": 3,
          "fact": [
            "피자알볼로 발산직영점,영업시간,10:00 - 21:00"
          ]
        },
        {
          "question_id": 3,
          "question_type": "정보",
          "question": "이 곳의 대표적인 메뉴는 무엇이 있나요?",
          "question_wordNum": 6,
          "answer": "날개피자, 옥수수피자",
          "answer_wordNum": 2,
          "fact": [
            "피자알볼로 발산직영점,메뉴,날개피자, 옥수수피자"
          ]
        }
      ]
    },
    {
      "image_id": 3,
      "question": [
        {
          "question_id": 0,
          "question_type": "정보",
          "question": "이 곳의 주요 메뉴를 알 수 있나요?",
          "question_wordNum": 7,
          "answer": "날개피자, 옥수수피자",
          "answer_wordNum": 2,
          "fact": [
            "피자알볼로 발산직영점,메뉴,날개피자, 옥수수피자"
          ]
        },
        {
          "question_id": 1,
          "question_type": "관계",
          "question": "이 곳에 인접한 시설이 있나요?",
          "question_wordNum": 5,
          "answer": "우장산역 4번 출구, 대성약국, 지랄닭발",
          "answer_wordNum": 5,
          "fact": [
            "피자알볼로 발산직영점,인접,우장산역 4번 출구, 대성약국, 지랄닭발"
          ]
        },
        {
          "question_id": 2,
          "question_type": "정보",
          "question": "이 곳의 주소를 알 수 있나요?",
          "question_wordNum": 6,
          "answer": "서울 강서구 강서로 311",
          "answer_wordNum": 4,
          "fact": [
            "피자알볼로 발산직영점,주소,서울 강서구 강서로 311"
          ]
        },
        {
          "question_id": 3,
          "question_type": "정보",
          "question": "휴무일은 어떻게 되나요?",
          "question_wordNum": 3,
          "answer": "없음",
          "answer_wordNum": 1,
          "fact": [
            "피자알볼로 발산직영점,휴무일,없음"
          ]
        }
      ]
    },
    {
      "image_id": 4,
      "question": [
        {
          "question_id": 0,
          "question_type": "탐색",
          "question": "주차시설이 있는지 알 수 있나요?",
          "question_wordNum": 5,
          "answer": "있음",
          "answer_wordNum": 1,
          "fact": [
            "피자알볼로 발산직영점,주차시설,있음"
          ]
        },
        {
          "question_id": 1,
          "question_type": "정보",
          "question": "연락처를 알 수 있나요?",
          "question_wordNum": 4,
          "answer": "02-2662-9998",
          "answer_wordNum": 1,
          "fact": [
            "피자알볼로 발산직영점,연락처,02-2662-9998"
          ]
        },
        {
          "question_id": 2,
          "question_type": "정보",
          "question": "이 곳의 주소를 알 수 있나요?",
          "question_wordNum": 6,
          "answer": "서울 강서구 강서로 311",
          "answer_wordNum": 4,
          "fact": [
            "피자알볼로 발산직영점,주소,서울 강서구 강서로 311"
          ]
        },
        {
          "question_id": 3,
          "question_type": "정보",
          "question": "영업시간은 몇시부터 몇시까지로 기재되어 있나요?",
          "question_wordNum": 5,
          "answer": "10:00 - 21:00",
          "answer_wordNum": 3,
          "fact": [
            "피자알볼로 발산직영점,영업시간,10:00 - 21:00"
          ]
        }
      ]
    }
  ]
}