{
  "data": {
    "dataset": "2-083-219",
    "POI_id": "561663",
    "travelType": "음식점",
    "place": "우마이동 ",
    "area": "서울"
  },
  "imageInfo": [
    {
      "image_id": 0,
      "filename": "561663_0_su_5_우마이동 _2_001.png",
      "mapx": 37.5602455642568,
      "mapy": 126.836884719112,
      "width": 3840,
      "height": 2160,
      "caption_info": [
        "우마이동(강서구) ",
        "간판"
      ]
    },
    {
      "image_id": 1,
      "filename": "561663_0_su_5_우마이동 _2_002.png",
      "mapx": 37.5602455642568,
      "mapy": 126.836884719112,
      "width": 3840,
      "height": 2160,
      "caption_info": [
        "우마이동(강서구) ",
        "간판"
      ]
    },
    {
      "image_id": 2,
      "filename": "561663_0_su_5_우마이동 _2_003.png",
      "mapx": 37.5602455642568,
      "mapy": 126.836884719112,
      "width": 3840,
      "height": 2160,
      "caption_info": [
        "우마이동(강서구) ",
        "사각 테이블"
      ]
    },
    {
      "image_id": 3,
      "filename": "561663_0_su_5_우마이동 _2_004.png",
      "mapx": 37.5602455642568,
      "mapy": 126.836884719112,
      "width": 3840,
      "height": 2160,
      "caption_info": [
        "우마이동(강서구) ",
        "메뉴판 "
      ]
    },
    {
      "image_id": 4,
      "filename": "561663_0_su_5_우마이동 _2_005.png",
      "mapx": 37.5602455642568,
      "mapy": 126.836884719112,
      "width": 3840,
      "height": 2160,
      "caption_info": [
        "우마이동(강서구) ",
        "접시 "
      ]
    }
  ],
  "annotations": [
    {
      "image_id": 0,
      "question": [
        {
          "question_id": 0,
          "question_type": "정보",
          "question": "이 곳의 주소는 어떻게 되나요?",
          "question_wordNum": 5,
          "answer": "서울 강서구 마곡중앙6로 85",
          "answer_wordNum": 4,
          "fact": [
            "우마이동,주소,서울 강서구 마곡중앙6로 85"
          ]
        },
        {
          "question_id": 1,
          "question_type": "정보",
          "question": "영업시간을 알 수 있나요?",
          "question_wordNum": 4,
          "answer": "11:00~15:00",
          "answer_wordNum": 1,
          "fact": [
            "우마이동,영업시간,11:00~15:00"
          ]
        },
        {
          "question_id": 2,
          "question_type": "정보",
          "question": "연락처를 알 수 있나요?",
          "question_wordNum": 4,
          "answer": "0507-1307-0632",
          "answer_wordNum": 1,
          "fact": [
            "우마이동,연락처,0507-1307-0632"
          ]
        },
        {
          "question_id": 3,
          "question_type": "정보",
          "question": "이 곳의 메뉴를 알 수 있나요?",
          "question_wordNum": 6,
          "answer": "새우카레덮밥, 새우야채튀김",
          "answer_wordNum": 2,
          "fact": [
            "우마이동,메뉴,새우카레덮밥, 새우야채튀김"
          ]
        }
      ]
    },
    {
      "image_id": 1,
      "question": [
        {
          "question_id": 0,
          "question_type": "정보",
          "question": "영업시간은 어떻게 되나요?",
          "question_wordNum": 3,
          "answer": "11:00~15:00",
          "answer_wordNum": 1,
          "fact": [
            "우마이동,영업시간,11:00~15:00"
          ]
        },
        {
          "question_id": 1,
          "question_type": "탐색",
          "question": "주차시설이 있나요?",
          "question_wordNum": 2,
          "answer": "있음",
          "answer_wordNum": 1,
          "fact": [
            "우마이동,주차시설,있음"
          ]
        },
        {
          "question_id": 2,
          "question_type": "관계",
          "question": "이 곳에 인접한 시설을 알 수 있나요?",
          "question_wordNum": 7,
          "answer": "발산역 2번 출구, GS25, 국보집",
          "answer_wordNum": 5,
          "fact": [
            "우마이동,인접,발산역 2번 출구, GS25, 국보집"
          ]
        },
        {
          "question_id": 3,
          "question_type": "정보",
          "question": "이 곳의 주소를 알 수 있나요?",
          "question_wordNum": 6,
          "answer": "서울 강서구 마곡중앙6로 85",
          "answer_wordNum": 4,
          "fact": [
            "우마이동,주소,서울 강서구 마곡중앙6로 85"
          ]
        }
      ]
    },
    {
      "image_id": 2,
      "question": [
        {
          "question_id": 0,
          "question_type": "정보",
          "question": "영업시간을 알 수 있나요?",
          "question_wordNum": 4,
          "answer": "11:00~15:00",
          "answer_wordNum": 1,
          "fact": [
            "우마이동,영업시간,11:00~15:00"
          ]
        },
        {
          "question_id": 1,
          "question_type": "정보",
          "question": "이 곳의 주소를 알 수 있나요?",
          "question_wordNum": 6,
          "answer": "서울 강서구 마곡중앙6로 85",
          "answer_wordNum": 4,
          "fact": [
            "우마이동,주소,서울 강서구 마곡중앙6로 85"
          ]
        },
        {
          "question_id": 2,
          "question_type": "관계",
          "question": "이 곳에 인접한 시설을 알 수 있나요?",
          "question_wordNum": 7,
          "answer": "발산역 2번 출구, GS25, 국보집",
          "answer_wordNum": 5,
          "fact": [
            "우마이동,인접,발산역 2번 출구, GS25, 국보집"
          ]
        },
        {
          "question_id": 3,
          "question_type": "정보",
          "question": "휴무일을 알 수 있나요?",
          "question_wordNum": 4,
          "answer": "알수없음",
          "answer_wordNum": 1,
          "fact": [
            "우마이동,휴무일,알수없음"
          ]
        }
      ]
    },
    {
      "image_id": 3,
      "question": [
        {
          "question_id": 0,
          "question_type": "정보",
          "question": "연락처를 알 수 있나요?",
          "question_wordNum": 4,
          "answer": "0507-1307-0632",
          "answer_wordNum": 1,
          "fact": [
            "우마이동,연락처,0507-1307-0632"
          ]
        },
        {
          "question_id": 1,
          "question_type": "탐색",
          "question": "주차시설이 있나요?",
          "question_wordNum": 2,
          "answer": "있음",
          "answer_wordNum": 1,
          "fact": [
            "우마이동,주차시설,있음"
          ]
        },
        {
          "question_id": 2,
          "question_type": "정보",
          "question": "영업시간은 어떻게 되나요?",
          "question_wordNum": 3,
          "answer": "11:00~15:00",
          "answer_wordNum": 1,
          "fact": [
            "우마이동,영업시간,11:00~15:00"
          ]
        },
        {
          "question_id": 3,
          "question_type": "정보",
          "question": "대표 메뉴가 무엇인가요?",
          "question_wordNum": 3,
          "answer": "새우카레덮밥, 새우야채튀김",
          "answer_wordNum": 2,
          "fact": [
            "우마이동,메뉴,새우카레덮밥, 새우야채튀김"
          ]
        }
      ]
    },
    {
      "image_id": 4,
      "question": [
        {
          "question_id": 0,
          "question_type": "관계",
          "question": "이 곳에 인접한 시설이 있나요?",
          "question_wordNum": 5,
          "answer": "발산역 2번 출구, GS25, 국보집",
          "answer_wordNum": 5,
          "fact": [
            "우마이동,인접,발산역 2번 출구, GS25, 국보집"
          ]
        },
        {
          "question_id": 1,
          "question_type": "정보",
          "question": "영업시간은 어떻게 되나요?",
          "question_wordNum": 3,
          "answer": "11:00~15:00",
          "answer_wordNum": 1,
          "fact": [
            "우마이동,영업시간,11:00~15:00"
          ]
        },
        {
          "question_id": 2,
          "question_type": "탐색",
          "question": "주차시설이 있나요?",
          "question_wordNum": 2,
          "answer": "있음",
          "answer_wordNum": 1,
          "fact": [
            "우마이동,주차시설,있음"
          ]
        },
        {
          "question_id": 3,
          "question_type": "정보",
          "question": "연락처를 알 수 있나요?",
          "question_wordNum": 4,
          "answer": "0507-1307-0632",
          "answer_wordNum": 1,
          "fact": [
            "우마이동,연락처,0507-1307-0632"
          ]
        }
      ]
    }
  ]
}