{
  "data": {
    "dataset": "2-083-219",
    "POI_id": "561366",
    "travelType": "음식점",
    "place": "감사한양 가양점",
    "area": "서울"
  },
  "imageInfo": [
    {
      "image_id": 0,
      "filename": "561366_0_su_5_감사한양 가양점_1_001.png",
      "mapx": 37.5657010514328,
      "mapy": 126.84764409296,
      "width": 3840,
      "height": 2160,
      "caption_info": [
        "감사한양 가양점(가양동)",
        "간판, 여닫이문"
      ]
    },
    {
      "image_id": 1,
      "filename": "561366_0_su_5_감사한양 가양점_1_002.png",
      "mapx": 37.5657010514328,
      "mapy": 126.84764409296,
      "width": 3840,
      "height": 2160,
      "caption_info": [
        "감사한양 가양점(가양동)",
        "간판"
      ]
    },
    {
      "image_id": 2,
      "filename": "561366_0_su_5_감사한양 가양점_1_003.png",
      "mapx": 37.5657010514328,
      "mapy": 126.84764409296,
      "width": 3840,
      "height": 2160,
      "caption_info": [
        "감사한양 가양점(가양동)",
        "테이블, 등받이의자"
      ]
    },
    {
      "image_id": 3,
      "filename": "561366_0_su_5_감사한양 가양점_1_004.png",
      "mapx": 37.5657010514328,
      "mapy": 126.84764409296,
      "width": 3840,
      "height": 2160,
      "caption_info": [
        "감사한양 가양점(가양동)",
        "메뉴판"
      ]
    },
    {
      "image_id": 4,
      "filename": "561366_0_su_5_감사한양 가양점_1_005.png",
      "mapx": 37.5657010514328,
      "mapy": 126.84764409296,
      "width": 3840,
      "height": 2160,
      "caption_info": [
        "감사한양 가양점(가양동)",
        "프렌치랙"
      ]
    }
  ],
  "annotations": [
    {
      "image_id": 0,
      "question": [
        {
          "question_id": 0,
          "question_type": "관계",
          "question": "이 곳에 인접한 시설이 있나요?",
          "question_wordNum": 5,
          "answer": "가양역 1번 출구, CU, 강서한강자이타워, GS25, 감성커피",
          "answer_wordNum": 7,
          "fact": [
            "감사한양 가양점,인접,가양역 1번 출구, CU, 강서한강자이타워, GS25, 감성커피"
          ]
        },
        {
          "question_id": 1,
          "question_type": "탐색",
          "question": "주차시설이 있나요?",
          "question_wordNum": 2,
          "answer": "있음",
          "answer_wordNum": 1,
          "fact": [
            "감사한양 가양점,주차시설,있음"
          ]
        },
        {
          "question_id": 2,
          "question_type": "정보",
          "question": "휴무일을 알 수 있나요?",
          "question_wordNum": 4,
          "answer": "알수없음",
          "answer_wordNum": 1,
          "fact": [
            "감사한양 가양점,휴무일,알수없음"
          ]
        },
        {
          "question_id": 3,
          "question_type": "정보",
          "question": "영업시간은 어떻게 되나요?",
          "question_wordNum": 3,
          "answer": "11:30/16:00~22:30",
          "answer_wordNum": 1,
          "fact": [
            "감사한양 가양점,영업시간,11:30/16:00~22:30"
          ]
        }
      ]
    },
    {
      "image_id": 1,
      "question": [
        {
          "question_id": 0,
          "question_type": "정보",
          "question": "이 곳의 주소는 어떻게 되나요?",
          "question_wordNum": 5,
          "answer": "서울 강서구 양천로 401 강서한강 자이타워 B동 103호 감사한양 가양점",
          "answer_wordNum": 10,
          "fact": [
            "감사한양 가양점,주소,서울 강서구 양천로 401 강서한강 자이타워 B동 103호 감사한양 가양점"
          ]
        },
        {
          "question_id": 1,
          "question_type": "정보",
          "question": "영업시간은 어떻게 되나요?",
          "question_wordNum": 3,
          "answer": "11:30/16:00~22:30",
          "answer_wordNum": 1,
          "fact": [
            "감사한양 가양점,영업시간,11:30/16:00~22:30"
          ]
        },
        {
          "question_id": 2,
          "question_type": "관계",
          "question": "이 곳에 인접한 시설이 있나요?",
          "question_wordNum": 5,
          "answer": "가양역 1번 출구, CU, 강서한강자이타워, GS25, 감성커피",
          "answer_wordNum": 7,
          "fact": [
            "감사한양 가양점,인접,가양역 1번 출구, CU, 강서한강자이타워, GS25, 감성커피"
          ]
        },
        {
          "question_id": 3,
          "question_type": "정보",
          "question": "연락처가 어떻게 되나요?",
          "question_wordNum": 3,
          "answer": "02-2638-5488",
          "answer_wordNum": 1,
          "fact": [
            "감사한양 가양점,연락처,02-2638-5488"
          ]
        }
      ]
    },
    {
      "image_id": 2,
      "question": [
        {
          "question_id": 0,
          "question_type": "탐색",
          "question": "주차시설이 있나요?",
          "question_wordNum": 2,
          "answer": "있음",
          "answer_wordNum": 1,
          "fact": [
            "감사한양 가양점,주차시설,있음"
          ]
        },
        {
          "question_id": 1,
          "question_type": "정보",
          "question": "이 곳의 주요 메뉴는 무엇이 있나요?",
          "question_wordNum": 6,
          "answer": "프렌치랙, 숙성양념갈비",
          "answer_wordNum": 2,
          "fact": [
            "감사한양 가양점,메뉴,프렌치랙, 숙성양념갈비"
          ]
        },
        {
          "question_id": 2,
          "question_type": "정보",
          "question": "휴무일을 알 수 있나요?",
          "question_wordNum": 4,
          "answer": "알수없음",
          "answer_wordNum": 1,
          "fact": [
            "감사한양 가양점,휴무일,알수없음"
          ]
        },
        {
          "question_id": 3,
          "question_type": "정보",
          "question": "영업시간은 어떻게 되나요?",
          "question_wordNum": 3,
          "answer": "11:30/16:00~22:30",
          "answer_wordNum": 1,
          "fact": [
            "감사한양 가양점,영업시간,11:30/16:00~22:30"
          ]
        }
      ]
    },
    {
      "image_id": 3,
      "question": [
        {
          "question_id": 0,
          "question_type": "관계",
          "question": "이 곳에 인접한 시설이 있나요?",
          "question_wordNum": 5,
          "answer": "가양역 1번 출구, CU, 강서한강자이타워, GS25, 감성커피",
          "answer_wordNum": 7,
          "fact": [
            "감사한양 가양점,인접,가양역 1번 출구, CU, 강서한강자이타워, GS25, 감성커피"
          ]
        },
        {
          "question_id": 1,
          "question_type": "정보",
          "question": "이 곳은 어떤 곳인가요?",
          "question_wordNum": 4,
          "answer": "전문매장",
          "answer_wordNum": 1,
          "fact": [
            "감사한양 가양점,이다,전문매장"
          ]
        },
        {
          "question_id": 2,
          "question_type": "정보",
          "question": "이 곳의 주소는 어떻게 되나요?",
          "question_wordNum": 5,
          "answer": "서울 강서구 양천로 401 강서한강 자이타워 B동 103호 감사한양 가양점",
          "answer_wordNum": 10,
          "fact": [
            "감사한양 가양점,주소,서울 강서구 양천로 401 강서한강 자이타워 B동 103호 감사한양 가양점"
          ]
        },
        {
          "question_id": 3,
          "question_type": "탐색",
          "question": "주차시설이 있나요?",
          "question_wordNum": 2,
          "answer": "있음",
          "answer_wordNum": 1,
          "fact": [
            "감사한양 가양점,주차시설,있음"
          ]
        }
      ]
    },
    {
      "image_id": 4,
      "question": [
        {
          "question_id": 0,
          "question_type": "정보",
          "question": "연락처가 어떻게 되나요?",
          "question_wordNum": 3,
          "answer": "02-2638-5488",
          "answer_wordNum": 1,
          "fact": [
            "감사한양 가양점,연락처,02-2638-5488"
          ]
        },
        {
          "question_id": 1,
          "question_type": "정보",
          "question": "이 곳의 주요 메뉴는 무엇이 있나요?",
          "question_wordNum": 6,
          "answer": "프렌치랙, 숙성양념갈비",
          "answer_wordNum": 2,
          "fact": [
            "감사한양 가양점,메뉴,프렌치랙, 숙성양념갈비"
          ]
        },
        {
          "question_id": 2,
          "question_type": "관계",
          "question": "이 곳에 인접한 시설이 있나요?",
          "question_wordNum": 5,
          "answer": "가양역 1번 출구, CU, 강서한강자이타워, GS25, 감성커피",
          "answer_wordNum": 7,
          "fact": [
            "감사한양 가양점,인접,가양역 1번 출구, CU, 강서한강자이타워, GS25, 감성커피"
          ]
        },
        {
          "question_id": 3,
          "question_type": "정보",
          "question": "영업시간은 어떻게 되나요?",
          "question_wordNum": 3,
          "answer": "11:30/16:00~22:30",
          "answer_wordNum": 1,
          "fact": [
            "감사한양 가양점,영업시간,11:30/16:00~22:30"
          ]
        }
      ]
    }
  ]
}