{
  "data": {
    "dataset": "2-083-219",
    "POI_id": "561499",
    "travelType": "음식점",
    "place": "스시금강 마곡",
    "area": "서울"
  },
  "imageInfo": [
    {
      "image_id": 0,
      "filename": "561499_0_su_5_스시금강 마곡_1_001.png",
      "mapx": 37.5600800563689,
      "mapy": 126.832639349443,
      "width": 3840,
      "height": 2160,
      "caption_info": [
        "스시금강 마곡(마곡동)",
        "간판, 여닫이문"
      ]
    },
    {
      "image_id": 1,
      "filename": "561499_0_su_5_스시금강 마곡_1_002.png",
      "mapx": 37.5600800563689,
      "mapy": 126.832639349443,
      "width": 3840,
      "height": 2160,
      "caption_info": [
        "스시금강 마곡(마곡동)",
        "나무, 입간판"
      ]
    },
    {
      "image_id": 2,
      "filename": "561499_0_su_5_스시금강 마곡_1_003.png",
      "mapx": 37.5600800563689,
      "mapy": 126.832639349443,
      "width": 3840,
      "height": 2160,
      "caption_info": [
        "스시금강 마곡(마곡동)",
        "테이블, 등받이의자"
      ]
    },
    {
      "image_id": 3,
      "filename": "561499_0_su_5_스시금강 마곡_1_004.png",
      "mapx": 37.5600800563689,
      "mapy": 126.832639349443,
      "width": 3840,
      "height": 2160,
      "caption_info": [
        "스시금강 마곡(마곡동)",
        "메뉴판"
      ]
    },
    {
      "image_id": 4,
      "filename": "561499_0_su_5_스시금강 마곡_1_005.png",
      "mapx": 37.5600800563689,
      "mapy": 126.832639349443,
      "width": 3840,
      "height": 2160,
      "caption_info": [
        "스시금강 마곡(마곡동)",
        "접시"
      ]
    }
  ],
  "annotations": [
    {
      "image_id": 0,
      "question": [
        {
          "question_id": 0,
          "question_type": "관계",
          "question": "이 곳에 인접한 시설이 있나요?",
          "question_wordNum": 5,
          "answer": "발산역 9번 출구, 남대문커피, 미도인",
          "answer_wordNum": 5,
          "fact": [
            "스시금강 마곡,인접,발산역 9번 출구, 남대문커피, 미도인"
          ]
        },
        {
          "question_id": 1,
          "question_type": "정보",
          "question": "영업시간은 몇시부터 몇시까지로 기재되어 있나요?",
          "question_wordNum": 5,
          "answer": "11:30~21:50",
          "answer_wordNum": 1,
          "fact": [
            "스시금강 마곡,영업시간,11:30~21:50"
          ]
        },
        {
          "question_id": 2,
          "question_type": "정보",
          "question": "이 곳의 주소는 어떻게 되나요?",
          "question_wordNum": 5,
          "answer": "서울 강서구 마곡동로3길 6 NY타워 1층 102호 스시금강 마곡",
          "answer_wordNum": 9,
          "fact": [
            "스시금강 마곡,주소,서울 강서구 마곡동로3길 6 NY타워 1층 102호 스시금강 마곡"
          ]
        },
        {
          "question_id": 3,
          "question_type": "탐색",
          "question": "주차시설이 있나요?",
          "question_wordNum": 2,
          "answer": "있음",
          "answer_wordNum": 1,
          "fact": [
            "스시금강 마곡,주차시설,있음"
          ]
        }
      ]
    },
    {
      "image_id": 1,
      "question": [
        {
          "question_id": 0,
          "question_type": "정보",
          "question": "휴무일을 알 수 있나요?",
          "question_wordNum": 4,
          "answer": "알수없음",
          "answer_wordNum": 1,
          "fact": [
            "스시금강 마곡,휴무일,알수없음"
          ]
        },
        {
          "question_id": 1,
          "question_type": "탐색",
          "question": "주차시설이 있나요?",
          "question_wordNum": 2,
          "answer": "있음",
          "answer_wordNum": 1,
          "fact": [
            "스시금강 마곡,주차시설,있음"
          ]
        },
        {
          "question_id": 2,
          "question_type": "정보",
          "question": "이 곳의 주요 메뉴는 무엇이 있나요?",
          "question_wordNum": 6,
          "answer": "초밥, 전어",
          "answer_wordNum": 2,
          "fact": [
            "스시금강 마곡,메뉴,초밥, 전어"
          ]
        },
        {
          "question_id": 3,
          "question_type": "정보",
          "question": "연락처가 어떻게 되나요?",
          "question_wordNum": 3,
          "answer": "010-8421-7002",
          "answer_wordNum": 1,
          "fact": [
            "스시금강 마곡,연락처,010-8421-7002"
          ]
        }
      ]
    },
    {
      "image_id": 2,
      "question": [
        {
          "question_id": 0,
          "question_type": "관계",
          "question": "이 곳에 인접한 시설이 있나요?",
          "question_wordNum": 5,
          "answer": "발산역 9번 출구, 남대문커피, 미도인",
          "answer_wordNum": 5,
          "fact": [
            "스시금강 마곡,인접,발산역 9번 출구, 남대문커피, 미도인"
          ]
        },
        {
          "question_id": 1,
          "question_type": "정보",
          "question": "이 곳의 주소는 어떻게 되나요?",
          "question_wordNum": 5,
          "answer": "서울 강서구 마곡동로3길 6 NY타워 1층 102호 스시금강 마곡",
          "answer_wordNum": 9,
          "fact": [
            "스시금강 마곡,주소,서울 강서구 마곡동로3길 6 NY타워 1층 102호 스시금강 마곡"
          ]
        },
        {
          "question_id": 2,
          "question_type": "정보",
          "question": "연락처가 어떻게 되나요?",
          "question_wordNum": 3,
          "answer": "010-8421-7002",
          "answer_wordNum": 1,
          "fact": [
            "스시금강 마곡,연락처,010-8421-7002"
          ]
        },
        {
          "question_id": 3,
          "question_type": "정보",
          "question": "영업시간은 어떻게 되나요?",
          "question_wordNum": 3,
          "answer": "11:30~21:50",
          "answer_wordNum": 1,
          "fact": [
            "스시금강 마곡,영업시간,11:30~21:50"
          ]
        }
      ]
    },
    {
      "image_id": 3,
      "question": [
        {
          "question_id": 0,
          "question_type": "정보",
          "question": "휴무일을 알 수 있나요?",
          "question_wordNum": 4,
          "answer": "알수없음",
          "answer_wordNum": 1,
          "fact": [
            "스시금강 마곡,휴무일,알수없음"
          ]
        },
        {
          "question_id": 1,
          "question_type": "정보",
          "question": "영업시간은 어떻게 되나요?",
          "question_wordNum": 3,
          "answer": "11:30~21:50",
          "answer_wordNum": 1,
          "fact": [
            "스시금강 마곡,영업시간,11:30~21:50"
          ]
        },
        {
          "question_id": 2,
          "question_type": "정보",
          "question": "연락처가 어떻게 되나요?",
          "question_wordNum": 3,
          "answer": "010-8421-7002",
          "answer_wordNum": 1,
          "fact": [
            "스시금강 마곡,연락처,010-8421-7002"
          ]
        },
        {
          "question_id": 3,
          "question_type": "정보",
          "question": "이 곳의 주요 메뉴는 무엇이 있나요?",
          "question_wordNum": 6,
          "answer": "초밥, 전어",
          "answer_wordNum": 2,
          "fact": [
            "스시금강 마곡,메뉴,초밥, 전어"
          ]
        }
      ]
    },
    {
      "image_id": 4,
      "question": [
        {
          "question_id": 0,
          "question_type": "탐색",
          "question": "주차시설이 있나요?",
          "question_wordNum": 2,
          "answer": "있음",
          "answer_wordNum": 1,
          "fact": [
            "스시금강 마곡,주차시설,있음"
          ]
        },
        {
          "question_id": 1,
          "question_type": "정보",
          "question": "연락처가 어떻게 되나요?",
          "question_wordNum": 3,
          "answer": "010-8421-7002",
          "answer_wordNum": 1,
          "fact": [
            "스시금강 마곡,연락처,010-8421-7002"
          ]
        },
        {
          "question_id": 2,
          "question_type": "정보",
          "question": "이 곳의 주요 메뉴는 무엇이 있나요?",
          "question_wordNum": 6,
          "answer": "초밥, 전어",
          "answer_wordNum": 2,
          "fact": [
            "스시금강 마곡,메뉴,초밥, 전어"
          ]
        },
        {
          "question_id": 3,
          "question_type": "관계",
          "question": "이 곳에 인접한 시설이 있나요?",
          "question_wordNum": 5,
          "answer": "발산역 9번 출구, 남대문커피, 미도인",
          "answer_wordNum": 5,
          "fact": [
            "스시금강 마곡,인접,발산역 9번 출구, 남대문커피, 미도인"
          ]
        }
      ]
    }
  ]
}