{
  "data": {
    "dataset": "2-083-219",
    "POI_id": "561802",
    "travelType": "음식점",
    "place": "공항칼국수 ",
    "area": "서울"
  },
  "imageInfo": [
    {
      "image_id": 0,
      "filename": "561802_0_su_5_공항칼국수 _2_001.png",
      "mapx": 37.5609595311681,
      "mapy": 126.809129234237,
      "width": 3840,
      "height": 2160,
      "caption_info": [
        "공항칼국수(강서구) ",
        "계단 "
      ]
    },
    {
      "image_id": 1,
      "filename": "561802_0_su_5_공항칼국수 _2_002.png",
      "mapx": 37.5609595311681,
      "mapy": 126.809129234237,
      "width": 3840,
      "height": 2160,
      "caption_info": [
        "공항칼국수(강서구) ",
        "간판"
      ]
    },
    {
      "image_id": 2,
      "filename": "561802_0_su_5_공항칼국수 _2_003.png",
      "mapx": 37.5609595311681,
      "mapy": 126.809129234237,
      "width": 3840,
      "height": 2160,
      "caption_info": [
        "공항칼국수(강서구) ",
        "사각 테이블"
      ]
    },
    {
      "image_id": 3,
      "filename": "561802_0_su_5_공항칼국수 _2_004.png",
      "mapx": 37.5609595311681,
      "mapy": 126.809129234237,
      "width": 3840,
      "height": 2160,
      "caption_info": [
        "공항칼국수(강서구) ",
        "메뉴판 "
      ]
    },
    {
      "image_id": 4,
      "filename": "561802_0_su_5_공항칼국수 _2_005.png",
      "mapx": 37.5609595311681,
      "mapy": 126.809129234237,
      "width": 3840,
      "height": 2160,
      "caption_info": [
        "공항칼국수(강서구) ",
        "칼국수 "
      ]
    }
  ],
  "annotations": [
    {
      "image_id": 0,
      "question": [
        {
          "question_id": 0,
          "question_type": "정보",
          "question": "영업시간은 어떻게 되나요?",
          "question_wordNum": 3,
          "answer": "09:00 - 21:00",
          "answer_wordNum": 3,
          "fact": [
            "공항칼국수,영업시간,09:00 - 21:00"
          ]
        },
        {
          "question_id": 1,
          "question_type": "정보",
          "question": "휴무일은 어떻게 되나요?",
          "question_wordNum": 3,
          "answer": "없음",
          "answer_wordNum": 1,
          "fact": [
            "공항칼국수,휴무일,없음"
          ]
        },
        {
          "question_id": 2,
          "question_type": "탐색",
          "question": "주차시설이 있나요?",
          "question_wordNum": 2,
          "answer": "있음",
          "answer_wordNum": 1,
          "fact": [
            "공항칼국수,주차시설,있음"
          ]
        },
        {
          "question_id": 3,
          "question_type": "관계",
          "question": "이 곳에 인접한 시설을 알 수 있나요?",
          "question_wordNum": 7,
          "answer": "송정역 4번 출구, 또이네, 현대족발",
          "answer_wordNum": 5,
          "fact": [
            "공항칼국수,인접,송정역 4번 출구, 또이네, 현대족발"
          ]
        }
      ]
    },
    {
      "image_id": 1,
      "question": [
        {
          "question_id": 0,
          "question_type": "정보",
          "question": "휴무일은 어떻게 되나요?",
          "question_wordNum": 3,
          "answer": "없음",
          "answer_wordNum": 1,
          "fact": [
            "공항칼국수,휴무일,없음"
          ]
        },
        {
          "question_id": 1,
          "question_type": "정보",
          "question": "대표 메뉴가 무엇인가요?",
          "question_wordNum": 3,
          "answer": "버섯칼국수, 내장칼국수",
          "answer_wordNum": 2,
          "fact": [
            "공항칼국수,메뉴,버섯칼국수, 내장칼국수"
          ]
        },
        {
          "question_id": 2,
          "question_type": "정보",
          "question": "연락처를 알 수 있나요?",
          "question_wordNum": 4,
          "answer": "02-2664-9748",
          "answer_wordNum": 1,
          "fact": [
            "공항칼국수,연락처,02-2664-9748"
          ]
        },
        {
          "question_id": 3,
          "question_type": "정보",
          "question": "이 곳의 주소는 어떻게 되나요?",
          "question_wordNum": 5,
          "answer": "서울 강서구 공항대로 18-1",
          "answer_wordNum": 4,
          "fact": [
            "공항칼국수,주소,서울 강서구 공항대로 18-1"
          ]
        }
      ]
    },
    {
      "image_id": 2,
      "question": [
        {
          "question_id": 0,
          "question_type": "정보",
          "question": "영업시간을 알 수 있나요?",
          "question_wordNum": 4,
          "answer": "09:00 - 21:00",
          "answer_wordNum": 3,
          "fact": [
            "공항칼국수,영업시간,09:00 - 21:00"
          ]
        },
        {
          "question_id": 1,
          "question_type": "정보",
          "question": "이 곳의 주소를 알 수 있나요?",
          "question_wordNum": 6,
          "answer": "서울 강서구 공항대로 18-1",
          "answer_wordNum": 4,
          "fact": [
            "공항칼국수,주소,서울 강서구 공항대로 18-1"
          ]
        },
        {
          "question_id": 2,
          "question_type": "관계",
          "question": "이 곳에 인접한 시설을 알 수 있나요?",
          "question_wordNum": 7,
          "answer": "송정역 4번 출구, 또이네, 현대족발",
          "answer_wordNum": 5,
          "fact": [
            "공항칼국수,인접,송정역 4번 출구, 또이네, 현대족발"
          ]
        },
        {
          "question_id": 3,
          "question_type": "정보",
          "question": "휴무일은 어떻게 되나요?",
          "question_wordNum": 3,
          "answer": "없음",
          "answer_wordNum": 1,
          "fact": [
            "공항칼국수,휴무일,없음"
          ]
        }
      ]
    },
    {
      "image_id": 3,
      "question": [
        {
          "question_id": 0,
          "question_type": "정보",
          "question": "대표 메뉴가 무엇인가요?",
          "question_wordNum": 3,
          "answer": "버섯칼국수, 내장칼국수",
          "answer_wordNum": 2,
          "fact": [
            "공항칼국수,메뉴,버섯칼국수, 내장칼국수"
          ]
        },
        {
          "question_id": 1,
          "question_type": "정보",
          "question": "영업시간을 알 수 있나요?",
          "question_wordNum": 4,
          "answer": "09:00 - 21:00",
          "answer_wordNum": 3,
          "fact": [
            "공항칼국수,영업시간,09:00 - 21:00"
          ]
        },
        {
          "question_id": 2,
          "question_type": "정보",
          "question": "연락처를 알 수 있나요?",
          "question_wordNum": 4,
          "answer": "02-2664-9748",
          "answer_wordNum": 1,
          "fact": [
            "공항칼국수,연락처,02-2664-9748"
          ]
        },
        {
          "question_id": 3,
          "question_type": "정보",
          "question": "이 곳의 주소를 알 수 있나요?",
          "question_wordNum": 6,
          "answer": "서울 강서구 공항대로 18-1",
          "answer_wordNum": 4,
          "fact": [
            "공항칼국수,주소,서울 강서구 공항대로 18-1"
          ]
        }
      ]
    },
    {
      "image_id": 4,
      "question": [
        {
          "question_id": 0,
          "question_type": "정보",
          "question": "대표 메뉴가 무엇인가요?",
          "question_wordNum": 3,
          "answer": "버섯칼국수, 내장칼국수",
          "answer_wordNum": 2,
          "fact": [
            "공항칼국수,메뉴,버섯칼국수, 내장칼국수"
          ]
        },
        {
          "question_id": 1,
          "question_type": "탐색",
          "question": "주차시설이 있나요?",
          "question_wordNum": 2,
          "answer": "있음",
          "answer_wordNum": 1,
          "fact": [
            "공항칼국수,주차시설,있음"
          ]
        },
        {
          "question_id": 2,
          "question_type": "정보",
          "question": "휴무일은 어떻게 되나요?",
          "question_wordNum": 3,
          "answer": "없음",
          "answer_wordNum": 1,
          "fact": [
            "공항칼국수,휴무일,없음"
          ]
        },
        {
          "question_id": 3,
          "question_type": "정보",
          "question": "이 곳의 주소를 알 수 있나요?",
          "question_wordNum": 6,
          "answer": "서울 강서구 공항대로 18-1",
          "answer_wordNum": 4,
          "fact": [
            "공항칼국수,주소,서울 강서구 공항대로 18-1"
          ]
        }
      ]
    }
  ]
}