{
  "data": {
    "dataset": "2-083-219",
    "POI_id": "561721",
    "travelType": "음식점",
    "place": "마포성산동소문난껍데기집 ",
    "area": "서울"
  },
  "imageInfo": [
    {
      "image_id": 0,
      "filename": "561721_0_su_5_마포성산동소문난껍데기집 _3_001.png",
      "mapx": 37.5547932443315,
      "mapy": 126.838237921282,
      "width": 3840,
      "height": 2160,
      "caption_info": [
        "마포성산동소문난껍데기집(강서구) ",
        "간판"
      ]
    },
    {
      "image_id": 1,
      "filename": "561721_0_su_5_마포성산동소문난껍데기집 _3_002.png",
      "mapx": 37.5547932443315,
      "mapy": 126.838237921282,
      "width": 3840,
      "height": 2160,
      "caption_info": [
        "마포성산동소문난껍데기집(강서구) ",
        "간판"
      ]
    },
    {
      "image_id": 2,
      "filename": "561721_0_su_5_마포성산동소문난껍데기집 _3_003.png",
      "mapx": 37.5547932443315,
      "mapy": 126.838237921282,
      "width": 3840,
      "height": 2160,
      "caption_info": [
        "마포성산동소문난껍데기집(강서구) ",
        "의자"
      ]
    },
    {
      "image_id": 3,
      "filename": "561721_0_su_5_마포성산동소문난껍데기집 _3_004.png",
      "mapx": 37.5547932443315,
      "mapy": 126.838237921282,
      "width": 3840,
      "height": 2160,
      "caption_info": [
        "마포성산동소문난껍데기집(강서구) ",
        "메뉴판 "
      ]
    },
    {
      "image_id": 4,
      "filename": "561721_0_su_5_마포성산동소문난껍데기집 _3_005.png",
      "mapx": 37.5547932443315,
      "mapy": 126.838237921282,
      "width": 3840,
      "height": 2160,
      "caption_info": [
        "마포성산동소문난껍데기집(강서구) ",
        "불판"
      ]
    }
  ],
  "annotations": [
    {
      "image_id": 0,
      "question": [
        {
          "question_id": 0,
          "question_type": "정보",
          "question": "영업시간은 어떻게 되나요?",
          "question_wordNum": 3,
          "answer": "알수없음",
          "answer_wordNum": 1,
          "fact": [
            "마포성산동소문난껍데기집,영업시간,알수없음"
          ]
        },
        {
          "question_id": 1,
          "question_type": "탐색",
          "question": "주차시설이 있는지 알 수 있나요?",
          "question_wordNum": 5,
          "answer": "없음",
          "answer_wordNum": 1,
          "fact": [
            "마포성산동소문난껍데기집,주차시설,없음"
          ]
        },
        {
          "question_id": 2,
          "question_type": "정보",
          "question": "휴무일은 어떻게 되나요?",
          "question_wordNum": 3,
          "answer": "알수없음",
          "answer_wordNum": 1,
          "fact": [
            "마포성산동소문난껍데기집,휴무일,알수없음"
          ]
        },
        {
          "question_id": 3,
          "question_type": "정보",
          "question": "이 곳의 메뉴를 알 수 있나요?",
          "question_wordNum": 6,
          "answer": "껍데기, 갈매기살",
          "answer_wordNum": 2,
          "fact": [
            "마포성산동소문난껍데기집,메뉴,껍데기, 갈매기살"
          ]
        }
      ]
    },
    {
      "image_id": 1,
      "question": [
        {
          "question_id": 0,
          "question_type": "정보",
          "question": "연락처를 알 수 있나요?",
          "question_wordNum": 4,
          "answer": "02-3159-7424",
          "answer_wordNum": 1,
          "fact": [
            "마포성산동소문난껍데기집,연락처,02-3159-7424"
          ]
        },
        {
          "question_id": 1,
          "question_type": "정보",
          "question": "이 곳의 주소는 어떻게 되나요?",
          "question_wordNum": 5,
          "answer": "서울 강서구 우장산로 9",
          "answer_wordNum": 4,
          "fact": [
            "마포성산동소문난껍데기집,주소,서울 강서구 우장산로 9"
          ]
        },
        {
          "question_id": 2,
          "question_type": "정보",
          "question": "이 곳의 메뉴를 알 수 있나요?",
          "question_wordNum": 6,
          "answer": "껍데기, 갈매기살",
          "answer_wordNum": 2,
          "fact": [
            "마포성산동소문난껍데기집,메뉴,껍데기, 갈매기살"
          ]
        },
        {
          "question_id": 3,
          "question_type": "정보",
          "question": "휴무일은 어떻게 되나요?",
          "question_wordNum": 3,
          "answer": "알수없음",
          "answer_wordNum": 1,
          "fact": [
            "마포성산동소문난껍데기집,휴무일,알수없음"
          ]
        }
      ]
    },
    {
      "image_id": 2,
      "question": [
        {
          "question_id": 0,
          "question_type": "정보",
          "question": "연락처를 알 수 있나요?",
          "question_wordNum": 4,
          "answer": "02-3159-7424",
          "answer_wordNum": 1,
          "fact": [
            "마포성산동소문난껍데기집,연락처,02-3159-7424"
          ]
        },
        {
          "question_id": 1,
          "question_type": "관계",
          "question": "이 곳에 인접한 시설을 알 수 있나요?",
          "question_wordNum": 7,
          "answer": "발산역 6번 출구, 페리카나, 오로라",
          "answer_wordNum": 5,
          "fact": [
            "마포성산동소문난껍데기집,인접,발산역 6번 출구, 페리카나, 오로라"
          ]
        },
        {
          "question_id": 2,
          "question_type": "정보",
          "question": "대표 메뉴가 무엇인가요?",
          "question_wordNum": 3,
          "answer": "껍데기, 갈매기살",
          "answer_wordNum": 2,
          "fact": [
            "마포성산동소문난껍데기집,메뉴,껍데기, 갈매기살"
          ]
        },
        {
          "question_id": 3,
          "question_type": "탐색",
          "question": "주차시설이 있는지 알 수 있나요?",
          "question_wordNum": 5,
          "answer": "없음",
          "answer_wordNum": 1,
          "fact": [
            "마포성산동소문난껍데기집,주차시설,없음"
          ]
        }
      ]
    },
    {
      "image_id": 3,
      "question": [
        {
          "question_id": 0,
          "question_type": "관계",
          "question": "이 곳에 인접한 시설이 있나요?",
          "question_wordNum": 5,
          "answer": "발산역 6번 출구, 페리카나, 오로라",
          "answer_wordNum": 5,
          "fact": [
            "마포성산동소문난껍데기집,인접,발산역 6번 출구, 페리카나, 오로라"
          ]
        },
        {
          "question_id": 1,
          "question_type": "정보",
          "question": "연락처가 어떻게 되나요?",
          "question_wordNum": 3,
          "answer": "02-3159-7424",
          "answer_wordNum": 1,
          "fact": [
            "마포성산동소문난껍데기집,연락처,02-3159-7424"
          ]
        },
        {
          "question_id": 2,
          "question_type": "정보",
          "question": "휴무일은 어떻게 되나요?",
          "question_wordNum": 3,
          "answer": "알수없음",
          "answer_wordNum": 1,
          "fact": [
            "마포성산동소문난껍데기집,휴무일,알수없음"
          ]
        },
        {
          "question_id": 3,
          "question_type": "정보",
          "question": "이 곳의 주소는 어떻게 되나요?",
          "question_wordNum": 5,
          "answer": "서울 강서구 우장산로 9",
          "answer_wordNum": 4,
          "fact": [
            "마포성산동소문난껍데기집,주소,서울 강서구 우장산로 9"
          ]
        }
      ]
    },
    {
      "image_id": 4,
      "question": [
        {
          "question_id": 0,
          "question_type": "탐색",
          "question": "주차시설이 있는지 알 수 있나요?",
          "question_wordNum": 5,
          "answer": "없음",
          "answer_wordNum": 1,
          "fact": [
            "마포성산동소문난껍데기집,주차시설,없음"
          ]
        },
        {
          "question_id": 1,
          "question_type": "정보",
          "question": "연락처가 어떻게 되나요?",
          "question_wordNum": 3,
          "answer": "02-3159-7424",
          "answer_wordNum": 1,
          "fact": [
            "마포성산동소문난껍데기집,연락처,02-3159-7424"
          ]
        },
        {
          "question_id": 2,
          "question_type": "관계",
          "question": "이 곳에 인접한 시설이 있나요?",
          "question_wordNum": 5,
          "answer": "발산역 6번 출구, 페리카나, 오로라",
          "answer_wordNum": 5,
          "fact": [
            "마포성산동소문난껍데기집,인접,발산역 6번 출구, 페리카나, 오로라"
          ]
        },
        {
          "question_id": 3,
          "question_type": "정보",
          "question": "이 곳의 주소는 어떻게 되나요?",
          "question_wordNum": 5,
          "answer": "서울 강서구 우장산로 9",
          "answer_wordNum": 4,
          "fact": [
            "마포성산동소문난껍데기집,주소,서울 강서구 우장산로 9"
          ]
        }
      ]
    }
  ]
}