{
  "data": {
    "dataset": "2-083-219",
    "POI_id": "561460",
    "travelType": "음식점",
    "place": "미도인 마곡",
    "area": "서울"
  },
  "imageInfo": [
    {
      "image_id": 0,
      "filename": "561460_0_su_5_미도인 마곡_1_001.png",
      "mapx": 37.5600800563689,
      "mapy": 126.832639349443,
      "width": 3840,
      "height": 2160,
      "caption_info": [
        "미도인 마곡(마곡동)",
        "간판, 입간판"
      ]
    },
    {
      "image_id": 1,
      "filename": "561460_0_su_5_미도인 마곡_1_002.png",
      "mapx": 37.5600800563689,
      "mapy": 126.832639349443,
      "width": 3840,
      "height": 2160,
      "caption_info": [
        "미도인 마곡(마곡동)",
        "여닫이문, 간판"
      ]
    },
    {
      "image_id": 2,
      "filename": "561460_0_su_5_미도인 마곡_1_003.png",
      "mapx": 37.5600800563689,
      "mapy": 126.832639349443,
      "width": 3840,
      "height": 2160,
      "caption_info": [
        "미도인 마곡(마곡동)",
        "커튼, 테이블, 등받이의자"
      ]
    },
    {
      "image_id": 3,
      "filename": "561460_0_su_5_미도인 마곡_1_004.png",
      "mapx": 37.5600800563689,
      "mapy": 126.832639349443,
      "width": 3840,
      "height": 2160,
      "caption_info": [
        "미도인 마곡(마곡동)",
        "메뉴판"
      ]
    },
    {
      "image_id": 4,
      "filename": "561460_0_su_5_미도인 마곡_1_005.png",
      "mapx": 37.5600800563689,
      "mapy": 126.832639349443,
      "width": 3840,
      "height": 2160,
      "caption_info": [
        "미도인 마곡(마곡동)",
        "스테이크 덮밥"
      ]
    }
  ],
  "annotations": [
    {
      "image_id": 0,
      "question": [
        {
          "question_id": 0,
          "question_type": "관계",
          "question": "이 곳에 인접한 시설이 있나요?",
          "question_wordNum": 5,
          "answer": "발산역 9번 출구, 마곡NY타워, 남대문커피, 계성칼국수",
          "answer_wordNum": 6,
          "fact": [
            "미도인 마곡,인접,발산역 9번 출구, 마곡NY타워, 남대문커피, 계성칼국수"
          ]
        },
        {
          "question_id": 1,
          "question_type": "정보",
          "question": "이 곳의 주소는 어떻게 되나요?",
          "question_wordNum": 5,
          "answer": "서울 강서구 마곡동로3길 6 1층 110 111호",
          "answer_wordNum": 7,
          "fact": [
            "미도인 마곡,주소,서울 강서구 마곡동로3길 6 1층 110 111호"
          ]
        },
        {
          "question_id": 2,
          "question_type": "정보",
          "question": "연락처가 어떻게 되나요?",
          "question_wordNum": 3,
          "answer": "02-3665-1995",
          "answer_wordNum": 1,
          "fact": [
            "미도인 마곡,연락처,02-3665-1995"
          ]
        },
        {
          "question_id": 3,
          "question_type": "정보",
          "question": "휴무일을 알 수 있나요?",
          "question_wordNum": 4,
          "answer": "알수없음",
          "answer_wordNum": 1,
          "fact": [
            "미도인 마곡,휴무일,알수없음"
          ]
        }
      ]
    },
    {
      "image_id": 1,
      "question": [
        {
          "question_id": 0,
          "question_type": "관계",
          "question": "이 곳에 인접한 시설이 있나요?",
          "question_wordNum": 5,
          "answer": "발산역 9번 출구, 마곡NY타워, 남대문커피, 계성칼국수",
          "answer_wordNum": 6,
          "fact": [
            "미도인 마곡,인접,발산역 9번 출구, 마곡NY타워, 남대문커피, 계성칼국수"
          ]
        },
        {
          "question_id": 1,
          "question_type": "탐색",
          "question": "이 곳에 무엇이 있나요?",
          "question_wordNum": 4,
          "answer": "미도인 구첩 반상, 400 등심 스테이크 덮밥, 부채살 스테이크, 단호박 스프, 미도인 스테이크, 곱창라면, 탄탄멘, 파스타",
          "answer_wordNum": 16,
          "fact": [
            "미도인 마곡,있다,미도인 구첩 반상, 400 등심 스테이크 덮밥, 부채살 스테이크, 단호박 스프, 미도인 스테이크, 곱창라면, 탄탄멘, 파스타"
          ]
        },
        {
          "question_id": 2,
          "question_type": "정보",
          "question": "휴무일을 알 수 있나요?",
          "question_wordNum": 4,
          "answer": "알수없음",
          "answer_wordNum": 1,
          "fact": [
            "미도인 마곡,휴무일,알수없음"
          ]
        },
        {
          "question_id": 3,
          "question_type": "정보",
          "question": "이 곳의 주요 메뉴는 무엇이 있나요?",
          "question_wordNum": 6,
          "answer": "미도인 스테이크 덮밥, 대창 큐브 스테이크 덮밥",
          "answer_wordNum": 7,
          "fact": [
            "미도인 마곡,메뉴,미도인 스테이크 덮밥, 대창 큐브 스테이크 덮밥"
          ]
        }
      ]
    },
    {
      "image_id": 2,
      "question": [
        {
          "question_id": 0,
          "question_type": "정보",
          "question": "휴무일을 알 수 있나요?",
          "question_wordNum": 4,
          "answer": "알수없음",
          "answer_wordNum": 1,
          "fact": [
            "미도인 마곡,휴무일,알수없음"
          ]
        },
        {
          "question_id": 1,
          "question_type": "정보",
          "question": "연락처가 어떻게 되나요?",
          "question_wordNum": 3,
          "answer": "02-3665-1995",
          "answer_wordNum": 1,
          "fact": [
            "미도인 마곡,연락처,02-3665-1995"
          ]
        },
        {
          "question_id": 2,
          "question_type": "탐색",
          "question": "이 곳에 무엇이 있나요?",
          "question_wordNum": 4,
          "answer": "미도인 구첩 반상, 400 등심 스테이크 덮밥, 부채살 스테이크, 단호박 스프, 미도인 스테이크, 곱창라면, 탄탄멘, 파스타",
          "answer_wordNum": 16,
          "fact": [
            "미도인 마곡,있다,미도인 구첩 반상, 400 등심 스테이크 덮밥, 부채살 스테이크, 단호박 스프, 미도인 스테이크, 곱창라면, 탄탄멘, 파스타"
          ]
        },
        {
          "question_id": 3,
          "question_type": "정보",
          "question": "영업시간은 어떻게 되나요?",
          "question_wordNum": 3,
          "answer": "11:00/11:30~21:00",
          "answer_wordNum": 1,
          "fact": [
            "미도인 마곡,영업시간,11:00/11:30~21:00"
          ]
        }
      ]
    },
    {
      "image_id": 3,
      "question": [
        {
          "question_id": 0,
          "question_type": "정보",
          "question": "이 곳의 주요 메뉴는 무엇이 있나요?",
          "question_wordNum": 6,
          "answer": "미도인 스테이크 덮밥, 대창 큐브 스테이크 덮밥",
          "answer_wordNum": 7,
          "fact": [
            "미도인 마곡,메뉴,미도인 스테이크 덮밥, 대창 큐브 스테이크 덮밥"
          ]
        },
        {
          "question_id": 1,
          "question_type": "정보",
          "question": "휴무일을 알 수 있나요?",
          "question_wordNum": 4,
          "answer": "알수없음",
          "answer_wordNum": 1,
          "fact": [
            "미도인 마곡,휴무일,알수없음"
          ]
        },
        {
          "question_id": 2,
          "question_type": "정보",
          "question": "이 곳의 주소는 어떻게 되나요?",
          "question_wordNum": 5,
          "answer": "서울 강서구 마곡동로3길 6 1층 110 111호",
          "answer_wordNum": 7,
          "fact": [
            "미도인 마곡,주소,서울 강서구 마곡동로3길 6 1층 110 111호"
          ]
        },
        {
          "question_id": 3,
          "question_type": "관계",
          "question": "이 곳에 인접한 시설이 있나요?",
          "question_wordNum": 5,
          "answer": "발산역 9번 출구, 마곡NY타워, 남대문커피, 계성칼국수",
          "answer_wordNum": 6,
          "fact": [
            "미도인 마곡,인접,발산역 9번 출구, 마곡NY타워, 남대문커피, 계성칼국수"
          ]
        }
      ]
    },
    {
      "image_id": 4,
      "question": [
        {
          "question_id": 0,
          "question_type": "관계",
          "question": "이 곳에 인접한 시설이 있나요?",
          "question_wordNum": 5,
          "answer": "발산역 9번 출구, 마곡NY타워, 남대문커피, 계성칼국수",
          "answer_wordNum": 6,
          "fact": [
            "미도인 마곡,인접,발산역 9번 출구, 마곡NY타워, 남대문커피, 계성칼국수"
          ]
        },
        {
          "question_id": 1,
          "question_type": "정보",
          "question": "영업시간은 어떻게 되나요?",
          "question_wordNum": 3,
          "answer": "11:00/11:30~21:00",
          "answer_wordNum": 1,
          "fact": [
            "미도인 마곡,영업시간,11:00/11:30~21:00"
          ]
        },
        {
          "question_id": 2,
          "question_type": "정보",
          "question": "휴무일을 알 수 있나요?",
          "question_wordNum": 4,
          "answer": "알수없음",
          "answer_wordNum": 1,
          "fact": [
            "미도인 마곡,휴무일,알수없음"
          ]
        },
        {
          "question_id": 3,
          "question_type": "정보",
          "question": "이 곳의 주요 메뉴는 무엇이 있나요?",
          "question_wordNum": 6,
          "answer": "미도인 스테이크 덮밥, 대창 큐브 스테이크 덮밥",
          "answer_wordNum": 7,
          "fact": [
            "미도인 마곡,메뉴,미도인 스테이크 덮밥, 대창 큐브 스테이크 덮밥"
          ]
        }
      ]
    }
  ]
}