{
  "data": {
    "dataset": "2-083-219",
    "POI_id": "561528",
    "travelType": "음식점",
    "place": "엘리케이커 ",
    "area": "서울"
  },
  "imageInfo": [
    {
      "image_id": 0,
      "filename": "561528_0_su_5_엘리케이커 _1_001.png",
      "mapx": 37.5673140391214,
      "mapy": 126.827554917518,
      "width": 3840,
      "height": 2160,
      "caption_info": [
        "엘리케이커(마곡동)",
        "여닫이문"
      ]
    },
    {
      "image_id": 1,
      "filename": "561528_0_su_5_엘리케이커 _1_002.png",
      "mapx": 37.5673140391214,
      "mapy": 126.827554917518,
      "width": 3840,
      "height": 2160,
      "caption_info": [
        "엘리케이커(마곡동)",
        "간판"
      ]
    },
    {
      "image_id": 2,
      "filename": "561528_0_su_5_엘리케이커 _1_003.png",
      "mapx": 37.5673140391214,
      "mapy": 126.827554917518,
      "width": 3840,
      "height": 2160,
      "caption_info": [
        "엘리케이커(마곡동)",
        "테이블"
      ]
    },
    {
      "image_id": 3,
      "filename": "561528_0_su_5_엘리케이커 _1_004.png",
      "mapx": 37.5673140391214,
      "mapy": 126.827554917518,
      "width": 3840,
      "height": 2160,
      "caption_info": [
        "엘리케이커(마곡동)",
        "메뉴판"
      ]
    },
    {
      "image_id": 4,
      "filename": "561528_0_su_5_엘리케이커 _1_005.png",
      "mapx": 37.5673140391214,
      "mapy": 126.827554917518,
      "width": 3840,
      "height": 2160,
      "caption_info": [
        "엘리케이커(마곡동)",
        "케이크"
      ]
    }
  ],
  "annotations": [
    {
      "image_id": 0,
      "question": [
        {
          "question_id": 0,
          "question_type": "관계",
          "question": "이 곳에 인접한 시설이 있나요?",
          "question_wordNum": 5,
          "answer": "마곡나루역 1번 출구, 에그, 길동우동",
          "answer_wordNum": 5,
          "fact": [
            "엘리케이커,인접,마곡나루역 1번 출구, 에그, 길동우동"
          ]
        },
        {
          "question_id": 1,
          "question_type": "정보",
          "question": "이 곳은 어떤 곳인가요?",
          "question_wordNum": 4,
          "answer": "디저트 카페",
          "answer_wordNum": 2,
          "fact": [
            "엘리케이커,이다,디저트 카페"
          ]
        },
        {
          "question_id": 2,
          "question_type": "정보",
          "question": "휴무일은 어떻게 되나요?",
          "question_wordNum": 3,
          "answer": "매주 일요일",
          "answer_wordNum": 2,
          "fact": [
            "엘리케이커,휴무일,매주 일요일"
          ]
        },
        {
          "question_id": 3,
          "question_type": "정보",
          "question": "이 곳의 주요 메뉴는 무엇이 있나요?",
          "question_wordNum": 6,
          "answer": "쿠키 케이크, 아메리카노",
          "answer_wordNum": 3,
          "fact": [
            "엘리케이커,메뉴,쿠키 케이크, 아메리카노"
          ]
        }
      ]
    },
    {
      "image_id": 1,
      "question": [
        {
          "question_id": 0,
          "question_type": "탐색",
          "question": "주차시설이 있나요?",
          "question_wordNum": 2,
          "answer": "있음",
          "answer_wordNum": 1,
          "fact": [
            "엘리케이커,주차시설,있음"
          ]
        },
        {
          "question_id": 1,
          "question_type": "관계",
          "question": "이 곳에 인접한 시설이 있나요?",
          "question_wordNum": 5,
          "answer": "마곡나루역 1번 출구, 에그, 길동우동",
          "answer_wordNum": 5,
          "fact": [
            "엘리케이커,인접,마곡나루역 1번 출구, 에그, 길동우동"
          ]
        },
        {
          "question_id": 2,
          "question_type": "정보",
          "question": "영업시간은 몇시부터 몇시까지로 기재되어 있나요?",
          "question_wordNum": 5,
          "answer": "11:00~17:00/20:00",
          "answer_wordNum": 1,
          "fact": [
            "엘리케이커,영업시간,11:00~17:00/20:00"
          ]
        },
        {
          "question_id": 3,
          "question_type": "정보",
          "question": "연락처가 어떻게 되나요?",
          "question_wordNum": 3,
          "answer": "0507-1335-8976",
          "answer_wordNum": 1,
          "fact": [
            "엘리케이커,연락처,0507-1335-8976"
          ]
        }
      ]
    },
    {
      "image_id": 2,
      "question": [
        {
          "question_id": 0,
          "question_type": "정보",
          "question": "영업시간은 어떻게 되나요?",
          "question_wordNum": 3,
          "answer": "11:00~17:00/20:00",
          "answer_wordNum": 1,
          "fact": [
            "엘리케이커,영업시간,11:00~17:00/20:00"
          ]
        },
        {
          "question_id": 1,
          "question_type": "정보",
          "question": "이 곳의 주요 메뉴는 무엇이 있나요?",
          "question_wordNum": 6,
          "answer": "쿠키 케이크, 아메리카노",
          "answer_wordNum": 3,
          "fact": [
            "엘리케이커,메뉴,쿠키 케이크, 아메리카노"
          ]
        },
        {
          "question_id": 2,
          "question_type": "관계",
          "question": "이 곳에 인접한 시설이 있나요?",
          "question_wordNum": 5,
          "answer": "마곡나루역 1번 출구, 에그, 길동우동",
          "answer_wordNum": 5,
          "fact": [
            "엘리케이커,인접,마곡나루역 1번 출구, 에그, 길동우동"
          ]
        },
        {
          "question_id": 3,
          "question_type": "정보",
          "question": "휴무일은 어떻게 되나요?",
          "question_wordNum": 3,
          "answer": "매주 일요일",
          "answer_wordNum": 2,
          "fact": [
            "엘리케이커,휴무일,매주 일요일"
          ]
        }
      ]
    },
    {
      "image_id": 3,
      "question": [
        {
          "question_id": 0,
          "question_type": "정보",
          "question": "영업시간은 어떻게 되나요?",
          "question_wordNum": 3,
          "answer": "11:00~17:00/20:00",
          "answer_wordNum": 1,
          "fact": [
            "엘리케이커,영업시간,11:00~17:00/20:00"
          ]
        },
        {
          "question_id": 1,
          "question_type": "정보",
          "question": "이 곳의 주소는 어떻게 되나요?",
          "question_wordNum": 5,
          "answer": "서울 강서구 마곡중앙5로 6 보타닉푸르지오시티 지하 1층 143호 엘리케이커",
          "answer_wordNum": 9,
          "fact": [
            "엘리케이커,주소,서울 강서구 마곡중앙5로 6 보타닉푸르지오시티 지하 1층 143호 엘리케이커"
          ]
        },
        {
          "question_id": 2,
          "question_type": "탐색",
          "question": "주차시설이 있나요?",
          "question_wordNum": 2,
          "answer": "있음",
          "answer_wordNum": 1,
          "fact": [
            "엘리케이커,주차시설,있음"
          ]
        },
        {
          "question_id": 3,
          "question_type": "정보",
          "question": "이 곳의 대표적인 메뉴는 무엇이 있나요?",
          "question_wordNum": 6,
          "answer": "쿠키 케이크, 아메리카노",
          "answer_wordNum": 3,
          "fact": [
            "엘리케이커,메뉴,쿠키 케이크, 아메리카노"
          ]
        }
      ]
    },
    {
      "image_id": 4,
      "question": [
        {
          "question_id": 0,
          "question_type": "정보",
          "question": "영업시간은 몇시부터 몇시까지로 기재되어 있나요?",
          "question_wordNum": 5,
          "answer": "11:00~17:00/20:00",
          "answer_wordNum": 1,
          "fact": [
            "엘리케이커,영업시간,11:00~17:00/20:00"
          ]
        },
        {
          "question_id": 1,
          "question_type": "정보",
          "question": "휴무일은 어떻게 되나요?",
          "question_wordNum": 3,
          "answer": "매주 일요일",
          "answer_wordNum": 2,
          "fact": [
            "엘리케이커,휴무일,매주 일요일"
          ]
        },
        {
          "question_id": 2,
          "question_type": "관계",
          "question": "이 곳에 인접한 시설이 있나요?",
          "question_wordNum": 5,
          "answer": "마곡나루역 1번 출구, 에그, 길동우동",
          "answer_wordNum": 5,
          "fact": [
            "엘리케이커,인접,마곡나루역 1번 출구, 에그, 길동우동"
          ]
        },
        {
          "question_id": 3,
          "question_type": "정보",
          "question": "연락처가 어떻게 되나요?",
          "question_wordNum": 3,
          "answer": "0507-1335-8976",
          "answer_wordNum": 1,
          "fact": [
            "엘리케이커,연락처,0507-1335-8976"
          ]
        }
      ]
    }
  ]
}