{
  "data": {
    "dataset": "2-083-219",
    "POI_id": "561395",
    "travelType": "음식점",
    "place": "자담치킨 양천향교점",
    "area": "서울"
  },
  "imageInfo": [
    {
      "image_id": 0,
      "filename": "561395_0_su_5_자담치킨 양천향교점_1_001.png",
      "mapx": 37.5710165391584,
      "mapy": 126.841469246972,
      "width": 3840,
      "height": 2160,
      "caption_info": [
        "자담치킨 양천향교점(가양동)",
        "간판"
      ]
    },
    {
      "image_id": 1,
      "filename": "561395_0_su_5_자담치킨 양천향교점_1_002.png",
      "mapx": 37.5710165391584,
      "mapy": 126.841469246972,
      "width": 3840,
      "height": 2160,
      "caption_info": [
        "자담치킨 양천향교점(가양동)",
        "간판, 건물"
      ]
    },
    {
      "image_id": 2,
      "filename": "561395_0_su_5_자담치킨 양천향교점_1_003.png",
      "mapx": 37.5710165391584,
      "mapy": 126.841469246972,
      "width": 3840,
      "height": 2160,
      "caption_info": [
        "자담치킨 양천향교점(가양동)",
        "테이블, 등받이의자"
      ]
    },
    {
      "image_id": 3,
      "filename": "561395_0_su_5_자담치킨 양천향교점_1_004.png",
      "mapx": 37.5710165391584,
      "mapy": 126.841469246972,
      "width": 3840,
      "height": 2160,
      "caption_info": [
        "자담치킨 양천향교점(가양동)",
        "메뉴판"
      ]
    },
    {
      "image_id": 4,
      "filename": "561395_0_su_5_자담치킨 양천향교점_1_005.png",
      "mapx": 37.5710165391584,
      "mapy": 126.841469246972,
      "width": 3840,
      "height": 2160,
      "caption_info": [
        "자담치킨 양천향교점(가양동)",
        "양념치킨"
      ]
    }
  ],
  "annotations": [
    {
      "image_id": 0,
      "question": [
        {
          "question_id": 0,
          "question_type": "정보",
          "question": "휴무일은 어떻게 되나요?",
          "question_wordNum": 3,
          "answer": "없음",
          "answer_wordNum": 1,
          "fact": [
            "자담치킨 양천향교점,휴무일,없음"
          ]
        },
        {
          "question_id": 1,
          "question_type": "관계",
          "question": "이 곳에 인접한 시설이 있나요?",
          "question_wordNum": 5,
          "answer": "양천향교역 2번 출구, 새마을금고, 이디야커피",
          "answer_wordNum": 5,
          "fact": [
            "자담치킨 양천향교점,인접,양천향교역 2번 출구, 새마을금고, 이디야커피"
          ]
        },
        {
          "question_id": 2,
          "question_type": "정보",
          "question": "이 곳의 대표적인 메뉴는 무엇이 있나요?",
          "question_wordNum": 6,
          "answer": "후라이드치킨, 불패치킨",
          "answer_wordNum": 2,
          "fact": [
            "자담치킨 양천향교점,메뉴,후라이드치킨, 불패치킨"
          ]
        },
        {
          "question_id": 3,
          "question_type": "정보",
          "question": "이 곳의 주소는 어떻게 되나요?",
          "question_wordNum": 5,
          "answer": "서울 강서구 강서로 511 상가 104호",
          "answer_wordNum": 6,
          "fact": [
            "자담치킨 양천향교점,주소,서울 강서구 강서로 511 상가 104호"
          ]
        }
      ]
    },
    {
      "image_id": 1,
      "question": [
        {
          "question_id": 0,
          "question_type": "정보",
          "question": "휴무일은 어떻게 되나요?",
          "question_wordNum": 3,
          "answer": "없음",
          "answer_wordNum": 1,
          "fact": [
            "자담치킨 양천향교점,휴무일,없음"
          ]
        },
        {
          "question_id": 1,
          "question_type": "탐색",
          "question": "주차시설이 있나요?",
          "question_wordNum": 2,
          "answer": "있음",
          "answer_wordNum": 1,
          "fact": [
            "자담치킨 양천향교점,주차시설,있음"
          ]
        },
        {
          "question_id": 2,
          "question_type": "정보",
          "question": "이 곳의 대표적인 메뉴는 무엇이 있나요?",
          "question_wordNum": 6,
          "answer": "후라이드치킨, 불패치킨",
          "answer_wordNum": 2,
          "fact": [
            "자담치킨 양천향교점,메뉴,후라이드치킨, 불패치킨"
          ]
        },
        {
          "question_id": 3,
          "question_type": "정보",
          "question": "영업시간은 어떻게 되나요?",
          "question_wordNum": 3,
          "answer": "15:00 - 24:00",
          "answer_wordNum": 3,
          "fact": [
            "자담치킨 양천향교점,영업시간,15:00 - 24:00"
          ]
        }
      ]
    },
    {
      "image_id": 2,
      "question": [
        {
          "question_id": 0,
          "question_type": "정보",
          "question": "이 곳의 대표적인 메뉴는 무엇이 있나요?",
          "question_wordNum": 6,
          "answer": "후라이드치킨, 불패치킨",
          "answer_wordNum": 2,
          "fact": [
            "자담치킨 양천향교점,메뉴,후라이드치킨, 불패치킨"
          ]
        },
        {
          "question_id": 1,
          "question_type": "탐색",
          "question": "주차시설이 있나요?",
          "question_wordNum": 2,
          "answer": "있음",
          "answer_wordNum": 1,
          "fact": [
            "자담치킨 양천향교점,주차시설,있음"
          ]
        },
        {
          "question_id": 2,
          "question_type": "정보",
          "question": "영업시간은 어떻게 되나요?",
          "question_wordNum": 3,
          "answer": "15:00 - 24:00",
          "answer_wordNum": 3,
          "fact": [
            "자담치킨 양천향교점,영업시간,15:00 - 24:00"
          ]
        },
        {
          "question_id": 3,
          "question_type": "정보",
          "question": "연락처가 어떻게 되나요?",
          "question_wordNum": 3,
          "answer": "02-3662-1636",
          "answer_wordNum": 1,
          "fact": [
            "자담치킨 양천향교점,연락처,02-3662-1636"
          ]
        }
      ]
    },
    {
      "image_id": 3,
      "question": [
        {
          "question_id": 0,
          "question_type": "탐색",
          "question": "주차시설이 있나요?",
          "question_wordNum": 2,
          "answer": "있음",
          "answer_wordNum": 1,
          "fact": [
            "자담치킨 양천향교점,주차시설,있음"
          ]
        },
        {
          "question_id": 1,
          "question_type": "정보",
          "question": "이 곳의 대표적인 메뉴는 무엇이 있나요?",
          "question_wordNum": 6,
          "answer": "후라이드치킨, 불패치킨",
          "answer_wordNum": 2,
          "fact": [
            "자담치킨 양천향교점,메뉴,후라이드치킨, 불패치킨"
          ]
        },
        {
          "question_id": 2,
          "question_type": "정보",
          "question": "영업시간은 어떻게 되나요?",
          "question_wordNum": 3,
          "answer": "15:00 - 24:00",
          "answer_wordNum": 3,
          "fact": [
            "자담치킨 양천향교점,영업시간,15:00 - 24:00"
          ]
        },
        {
          "question_id": 3,
          "question_type": "정보",
          "question": "이 곳의 주소는 어떻게 되나요?",
          "question_wordNum": 5,
          "answer": "서울 강서구 강서로 511 상가 104호",
          "answer_wordNum": 6,
          "fact": [
            "자담치킨 양천향교점,주소,서울 강서구 강서로 511 상가 104호"
          ]
        }
      ]
    },
    {
      "image_id": 4,
      "question": [
        {
          "question_id": 0,
          "question_type": "정보",
          "question": "영업시간은 몇시부터 몇시까지로 기재되어 있나요?",
          "question_wordNum": 5,
          "answer": "15:00 - 24:00",
          "answer_wordNum": 3,
          "fact": [
            "자담치킨 양천향교점,영업시간,15:00 - 24:00"
          ]
        },
        {
          "question_id": 1,
          "question_type": "정보",
          "question": "이 곳의 주소는 어떻게 되나요?",
          "question_wordNum": 5,
          "answer": "서울 강서구 강서로 511 상가 104호",
          "answer_wordNum": 6,
          "fact": [
            "자담치킨 양천향교점,주소,서울 강서구 강서로 511 상가 104호"
          ]
        },
        {
          "question_id": 2,
          "question_type": "정보",
          "question": "이 곳의 주요 메뉴는 무엇이 있나요?",
          "question_wordNum": 6,
          "answer": "후라이드치킨, 불패치킨",
          "answer_wordNum": 2,
          "fact": [
            "자담치킨 양천향교점,메뉴,후라이드치킨, 불패치킨"
          ]
        },
        {
          "question_id": 3,
          "question_type": "관계",
          "question": "이 곳에 인접한 시설이 있나요?",
          "question_wordNum": 5,
          "answer": "양천향교역 2번 출구, 새마을금고, 이디야커피",
          "answer_wordNum": 5,
          "fact": [
            "자담치킨 양천향교점,인접,양천향교역 2번 출구, 새마을금고, 이디야커피"
          ]
        }
      ]
    }
  ]
}