{
  "data": {
    "dataset": "2-083-219",
    "POI_id": "561720",
    "travelType": "음식점",
    "place": "향리원마라탕 ",
    "area": "서울"
  },
  "imageInfo": [
    {
      "image_id": 0,
      "filename": "561720_0_su_5_향리원마라탕 _5_001.png",
      "mapx": 37.5499605952374,
      "mapy": 126.835973411049,
      "width": 3840,
      "height": 2160,
      "caption_info": [
        "향리원마라탕(강서구) ",
        "간판"
      ]
    },
    {
      "image_id": 1,
      "filename": "561720_0_su_5_향리원마라탕 _5_002.png",
      "mapx": 37.5499605952374,
      "mapy": 126.835973411049,
      "width": 3840,
      "height": 2160,
      "caption_info": [
        "향리원마라탕(강서구) ",
        "간판"
      ]
    },
    {
      "image_id": 2,
      "filename": "561720_0_su_5_향리원마라탕 _5_003.png",
      "mapx": 37.5499605952374,
      "mapy": 126.835973411049,
      "width": 3840,
      "height": 2160,
      "caption_info": [
        "향리원마라탕(강서구) ",
        "사각 테이블"
      ]
    },
    {
      "image_id": 3,
      "filename": "561720_0_su_5_향리원마라탕 _5_004.png",
      "mapx": 37.5499605952374,
      "mapy": 126.835973411049,
      "width": 3840,
      "height": 2160,
      "caption_info": [
        "향리원마라탕(강서구) ",
        "메뉴판 "
      ]
    },
    {
      "image_id": 4,
      "filename": "561720_0_su_5_향리원마라탕 _5_005.png",
      "mapx": 37.5499605952374,
      "mapy": 126.835973411049,
      "width": 3840,
      "height": 2160,
      "caption_info": [
        "향리원마라탕(강서구) ",
        "마라탕 "
      ]
    }
  ],
  "annotations": [
    {
      "image_id": 0,
      "question": [
        {
          "question_id": 0,
          "question_type": "정보",
          "question": "영업시간은 어떻게 되나요?",
          "question_wordNum": 3,
          "answer": "11:00 - 22:00",
          "answer_wordNum": 3,
          "fact": [
            "향리원마라탕,영업시간,11:00 - 22:00"
          ]
        },
        {
          "question_id": 1,
          "question_type": "정보",
          "question": "연락처가 어떻게 되나요?",
          "question_wordNum": 3,
          "answer": "0507-1331-3425",
          "answer_wordNum": 1,
          "fact": [
            "향리원마라탕,연락처,0507-1331-3425"
          ]
        },
        {
          "question_id": 2,
          "question_type": "탐색",
          "question": "주차시설이 있는지 알 수 있나요?",
          "question_wordNum": 5,
          "answer": "있음",
          "answer_wordNum": 1,
          "fact": [
            "향리원마라탕,주차시설,있음"
          ]
        },
        {
          "question_id": 3,
          "question_type": "정보",
          "question": "이 곳의 주소를 알 수 있나요?",
          "question_wordNum": 6,
          "answer": "서울 강서구 강서로 271",
          "answer_wordNum": 4,
          "fact": [
            "향리원마라탕,주소,서울 강서구 강서로 271"
          ]
        }
      ]
    },
    {
      "image_id": 1,
      "question": [
        {
          "question_id": 0,
          "question_type": "관계",
          "question": "이 곳에 인접한 시설이 있나요?",
          "question_wordNum": 5,
          "answer": "우장산역 4번 출구, 맘스터치, 김가네김밥",
          "answer_wordNum": 5,
          "fact": [
            "향리원마라탕,인접,우장산역 4번 출구, 맘스터치, 김가네김밥"
          ]
        },
        {
          "question_id": 1,
          "question_type": "정보",
          "question": "이 곳의 주소는 어떻게 되나요?",
          "question_wordNum": 5,
          "answer": "서울 강서구 강서로 271",
          "answer_wordNum": 4,
          "fact": [
            "향리원마라탕,주소,서울 강서구 강서로 271"
          ]
        },
        {
          "question_id": 2,
          "question_type": "정보",
          "question": "영업시간을 알 수 있나요?",
          "question_wordNum": 4,
          "answer": "11:00 - 22:00",
          "answer_wordNum": 3,
          "fact": [
            "향리원마라탕,영업시간,11:00 - 22:00"
          ]
        },
        {
          "question_id": 3,
          "question_type": "정보",
          "question": "휴무일은 어떻게 되나요?",
          "question_wordNum": 3,
          "answer": "없음",
          "answer_wordNum": 1,
          "fact": [
            "향리원마라탕,휴무일,없음"
          ]
        }
      ]
    },
    {
      "image_id": 2,
      "question": [
        {
          "question_id": 0,
          "question_type": "정보",
          "question": "대표 메뉴가 무엇인가요?",
          "question_wordNum": 3,
          "answer": "마라탕, 마라샹궈",
          "answer_wordNum": 2,
          "fact": [
            "향리원마라탕,메뉴,마라탕, 마라샹궈"
          ]
        },
        {
          "question_id": 1,
          "question_type": "정보",
          "question": "연락처가 어떻게 되나요?",
          "question_wordNum": 3,
          "answer": "0507-1331-3425",
          "answer_wordNum": 1,
          "fact": [
            "향리원마라탕,연락처,0507-1331-3425"
          ]
        },
        {
          "question_id": 2,
          "question_type": "정보",
          "question": "영업시간은 어떻게 되나요?",
          "question_wordNum": 3,
          "answer": "11:00 - 22:00",
          "answer_wordNum": 3,
          "fact": [
            "향리원마라탕,영업시간,11:00 - 22:00"
          ]
        },
        {
          "question_id": 3,
          "question_type": "탐색",
          "question": "주차시설이 있는지 알 수 있나요?",
          "question_wordNum": 5,
          "answer": "있음",
          "answer_wordNum": 1,
          "fact": [
            "향리원마라탕,주차시설,있음"
          ]
        }
      ]
    },
    {
      "image_id": 3,
      "question": [
        {
          "question_id": 0,
          "question_type": "정보",
          "question": "대표 메뉴가 무엇인가요?",
          "question_wordNum": 3,
          "answer": "마라탕, 마라샹궈",
          "answer_wordNum": 2,
          "fact": [
            "향리원마라탕,메뉴,마라탕, 마라샹궈"
          ]
        },
        {
          "question_id": 1,
          "question_type": "정보",
          "question": "영업시간을 알 수 있나요?",
          "question_wordNum": 4,
          "answer": "11:00 - 22:00",
          "answer_wordNum": 3,
          "fact": [
            "향리원마라탕,영업시간,11:00 - 22:00"
          ]
        },
        {
          "question_id": 2,
          "question_type": "정보",
          "question": "휴무일은 어떻게 되나요?",
          "question_wordNum": 3,
          "answer": "없음",
          "answer_wordNum": 1,
          "fact": [
            "향리원마라탕,휴무일,없음"
          ]
        },
        {
          "question_id": 3,
          "question_type": "정보",
          "question": "이 곳의 주소를 알 수 있나요?",
          "question_wordNum": 6,
          "answer": "서울 강서구 강서로 271",
          "answer_wordNum": 4,
          "fact": [
            "향리원마라탕,주소,서울 강서구 강서로 271"
          ]
        }
      ]
    },
    {
      "image_id": 4,
      "question": [
        {
          "question_id": 0,
          "question_type": "정보",
          "question": "대표 메뉴가 무엇인가요?",
          "question_wordNum": 3,
          "answer": "마라탕, 마라샹궈",
          "answer_wordNum": 2,
          "fact": [
            "향리원마라탕,메뉴,마라탕, 마라샹궈"
          ]
        },
        {
          "question_id": 1,
          "question_type": "정보",
          "question": "이 곳의 주소는 어떻게 되나요?",
          "question_wordNum": 5,
          "answer": "서울 강서구 강서로 271",
          "answer_wordNum": 4,
          "fact": [
            "향리원마라탕,주소,서울 강서구 강서로 271"
          ]
        },
        {
          "question_id": 2,
          "question_type": "정보",
          "question": "연락처를 알 수 있나요?",
          "question_wordNum": 4,
          "answer": "0507-1331-3425",
          "answer_wordNum": 1,
          "fact": [
            "향리원마라탕,연락처,0507-1331-3425"
          ]
        },
        {
          "question_id": 3,
          "question_type": "정보",
          "question": "영업시간은 어떻게 되나요?",
          "question_wordNum": 3,
          "answer": "11:00 - 22:00",
          "answer_wordNum": 3,
          "fact": [
            "향리원마라탕,영업시간,11:00 - 22:00"
          ]
        }
      ]
    }
  ]
}