{
  "data": {
    "dataset": "2-083-219",
    "POI_id": "561387",
    "travelType": "음식점",
    "place": "24시전주명가콩나물국밥 가양점",
    "area": "서울"
  },
  "imageInfo": [
    {
      "image_id": 0,
      "filename": "561387_0_su_5_24시전주명가콩나물국밥 가양점_1_001.png",
      "mapx": 37.5657010514328,
      "mapy": 126.84764409296,
      "width": 3840,
      "height": 2160,
      "caption_info": [
        "24시전주명가콩나물국밥 가양점(가양동)",
        "간판, 여닫이 문"
      ]
    },
    {
      "image_id": 1,
      "filename": "561387_0_su_5_24시전주명가콩나물국밥 가양점_1_002.png",
      "mapx": 37.5657010514328,
      "mapy": 126.84764409296,
      "width": 3840,
      "height": 2160,
      "caption_info": [
        "24시전주명가콩나물국밥 가양점(가양동)",
        "건물, 간판"
      ]
    },
    {
      "image_id": 2,
      "filename": "561387_0_su_5_24시전주명가콩나물국밥 가양점_1_003.png",
      "mapx": 37.5657010514328,
      "mapy": 126.84764409296,
      "width": 3840,
      "height": 2160,
      "caption_info": [
        "24시전주명가콩나물국밥 가양점(가양동)",
        "테이블, 등받이 의자"
      ]
    },
    {
      "image_id": 3,
      "filename": "561387_0_su_5_24시전주명가콩나물국밥 가양점_1_004.png",
      "mapx": 37.5657010514328,
      "mapy": 126.84764409296,
      "width": 3840,
      "height": 2160,
      "caption_info": [
        "24시전주명가콩나물국밥 가양점(가양동)",
        "메뉴판"
      ]
    },
    {
      "image_id": 4,
      "filename": "561387_0_su_5_24시전주명가콩나물국밥 가양점_1_005.png",
      "mapx": 37.5657010514328,
      "mapy": 126.84764409296,
      "width": 3840,
      "height": 2160,
      "caption_info": [
        "24시전주명가콩나물국밥 가양점(가양동)",
        "콩나물국밥"
      ]
    }
  ],
  "annotations": [
    {
      "image_id": 0,
      "question": [
        {
          "question_id": 0,
          "question_type": "탐색",
          "question": "주차시설이 있나요?",
          "question_wordNum": 2,
          "answer": "있음",
          "answer_wordNum": 1,
          "fact": [
            "24시전주명가콩나물국밥 가양점,주차시설,있음"
          ]
        },
        {
          "question_id": 1,
          "question_type": "관계",
          "question": "이 곳에 인접한 시설이 있나요?",
          "question_wordNum": 5,
          "answer": "양천향교역 4번 출구, 강서한강자이타워, CU, 감성커피",
          "answer_wordNum": 6,
          "fact": [
            "24시전주명가콩나물국밥 가양점,인접,양천향교역 4번 출구, 강서한강자이타워, CU, 감성커피"
          ]
        },
        {
          "question_id": 2,
          "question_type": "정보",
          "question": "이 곳의 주소는 어떻게 되나요?",
          "question_wordNum": 5,
          "answer": "서울 강서구 양천로 401",
          "answer_wordNum": 4,
          "fact": [
            "24시전주명가콩나물국밥 가양점,주소,서울 강서구 양천로 401"
          ]
        },
        {
          "question_id": 3,
          "question_type": "정보",
          "question": "연락처가 어떻게 되나요?",
          "question_wordNum": 3,
          "answer": "02-3661-3801",
          "answer_wordNum": 1,
          "fact": [
            "24시전주명가콩나물국밥 가양점,연락처,02-3661-3801"
          ]
        }
      ]
    },
    {
      "image_id": 1,
      "question": [
        {
          "question_id": 0,
          "question_type": "정보",
          "question": "이 곳의 주소는 어떻게 되나요?",
          "question_wordNum": 5,
          "answer": "서울 강서구 양천로 401",
          "answer_wordNum": 4,
          "fact": [
            "24시전주명가콩나물국밥 가양점,주소,서울 강서구 양천로 401"
          ]
        },
        {
          "question_id": 1,
          "question_type": "관계",
          "question": "이 곳에 인접한 시설이 있나요?",
          "question_wordNum": 5,
          "answer": "양천향교역 4번 출구, 강서한강자이타워, CU, 감성커피",
          "answer_wordNum": 6,
          "fact": [
            "24시전주명가콩나물국밥 가양점,인접,양천향교역 4번 출구, 강서한강자이타워, CU, 감성커피"
          ]
        },
        {
          "question_id": 2,
          "question_type": "정보",
          "question": "연락처가 어떻게 되나요?",
          "question_wordNum": 3,
          "answer": "02-3661-3801",
          "answer_wordNum": 1,
          "fact": [
            "24시전주명가콩나물국밥 가양점,연락처,02-3661-3801"
          ]
        },
        {
          "question_id": 3,
          "question_type": "정보",
          "question": "영업시간은 어떻게 되나요?",
          "question_wordNum": 3,
          "answer": "06:00 - 22:00",
          "answer_wordNum": 3,
          "fact": [
            "24시전주명가콩나물국밥 가양점,영업시간,06:00 - 22:00"
          ]
        }
      ]
    },
    {
      "image_id": 2,
      "question": [
        {
          "question_id": 0,
          "question_type": "정보",
          "question": "휴무일은 어떻게 되나요?",
          "question_wordNum": 3,
          "answer": "없음",
          "answer_wordNum": 1,
          "fact": [
            "24시전주명가콩나물국밥 가양점,휴무일,없음"
          ]
        },
        {
          "question_id": 1,
          "question_type": "정보",
          "question": "연락처가 어떻게 되나요?",
          "question_wordNum": 3,
          "answer": "02-3661-3801",
          "answer_wordNum": 1,
          "fact": [
            "24시전주명가콩나물국밥 가양점,연락처,02-3661-3801"
          ]
        },
        {
          "question_id": 2,
          "question_type": "정보",
          "question": "이 곳의 주요 메뉴는 무엇이 있나요?",
          "question_wordNum": 6,
          "answer": "콩나물국밥, 김치콩나물국밥",
          "answer_wordNum": 2,
          "fact": [
            "24시전주명가콩나물국밥 가양점,메뉴,콩나물국밥, 김치콩나물국밥"
          ]
        },
        {
          "question_id": 3,
          "question_type": "탐색",
          "question": "주차시설이 있나요?",
          "question_wordNum": 2,
          "answer": "있음",
          "answer_wordNum": 1,
          "fact": [
            "24시전주명가콩나물국밥 가양점,주차시설,있음"
          ]
        }
      ]
    },
    {
      "image_id": 3,
      "question": [
        {
          "question_id": 0,
          "question_type": "정보",
          "question": "영업시간은 어떻게 되나요?",
          "question_wordNum": 3,
          "answer": "06:00 - 22:00",
          "answer_wordNum": 3,
          "fact": [
            "24시전주명가콩나물국밥 가양점,영업시간,06:00 - 22:00"
          ]
        },
        {
          "question_id": 1,
          "question_type": "정보",
          "question": "휴무일은 어떻게 되나요?",
          "question_wordNum": 3,
          "answer": "없음",
          "answer_wordNum": 1,
          "fact": [
            "24시전주명가콩나물국밥 가양점,휴무일,없음"
          ]
        },
        {
          "question_id": 2,
          "question_type": "정보",
          "question": "이 곳의 주요 메뉴는 무엇이 있나요?",
          "question_wordNum": 6,
          "answer": "콩나물국밥, 김치콩나물국밥",
          "answer_wordNum": 2,
          "fact": [
            "24시전주명가콩나물국밥 가양점,메뉴,콩나물국밥, 김치콩나물국밥"
          ]
        },
        {
          "question_id": 3,
          "question_type": "정보",
          "question": "연락처가 어떻게 되나요?",
          "question_wordNum": 3,
          "answer": "02-3661-3801",
          "answer_wordNum": 1,
          "fact": [
            "24시전주명가콩나물국밥 가양점,연락처,02-3661-3801"
          ]
        }
      ]
    },
    {
      "image_id": 4,
      "question": [
        {
          "question_id": 0,
          "question_type": "관계",
          "question": "이 곳에 인접한 시설이 있나요?",
          "question_wordNum": 5,
          "answer": "양천향교역 4번 출구, 강서한강자이타워, CU, 감성커피",
          "answer_wordNum": 6,
          "fact": [
            "24시전주명가콩나물국밥 가양점,인접,양천향교역 4번 출구, 강서한강자이타워, CU, 감성커피"
          ]
        },
        {
          "question_id": 1,
          "question_type": "탐색",
          "question": "주차시설이 있나요?",
          "question_wordNum": 2,
          "answer": "있음",
          "answer_wordNum": 1,
          "fact": [
            "24시전주명가콩나물국밥 가양점,주차시설,있음"
          ]
        },
        {
          "question_id": 2,
          "question_type": "정보",
          "question": "이 곳의 주소는 어떻게 되나요?",
          "question_wordNum": 5,
          "answer": "서울 강서구 양천로 401",
          "answer_wordNum": 4,
          "fact": [
            "24시전주명가콩나물국밥 가양점,주소,서울 강서구 양천로 401"
          ]
        },
        {
          "question_id": 3,
          "question_type": "정보",
          "question": "휴무일은 어떻게 되나요?",
          "question_wordNum": 3,
          "answer": "없음",
          "answer_wordNum": 1,
          "fact": [
            "24시전주명가콩나물국밥 가양점,휴무일,없음"
          ]
        }
      ]
    }
  ]
}