{
  "data": {
    "dataset": "2-083-219",
    "POI_id": "561704",
    "travelType": "음식점",
    "place": "브루노화덕피자",
    "area": "서울"
  },
  "imageInfo": [
    {
      "image_id": 0,
      "filename": "561704_0_su_5_브루노화덕피자_1_001.png",
      "mapx": 37.5526859250125,
      "mapy": 126.837532453346,
      "width": 3840,
      "height": 2160,
      "caption_info": [
        "브루노화덕피자(내발산동)",
        "간판, 어닝, 여닫이문"
      ]
    },
    {
      "image_id": 1,
      "filename": "561704_0_su_5_브루노화덕피자_1_002.png",
      "mapx": 37.5526859250125,
      "mapy": 126.837532453346,
      "width": 3840,
      "height": 2160,
      "caption_info": [
        "브루노화덕피자(내발산동)",
        "간판, 여닫이문"
      ]
    },
    {
      "image_id": 2,
      "filename": "561704_0_su_5_브루노화덕피자_1_003.png",
      "mapx": 37.5526859250125,
      "mapy": 126.837532453346,
      "width": 3840,
      "height": 2160,
      "caption_info": [
        "브루노화덕피자(내발산동)",
        "냉장고, 테이블, 의자"
      ]
    },
    {
      "image_id": 3,
      "filename": "561704_0_su_5_브루노화덕피자_1_004.png",
      "mapx": 37.5526859250125,
      "mapy": 126.837532453346,
      "width": 3840,
      "height": 2160,
      "caption_info": [
        "브루노화덕피자(내발산동)",
        "여닫이문"
      ]
    },
    {
      "image_id": 4,
      "filename": "561704_0_su_5_브루노화덕피자_1_005.png",
      "mapx": 37.5526859250125,
      "mapy": 126.837532453346,
      "width": 3840,
      "height": 2160,
      "caption_info": [
        "브루노화덕피자(내발산동)",
        "피자"
      ]
    }
  ],
  "annotations": [
    {
      "image_id": 0,
      "question": [
        {
          "question_id": 0,
          "question_type": "관계",
          "question": "이 곳에 인접한 시설이 있나요?",
          "question_wordNum": 5,
          "answer": "우장산역 1번 출구, 우장산막창, 컴포즈커피",
          "answer_wordNum": 5,
          "fact": [
            "브루노화덕피자,인접,우장산역 1번 출구, 우장산막창, 컴포즈커피"
          ]
        },
        {
          "question_id": 1,
          "question_type": "정보",
          "question": "연락처를 알 수 있나요?",
          "question_wordNum": 4,
          "answer": "0507-1338-4824",
          "answer_wordNum": 1,
          "fact": [
            "브루노화덕피자,연락처,0507-1338-4824"
          ]
        },
        {
          "question_id": 2,
          "question_type": "정보",
          "question": "휴무일은 어떻게 되나요?",
          "question_wordNum": 3,
          "answer": "매주 월요일",
          "answer_wordNum": 2,
          "fact": [
            "브루노화덕피자,휴무일,매주 월요일"
          ]
        },
        {
          "question_id": 3,
          "question_type": "탐색",
          "question": "주차시설이 있는지 알 수 있나요?",
          "question_wordNum": 5,
          "answer": "없음",
          "answer_wordNum": 1,
          "fact": [
            "브루노화덕피자,주차시설,없음"
          ]
        }
      ]
    },
    {
      "image_id": 1,
      "question": [
        {
          "question_id": 0,
          "question_type": "정보",
          "question": "연락처가 어떻게 되나요?",
          "question_wordNum": 3,
          "answer": "0507-1338-4824",
          "answer_wordNum": 1,
          "fact": [
            "브루노화덕피자,연락처,0507-1338-4824"
          ]
        },
        {
          "question_id": 1,
          "question_type": "정보",
          "question": "휴무일은 어떻게 되나요?",
          "question_wordNum": 3,
          "answer": "매주 월요일",
          "answer_wordNum": 2,
          "fact": [
            "브루노화덕피자,휴무일,매주 월요일"
          ]
        },
        {
          "question_id": 2,
          "question_type": "정보",
          "question": "이 곳의 대표적인 메뉴를 알 수 있나요?",
          "question_wordNum": 7,
          "answer": "마르게리따, 루꼴라",
          "answer_wordNum": 2,
          "fact": [
            "브루노화덕피자,메뉴,마르게리따, 루꼴라"
          ]
        },
        {
          "question_id": 3,
          "question_type": "정보",
          "question": "영업시간은 몇시부터 몇시까지로 기재되어 있나요?",
          "question_wordNum": 5,
          "answer": "11:30~20:00/21:30",
          "answer_wordNum": 1,
          "fact": [
            "브루노화덕피자,영업시간,11:30~20:00/21:30"
          ]
        }
      ]
    },
    {
      "image_id": 2,
      "question": [
        {
          "question_id": 0,
          "question_type": "탐색",
          "question": "주차시설이 있는지 알 수 있나요?",
          "question_wordNum": 5,
          "answer": "없음",
          "answer_wordNum": 1,
          "fact": [
            "브루노화덕피자,주차시설,없음"
          ]
        },
        {
          "question_id": 1,
          "question_type": "정보",
          "question": "이 곳의 주요 메뉴는 무엇이 있나요?",
          "question_wordNum": 6,
          "answer": "마르게리따, 루꼴라",
          "answer_wordNum": 2,
          "fact": [
            "브루노화덕피자,메뉴,마르게리따, 루꼴라"
          ]
        },
        {
          "question_id": 2,
          "question_type": "정보",
          "question": "영업시간을 알 수 있나요?",
          "question_wordNum": 4,
          "answer": "11:30~20:00/21:30",
          "answer_wordNum": 1,
          "fact": [
            "브루노화덕피자,영업시간,11:30~20:00/21:30"
          ]
        },
        {
          "question_id": 3,
          "question_type": "관계",
          "question": "이 곳에 인접한 시설을 알 수 있나요?",
          "question_wordNum": 7,
          "answer": "우장산역 1번 출구, 우장산막창, 컴포즈커피",
          "answer_wordNum": 5,
          "fact": [
            "브루노화덕피자,인접,우장산역 1번 출구, 우장산막창, 컴포즈커피"
          ]
        }
      ]
    },
    {
      "image_id": 3,
      "question": [
        {
          "question_id": 0,
          "question_type": "정보",
          "question": "영업시간은 어떻게 되나요?",
          "question_wordNum": 3,
          "answer": "11:30~20:00/21:30",
          "answer_wordNum": 1,
          "fact": [
            "브루노화덕피자,영업시간,11:30~20:00/21:30"
          ]
        },
        {
          "question_id": 1,
          "question_type": "관계",
          "question": "이 곳에 인접한 시설이 있나요?",
          "question_wordNum": 5,
          "answer": "우장산역 1번 출구, 우장산막창, 컴포즈커피",
          "answer_wordNum": 5,
          "fact": [
            "브루노화덕피자,인접,우장산역 1번 출구, 우장산막창, 컴포즈커피"
          ]
        },
        {
          "question_id": 2,
          "question_type": "정보",
          "question": "휴무일은 어떻게 되나요?",
          "question_wordNum": 3,
          "answer": "매주 월요일",
          "answer_wordNum": 2,
          "fact": [
            "브루노화덕피자,휴무일,매주 월요일"
          ]
        },
        {
          "question_id": 3,
          "question_type": "정보",
          "question": "이 곳의 주소를 알 수 있나요?",
          "question_wordNum": 6,
          "answer": "서울 강서구 강서로48길 17",
          "answer_wordNum": 4,
          "fact": [
            "브루노화덕피자,주소,서울 강서구 강서로48길 17"
          ]
        }
      ]
    },
    {
      "image_id": 4,
      "question": [
        {
          "question_id": 0,
          "question_type": "탐색",
          "question": "주차시설이 있는지 알 수 있나요?",
          "question_wordNum": 5,
          "answer": "없음",
          "answer_wordNum": 1,
          "fact": [
            "브루노화덕피자,주차시설,없음"
          ]
        },
        {
          "question_id": 1,
          "question_type": "정보",
          "question": "이 곳의 주소는 어떻게 되나요?",
          "question_wordNum": 5,
          "answer": "서울 강서구 강서로48길 17",
          "answer_wordNum": 4,
          "fact": [
            "브루노화덕피자,주소,서울 강서구 강서로48길 17"
          ]
        },
        {
          "question_id": 2,
          "question_type": "정보",
          "question": "이 곳의 주요 메뉴를 알 수 있나요?",
          "question_wordNum": 7,
          "answer": "마르게리따, 루꼴라",
          "answer_wordNum": 2,
          "fact": [
            "브루노화덕피자,메뉴,마르게리따, 루꼴라"
          ]
        },
        {
          "question_id": 3,
          "question_type": "정보",
          "question": "연락처를 알 수 있나요?",
          "question_wordNum": 4,
          "answer": "0507-1338-4824",
          "answer_wordNum": 1,
          "fact": [
            "브루노화덕피자,연락처,0507-1338-4824"
          ]
        }
      ]
    }
  ]
}