{
  "data": {
    "dataset": "2-083-219",
    "POI_id": "561847",
    "travelType": "음식점",
    "place": "큰맘할매순대국 송정역점",
    "area": "서울"
  },
  "imageInfo": [
    {
      "image_id": 0,
      "filename": "561847_0_su_5_큰맘할매순대국 송정역점_1_001.png",
      "mapx": 37.5595385976136,
      "mapy": 126.810375908174,
      "width": 3840,
      "height": 2160,
      "caption_info": [
        "큰맘할매순대국 송정역점(강서구)",
        "간판"
      ]
    },
    {
      "image_id": 1,
      "filename": "561847_0_su_5_큰맘할매순대국 송정역점_1_002.png",
      "mapx": 37.5595385976136,
      "mapy": 126.810375908174,
      "width": 3840,
      "height": 2160,
      "caption_info": [
        "큰맘할매순대국 송정역점(강서구)",
        "간판"
      ]
    },
    {
      "image_id": 2,
      "filename": "561847_0_su_5_큰맘할매순대국 송정역점_1_003.png",
      "mapx": 37.5595385976136,
      "mapy": 126.810375908174,
      "width": 3840,
      "height": 2160,
      "caption_info": [
        "큰맘할매순대국 송정역점(강서구)",
        "사각 테이블"
      ]
    },
    {
      "image_id": 3,
      "filename": "561847_0_su_5_큰맘할매순대국 송정역점_1_004.png",
      "mapx": 37.5595385976136,
      "mapy": 126.810375908174,
      "width": 3840,
      "height": 2160,
      "caption_info": [
        "큰맘할매순대국 송정역점(강서구)",
        "메뉴판 "
      ]
    },
    {
      "image_id": 4,
      "filename": "561847_0_su_5_큰맘할매순대국 송정역점_1_005.png",
      "mapx": 37.5595385976136,
      "mapy": 126.810375908174,
      "width": 3840,
      "height": 2160,
      "caption_info": [
        "큰맘할매순대국 송정역점(강서구)",
        "국밥"
      ]
    }
  ],
  "annotations": [
    {
      "image_id": 0,
      "question": [
        {
          "question_id": 0,
          "question_type": "관계",
          "question": "이 곳에 인접한 시설이 있나요?",
          "question_wordNum": 5,
          "answer": "송정역 4번 출구, 굴사냥, 봉구비어",
          "answer_wordNum": 5,
          "fact": [
            "큰맘할매순대국 송정역점,인접,송정역 4번 출구, 굴사냥, 봉구비어"
          ]
        },
        {
          "question_id": 1,
          "question_type": "정보",
          "question": "영업시간을 알 수 있나요?",
          "question_wordNum": 4,
          "answer": "알수없음",
          "answer_wordNum": 1,
          "fact": [
            "큰맘할매순대국 송정역점,영업시간,알수없음"
          ]
        },
        {
          "question_id": 2,
          "question_type": "정보",
          "question": "연락처가 어떻게 되나요?",
          "question_wordNum": 3,
          "answer": "02-2661-5548",
          "answer_wordNum": 1,
          "fact": [
            "큰맘할매순대국 송정역점,연락처,02-2661-5548"
          ]
        },
        {
          "question_id": 3,
          "question_type": "탐색",
          "question": "주차시설이 있나요?",
          "question_wordNum": 2,
          "answer": "없음",
          "answer_wordNum": 1,
          "fact": [
            "큰맘할매순대국 송정역점,주차시설,없음"
          ]
        }
      ]
    },
    {
      "image_id": 1,
      "question": [
        {
          "question_id": 0,
          "question_type": "관계",
          "question": "이 곳에 인접한 시설을 알 수 있나요?",
          "question_wordNum": 7,
          "answer": "송정역 4번 출구, 굴사냥, 봉구비어",
          "answer_wordNum": 5,
          "fact": [
            "큰맘할매순대국 송정역점,인접,송정역 4번 출구, 굴사냥, 봉구비어"
          ]
        },
        {
          "question_id": 1,
          "question_type": "정보",
          "question": "이 곳의 주소를 알 수 있나요?",
          "question_wordNum": 6,
          "answer": "서울 강서구 송정로 52-1",
          "answer_wordNum": 4,
          "fact": [
            "큰맘할매순대국 송정역점,주소,서울 강서구 송정로 52-1"
          ]
        },
        {
          "question_id": 2,
          "question_type": "정보",
          "question": "연락처를 알 수 있나요?",
          "question_wordNum": 4,
          "answer": "02-2661-5548",
          "answer_wordNum": 1,
          "fact": [
            "큰맘할매순대국 송정역점,연락처,02-2661-5548"
          ]
        },
        {
          "question_id": 3,
          "question_type": "탐색",
          "question": "주차시설이 있는지 알 수 있나요?",
          "question_wordNum": 5,
          "answer": "없음",
          "answer_wordNum": 1,
          "fact": [
            "큰맘할매순대국 송정역점,주차시설,없음"
          ]
        }
      ]
    },
    {
      "image_id": 2,
      "question": [
        {
          "question_id": 0,
          "question_type": "정보",
          "question": "대표 메뉴가 무엇인가요?",
          "question_wordNum": 3,
          "answer": "황태해장국, 소뼈맑은해장국",
          "answer_wordNum": 2,
          "fact": [
            "큰맘할매순대국 송정역점,메뉴,황태해장국, 소뼈맑은해장국"
          ]
        },
        {
          "question_id": 1,
          "question_type": "정보",
          "question": "휴무일은 어떻게 되나요?",
          "question_wordNum": 3,
          "answer": "알수없음",
          "answer_wordNum": 1,
          "fact": [
            "큰맘할매순대국 송정역점,휴무일,알수없음"
          ]
        },
        {
          "question_id": 2,
          "question_type": "정보",
          "question": "이 곳의 주소는 어떻게 되나요?",
          "question_wordNum": 5,
          "answer": "서울 강서구 송정로 52-1",
          "answer_wordNum": 4,
          "fact": [
            "큰맘할매순대국 송정역점,주소,서울 강서구 송정로 52-1"
          ]
        },
        {
          "question_id": 3,
          "question_type": "관계",
          "question": "이 곳에 인접한 시설이 있나요?",
          "question_wordNum": 5,
          "answer": "송정역 4번 출구, 굴사냥, 봉구비어",
          "answer_wordNum": 5,
          "fact": [
            "큰맘할매순대국 송정역점,인접,송정역 4번 출구, 굴사냥, 봉구비어"
          ]
        }
      ]
    },
    {
      "image_id": 3,
      "question": [
        {
          "question_id": 0,
          "question_type": "탐색",
          "question": "주차시설이 있는지 알 수 있나요?",
          "question_wordNum": 5,
          "answer": "없음",
          "answer_wordNum": 1,
          "fact": [
            "큰맘할매순대국 송정역점,주차시설,없음"
          ]
        },
        {
          "question_id": 1,
          "question_type": "정보",
          "question": "이 곳의 주소는 어떻게 되나요?",
          "question_wordNum": 5,
          "answer": "서울 강서구 송정로 52-1",
          "answer_wordNum": 4,
          "fact": [
            "큰맘할매순대국 송정역점,주소,서울 강서구 송정로 52-1"
          ]
        },
        {
          "question_id": 2,
          "question_type": "정보",
          "question": "연락처를 알 수 있나요?",
          "question_wordNum": 4,
          "answer": "02-2661-5548",
          "answer_wordNum": 1,
          "fact": [
            "큰맘할매순대국 송정역점,연락처,02-2661-5548"
          ]
        },
        {
          "question_id": 3,
          "question_type": "정보",
          "question": "영업시간은 어떻게 되나요?",
          "question_wordNum": 3,
          "answer": "알수없음",
          "answer_wordNum": 1,
          "fact": [
            "큰맘할매순대국 송정역점,영업시간,알수없음"
          ]
        }
      ]
    },
    {
      "image_id": 4,
      "question": [
        {
          "question_id": 0,
          "question_type": "정보",
          "question": "휴무일을 알 수 있나요?",
          "question_wordNum": 4,
          "answer": "알수없음",
          "answer_wordNum": 1,
          "fact": [
            "큰맘할매순대국 송정역점,휴무일,알수없음"
          ]
        },
        {
          "question_id": 1,
          "question_type": "정보",
          "question": "연락처를 알 수 있나요?",
          "question_wordNum": 4,
          "answer": "02-2661-5548",
          "answer_wordNum": 1,
          "fact": [
            "큰맘할매순대국 송정역점,연락처,02-2661-5548"
          ]
        },
        {
          "question_id": 2,
          "question_type": "정보",
          "question": "이 곳의 주소를 알 수 있나요?",
          "question_wordNum": 6,
          "answer": "서울 강서구 송정로 52-1",
          "answer_wordNum": 4,
          "fact": [
            "큰맘할매순대국 송정역점,주소,서울 강서구 송정로 52-1"
          ]
        },
        {
          "question_id": 3,
          "question_type": "정보",
          "question": "이 곳의 메뉴를 알 수 있나요?",
          "question_wordNum": 6,
          "answer": "황태해장국, 소뼈맑은해장국",
          "answer_wordNum": 2,
          "fact": [
            "큰맘할매순대국 송정역점,메뉴,황태해장국, 소뼈맑은해장국"
          ]
        }
      ]
    }
  ]
}