{
  "data": {
    "dataset": "2-083-219",
    "POI_id": "561641",
    "travelType": "음식점",
    "place": "Poke all day 포케&샐러드 마곡점",
    "area": "서울"
  },
  "imageInfo": [
    {
      "image_id": 0,
      "filename": "561641_0_su_5_Poke all day 포케&샐러드 마곡점_1_001.png",
      "mapx": 37.5596113961056,
      "mapy": 126.837242277605,
      "width": 3840,
      "height": 2160,
      "caption_info": [
        "Poke all day 포케&샐러드 마곡점(마곡동)",
        "간판"
      ]
    },
    {
      "image_id": 1,
      "filename": "561641_0_su_5_Poke all day 포케&샐러드 마곡점_1_002.png",
      "mapx": 37.5596113961056,
      "mapy": 126.837242277605,
      "width": 3840,
      "height": 2160,
      "caption_info": [
        "Poke all day 포케&샐러드 마곡점(마곡동)",
        "간판"
      ]
    },
    {
      "image_id": 2,
      "filename": "561641_0_su_5_Poke all day 포케&샐러드 마곡점_1_003.png",
      "mapx": 37.5596113961056,
      "mapy": 126.837242277605,
      "width": 3840,
      "height": 2160,
      "caption_info": [
        "Poke all day 포케&샐러드 마곡점(마곡동)",
        "등받이의자"
      ]
    },
    {
      "image_id": 3,
      "filename": "561641_0_su_5_Poke all day 포케&샐러드 마곡점_1_004.png",
      "mapx": 37.5596113961056,
      "mapy": 126.837242277605,
      "width": 3840,
      "height": 2160,
      "caption_info": [
        "Poke all day 포케&샐러드 마곡점(마곡동)",
        "메뉴판"
      ]
    },
    {
      "image_id": 4,
      "filename": "561641_0_su_5_Poke all day 포케&샐러드 마곡점_1_005.png",
      "mapx": 37.5596113961056,
      "mapy": 126.837242277605,
      "width": 3840,
      "height": 2160,
      "caption_info": [
        "Poke all day 포케&샐러드 마곡점(마곡동)",
        "완두콩, 상추"
      ]
    }
  ],
  "annotations": [
    {
      "image_id": 0,
      "question": [
        {
          "question_id": 0,
          "question_type": "정보",
          "question": "영업시간은 어떻게 되나요?",
          "question_wordNum": 3,
          "answer": "10:00~20:00",
          "answer_wordNum": 1,
          "fact": [
            "Poke all day 포케&샐러드 마곡점,영업시간,10:00~20:00"
          ]
        },
        {
          "question_id": 1,
          "question_type": "관계",
          "question": "이 곳에 인접한 시설이 있나요?",
          "question_wordNum": 5,
          "answer": "발산역 1번 출구, 오복집, 샐러디",
          "answer_wordNum": 5,
          "fact": [
            "Poke all day 포케&샐러드 마곡점,인접,발산역 1번 출구, 오복집, 샐러디"
          ]
        },
        {
          "question_id": 2,
          "question_type": "정보",
          "question": "이 곳의 주소는 어떻게 되나요?",
          "question_wordNum": 5,
          "answer": "서울 강서구 공항대로 269-15 힐스테이트에코마곡상가 2층 205호",
          "answer_wordNum": 7,
          "fact": [
            "Poke all day 포케&샐러드 마곡점,주소,서울 강서구 공항대로 269-15 힐스테이트에코마곡상가 2층 205호"
          ]
        },
        {
          "question_id": 3,
          "question_type": "정보",
          "question": "연락처가 어떻게 되나요?",
          "question_wordNum": 3,
          "answer": "0507-1393-3801",
          "answer_wordNum": 1,
          "fact": [
            "Poke all day 포케&샐러드 마곡점,연락처,0507-1393-3801"
          ]
        }
      ]
    },
    {
      "image_id": 1,
      "question": [
        {
          "question_id": 0,
          "question_type": "정보",
          "question": "이 곳의 주요 메뉴는 무엇이 있나요?",
          "question_wordNum": 6,
          "answer": "현미밥 포케, 두부볼",
          "answer_wordNum": 3,
          "fact": [
            "Poke all day 포케&샐러드 마곡점,메뉴,현미밥 포케, 두부볼"
          ]
        },
        {
          "question_id": 1,
          "question_type": "정보",
          "question": "영업시간은 어떻게 되나요?",
          "question_wordNum": 3,
          "answer": "10:00~20:00",
          "answer_wordNum": 1,
          "fact": [
            "Poke all day 포케&샐러드 마곡점,영업시간,10:00~20:00"
          ]
        },
        {
          "question_id": 2,
          "question_type": "정보",
          "question": "휴무일을 알 수 있나요?",
          "question_wordNum": 4,
          "answer": "알수없음",
          "answer_wordNum": 1,
          "fact": [
            "Poke all day 포케&샐러드 마곡점,휴무일,알수없음"
          ]
        },
        {
          "question_id": 3,
          "question_type": "탐색",
          "question": "주차시설이 있나요?",
          "question_wordNum": 2,
          "answer": "있음",
          "answer_wordNum": 1,
          "fact": [
            "Poke all day 포케&샐러드 마곡점,주차시설,있음"
          ]
        }
      ]
    },
    {
      "image_id": 2,
      "question": [
        {
          "question_id": 0,
          "question_type": "관계",
          "question": "이 곳에 인접한 시설이 있나요?",
          "question_wordNum": 5,
          "answer": "발산역 1번 출구, 오복집, 샐러디",
          "answer_wordNum": 5,
          "fact": [
            "Poke all day 포케&샐러드 마곡점,인접,발산역 1번 출구, 오복집, 샐러디"
          ]
        },
        {
          "question_id": 1,
          "question_type": "정보",
          "question": "이 곳의 주요 메뉴는 무엇이 있나요?",
          "question_wordNum": 6,
          "answer": "현미밥 포케, 두부볼",
          "answer_wordNum": 3,
          "fact": [
            "Poke all day 포케&샐러드 마곡점,메뉴,현미밥 포케, 두부볼"
          ]
        },
        {
          "question_id": 2,
          "question_type": "정보",
          "question": "연락처가 어떻게 되나요?",
          "question_wordNum": 3,
          "answer": "0507-1393-3801",
          "answer_wordNum": 1,
          "fact": [
            "Poke all day 포케&샐러드 마곡점,연락처,0507-1393-3801"
          ]
        },
        {
          "question_id": 3,
          "question_type": "정보",
          "question": "영업시간은 어떻게 되나요?",
          "question_wordNum": 3,
          "answer": "10:00~20:00",
          "answer_wordNum": 1,
          "fact": [
            "Poke all day 포케&샐러드 마곡점,영업시간,10:00~20:00"
          ]
        }
      ]
    },
    {
      "image_id": 3,
      "question": [
        {
          "question_id": 0,
          "question_type": "정보",
          "question": "영업시간은 어떻게 되나요?",
          "question_wordNum": 3,
          "answer": "10:00~20:00",
          "answer_wordNum": 1,
          "fact": [
            "Poke all day 포케&샐러드 마곡점,영업시간,10:00~20:00"
          ]
        },
        {
          "question_id": 1,
          "question_type": "정보",
          "question": "이 곳의 주요 메뉴는 무엇이 있나요?",
          "question_wordNum": 6,
          "answer": "현미밥 포케, 두부볼",
          "answer_wordNum": 3,
          "fact": [
            "Poke all day 포케&샐러드 마곡점,메뉴,현미밥 포케, 두부볼"
          ]
        },
        {
          "question_id": 2,
          "question_type": "관계",
          "question": "이 곳에 인접한 시설이 있나요?",
          "question_wordNum": 5,
          "answer": "발산역 1번 출구, 오복집, 샐러디",
          "answer_wordNum": 5,
          "fact": [
            "Poke all day 포케&샐러드 마곡점,인접,발산역 1번 출구, 오복집, 샐러디"
          ]
        },
        {
          "question_id": 3,
          "question_type": "정보",
          "question": "이 곳의 주소는 어떻게 되나요?",
          "question_wordNum": 5,
          "answer": "서울 강서구 공항대로 269-15 힐스테이트에코마곡상가 2층 205호",
          "answer_wordNum": 7,
          "fact": [
            "Poke all day 포케&샐러드 마곡점,주소,서울 강서구 공항대로 269-15 힐스테이트에코마곡상가 2층 205호"
          ]
        }
      ]
    },
    {
      "image_id": 4,
      "question": [
        {
          "question_id": 0,
          "question_type": "정보",
          "question": "영업시간은 몇시부터 몇시까지로 기재되어 있나요?",
          "question_wordNum": 5,
          "answer": "10:00~20:00",
          "answer_wordNum": 1,
          "fact": [
            "Poke all day 포케&샐러드 마곡점,영업시간,10:00~20:00"
          ]
        },
        {
          "question_id": 1,
          "question_type": "정보",
          "question": "연락처가 어떻게 되나요?",
          "question_wordNum": 3,
          "answer": "0507-1393-3801",
          "answer_wordNum": 1,
          "fact": [
            "Poke all day 포케&샐러드 마곡점,연락처,0507-1393-3801"
          ]
        },
        {
          "question_id": 2,
          "question_type": "탐색",
          "question": "주차시설이 있나요?",
          "question_wordNum": 2,
          "answer": "있음",
          "answer_wordNum": 1,
          "fact": [
            "Poke all day 포케&샐러드 마곡점,주차시설,있음"
          ]
        },
        {
          "question_id": 3,
          "question_type": "정보",
          "question": "이 곳의 주소는 어떻게 되나요?",
          "question_wordNum": 5,
          "answer": "서울 강서구 공항대로 269-15 힐스테이트에코마곡상가 2층 205호",
          "answer_wordNum": 7,
          "fact": [
            "Poke all day 포케&샐러드 마곡점,주소,서울 강서구 공항대로 269-15 힐스테이트에코마곡상가 2층 205호"
          ]
        }
      ]
    }
  ]
}