{
  "data": {
    "dataset": "2-083-219",
    "POI_id": "561715",
    "travelType": "음식점",
    "place": "리트웨이 본점",
    "area": "서울"
  },
  "imageInfo": [
    {
      "image_id": 0,
      "filename": "561715_0_su_5_리트웨이 본점_2_001.png",
      "mapx": 37.5522964793753,
      "mapy": 126.826550185758,
      "width": 3840,
      "height": 2160,
      "caption_info": [
        "리트웨이 본점(강서구)",
        "간판"
      ]
    },
    {
      "image_id": 1,
      "filename": "561715_0_su_5_리트웨이 본점_2_002.png",
      "mapx": 37.5522964793753,
      "mapy": 126.826550185758,
      "width": 3840,
      "height": 2160,
      "caption_info": [
        "리트웨이 본점(강서구)",
        "간판"
      ]
    },
    {
      "image_id": 2,
      "filename": "561715_0_su_5_리트웨이 본점_2_003.png",
      "mapx": 37.5522964793753,
      "mapy": 126.826550185758,
      "width": 3840,
      "height": 2160,
      "caption_info": [
        "리트웨이 본점(강서구)",
        "포스"
      ]
    },
    {
      "image_id": 3,
      "filename": "561715_0_su_5_리트웨이 본점_2_004.png",
      "mapx": 37.5522964793753,
      "mapy": 126.826550185758,
      "width": 3840,
      "height": 2160,
      "caption_info": [
        "리트웨이 본점(강서구)",
        "메뉴판 "
      ]
    },
    {
      "image_id": 4,
      "filename": "561715_0_su_5_리트웨이 본점_2_005.png",
      "mapx": 37.5522964793753,
      "mapy": 126.826550185758,
      "width": 3840,
      "height": 2160,
      "caption_info": [
        "리트웨이 본점(강서구)",
        "커피 "
      ]
    }
  ],
  "annotations": [
    {
      "image_id": 0,
      "question": [
        {
          "question_id": 0,
          "question_type": "정보",
          "question": "휴무일은 어떻게 되나요?",
          "question_wordNum": 3,
          "answer": "매주 일요일",
          "answer_wordNum": 2,
          "fact": [
            "리트웨이 본점,휴무일,매주 일요일"
          ]
        },
        {
          "question_id": 1,
          "question_type": "탐색",
          "question": "주차시설이 있는지 알 수 있나요?",
          "question_wordNum": 5,
          "answer": "있음",
          "answer_wordNum": 1,
          "fact": [
            "리트웨이 본점,주차시설,있음"
          ]
        },
        {
          "question_id": 2,
          "question_type": "정보",
          "question": "이 곳의 주소는 어떻게 되나요?",
          "question_wordNum": 5,
          "answer": "서울 강서구 수명로 68-11",
          "answer_wordNum": 4,
          "fact": [
            "리트웨이 본점,주소,서울 강서구 수명로 68-11"
          ]
        },
        {
          "question_id": 3,
          "question_type": "정보",
          "question": "연락처가 어떻게 되나요?",
          "question_wordNum": 3,
          "answer": "02-2667-2225",
          "answer_wordNum": 1,
          "fact": [
            "리트웨이 본점,연락처,02-2667-2225"
          ]
        }
      ]
    },
    {
      "image_id": 1,
      "question": [
        {
          "question_id": 0,
          "question_type": "탐색",
          "question": "주차시설이 있나요?",
          "question_wordNum": 2,
          "answer": "있음",
          "answer_wordNum": 1,
          "fact": [
            "리트웨이 본점,주차시설,있음"
          ]
        },
        {
          "question_id": 1,
          "question_type": "정보",
          "question": "대표 메뉴가 무엇인가요?",
          "question_wordNum": 3,
          "answer": "아메리카노, 카페라떼",
          "answer_wordNum": 2,
          "fact": [
            "리트웨이 본점,메뉴,아메리카노, 카페라떼"
          ]
        },
        {
          "question_id": 2,
          "question_type": "정보",
          "question": "연락처를 알 수 있나요?",
          "question_wordNum": 4,
          "answer": "02-2667-2225",
          "answer_wordNum": 1,
          "fact": [
            "리트웨이 본점,연락처,02-2667-2225"
          ]
        },
        {
          "question_id": 3,
          "question_type": "관계",
          "question": "이 곳에 인접한 시설이 있나요?",
          "question_wordNum": 5,
          "answer": "마곡역 5번 출구, 연세태산내과, 수명산약국, GS25",
          "answer_wordNum": 6,
          "fact": [
            "리트웨이 본점,인접,마곡역 5번 출구, 연세태산내과, 수명산약국, GS25"
          ]
        }
      ]
    },
    {
      "image_id": 2,
      "question": [
        {
          "question_id": 0,
          "question_type": "관계",
          "question": "이 곳에 인접한 시설이 있나요?",
          "question_wordNum": 5,
          "answer": "마곡역 5번 출구, 연세태산내과, 수명산약국, GS25",
          "answer_wordNum": 6,
          "fact": [
            "리트웨이 본점,인접,마곡역 5번 출구, 연세태산내과, 수명산약국, GS25"
          ]
        },
        {
          "question_id": 1,
          "question_type": "탐색",
          "question": "주차시설이 있는지 알 수 있나요?",
          "question_wordNum": 5,
          "answer": "있음",
          "answer_wordNum": 1,
          "fact": [
            "리트웨이 본점,주차시설,있음"
          ]
        },
        {
          "question_id": 2,
          "question_type": "정보",
          "question": "연락처가 어떻게 되나요?",
          "question_wordNum": 3,
          "answer": "02-2667-2225",
          "answer_wordNum": 1,
          "fact": [
            "리트웨이 본점,연락처,02-2667-2225"
          ]
        },
        {
          "question_id": 3,
          "question_type": "정보",
          "question": "이 곳의 메뉴를 알 수 있나요?",
          "question_wordNum": 6,
          "answer": "아메리카노, 카페라떼",
          "answer_wordNum": 2,
          "fact": [
            "리트웨이 본점,메뉴,아메리카노, 카페라떼"
          ]
        }
      ]
    },
    {
      "image_id": 3,
      "question": [
        {
          "question_id": 0,
          "question_type": "관계",
          "question": "이 곳에 인접한 시설이 있나요?",
          "question_wordNum": 5,
          "answer": "마곡역 5번 출구, 연세태산내과, 수명산약국, GS25",
          "answer_wordNum": 6,
          "fact": [
            "리트웨이 본점,인접,마곡역 5번 출구, 연세태산내과, 수명산약국, GS25"
          ]
        },
        {
          "question_id": 1,
          "question_type": "정보",
          "question": "이 곳의 주소는 어떻게 되나요?",
          "question_wordNum": 5,
          "answer": "서울 강서구 수명로 68-11",
          "answer_wordNum": 4,
          "fact": [
            "리트웨이 본점,주소,서울 강서구 수명로 68-11"
          ]
        },
        {
          "question_id": 2,
          "question_type": "정보",
          "question": "이 곳의 메뉴를 알 수 있나요?",
          "question_wordNum": 6,
          "answer": "아메리카노, 카페라떼",
          "answer_wordNum": 2,
          "fact": [
            "리트웨이 본점,메뉴,아메리카노, 카페라떼"
          ]
        },
        {
          "question_id": 3,
          "question_type": "정보",
          "question": "휴무일은 어떻게 되나요?",
          "question_wordNum": 3,
          "answer": "매주 일요일",
          "answer_wordNum": 2,
          "fact": [
            "리트웨이 본점,휴무일,매주 일요일"
          ]
        }
      ]
    },
    {
      "image_id": 4,
      "question": [
        {
          "question_id": 0,
          "question_type": "정보",
          "question": "영업시간은 어떻게 되나요?",
          "question_wordNum": 3,
          "answer": "07:00/08:00~14:00/17:00",
          "answer_wordNum": 1,
          "fact": [
            "리트웨이 본점,영업시간,07:00/08:00~14:00/17:00"
          ]
        },
        {
          "question_id": 1,
          "question_type": "정보",
          "question": "이 곳의 메뉴를 알 수 있나요?",
          "question_wordNum": 6,
          "answer": "아메리카노, 카페라떼",
          "answer_wordNum": 2,
          "fact": [
            "리트웨이 본점,메뉴,아메리카노, 카페라떼"
          ]
        },
        {
          "question_id": 2,
          "question_type": "정보",
          "question": "이 곳의 주소를 알 수 있나요?",
          "question_wordNum": 6,
          "answer": "서울 강서구 수명로 68-11",
          "answer_wordNum": 4,
          "fact": [
            "리트웨이 본점,주소,서울 강서구 수명로 68-11"
          ]
        },
        {
          "question_id": 3,
          "question_type": "정보",
          "question": "휴무일을 알 수 있나요?",
          "question_wordNum": 4,
          "answer": "매주 일요일",
          "answer_wordNum": 2,
          "fact": [
            "리트웨이 본점,휴무일,매주 일요일"
          ]
        }
      ]
    }
  ]
}