{
  "data": {
    "dataset": "2-083-219",
    "POI_id": "561503",
    "travelType": "음식점",
    "place": "바코",
    "area": "서울"
  },
  "imageInfo": [
    {
      "image_id": 0,
      "filename": "561503_0_su_5_바코_1_001.png",
      "mapx": 37.5682660192783,
      "mapy": 126.840359563104,
      "width": 3840,
      "height": 2160,
      "caption_info": [
        "바코(강서구)",
        "여닫이문 "
      ]
    },
    {
      "image_id": 1,
      "filename": "561503_0_su_5_바코_1_002.png",
      "mapx": 37.5682660192783,
      "mapy": 126.840359563104,
      "width": 3840,
      "height": 2160,
      "caption_info": [
        "바코(강서구)",
        "간판"
      ]
    },
    {
      "image_id": 2,
      "filename": "561503_0_su_5_바코_1_003.png",
      "mapx": 37.5682660192783,
      "mapy": 126.840359563104,
      "width": 3840,
      "height": 2160,
      "caption_info": [
        "바코(강서구)",
        "옷걸이 "
      ]
    },
    {
      "image_id": 3,
      "filename": "561503_0_su_5_바코_1_004.png",
      "mapx": 37.5682660192783,
      "mapy": 126.840359563104,
      "width": 3840,
      "height": 2160,
      "caption_info": [
        "바코(강서구)",
        "메뉴판 "
      ]
    },
    {
      "image_id": 4,
      "filename": "561503_0_su_5_바코_1_005.png",
      "mapx": 37.5682660192783,
      "mapy": 126.840359563104,
      "width": 3840,
      "height": 2160,
      "caption_info": [
        "바코(강서구)",
        "빵 "
      ]
    }
  ],
  "annotations": [
    {
      "image_id": 0,
      "question": [
        {
          "question_id": 0,
          "question_type": "정보",
          "question": "휴무일은 어떻게 되나요?",
          "question_wordNum": 3,
          "answer": "매주 월요일",
          "answer_wordNum": 2,
          "fact": [
            "바코,휴무일,매주 월요일"
          ]
        },
        {
          "question_id": 1,
          "question_type": "정보",
          "question": "이 곳의 메뉴를 알 수 있나요?",
          "question_wordNum": 6,
          "answer": "시금치 페스토, 아마트리치아나",
          "answer_wordNum": 3,
          "fact": [
            "바코,메뉴,시금치 페스토, 아마트리치아나"
          ]
        },
        {
          "question_id": 2,
          "question_type": "관계",
          "question": "이 곳에 인접한 시설이 있나요?",
          "question_wordNum": 5,
          "answer": "양천향교역 8번 출구, 바른치킨, 한솥도시락",
          "answer_wordNum": 5,
          "fact": [
            "바코,인접,양천향교역 8번 출구, 바른치킨, 한솥도시락"
          ]
        },
        {
          "question_id": 3,
          "question_type": "정보",
          "question": "연락처를 알 수 있나요?",
          "question_wordNum": 4,
          "answer": "02-3662-8959",
          "answer_wordNum": 1,
          "fact": [
            "바코,연락처,02-3662-8959"
          ]
        }
      ]
    },
    {
      "image_id": 1,
      "question": [
        {
          "question_id": 0,
          "question_type": "정보",
          "question": "휴무일은 어떻게 되나요?",
          "question_wordNum": 3,
          "answer": "매주 월요일",
          "answer_wordNum": 2,
          "fact": [
            "바코,휴무일,매주 월요일"
          ]
        },
        {
          "question_id": 1,
          "question_type": "정보",
          "question": "대표 메뉴가 무엇인가요?",
          "question_wordNum": 3,
          "answer": "시금치 페스토, 아마트리치아나",
          "answer_wordNum": 3,
          "fact": [
            "바코,메뉴,시금치 페스토, 아마트리치아나"
          ]
        },
        {
          "question_id": 2,
          "question_type": "정보",
          "question": "영업시간을 알 수 있나요?",
          "question_wordNum": 4,
          "answer": "11:30~22:00",
          "answer_wordNum": 1,
          "fact": [
            "바코,영업시간,11:30~22:00"
          ]
        },
        {
          "question_id": 3,
          "question_type": "정보",
          "question": "이 곳의 주소는 어떻게 되나요?",
          "question_wordNum": 5,
          "answer": "서울 강서구 양천로 344",
          "answer_wordNum": 4,
          "fact": [
            "바코,주소,서울 강서구 양천로 344"
          ]
        }
      ]
    },
    {
      "image_id": 2,
      "question": [
        {
          "question_id": 0,
          "question_type": "정보",
          "question": "연락처가 어떻게 되나요?",
          "question_wordNum": 3,
          "answer": "02-3662-8959",
          "answer_wordNum": 1,
          "fact": [
            "바코,연락처,02-3662-8959"
          ]
        },
        {
          "question_id": 1,
          "question_type": "탐색",
          "question": "주차시설이 있나요?",
          "question_wordNum": 2,
          "answer": "있음",
          "answer_wordNum": 1,
          "fact": [
            "바코,주차시설,있음"
          ]
        },
        {
          "question_id": 2,
          "question_type": "관계",
          "question": "이 곳에 인접한 시설이 있나요?",
          "question_wordNum": 5,
          "answer": "양천향교역 8번 출구, 바른치킨, 한솥도시락",
          "answer_wordNum": 5,
          "fact": [
            "바코,인접,양천향교역 8번 출구, 바른치킨, 한솥도시락"
          ]
        },
        {
          "question_id": 3,
          "question_type": "정보",
          "question": "이 곳의 주소는 어떻게 되나요?",
          "question_wordNum": 5,
          "answer": "서울 강서구 양천로 344",
          "answer_wordNum": 4,
          "fact": [
            "바코,주소,서울 강서구 양천로 344"
          ]
        }
      ]
    },
    {
      "image_id": 3,
      "question": [
        {
          "question_id": 0,
          "question_type": "정보",
          "question": "영업시간은 어떻게 되나요?",
          "question_wordNum": 3,
          "answer": "11:30~22:00",
          "answer_wordNum": 1,
          "fact": [
            "바코,영업시간,11:30~22:00"
          ]
        },
        {
          "question_id": 1,
          "question_type": "정보",
          "question": "연락처가 어떻게 되나요?",
          "question_wordNum": 3,
          "answer": "02-3662-8959",
          "answer_wordNum": 1,
          "fact": [
            "바코,연락처,02-3662-8959"
          ]
        },
        {
          "question_id": 2,
          "question_type": "정보",
          "question": "이 곳의 주소는 어떻게 되나요?",
          "question_wordNum": 5,
          "answer": "서울 강서구 양천로 344",
          "answer_wordNum": 4,
          "fact": [
            "바코,주소,서울 강서구 양천로 344"
          ]
        },
        {
          "question_id": 3,
          "question_type": "관계",
          "question": "이 곳에 인접한 시설이 있나요?",
          "question_wordNum": 5,
          "answer": "양천향교역 8번 출구, 바른치킨, 한솥도시락",
          "answer_wordNum": 5,
          "fact": [
            "바코,인접,양천향교역 8번 출구, 바른치킨, 한솥도시락"
          ]
        }
      ]
    },
    {
      "image_id": 4,
      "question": [
        {
          "question_id": 0,
          "question_type": "정보",
          "question": "휴무일을 알 수 있나요?",
          "question_wordNum": 4,
          "answer": "매주 월요일",
          "answer_wordNum": 2,
          "fact": [
            "바코,휴무일,매주 월요일"
          ]
        },
        {
          "question_id": 1,
          "question_type": "탐색",
          "question": "주차시설이 있나요?",
          "question_wordNum": 2,
          "answer": "있음",
          "answer_wordNum": 1,
          "fact": [
            "바코,주차시설,있음"
          ]
        },
        {
          "question_id": 2,
          "question_type": "관계",
          "question": "이 곳에 인접한 시설이 있나요?",
          "question_wordNum": 5,
          "answer": "양천향교역 8번 출구, 바른치킨, 한솥도시락",
          "answer_wordNum": 5,
          "fact": [
            "바코,인접,양천향교역 8번 출구, 바른치킨, 한솥도시락"
          ]
        },
        {
          "question_id": 3,
          "question_type": "정보",
          "question": "연락처를 알 수 있나요?",
          "question_wordNum": 4,
          "answer": "02-3662-8959",
          "answer_wordNum": 1,
          "fact": [
            "바코,연락처,02-3662-8959"
          ]
        }
      ]
    }
  ]
}