{
  "data": {
    "dataset": "2-083-219",
    "POI_id": "561457",
    "travelType": "음식점",
    "place": "배진수어시장 ",
    "area": "서울"
  },
  "imageInfo": [
    {
      "image_id": 0,
      "filename": "561457_0_su_5_배진수어시장 _1_001.png",
      "mapx": 37.559915259194,
      "mapy": 126.8343608462,
      "width": 3840,
      "height": 2160,
      "caption_info": [
        "배진수어시장(강서구) ",
        "여닫이문 "
      ]
    },
    {
      "image_id": 1,
      "filename": "561457_0_su_5_배진수어시장 _1_002.png",
      "mapx": 37.559915259194,
      "mapy": 126.8343608462,
      "width": 3840,
      "height": 2160,
      "caption_info": [
        "배진수어시장(강서구) ",
        "간판"
      ]
    },
    {
      "image_id": 2,
      "filename": "561457_0_su_5_배진수어시장 _1_003.png",
      "mapx": 37.559915259194,
      "mapy": 126.8343608462,
      "width": 3840,
      "height": 2160,
      "caption_info": [
        "배진수어시장(강서구) ",
        "수족관 "
      ]
    },
    {
      "image_id": 3,
      "filename": "561457_0_su_5_배진수어시장 _1_004.png",
      "mapx": 37.559915259194,
      "mapy": 126.8343608462,
      "width": 3840,
      "height": 2160,
      "caption_info": [
        "배진수어시장(강서구) ",
        "메뉴판 "
      ]
    },
    {
      "image_id": 4,
      "filename": "561457_0_su_5_배진수어시장 _1_005.png",
      "mapx": 37.559915259194,
      "mapy": 126.8343608462,
      "width": 3840,
      "height": 2160,
      "caption_info": [
        "배진수어시장(강서구) ",
        "회"
      ]
    }
  ],
  "annotations": [
    {
      "image_id": 0,
      "question": [
        {
          "question_id": 0,
          "question_type": "관계",
          "question": "이 곳에 인접한 시설을 알 수 있나요?",
          "question_wordNum": 7,
          "answer": "발산역 9번 출구, 방이옥, 백소정",
          "answer_wordNum": 5,
          "fact": [
            "배진수어시장,인접,발산역 9번 출구, 방이옥, 백소정"
          ]
        },
        {
          "question_id": 1,
          "question_type": "정보",
          "question": "영업시간을 알 수 있나요?",
          "question_wordNum": 4,
          "answer": "12:00~02:30",
          "answer_wordNum": 1,
          "fact": [
            "배진수어시장,영업시간,12:00~02:30"
          ]
        },
        {
          "question_id": 2,
          "question_type": "정보",
          "question": "연락처를 알 수 있나요?",
          "question_wordNum": 4,
          "answer": "0507-1341-9911",
          "answer_wordNum": 1,
          "fact": [
            "배진수어시장,연락처,0507-1341-9911"
          ]
        },
        {
          "question_id": 3,
          "question_type": "정보",
          "question": "이 곳의 메뉴를 알 수 있나요?",
          "question_wordNum": 6,
          "answer": "모듬물회, 광어",
          "answer_wordNum": 2,
          "fact": [
            "배진수어시장,메뉴,모듬물회, 광어"
          ]
        }
      ]
    },
    {
      "image_id": 1,
      "question": [
        {
          "question_id": 0,
          "question_type": "정보",
          "question": "이 곳의 주소는 어떻게 되나요?",
          "question_wordNum": 5,
          "answer": "서울 강서구 마곡중앙6로 66",
          "answer_wordNum": 4,
          "fact": [
            "배진수어시장,주소,서울 강서구 마곡중앙6로 66"
          ]
        },
        {
          "question_id": 1,
          "question_type": "탐색",
          "question": "주차시설이 있나요?",
          "question_wordNum": 2,
          "answer": "있음",
          "answer_wordNum": 1,
          "fact": [
            "배진수어시장,주차시설,있음"
          ]
        },
        {
          "question_id": 2,
          "question_type": "정보",
          "question": "휴무일은 어떻게 되나요?",
          "question_wordNum": 3,
          "answer": "알수없음",
          "answer_wordNum": 1,
          "fact": [
            "배진수어시장,휴무일,알수없음"
          ]
        },
        {
          "question_id": 3,
          "question_type": "정보",
          "question": "연락처가 어떻게 되나요?",
          "question_wordNum": 3,
          "answer": "0507-1341-9911",
          "answer_wordNum": 1,
          "fact": [
            "배진수어시장,연락처,0507-1341-9911"
          ]
        }
      ]
    },
    {
      "image_id": 2,
      "question": [
        {
          "question_id": 0,
          "question_type": "관계",
          "question": "이 곳에 인접한 시설이 있나요?",
          "question_wordNum": 5,
          "answer": "발산역 9번 출구, 방이옥, 백소정",
          "answer_wordNum": 5,
          "fact": [
            "배진수어시장,인접,발산역 9번 출구, 방이옥, 백소정"
          ]
        },
        {
          "question_id": 1,
          "question_type": "정보",
          "question": "이 곳의 주소는 어떻게 되나요?",
          "question_wordNum": 5,
          "answer": "서울 강서구 마곡중앙6로 66",
          "answer_wordNum": 4,
          "fact": [
            "배진수어시장,주소,서울 강서구 마곡중앙6로 66"
          ]
        },
        {
          "question_id": 2,
          "question_type": "정보",
          "question": "이 곳의 메뉴를 알 수 있나요?",
          "question_wordNum": 6,
          "answer": "모듬물회, 광어",
          "answer_wordNum": 2,
          "fact": [
            "배진수어시장,메뉴,모듬물회, 광어"
          ]
        },
        {
          "question_id": 3,
          "question_type": "탐색",
          "question": "주차시설이 있나요?",
          "question_wordNum": 2,
          "answer": "있음",
          "answer_wordNum": 1,
          "fact": [
            "배진수어시장,주차시설,있음"
          ]
        }
      ]
    },
    {
      "image_id": 3,
      "question": [
        {
          "question_id": 0,
          "question_type": "관계",
          "question": "이 곳에 인접한 시설이 있나요?",
          "question_wordNum": 5,
          "answer": "발산역 9번 출구, 방이옥, 백소정",
          "answer_wordNum": 5,
          "fact": [
            "배진수어시장,인접,발산역 9번 출구, 방이옥, 백소정"
          ]
        },
        {
          "question_id": 1,
          "question_type": "정보",
          "question": "이 곳의 주소는 어떻게 되나요?",
          "question_wordNum": 5,
          "answer": "서울 강서구 마곡중앙6로 66",
          "answer_wordNum": 4,
          "fact": [
            "배진수어시장,주소,서울 강서구 마곡중앙6로 66"
          ]
        },
        {
          "question_id": 2,
          "question_type": "정보",
          "question": "연락처를 알 수 있나요?",
          "question_wordNum": 4,
          "answer": "0507-1341-9911",
          "answer_wordNum": 1,
          "fact": [
            "배진수어시장,연락처,0507-1341-9911"
          ]
        },
        {
          "question_id": 3,
          "question_type": "정보",
          "question": "대표 메뉴가 무엇인가요?",
          "question_wordNum": 3,
          "answer": "모듬물회, 광어",
          "answer_wordNum": 2,
          "fact": [
            "배진수어시장,메뉴,모듬물회, 광어"
          ]
        }
      ]
    },
    {
      "image_id": 4,
      "question": [
        {
          "question_id": 0,
          "question_type": "정보",
          "question": "영업시간을 알 수 있나요?",
          "question_wordNum": 4,
          "answer": "12:00~02:30",
          "answer_wordNum": 1,
          "fact": [
            "배진수어시장,영업시간,12:00~02:30"
          ]
        },
        {
          "question_id": 1,
          "question_type": "관계",
          "question": "이 곳에 인접한 시설이 있나요?",
          "question_wordNum": 5,
          "answer": "발산역 9번 출구, 방이옥, 백소정",
          "answer_wordNum": 5,
          "fact": [
            "배진수어시장,인접,발산역 9번 출구, 방이옥, 백소정"
          ]
        },
        {
          "question_id": 2,
          "question_type": "정보",
          "question": "휴무일을 알 수 있나요?",
          "question_wordNum": 4,
          "answer": "알수없음",
          "answer_wordNum": 1,
          "fact": [
            "배진수어시장,휴무일,알수없음"
          ]
        },
        {
          "question_id": 3,
          "question_type": "정보",
          "question": "이 곳의 주소를 알 수 있나요?",
          "question_wordNum": 6,
          "answer": "서울 강서구 마곡중앙6로 66",
          "answer_wordNum": 4,
          "fact": [
            "배진수어시장,주소,서울 강서구 마곡중앙6로 66"
          ]
        }
      ]
    }
  ]
}