{
  "data": {
    "dataset": "2-083-219",
    "POI_id": "561397",
    "travelType": "음식점",
    "place": "춘향골남원추어탕 가양점",
    "area": "서울"
  },
  "imageInfo": [
    {
      "image_id": 0,
      "filename": "561397_0_su_5_춘향골남원추어탕 가양점_1_001.png",
      "mapx": 37.5685148129766,
      "mapy": 126.84165226231,
      "width": 3840,
      "height": 2160,
      "caption_info": [
        "춘향골남원추어탕 가양점(가양동)",
        "간판, 여닫이문, 화분"
      ]
    },
    {
      "image_id": 1,
      "filename": "561397_0_su_5_춘향골남원추어탕 가양점_1_002.png",
      "mapx": 37.5685148129766,
      "mapy": 126.84165226231,
      "width": 3840,
      "height": 2160,
      "caption_info": [
        "춘향골남원추어탕 가양점(가양동)",
        "간판, 여닫이문"
      ]
    },
    {
      "image_id": 2,
      "filename": "561397_0_su_5_춘향골남원추어탕 가양점_1_003.png",
      "mapx": 37.5685148129766,
      "mapy": 126.84165226231,
      "width": 3840,
      "height": 2160,
      "caption_info": [
        "춘향골남원추어탕 가양점(가양동)",
        "티비, 테이블, 등받이의자"
      ]
    },
    {
      "image_id": 3,
      "filename": "561397_0_su_5_춘향골남원추어탕 가양점_1_004.png",
      "mapx": 37.5685148129766,
      "mapy": 126.84165226231,
      "width": 3840,
      "height": 2160,
      "caption_info": [
        "춘향골남원추어탕 가양점(가양동)",
        "메뉴판"
      ]
    },
    {
      "image_id": 4,
      "filename": "561397_0_su_5_춘향골남원추어탕 가양점_1_005.png",
      "mapx": 37.5685148129766,
      "mapy": 126.84165226231,
      "width": 3840,
      "height": 2160,
      "caption_info": [
        "춘향골남원추어탕 가양점(가양동)",
        "군만두, 접시"
      ]
    }
  ],
  "annotations": [
    {
      "image_id": 0,
      "question": [
        {
          "question_id": 0,
          "question_type": "정보",
          "question": "이 곳의 주요 메뉴는 무엇이 있나요?",
          "question_wordNum": 6,
          "answer": "추어탕, 우렁 추어탕",
          "answer_wordNum": 3,
          "fact": [
            "춘향골남원추어탕 가양점,메뉴,추어탕, 우렁 추어탕"
          ]
        },
        {
          "question_id": 1,
          "question_type": "탐색",
          "question": "주차시설이 있나요?",
          "question_wordNum": 2,
          "answer": "있음",
          "answer_wordNum": 1,
          "fact": [
            "춘향골남원추어탕 가양점,주차시설,있음"
          ]
        },
        {
          "question_id": 2,
          "question_type": "정보",
          "question": "연락처를 알 수 있나요?",
          "question_wordNum": 4,
          "answer": "02-3663-5957",
          "answer_wordNum": 1,
          "fact": [
            "춘향골남원추어탕 가양점,연락처,02-3663-5957"
          ]
        },
        {
          "question_id": 3,
          "question_type": "정보",
          "question": "이 곳에 인접한 시설이 있나요?",
          "question_wordNum": 5,
          "answer": "커비 커피, 롤리밥스, 양천향교역 4번 출구",
          "answer_wordNum": 6,
          "fact": [
            "춘향골남원추어탕 가양점,인접,커비 커피, 롤리밥스, 양천향교역 4번 출구"
          ]
        }
      ]
    },
    {
      "image_id": 1,
      "question": [
        {
          "question_id": 0,
          "question_type": "정보",
          "question": "이 곳의 대표적인 메뉴를 알 수 있나요?",
          "question_wordNum": 7,
          "answer": "추어탕, 우렁 추어탕",
          "answer_wordNum": 3,
          "fact": [
            "춘향골남원추어탕 가양점,메뉴,추어탕, 우렁 추어탕"
          ]
        },
        {
          "question_id": 1,
          "question_type": "정보",
          "question": "이 곳의 주소는 어떻게 되나요?",
          "question_wordNum": 5,
          "answer": "서울 강서구 양천로 349",
          "answer_wordNum": 4,
          "fact": [
            "춘향골남원추어탕 가양점,주소,서울 강서구 양천로 349"
          ]
        },
        {
          "question_id": 2,
          "question_type": "정보",
          "question": "연락처가 어떻게 되나요?",
          "question_wordNum": 3,
          "answer": "02-3663-5957",
          "answer_wordNum": 1,
          "fact": [
            "춘향골남원추어탕 가양점,연락처,02-3663-5957"
          ]
        },
        {
          "question_id": 3,
          "question_type": "정보",
          "question": "이 곳에 인접한 시설이 있나요?",
          "question_wordNum": 5,
          "answer": "커비 커피, 롤리밥스, 양천향교역 4번 출구",
          "answer_wordNum": 6,
          "fact": [
            "춘향골남원추어탕 가양점,인접,커비 커피, 롤리밥스, 양천향교역 4번 출구"
          ]
        }
      ]
    },
    {
      "image_id": 2,
      "question": [
        {
          "question_id": 0,
          "question_type": "탐색",
          "question": "주차시설이 있는지 알 수 있나요?",
          "question_wordNum": 5,
          "answer": "있음",
          "answer_wordNum": 1,
          "fact": [
            "춘향골남원추어탕 가양점,주차시설,있음"
          ]
        },
        {
          "question_id": 1,
          "question_type": "정보",
          "question": "휴무일이 있나요?",
          "question_wordNum": 2,
          "answer": "없음",
          "answer_wordNum": 1,
          "fact": [
            "춘향골남원추어탕 가양점,휴무일,없음"
          ]
        },
        {
          "question_id": 2,
          "question_type": "정보",
          "question": "연락처가 어떻게 되나요?",
          "question_wordNum": 3,
          "answer": "02-3663-5957",
          "answer_wordNum": 1,
          "fact": [
            "춘향골남원추어탕 가양점,연락처,02-3663-5957"
          ]
        },
        {
          "question_id": 3,
          "question_type": "정보",
          "question": "이 곳에 인접한 시설이 있나요?",
          "question_wordNum": 5,
          "answer": "커비 커피, 롤리밥스, 양천향교역 4번 출구",
          "answer_wordNum": 6,
          "fact": [
            "춘향골남원추어탕 가양점,인접,커비 커피, 롤리밥스, 양천향교역 4번 출구"
          ]
        }
      ]
    },
    {
      "image_id": 3,
      "question": [
        {
          "question_id": 0,
          "question_type": "탐색",
          "question": "주차시설이 있나요?",
          "question_wordNum": 2,
          "answer": "있음",
          "answer_wordNum": 1,
          "fact": [
            "춘향골남원추어탕 가양점,주차시설,있음"
          ]
        },
        {
          "question_id": 1,
          "question_type": "정보",
          "question": "이 곳의 주요 메뉴를 알 수 있나요?",
          "question_wordNum": 7,
          "answer": "추어탕, 우렁 추어탕",
          "answer_wordNum": 3,
          "fact": [
            "춘향골남원추어탕 가양점,메뉴,추어탕, 우렁 추어탕"
          ]
        },
        {
          "question_id": 2,
          "question_type": "정보",
          "question": "연락처가 어떻게 되나요?",
          "question_wordNum": 3,
          "answer": "02-3663-5957",
          "answer_wordNum": 1,
          "fact": [
            "춘향골남원추어탕 가양점,연락처,02-3663-5957"
          ]
        },
        {
          "question_id": 3,
          "question_type": "정보",
          "question": "이 곳에 인접한 시설이 있나요?",
          "question_wordNum": 5,
          "answer": "커비 커피, 롤리밥스, 양천향교역 4번 출구",
          "answer_wordNum": 6,
          "fact": [
            "춘향골남원추어탕 가양점,인접,커비 커피, 롤리밥스, 양천향교역 4번 출구"
          ]
        }
      ]
    },
    {
      "image_id": 4,
      "question": [
        {
          "question_id": 0,
          "question_type": "정보",
          "question": "영업시간은 어떻게 되나요?",
          "question_wordNum": 3,
          "answer": "09:30 - 21:30",
          "answer_wordNum": 3,
          "fact": [
            "춘향골남원추어탕 가양점,영업시간,09:30 - 21:30"
          ]
        },
        {
          "question_id": 1,
          "question_type": "정보",
          "question": "휴무일이 있나요?",
          "question_wordNum": 2,
          "answer": "없음",
          "answer_wordNum": 1,
          "fact": [
            "춘향골남원추어탕 가양점,휴무일,없음"
          ]
        },
        {
          "question_id": 2,
          "question_type": "정보",
          "question": "연락처를 알 수 있나요?",
          "question_wordNum": 4,
          "answer": "02-3663-5957",
          "answer_wordNum": 1,
          "fact": [
            "춘향골남원추어탕 가양점,연락처,02-3663-5957"
          ]
        },
        {
          "question_id": 3,
          "question_type": "정보",
          "question": "이 곳에 인접한 시설이 있나요?",
          "question_wordNum": 5,
          "answer": "커비 커피, 롤리밥스, 양천향교역 4번 출구",
          "answer_wordNum": 6,
          "fact": [
            "춘향골남원추어탕 가양점,인접,커비 커피, 롤리밥스, 양천향교역 4번 출구"
          ]
        }
      ]
    }
  ]
}