{
  "data": {
    "dataset": "2-083-219",
    "POI_id": "561755",
    "travelType": "음식점",
    "place": "샤브샤브담채 ",
    "area": "서울"
  },
  "imageInfo": [
    {
      "image_id": 0,
      "filename": "561755_0_su_5_샤브샤브담채 _1_001.png",
      "mapx": 37.5529862473925,
      "mapy": 126.82677164429,
      "width": 3840,
      "height": 2160,
      "caption_info": [
        "샤브샤브담채(강서구) ",
        "간판"
      ]
    },
    {
      "image_id": 1,
      "filename": "561755_0_su_5_샤브샤브담채 _1_002.png",
      "mapx": 37.5529862473925,
      "mapy": 126.82677164429,
      "width": 3840,
      "height": 2160,
      "caption_info": [
        "샤브샤브담채(강서구)",
        "간판"
      ]
    },
    {
      "image_id": 2,
      "filename": "561755_0_su_5_샤브샤브담채 _1_003.png",
      "mapx": 37.5529862473925,
      "mapy": 126.82677164429,
      "width": 3840,
      "height": 2160,
      "caption_info": [
        "샤브샤브담채(강서구) ",
        "등받이 의자"
      ]
    },
    {
      "image_id": 3,
      "filename": "561755_0_su_5_샤브샤브담채 _1_004.png",
      "mapx": 37.5529862473925,
      "mapy": 126.82677164429,
      "width": 3840,
      "height": 2160,
      "caption_info": [
        "샤브샤브담채(강서구) ",
        "메뉴판 "
      ]
    },
    {
      "image_id": 4,
      "filename": "561755_0_su_5_샤브샤브담채 _1_005.png",
      "mapx": 37.5529862473925,
      "mapy": 126.82677164429,
      "width": 3840,
      "height": 2160,
      "caption_info": [
        "샤브샤브담채(강서구) ",
        "숟가락, 앞접시, 샐러드 "
      ]
    }
  ],
  "annotations": [
    {
      "image_id": 0,
      "question": [
        {
          "question_id": 0,
          "question_type": "탐색",
          "question": "주차시설이 있는지 알 수 있나요?",
          "question_wordNum": 5,
          "answer": "있음",
          "answer_wordNum": 1,
          "fact": [
            "샤브샤브담채,주차시설,있음"
          ]
        },
        {
          "question_id": 1,
          "question_type": "정보",
          "question": "연락처를 알 수 있나요?",
          "question_wordNum": 4,
          "answer": "0507-1386-2744",
          "answer_wordNum": 1,
          "fact": [
            "샤브샤브담채,연락처,0507-1386-2744"
          ]
        },
        {
          "question_id": 2,
          "question_type": "정보",
          "question": "영업시간은 어떻게 되나요?",
          "question_wordNum": 3,
          "answer": "10:00~22:00",
          "answer_wordNum": 1,
          "fact": [
            "샤브샤브담채,영업시간,10:00~22:00"
          ]
        },
        {
          "question_id": 3,
          "question_type": "정보",
          "question": "이 곳의 메뉴를 알 수 있나요?",
          "question_wordNum": 6,
          "answer": "직화 쭈꾸미덮밥, 직화 쭈꾸미 삼겹 덮밥",
          "answer_wordNum": 6,
          "fact": [
            "샤브샤브담채,메뉴,직화 쭈꾸미덮밥, 직화 쭈꾸미 삼겹 덮밥"
          ]
        }
      ]
    },
    {
      "image_id": 1,
      "question": [
        {
          "question_id": 0,
          "question_type": "관계",
          "question": "이 곳에 인접한 시설이 있나요?",
          "question_wordNum": 5,
          "answer": "마곡역 5번 출구, 웨스트엔드3차, 메가커피, 뚜레쥬르",
          "answer_wordNum": 6,
          "fact": [
            "샤브샤브담채,인접,마곡역 5번 출구, 웨스트엔드3차, 메가커피, 뚜레쥬르"
          ]
        },
        {
          "question_id": 1,
          "question_type": "정보",
          "question": "휴무일을 알 수 있나요?",
          "question_wordNum": 4,
          "answer": "알수없음",
          "answer_wordNum": 1,
          "fact": [
            "샤브샤브담채,휴무일,알수없음"
          ]
        },
        {
          "question_id": 2,
          "question_type": "탐색",
          "question": "주차시설이 있는지 알 수 있나요?",
          "question_wordNum": 5,
          "answer": "있음",
          "answer_wordNum": 1,
          "fact": [
            "샤브샤브담채,주차시설,있음"
          ]
        },
        {
          "question_id": 3,
          "question_type": "정보",
          "question": "이 곳의 주소는 어떻게 되나요?",
          "question_wordNum": 5,
          "answer": "서울 강서구 수명로 68-35",
          "answer_wordNum": 4,
          "fact": [
            "샤브샤브담채,주소,서울 강서구 수명로 68-35"
          ]
        }
      ]
    },
    {
      "image_id": 2,
      "question": [
        {
          "question_id": 0,
          "question_type": "관계",
          "question": "이 곳에 인접한 시설이 있나요?",
          "question_wordNum": 5,
          "answer": "마곡역 5번 출구, 웨스트엔드3차, 메가커피, 뚜레쥬르",
          "answer_wordNum": 6,
          "fact": [
            "샤브샤브담채,인접,마곡역 5번 출구, 웨스트엔드3차, 메가커피, 뚜레쥬르"
          ]
        },
        {
          "question_id": 1,
          "question_type": "정보",
          "question": "휴무일을 알 수 있나요?",
          "question_wordNum": 4,
          "answer": "알수없음",
          "answer_wordNum": 1,
          "fact": [
            "샤브샤브담채,휴무일,알수없음"
          ]
        },
        {
          "question_id": 2,
          "question_type": "정보",
          "question": "영업시간은 어떻게 되나요?",
          "question_wordNum": 3,
          "answer": "10:00~22:00",
          "answer_wordNum": 1,
          "fact": [
            "샤브샤브담채,영업시간,10:00~22:00"
          ]
        },
        {
          "question_id": 3,
          "question_type": "탐색",
          "question": "주차시설이 있는지 알 수 있나요?",
          "question_wordNum": 5,
          "answer": "있음",
          "answer_wordNum": 1,
          "fact": [
            "샤브샤브담채,주차시설,있음"
          ]
        }
      ]
    },
    {
      "image_id": 3,
      "question": [
        {
          "question_id": 0,
          "question_type": "관계",
          "question": "이 곳에 인접한 시설을 알 수 있나요?",
          "question_wordNum": 7,
          "answer": "마곡역 5번 출구, 웨스트엔드3차, 메가커피, 뚜레쥬르",
          "answer_wordNum": 6,
          "fact": [
            "샤브샤브담채,인접,마곡역 5번 출구, 웨스트엔드3차, 메가커피, 뚜레쥬르"
          ]
        },
        {
          "question_id": 1,
          "question_type": "탐색",
          "question": "주차시설이 있나요?",
          "question_wordNum": 2,
          "answer": "있음",
          "answer_wordNum": 1,
          "fact": [
            "샤브샤브담채,주차시설,있음"
          ]
        },
        {
          "question_id": 2,
          "question_type": "정보",
          "question": "영업시간은 어떻게 되나요?",
          "question_wordNum": 3,
          "answer": "10:00~22:00",
          "answer_wordNum": 1,
          "fact": [
            "샤브샤브담채,영업시간,10:00~22:00"
          ]
        },
        {
          "question_id": 3,
          "question_type": "정보",
          "question": "연락처가 어떻게 되나요?",
          "question_wordNum": 3,
          "answer": "0507-1386-2744",
          "answer_wordNum": 1,
          "fact": [
            "샤브샤브담채,연락처,0507-1386-2744"
          ]
        }
      ]
    },
    {
      "image_id": 4,
      "question": [
        {
          "question_id": 0,
          "question_type": "정보",
          "question": "이 곳의 주소는 어떻게 되나요?",
          "question_wordNum": 5,
          "answer": "서울 강서구 수명로 68-35",
          "answer_wordNum": 4,
          "fact": [
            "샤브샤브담채,주소,서울 강서구 수명로 68-35"
          ]
        },
        {
          "question_id": 1,
          "question_type": "정보",
          "question": "연락처를 알 수 있나요?",
          "question_wordNum": 4,
          "answer": "0507-1386-2744",
          "answer_wordNum": 1,
          "fact": [
            "샤브샤브담채,연락처,0507-1386-2744"
          ]
        },
        {
          "question_id": 2,
          "question_type": "정보",
          "question": "휴무일은 어떻게 되나요?",
          "question_wordNum": 3,
          "answer": "알수없음",
          "answer_wordNum": 1,
          "fact": [
            "샤브샤브담채,휴무일,알수없음"
          ]
        },
        {
          "question_id": 3,
          "question_type": "정보",
          "question": "영업시간은 어떻게 되나요?",
          "question_wordNum": 3,
          "answer": "10:00~22:00",
          "answer_wordNum": 1,
          "fact": [
            "샤브샤브담채,영업시간,10:00~22:00"
          ]
        }
      ]
    }
  ]
}