{
  "data": {
    "dataset": "2-083-219",
    "POI_id": "561573",
    "travelType": "음식점",
    "place": "필돈",
    "area": "서울"
  },
  "imageInfo": [
    {
      "image_id": 0,
      "filename": "561573_0_su_5_필돈_2_001.png",
      "mapx": 37.559915259194,
      "mapy": 126.8343608462,
      "width": 3840,
      "height": 2160,
      "caption_info": [
        "필돈(강서구)",
        "간판"
      ]
    },
    {
      "image_id": 1,
      "filename": "561573_0_su_5_필돈_2_002.png",
      "mapx": 37.559915259194,
      "mapy": 126.8343608462,
      "width": 3840,
      "height": 2160,
      "caption_info": [
        "필돈(강서구)",
        "간판"
      ]
    },
    {
      "image_id": 2,
      "filename": "561573_0_su_5_필돈_2_003.png",
      "mapx": 37.559915259194,
      "mapy": 126.8343608462,
      "width": 3840,
      "height": 2160,
      "caption_info": [
        "필돈(강서구)",
        "등받이 의자"
      ]
    },
    {
      "image_id": 3,
      "filename": "561573_0_su_5_필돈_2_004.png",
      "mapx": 37.559915259194,
      "mapy": 126.8343608462,
      "width": 3840,
      "height": 2160,
      "caption_info": [
        "필돈(강서구)",
        "메뉴판 "
      ]
    },
    {
      "image_id": 4,
      "filename": "561573_0_su_5_필돈_2_005.png",
      "mapx": 37.559915259194,
      "mapy": 126.8343608462,
      "width": 3840,
      "height": 2160,
      "caption_info": [
        "필돈(강서구)",
        "숟가락 "
      ]
    }
  ],
  "annotations": [
    {
      "image_id": 0,
      "question": [
        {
          "question_id": 0,
          "question_type": "정보",
          "question": "대표 메뉴가 무엇인가요?",
          "question_wordNum": 3,
          "answer": "데미글라스, 크림",
          "answer_wordNum": 2,
          "fact": [
            "필돈,메뉴,데미글라스, 크림"
          ]
        },
        {
          "question_id": 1,
          "question_type": "정보",
          "question": "연락처를 알 수 있나요?",
          "question_wordNum": 4,
          "answer": "0507-1338-9119",
          "answer_wordNum": 1,
          "fact": [
            "필돈,연락처,0507-1338-9119"
          ]
        },
        {
          "question_id": 2,
          "question_type": "정보",
          "question": "이 곳의 주소를 알 수 있나요?",
          "question_wordNum": 6,
          "answer": "서울 강서구 마곡중앙6로 66",
          "answer_wordNum": 4,
          "fact": [
            "필돈,주소,서울 강서구 마곡중앙6로 66"
          ]
        },
        {
          "question_id": 3,
          "question_type": "정보",
          "question": "휴무일은 어떻게 되나요?",
          "question_wordNum": 3,
          "answer": "알수없음",
          "answer_wordNum": 1,
          "fact": [
            "필돈,휴무일,알수없음"
          ]
        }
      ]
    },
    {
      "image_id": 1,
      "question": [
        {
          "question_id": 0,
          "question_type": "관계",
          "question": "이 곳에 인접한 시설이 있나요?",
          "question_wordNum": 5,
          "answer": "발산역 9번 출구, 특삼겹, 백소정",
          "answer_wordNum": 5,
          "fact": [
            "필돈,인접,발산역 9번 출구, 특삼겹, 백소정"
          ]
        },
        {
          "question_id": 1,
          "question_type": "정보",
          "question": "연락처가 어떻게 되나요?",
          "question_wordNum": 3,
          "answer": "0507-1338-9119",
          "answer_wordNum": 1,
          "fact": [
            "필돈,연락처,0507-1338-9119"
          ]
        },
        {
          "question_id": 2,
          "question_type": "탐색",
          "question": "주차시설이 있는지 알 수 있나요?",
          "question_wordNum": 5,
          "answer": "있음",
          "answer_wordNum": 1,
          "fact": [
            "필돈,주차시설,있음"
          ]
        },
        {
          "question_id": 3,
          "question_type": "정보",
          "question": "영업시간은 어떻게 되나요?",
          "question_wordNum": 3,
          "answer": "11:00~15:30/21:00",
          "answer_wordNum": 1,
          "fact": [
            "필돈,영업시간,11:00~15:30/21:00"
          ]
        }
      ]
    },
    {
      "image_id": 2,
      "question": [
        {
          "question_id": 0,
          "question_type": "정보",
          "question": "이 곳의 주소는 어떻게 되나요?",
          "question_wordNum": 5,
          "answer": "서울 강서구 마곡중앙6로 66",
          "answer_wordNum": 4,
          "fact": [
            "필돈,주소,서울 강서구 마곡중앙6로 66"
          ]
        },
        {
          "question_id": 1,
          "question_type": "정보",
          "question": "연락처가 어떻게 되나요?",
          "question_wordNum": 3,
          "answer": "0507-1338-9119",
          "answer_wordNum": 1,
          "fact": [
            "필돈,연락처,0507-1338-9119"
          ]
        },
        {
          "question_id": 2,
          "question_type": "정보",
          "question": "영업시간은 어떻게 되나요?",
          "question_wordNum": 3,
          "answer": "11:00~15:30/21:00",
          "answer_wordNum": 1,
          "fact": [
            "필돈,영업시간,11:00~15:30/21:00"
          ]
        },
        {
          "question_id": 3,
          "question_type": "관계",
          "question": "이 곳에 인접한 시설을 알 수 있나요?",
          "question_wordNum": 7,
          "answer": "발산역 9번 출구, 특삼겹, 백소정",
          "answer_wordNum": 5,
          "fact": [
            "필돈,인접,발산역 9번 출구, 특삼겹, 백소정"
          ]
        }
      ]
    },
    {
      "image_id": 3,
      "question": [
        {
          "question_id": 0,
          "question_type": "정보",
          "question": "휴무일을 알 수 있나요?",
          "question_wordNum": 4,
          "answer": "알수없음",
          "answer_wordNum": 1,
          "fact": [
            "필돈,휴무일,알수없음"
          ]
        },
        {
          "question_id": 1,
          "question_type": "정보",
          "question": "영업시간은 어떻게 되나요?",
          "question_wordNum": 3,
          "answer": "11:00~15:30/21:00",
          "answer_wordNum": 1,
          "fact": [
            "필돈,영업시간,11:00~15:30/21:00"
          ]
        },
        {
          "question_id": 2,
          "question_type": "정보",
          "question": "대표 메뉴가 무엇인가요?",
          "question_wordNum": 3,
          "answer": "데미글라스, 크림",
          "answer_wordNum": 2,
          "fact": [
            "필돈,메뉴,데미글라스, 크림"
          ]
        },
        {
          "question_id": 3,
          "question_type": "관계",
          "question": "이 곳에 인접한 시설을 알 수 있나요?",
          "question_wordNum": 7,
          "answer": "발산역 9번 출구, 특삼겹, 백소정",
          "answer_wordNum": 5,
          "fact": [
            "필돈,인접,발산역 9번 출구, 특삼겹, 백소정"
          ]
        }
      ]
    },
    {
      "image_id": 4,
      "question": [
        {
          "question_id": 0,
          "question_type": "관계",
          "question": "이 곳에 인접한 시설을 알 수 있나요?",
          "question_wordNum": 7,
          "answer": "발산역 9번 출구, 특삼겹, 백소정",
          "answer_wordNum": 5,
          "fact": [
            "필돈,인접,발산역 9번 출구, 특삼겹, 백소정"
          ]
        },
        {
          "question_id": 1,
          "question_type": "정보",
          "question": "이 곳의 메뉴를 알 수 있나요?",
          "question_wordNum": 6,
          "answer": "데미글라스, 크림",
          "answer_wordNum": 2,
          "fact": [
            "필돈,메뉴,데미글라스, 크림"
          ]
        },
        {
          "question_id": 2,
          "question_type": "정보",
          "question": "영업시간을 알 수 있나요?",
          "question_wordNum": 4,
          "answer": "11:00~15:30/21:00",
          "answer_wordNum": 1,
          "fact": [
            "필돈,영업시간,11:00~15:30/21:00"
          ]
        },
        {
          "question_id": 3,
          "question_type": "정보",
          "question": "이 곳의 주소는 어떻게 되나요?",
          "question_wordNum": 5,
          "answer": "서울 강서구 마곡중앙6로 66",
          "answer_wordNum": 4,
          "fact": [
            "필돈,주소,서울 강서구 마곡중앙6로 66"
          ]
        }
      ]
    }
  ]
}