{
  "data": {
    "dataset": "2-083-219",
    "POI_id": "561390",
    "travelType": "음식점",
    "place": "양천골흑염소요리전문점",
    "area": "서울"
  },
  "imageInfo": [
    {
      "image_id": 0,
      "filename": "561390_0_su_5_양천골흑염소요리전문점_2_001.png",
      "mapx": 37.5688733260683,
      "mapy": 126.841121191533,
      "width": 3840,
      "height": 2160,
      "caption_info": [
        "양천골흑염소요리전문점(가양동)",
        "간판"
      ]
    },
    {
      "image_id": 1,
      "filename": "561390_0_su_5_양천골흑염소요리전문점_2_002.png",
      "mapx": 37.5688733260683,
      "mapy": 126.841121191533,
      "width": 3840,
      "height": 2160,
      "caption_info": [
        "양천골흑염소요리전문점(가양동)",
        "간판, 건물"
      ]
    },
    {
      "image_id": 2,
      "filename": "561390_0_su_5_양천골흑염소요리전문점_2_003.png",
      "mapx": 37.5688733260683,
      "mapy": 126.841121191533,
      "width": 3840,
      "height": 2160,
      "caption_info": [
        "양천골흑염소요리전문점(가양동)",
        "메뉴판"
      ]
    },
    {
      "image_id": 3,
      "filename": "561390_0_su_5_양천골흑염소요리전문점_2_004.png",
      "mapx": 37.5688733260683,
      "mapy": 126.841121191533,
      "width": 3840,
      "height": 2160,
      "caption_info": [
        "양천골흑염소요리전문점(가양동)",
        "메뉴판"
      ]
    },
    {
      "image_id": 4,
      "filename": "561390_0_su_5_양천골흑염소요리전문점_2_005.png",
      "mapx": 37.5688733260683,
      "mapy": 126.841121191533,
      "width": 3840,
      "height": 2160,
      "caption_info": [
        "양천골흑염소요리전문점(가양동)",
        "흑염소전골"
      ]
    }
  ],
  "annotations": [
    {
      "image_id": 0,
      "question": [
        {
          "question_id": 0,
          "question_type": "정보",
          "question": "영업시간은 어떻게 되나요?",
          "question_wordNum": 3,
          "answer": "11:00 - 22:00",
          "answer_wordNum": 3,
          "fact": [
            "양천골흑염소요리전문점,영업시간,11:00 - 22:00"
          ]
        },
        {
          "question_id": 1,
          "question_type": "관계",
          "question": "이 곳에 인접한 시설이 있나요?",
          "question_wordNum": 5,
          "answer": "양천향교역 1번 출구, 미래자동차공업사, 농협, 대박집",
          "answer_wordNum": 6,
          "fact": [
            "양천골흑염소요리전문점,인접,양천향교역 1번 출구, 미래자동차공업사, 농협, 대박집"
          ]
        },
        {
          "question_id": 2,
          "question_type": "탐색",
          "question": "주차시설이 있나요?",
          "question_wordNum": 2,
          "answer": "있음",
          "answer_wordNum": 1,
          "fact": [
            "양천골흑염소요리전문점,주차시설,있음"
          ]
        },
        {
          "question_id": 3,
          "question_type": "정보",
          "question": "이 곳의 주소는 어떻게 되나요?",
          "question_wordNum": 5,
          "answer": "서울 강서구 양천로49길 4 2층 3층",
          "answer_wordNum": 6,
          "fact": [
            "양천골흑염소요리전문점,주소,서울 강서구 양천로49길 4 2층 3층"
          ]
        }
      ]
    },
    {
      "image_id": 1,
      "question": [
        {
          "question_id": 0,
          "question_type": "탐색",
          "question": "주차시설이 있나요?",
          "question_wordNum": 2,
          "answer": "있음",
          "answer_wordNum": 1,
          "fact": [
            "양천골흑염소요리전문점,주차시설,있음"
          ]
        },
        {
          "question_id": 1,
          "question_type": "관계",
          "question": "이 곳에 인접한 시설이 있나요?",
          "question_wordNum": 5,
          "answer": "양천향교역 1번 출구, 미래자동차공업사, 농협, 대박집",
          "answer_wordNum": 6,
          "fact": [
            "양천골흑염소요리전문점,인접,양천향교역 1번 출구, 미래자동차공업사, 농협, 대박집"
          ]
        },
        {
          "question_id": 2,
          "question_type": "정보",
          "question": "휴무일은 어떻게 되나요?",
          "question_wordNum": 3,
          "answer": "없음",
          "answer_wordNum": 1,
          "fact": [
            "양천골흑염소요리전문점,휴무일,없음"
          ]
        },
        {
          "question_id": 3,
          "question_type": "정보",
          "question": "연락처가 어떻게 되나요?",
          "question_wordNum": 3,
          "answer": "0507-1336-2667",
          "answer_wordNum": 1,
          "fact": [
            "양천골흑염소요리전문점,연락처,0507-1336-2667"
          ]
        }
      ]
    },
    {
      "image_id": 2,
      "question": [
        {
          "question_id": 0,
          "question_type": "정보",
          "question": "연락처가 어떻게 되나요?",
          "question_wordNum": 3,
          "answer": "0507-1336-2667",
          "answer_wordNum": 1,
          "fact": [
            "양천골흑염소요리전문점,연락처,0507-1336-2667"
          ]
        },
        {
          "question_id": 1,
          "question_type": "정보",
          "question": "휴무일은 어떻게 되나요?",
          "question_wordNum": 3,
          "answer": "없음",
          "answer_wordNum": 1,
          "fact": [
            "양천골흑염소요리전문점,휴무일,없음"
          ]
        },
        {
          "question_id": 2,
          "question_type": "정보",
          "question": "이 곳의 주소는 어떻게 되나요?",
          "question_wordNum": 5,
          "answer": "서울 강서구 양천로49길 4 2층 3층",
          "answer_wordNum": 6,
          "fact": [
            "양천골흑염소요리전문점,주소,서울 강서구 양천로49길 4 2층 3층"
          ]
        },
        {
          "question_id": 3,
          "question_type": "관계",
          "question": "이 곳에 인접한 시설이 있나요?",
          "question_wordNum": 5,
          "answer": "양천향교역 1번 출구, 미래자동차공업사, 농협, 대박집",
          "answer_wordNum": 6,
          "fact": [
            "양천골흑염소요리전문점,인접,양천향교역 1번 출구, 미래자동차공업사, 농협, 대박집"
          ]
        }
      ]
    },
    {
      "image_id": 3,
      "question": [
        {
          "question_id": 0,
          "question_type": "정보",
          "question": "이 곳의 대표적인 메뉴는 무엇이 있나요?",
          "question_wordNum": 6,
          "answer": "흑염소 전골, 흑염소 뚝배기 탕",
          "answer_wordNum": 5,
          "fact": [
            "양천골흑염소요리전문점,메뉴,흑염소 전골, 흑염소 뚝배기 탕"
          ]
        },
        {
          "question_id": 1,
          "question_type": "관계",
          "question": "이 곳에 인접한 시설이 있나요?",
          "question_wordNum": 5,
          "answer": "양천향교역 1번 출구, 미래자동차공업사, 농협, 대박집",
          "answer_wordNum": 6,
          "fact": [
            "양천골흑염소요리전문점,인접,양천향교역 1번 출구, 미래자동차공업사, 농협, 대박집"
          ]
        },
        {
          "question_id": 2,
          "question_type": "정보",
          "question": "휴무일은 어떻게 되나요?",
          "question_wordNum": 3,
          "answer": "없음",
          "answer_wordNum": 1,
          "fact": [
            "양천골흑염소요리전문점,휴무일,없음"
          ]
        },
        {
          "question_id": 3,
          "question_type": "정보",
          "question": "영업시간은 어떻게 되나요?",
          "question_wordNum": 3,
          "answer": "11:00 - 22:00",
          "answer_wordNum": 3,
          "fact": [
            "양천골흑염소요리전문점,영업시간,11:00 - 22:00"
          ]
        }
      ]
    },
    {
      "image_id": 4,
      "question": [
        {
          "question_id": 0,
          "question_type": "정보",
          "question": "이 곳의 대표적인 메뉴는 무엇이 있나요?",
          "question_wordNum": 6,
          "answer": "흑염소 전골, 흑염소 뚝배기 탕",
          "answer_wordNum": 5,
          "fact": [
            "양천골흑염소요리전문점,메뉴,흑염소 전골, 흑염소 뚝배기 탕"
          ]
        },
        {
          "question_id": 1,
          "question_type": "정보",
          "question": "영업시간은 어떻게 되나요?",
          "question_wordNum": 3,
          "answer": "11:00 - 22:00",
          "answer_wordNum": 3,
          "fact": [
            "양천골흑염소요리전문점,영업시간,11:00 - 22:00"
          ]
        },
        {
          "question_id": 2,
          "question_type": "관계",
          "question": "이 곳에 인접한 시설이 있나요?",
          "question_wordNum": 5,
          "answer": "양천향교역 1번 출구, 미래자동차공업사, 농협, 대박집",
          "answer_wordNum": 6,
          "fact": [
            "양천골흑염소요리전문점,인접,양천향교역 1번 출구, 미래자동차공업사, 농협, 대박집"
          ]
        },
        {
          "question_id": 3,
          "question_type": "정보",
          "question": "이 곳은 무엇을 전문으로 하나요?",
          "question_wordNum": 5,
          "answer": "흑염소 요리",
          "answer_wordNum": 2,
          "fact": [
            "양천골흑염소요리전문점,전문,흑염소 요리"
          ]
        }
      ]
    }
  ]
}