{
  "data": {
    "dataset": "2-083-219",
    "POI_id": "561778",
    "travelType": "음식점",
    "place": "고야갈비 본점",
    "area": "서울"
  },
  "imageInfo": [
    {
      "image_id": 0,
      "filename": "561778_0_su_5_고야갈비 본점_1_001.png",
      "mapx": 37.5576037381191,
      "mapy": 126.842176952558,
      "width": 3840,
      "height": 2160,
      "caption_info": [
        "고야갈비 본점(강서구)",
        "간판"
      ]
    },
    {
      "image_id": 1,
      "filename": "561778_0_su_5_고야갈비 본점_1_002.png",
      "mapx": 37.5576037381191,
      "mapy": 126.842176952558,
      "width": 3840,
      "height": 2160,
      "caption_info": [
        "고야갈비 본점(강서구)",
        "간판"
      ]
    },
    {
      "image_id": 2,
      "filename": "561778_0_su_5_고야갈비 본점_1_003.png",
      "mapx": 37.5576037381191,
      "mapy": 126.842176952558,
      "width": 3840,
      "height": 2160,
      "caption_info": [
        "고야갈비 본점(강서구)",
        "사각 테이블"
      ]
    },
    {
      "image_id": 3,
      "filename": "561778_0_su_5_고야갈비 본점_1_004.png",
      "mapx": 37.5576037381191,
      "mapy": 126.842176952558,
      "width": 3840,
      "height": 2160,
      "caption_info": [
        "고야갈비 본점(강서구)",
        "메뉴판 "
      ]
    },
    {
      "image_id": 4,
      "filename": "561778_0_su_5_고야갈비 본점_1_005.png",
      "mapx": 37.5576037381191,
      "mapy": 126.842176952558,
      "width": 3840,
      "height": 2160,
      "caption_info": [
        "고야갈비 본점(강서구)",
        "고기"
      ]
    }
  ],
  "annotations": [
    {
      "image_id": 0,
      "question": [
        {
          "question_id": 0,
          "question_type": "정보",
          "question": "이 곳의 주소는 어떻게 되나요?",
          "question_wordNum": 5,
          "answer": "서울 강서구 공항대로 308-9",
          "answer_wordNum": 4,
          "fact": [
            "고야갈비 본점,주소,서울 강서구 공항대로 308-9"
          ]
        },
        {
          "question_id": 1,
          "question_type": "정보",
          "question": "휴무일을 알 수 있나요?",
          "question_wordNum": 4,
          "answer": "알수없음",
          "answer_wordNum": 1,
          "fact": [
            "고야갈비 본점,휴무일,알수없음"
          ]
        },
        {
          "question_id": 2,
          "question_type": "정보",
          "question": "영업시간은 어떻게 되나요?",
          "question_wordNum": 3,
          "answer": "11:00~22:00",
          "answer_wordNum": 1,
          "fact": [
            "고야갈비 본점,영업시간,11:00~22:00"
          ]
        },
        {
          "question_id": 3,
          "question_type": "탐색",
          "question": "주차시설이 있나요?",
          "question_wordNum": 2,
          "answer": "있음",
          "answer_wordNum": 1,
          "fact": [
            "고야갈비 본점,주차시설,있음"
          ]
        }
      ]
    },
    {
      "image_id": 1,
      "question": [
        {
          "question_id": 0,
          "question_type": "탐색",
          "question": "주차시설이 있나요?",
          "question_wordNum": 2,
          "answer": "있음",
          "answer_wordNum": 1,
          "fact": [
            "고야갈비 본점,주차시설,있음"
          ]
        },
        {
          "question_id": 1,
          "question_type": "정보",
          "question": "영업시간을 알 수 있나요?",
          "question_wordNum": 4,
          "answer": "11:00~22:00",
          "answer_wordNum": 1,
          "fact": [
            "고야갈비 본점,영업시간,11:00~22:00"
          ]
        },
        {
          "question_id": 2,
          "question_type": "정보",
          "question": "연락처가 어떻게 되나요?",
          "question_wordNum": 3,
          "answer": "02-3664-6610",
          "answer_wordNum": 1,
          "fact": [
            "고야갈비 본점,연락처,02-3664-6610"
          ]
        },
        {
          "question_id": 3,
          "question_type": "정보",
          "question": "휴무일을 알 수 있나요?",
          "question_wordNum": 4,
          "answer": "알수없음",
          "answer_wordNum": 1,
          "fact": [
            "고야갈비 본점,휴무일,알수없음"
          ]
        }
      ]
    },
    {
      "image_id": 2,
      "question": [
        {
          "question_id": 0,
          "question_type": "정보",
          "question": "영업시간을 알 수 있나요?",
          "question_wordNum": 4,
          "answer": "11:00~22:00",
          "answer_wordNum": 1,
          "fact": [
            "고야갈비 본점,영업시간,11:00~22:00"
          ]
        },
        {
          "question_id": 1,
          "question_type": "관계",
          "question": "이 곳에 인접한 시설이 있나요?",
          "question_wordNum": 5,
          "answer": "발산역 5번 출구, GS대성석유직영관문주유소, 관문카센타, CU",
          "answer_wordNum": 6,
          "fact": [
            "고야갈비 본점,인접,발산역 5번 출구, GS대성석유직영관문주유소, 관문카센타, CU"
          ]
        },
        {
          "question_id": 2,
          "question_type": "정보",
          "question": "휴무일을 알 수 있나요?",
          "question_wordNum": 4,
          "answer": "알수없음",
          "answer_wordNum": 1,
          "fact": [
            "고야갈비 본점,휴무일,알수없음"
          ]
        },
        {
          "question_id": 3,
          "question_type": "정보",
          "question": "이 곳의 메뉴를 알 수 있나요?",
          "question_wordNum": 6,
          "answer": "고야돼지갈비, LA갈비",
          "answer_wordNum": 2,
          "fact": [
            "고야갈비 본점,메뉴,고야돼지갈비, LA갈비"
          ]
        }
      ]
    },
    {
      "image_id": 3,
      "question": [
        {
          "question_id": 0,
          "question_type": "탐색",
          "question": "주차시설이 있나요?",
          "question_wordNum": 2,
          "answer": "있음",
          "answer_wordNum": 1,
          "fact": [
            "고야갈비 본점,주차시설,있음"
          ]
        },
        {
          "question_id": 1,
          "question_type": "정보",
          "question": "연락처를 알 수 있나요?",
          "question_wordNum": 4,
          "answer": "02-3664-6610",
          "answer_wordNum": 1,
          "fact": [
            "고야갈비 본점,연락처,02-3664-6610"
          ]
        },
        {
          "question_id": 2,
          "question_type": "관계",
          "question": "이 곳에 인접한 시설이 있나요?",
          "question_wordNum": 5,
          "answer": "발산역 5번 출구, GS대성석유직영관문주유소, 관문카센타, CU",
          "answer_wordNum": 6,
          "fact": [
            "고야갈비 본점,인접,발산역 5번 출구, GS대성석유직영관문주유소, 관문카센타, CU"
          ]
        },
        {
          "question_id": 3,
          "question_type": "정보",
          "question": "영업시간은 어떻게 되나요?",
          "question_wordNum": 3,
          "answer": "11:00~22:00",
          "answer_wordNum": 1,
          "fact": [
            "고야갈비 본점,영업시간,11:00~22:00"
          ]
        }
      ]
    },
    {
      "image_id": 4,
      "question": [
        {
          "question_id": 0,
          "question_type": "탐색",
          "question": "주차시설이 있는지 알 수 있나요?",
          "question_wordNum": 5,
          "answer": "있음",
          "answer_wordNum": 1,
          "fact": [
            "고야갈비 본점,주차시설,있음"
          ]
        },
        {
          "question_id": 1,
          "question_type": "정보",
          "question": "대표 메뉴가 무엇인가요?",
          "question_wordNum": 3,
          "answer": "고야돼지갈비, LA갈비",
          "answer_wordNum": 2,
          "fact": [
            "고야갈비 본점,메뉴,고야돼지갈비, LA갈비"
          ]
        },
        {
          "question_id": 2,
          "question_type": "정보",
          "question": "연락처를 알 수 있나요?",
          "question_wordNum": 4,
          "answer": "02-3664-6610",
          "answer_wordNum": 1,
          "fact": [
            "고야갈비 본점,연락처,02-3664-6610"
          ]
        },
        {
          "question_id": 3,
          "question_type": "정보",
          "question": "휴무일을 알 수 있나요?",
          "question_wordNum": 4,
          "answer": "알수없음",
          "answer_wordNum": 1,
          "fact": [
            "고야갈비 본점,휴무일,알수없음"
          ]
        }
      ]
    }
  ]
}