{
  "data": {
    "dataset": "2-083-219",
    "POI_id": "561734",
    "travelType": "음식점",
    "place": "직화홍떡 ",
    "area": "서울"
  },
  "imageInfo": [
    {
      "image_id": 0,
      "filename": "561734_0_su_5_직화홍떡 _1_001.png",
      "mapx": 37.5529125572719,
      "mapy": 126.834505924641,
      "width": 3840,
      "height": 2160,
      "caption_info": [
        "직화홍떡(내발산동)",
        "간판, 여닫이문"
      ]
    },
    {
      "image_id": 1,
      "filename": "561734_0_su_5_직화홍떡 _1_002.png",
      "mapx": 37.5529125572719,
      "mapy": 126.834505924641,
      "width": 3840,
      "height": 2160,
      "caption_info": [
        "직화홍떡(내발산동)",
        "간판, 여닫이문"
      ]
    },
    {
      "image_id": 2,
      "filename": "561734_0_su_5_직화홍떡 _1_003.png",
      "mapx": 37.5529125572719,
      "mapy": 126.834505924641,
      "width": 3840,
      "height": 2160,
      "caption_info": [
        "직화홍떡(내발산동)",
        "테이블, 등받이 의자"
      ]
    },
    {
      "image_id": 3,
      "filename": "561734_0_su_5_직화홍떡 _1_004.png",
      "mapx": 37.5529125572719,
      "mapy": 126.834505924641,
      "width": 3840,
      "height": 2160,
      "caption_info": [
        "직화홍떡(내발산동)",
        "메뉴판"
      ]
    },
    {
      "image_id": 4,
      "filename": "561734_0_su_5_직화홍떡 _1_005.png",
      "mapx": 37.5529125572719,
      "mapy": 126.834505924641,
      "width": 3840,
      "height": 2160,
      "caption_info": [
        "직화홍떡(내발산동)",
        "떡볶이"
      ]
    }
  ],
  "annotations": [
    {
      "image_id": 0,
      "question": [
        {
          "question_id": 0,
          "question_type": "관계",
          "question": "이 곳에 인접한 시설이 있나요?",
          "question_wordNum": 5,
          "answer": "우장산역 4번 출구, GS25, 다이아몬드치킨",
          "answer_wordNum": 5,
          "fact": [
            "직화홍떡,인접,우장산역 4번 출구, GS25, 다이아몬드치킨"
          ]
        },
        {
          "question_id": 1,
          "question_type": "탐색",
          "question": "주차시설이 있는지 알 수 있나요?",
          "question_wordNum": 5,
          "answer": "있음",
          "answer_wordNum": 1,
          "fact": [
            "직화홍떡,주차시설,있음"
          ]
        },
        {
          "question_id": 2,
          "question_type": "정보",
          "question": "이 곳의 주요 메뉴는 무엇이 있나요?",
          "question_wordNum": 6,
          "answer": "국물떡볶이, 볶음떡볶이",
          "answer_wordNum": 2,
          "fact": [
            "직화홍떡,메뉴,국물떡볶이, 볶음떡볶이"
          ]
        },
        {
          "question_id": 3,
          "question_type": "정보",
          "question": "영업시간은 어떻게 되나요?",
          "question_wordNum": 3,
          "answer": "12:00~21:00",
          "answer_wordNum": 1,
          "fact": [
            "직화홍떡,영업시간,12:00~21:00"
          ]
        }
      ]
    },
    {
      "image_id": 1,
      "question": [
        {
          "question_id": 0,
          "question_type": "정보",
          "question": "이 곳의 주요 메뉴를 알 수 있나요?",
          "question_wordNum": 7,
          "answer": "국물떡볶이, 볶음떡볶이",
          "answer_wordNum": 2,
          "fact": [
            "직화홍떡,메뉴,국물떡볶이, 볶음떡볶이"
          ]
        },
        {
          "question_id": 1,
          "question_type": "정보",
          "question": "연락처를 알 수 있나요?",
          "question_wordNum": 4,
          "answer": "010-3537-9944",
          "answer_wordNum": 1,
          "fact": [
            "직화홍떡,연락처,010-3537-9944"
          ]
        },
        {
          "question_id": 2,
          "question_type": "정보",
          "question": "영업시간을 알 수 있나요?",
          "question_wordNum": 4,
          "answer": "12:00~21:00",
          "answer_wordNum": 1,
          "fact": [
            "직화홍떡,영업시간,12:00~21:00"
          ]
        },
        {
          "question_id": 3,
          "question_type": "정보",
          "question": "휴무일을 알 수 있나요?",
          "question_wordNum": 4,
          "answer": "매주 일요일",
          "answer_wordNum": 2,
          "fact": [
            "직화홍떡,휴무일,매주 일요일"
          ]
        }
      ]
    },
    {
      "image_id": 2,
      "question": [
        {
          "question_id": 0,
          "question_type": "탐색",
          "question": "주차시설이 있는지 알 수 있나요?",
          "question_wordNum": 5,
          "answer": "있음",
          "answer_wordNum": 1,
          "fact": [
            "직화홍떡,주차시설,있음"
          ]
        },
        {
          "question_id": 1,
          "question_type": "관계",
          "question": "이 곳에 인접한 시설을 알 수 있나요?",
          "question_wordNum": 7,
          "answer": "우장산역 4번 출구, GS25, 다이아몬드치킨",
          "answer_wordNum": 5,
          "fact": [
            "직화홍떡,인접,우장산역 4번 출구, GS25, 다이아몬드치킨"
          ]
        },
        {
          "question_id": 2,
          "question_type": "정보",
          "question": "휴무일은 어떻게 되나요?",
          "question_wordNum": 3,
          "answer": "매주 일요일",
          "answer_wordNum": 2,
          "fact": [
            "직화홍떡,휴무일,매주 일요일"
          ]
        },
        {
          "question_id": 3,
          "question_type": "정보",
          "question": "연락처를 알 수 있나요?",
          "question_wordNum": 4,
          "answer": "010-3537-9944",
          "answer_wordNum": 1,
          "fact": [
            "직화홍떡,연락처,010-3537-9944"
          ]
        }
      ]
    },
    {
      "image_id": 3,
      "question": [
        {
          "question_id": 0,
          "question_type": "정보",
          "question": "영업시간은 몇시부터 몇시까지로 기재되어 있나요?",
          "question_wordNum": 5,
          "answer": "12:00~21:00",
          "answer_wordNum": 1,
          "fact": [
            "직화홍떡,영업시간,12:00~21:00"
          ]
        },
        {
          "question_id": 1,
          "question_type": "정보",
          "question": "휴무일은 어떻게 되나요?",
          "question_wordNum": 3,
          "answer": "매주 일요일",
          "answer_wordNum": 2,
          "fact": [
            "직화홍떡,휴무일,매주 일요일"
          ]
        },
        {
          "question_id": 2,
          "question_type": "정보",
          "question": "이 곳은 무엇을 전문으로 하나요?",
          "question_wordNum": 5,
          "answer": "직화떡볶이",
          "answer_wordNum": 1,
          "fact": [
            "직화홍떡,전문,직화떡볶이"
          ]
        },
        {
          "question_id": 3,
          "question_type": "정보",
          "question": "이 곳의 주소는 어떻게 되나요?",
          "question_wordNum": 5,
          "answer": "서울 강서구 강서로47길 30",
          "answer_wordNum": 4,
          "fact": [
            "직화홍떡,주소,서울 강서구 강서로47길 30"
          ]
        }
      ]
    },
    {
      "image_id": 4,
      "question": [
        {
          "question_id": 0,
          "question_type": "정보",
          "question": "이 곳의 대표적인 메뉴는 무엇이 있나요?",
          "question_wordNum": 6,
          "answer": "국물떡볶이, 볶음떡볶이",
          "answer_wordNum": 2,
          "fact": [
            "직화홍떡,메뉴,국물떡볶이, 볶음떡볶이"
          ]
        },
        {
          "question_id": 1,
          "question_type": "관계",
          "question": "이 곳에 인접한 시설을 알 수 있나요?",
          "question_wordNum": 7,
          "answer": "우장산역 4번 출구, GS25, 다이아몬드치킨",
          "answer_wordNum": 5,
          "fact": [
            "직화홍떡,인접,우장산역 4번 출구, GS25, 다이아몬드치킨"
          ]
        },
        {
          "question_id": 2,
          "question_type": "정보",
          "question": "이 곳은 무엇을 전문으로 하나요?",
          "question_wordNum": 5,
          "answer": "직화떡볶이",
          "answer_wordNum": 1,
          "fact": [
            "직화홍떡,전문,직화떡볶이"
          ]
        },
        {
          "question_id": 3,
          "question_type": "정보",
          "question": "이 곳의 주소는 어떻게 되나요?",
          "question_wordNum": 5,
          "answer": "서울 강서구 강서로47길 30",
          "answer_wordNum": 4,
          "fact": [
            "직화홍떡,주소,서울 강서구 강서로47길 30"
          ]
        }
      ]
    }
  ]
}