{
  "data": {
    "dataset": "2-083-219",
    "POI_id": "561745",
    "travelType": "음식점",
    "place": "돼지집 ",
    "area": "서울"
  },
  "imageInfo": [
    {
      "image_id": 0,
      "filename": "561745_0_su_5_돼지집 _6_001.png",
      "mapx": 37.554348302491,
      "mapy": 126.837363727202,
      "width": 3840,
      "height": 2160,
      "caption_info": [
        "돼지집(강서구) ",
        "간판 "
      ]
    },
    {
      "image_id": 1,
      "filename": "561745_0_su_5_돼지집 _6_002.png",
      "mapx": 37.554348302491,
      "mapy": 126.837363727202,
      "width": 3840,
      "height": 2160,
      "caption_info": [
        "돼지집(강서구) ",
        "간판"
      ]
    },
    {
      "image_id": 2,
      "filename": "561745_0_su_5_돼지집 _6_003.png",
      "mapx": 37.554348302491,
      "mapy": 126.837363727202,
      "width": 3840,
      "height": 2160,
      "caption_info": [
        "돼지집(강서구) ",
        "사각 테이블"
      ]
    },
    {
      "image_id": 3,
      "filename": "561745_0_su_5_돼지집 _6_004.png",
      "mapx": 37.554348302491,
      "mapy": 126.837363727202,
      "width": 3840,
      "height": 2160,
      "caption_info": [
        "돼지집(강서구)",
        "메뉴판 "
      ]
    },
    {
      "image_id": 4,
      "filename": "561745_0_su_5_돼지집 _6_005.png",
      "mapx": 37.554348302491,
      "mapy": 126.837363727202,
      "width": 3840,
      "height": 2160,
      "caption_info": [
        "돼지집(강서구) ",
        "두루치기"
      ]
    }
  ],
  "annotations": [
    {
      "image_id": 0,
      "question": [
        {
          "question_id": 0,
          "question_type": "정보",
          "question": "휴무일을 알 수 있나요?",
          "question_wordNum": 4,
          "answer": "없음",
          "answer_wordNum": 1,
          "fact": [
            "돼지집,휴무일,없음"
          ]
        },
        {
          "question_id": 1,
          "question_type": "정보",
          "question": "연락처가 어떻게 되나요?",
          "question_wordNum": 3,
          "answer": "02-3665-3691",
          "answer_wordNum": 1,
          "fact": [
            "돼지집,연락처,02-3665-3691"
          ]
        },
        {
          "question_id": 2,
          "question_type": "정보",
          "question": "영업시간을 알 수 있나요?",
          "question_wordNum": 4,
          "answer": "11:30 - 22:00",
          "answer_wordNum": 3,
          "fact": [
            "돼지집,영업시간,11:30 - 22:00"
          ]
        },
        {
          "question_id": 3,
          "question_type": "탐색",
          "question": "주차시설이 있는지 알 수 있나요?",
          "question_wordNum": 5,
          "answer": "있음",
          "answer_wordNum": 1,
          "fact": [
            "돼지집,주차시설,있음"
          ]
        }
      ]
    },
    {
      "image_id": 1,
      "question": [
        {
          "question_id": 0,
          "question_type": "정보",
          "question": "영업시간을 알 수 있나요?",
          "question_wordNum": 4,
          "answer": "11:30 - 22:00",
          "answer_wordNum": 3,
          "fact": [
            "돼지집,영업시간,11:30 - 22:00"
          ]
        },
        {
          "question_id": 1,
          "question_type": "관계",
          "question": "이 곳에 인접한 시설이 있나요?",
          "question_wordNum": 5,
          "answer": "발산역 6번 출구, 뜨돈생고기, 리치꼬치",
          "answer_wordNum": 5,
          "fact": [
            "돼지집,인접,발산역 6번 출구, 뜨돈생고기, 리치꼬치"
          ]
        },
        {
          "question_id": 2,
          "question_type": "정보",
          "question": "이 곳의 주소는 어떻게 되나요?",
          "question_wordNum": 5,
          "answer": "서울 강서구 강서로 318-5",
          "answer_wordNum": 4,
          "fact": [
            "돼지집,주소,서울 강서구 강서로 318-5"
          ]
        },
        {
          "question_id": 3,
          "question_type": "정보",
          "question": "연락처를 알 수 있나요?",
          "question_wordNum": 4,
          "answer": "02-3665-3691",
          "answer_wordNum": 1,
          "fact": [
            "돼지집,연락처,02-3665-3691"
          ]
        }
      ]
    },
    {
      "image_id": 2,
      "question": [
        {
          "question_id": 0,
          "question_type": "관계",
          "question": "이 곳에 인접한 시설을 알 수 있나요?",
          "question_wordNum": 7,
          "answer": "발산역 6번 출구, 뜨돈생고기, 리치꼬치",
          "answer_wordNum": 5,
          "fact": [
            "돼지집,인접,발산역 6번 출구, 뜨돈생고기, 리치꼬치"
          ]
        },
        {
          "question_id": 1,
          "question_type": "정보",
          "question": "연락처를 알 수 있나요?",
          "question_wordNum": 4,
          "answer": "02-3665-3691",
          "answer_wordNum": 1,
          "fact": [
            "돼지집,연락처,02-3665-3691"
          ]
        },
        {
          "question_id": 2,
          "question_type": "정보",
          "question": "이 곳의 주소는 어떻게 되나요?",
          "question_wordNum": 5,
          "answer": "서울 강서구 강서로 318-5",
          "answer_wordNum": 4,
          "fact": [
            "돼지집,주소,서울 강서구 강서로 318-5"
          ]
        },
        {
          "question_id": 3,
          "question_type": "정보",
          "question": "이 곳의 메뉴를 알 수 있나요?",
          "question_wordNum": 6,
          "answer": "통돼지두루치기, 왕계란말이",
          "answer_wordNum": 2,
          "fact": [
            "돼지집,메뉴,통돼지두루치기, 왕계란말이"
          ]
        }
      ]
    },
    {
      "image_id": 3,
      "question": [
        {
          "question_id": 0,
          "question_type": "탐색",
          "question": "주차시설이 있나요?",
          "question_wordNum": 2,
          "answer": "있음",
          "answer_wordNum": 1,
          "fact": [
            "돼지집,주차시설,있음"
          ]
        },
        {
          "question_id": 1,
          "question_type": "정보",
          "question": "연락처가 어떻게 되나요?",
          "question_wordNum": 3,
          "answer": "02-3665-3691",
          "answer_wordNum": 1,
          "fact": [
            "돼지집,연락처,02-3665-3691"
          ]
        },
        {
          "question_id": 2,
          "question_type": "정보",
          "question": "휴무일은 어떻게 되나요?",
          "question_wordNum": 3,
          "answer": "없음",
          "answer_wordNum": 1,
          "fact": [
            "돼지집,휴무일,없음"
          ]
        },
        {
          "question_id": 3,
          "question_type": "정보",
          "question": "대표 메뉴가 무엇인가요?",
          "question_wordNum": 3,
          "answer": "통돼지두루치기, 왕계란말이",
          "answer_wordNum": 2,
          "fact": [
            "돼지집,메뉴,통돼지두루치기, 왕계란말이"
          ]
        }
      ]
    },
    {
      "image_id": 4,
      "question": [
        {
          "question_id": 0,
          "question_type": "정보",
          "question": "휴무일은 어떻게 되나요?",
          "question_wordNum": 3,
          "answer": "없음",
          "answer_wordNum": 1,
          "fact": [
            "돼지집,휴무일,없음"
          ]
        },
        {
          "question_id": 1,
          "question_type": "정보",
          "question": "연락처를 알 수 있나요?",
          "question_wordNum": 4,
          "answer": "02-3665-3691",
          "answer_wordNum": 1,
          "fact": [
            "돼지집,연락처,02-3665-3691"
          ]
        },
        {
          "question_id": 2,
          "question_type": "탐색",
          "question": "주차시설이 있나요?",
          "question_wordNum": 2,
          "answer": "있음",
          "answer_wordNum": 1,
          "fact": [
            "돼지집,주차시설,있음"
          ]
        },
        {
          "question_id": 3,
          "question_type": "관계",
          "question": "이 곳에 인접한 시설이 있나요?",
          "question_wordNum": 5,
          "answer": "발산역 6번 출구, 뜨돈생고기, 리치꼬치",
          "answer_wordNum": 5,
          "fact": [
            "돼지집,인접,발산역 6번 출구, 뜨돈생고기, 리치꼬치"
          ]
        }
      ]
    }
  ]
}