{
  "data": {
    "dataset": "2-083-219",
    "POI_id": "561588",
    "travelType": "음식점",
    "place": "Rest747 ",
    "area": "서울"
  },
  "imageInfo": [
    {
      "image_id": 0,
      "filename": "561588_0_su_5_Rest747 _1_001.png",
      "mapx": 37.5590400107717,
      "mapy": 126.820063226063,
      "width": 3840,
      "height": 2160,
      "caption_info": [
        "Rest747(강서구) ",
        "어닝"
      ]
    },
    {
      "image_id": 1,
      "filename": "561588_0_su_5_Rest747 _1_002.png",
      "mapx": 37.5590400107717,
      "mapy": 126.820063226063,
      "width": 3840,
      "height": 2160,
      "caption_info": [
        "Rest747(강서구) ",
        "간판"
      ]
    },
    {
      "image_id": 2,
      "filename": "561588_0_su_5_Rest747 _1_003.png",
      "mapx": 37.5590400107717,
      "mapy": 126.820063226063,
      "width": 3840,
      "height": 2160,
      "caption_info": [
        "Rest747(강서구) ",
        "쇼케이스 "
      ]
    },
    {
      "image_id": 3,
      "filename": "561588_0_su_5_Rest747 _1_004.png",
      "mapx": 37.5590400107717,
      "mapy": 126.820063226063,
      "width": 3840,
      "height": 2160,
      "caption_info": [
        "Rest747(강서구) ",
        "메뉴판 "
      ]
    },
    {
      "image_id": 4,
      "filename": "561588_0_su_5_Rest747 _1_005.png",
      "mapx": 37.5590400107717,
      "mapy": 126.820063226063,
      "width": 3840,
      "height": 2160,
      "caption_info": [
        "Rest747(강서구) ",
        "소스"
      ]
    }
  ],
  "annotations": [
    {
      "image_id": 0,
      "question": [
        {
          "question_id": 0,
          "question_type": "정보",
          "question": "대표 메뉴가 무엇인가요?",
          "question_wordNum": 3,
          "answer": "명란크림파스타, 새우알리오올리오 파스타",
          "answer_wordNum": 3,
          "fact": [
            "Rest747,메뉴,명란크림파스타, 새우알리오올리오 파스타"
          ]
        },
        {
          "question_id": 1,
          "question_type": "관계",
          "question": "이 곳에 인접한 시설을 알 수 있나요?",
          "question_wordNum": 7,
          "answer": "마곡역 7번 출구, 마곡엠밸리10단지아파트, GS25, 오봉도시락",
          "answer_wordNum": 6,
          "fact": [
            "Rest747,인접,마곡역 7번 출구, 마곡엠밸리10단지아파트, GS25, 오봉도시락"
          ]
        },
        {
          "question_id": 2,
          "question_type": "탐색",
          "question": "주차시설이 있는지 알 수 있나요?",
          "question_wordNum": 5,
          "answer": "있음",
          "answer_wordNum": 1,
          "fact": [
            "Rest747,주차시설,있음"
          ]
        },
        {
          "question_id": 3,
          "question_type": "정보",
          "question": "이 곳의 주소를 알 수 있나요?",
          "question_wordNum": 6,
          "answer": "서울 강서구 마곡중앙1로 72",
          "answer_wordNum": 4,
          "fact": [
            "Rest747,주소,서울 강서구 마곡중앙1로 72"
          ]
        }
      ]
    },
    {
      "image_id": 1,
      "question": [
        {
          "question_id": 0,
          "question_type": "정보",
          "question": "휴무일은 어떻게 되나요?",
          "question_wordNum": 3,
          "answer": "알수없음",
          "answer_wordNum": 1,
          "fact": [
            "Rest747,휴무일,알수없음"
          ]
        },
        {
          "question_id": 1,
          "question_type": "정보",
          "question": "대표 메뉴가 무엇인가요?",
          "question_wordNum": 3,
          "answer": "명란크림파스타, 새우알리오올리오 파스타",
          "answer_wordNum": 3,
          "fact": [
            "Rest747,메뉴,명란크림파스타, 새우알리오올리오 파스타"
          ]
        },
        {
          "question_id": 2,
          "question_type": "탐색",
          "question": "주차시설이 있나요?",
          "question_wordNum": 2,
          "answer": "있음",
          "answer_wordNum": 1,
          "fact": [
            "Rest747,주차시설,있음"
          ]
        },
        {
          "question_id": 3,
          "question_type": "정보",
          "question": "이 곳의 주소는 어떻게 되나요?",
          "question_wordNum": 5,
          "answer": "서울 강서구 마곡중앙1로 72",
          "answer_wordNum": 4,
          "fact": [
            "Rest747,주소,서울 강서구 마곡중앙1로 72"
          ]
        }
      ]
    },
    {
      "image_id": 2,
      "question": [
        {
          "question_id": 0,
          "question_type": "정보",
          "question": "이 곳의 주소를 알 수 있나요?",
          "question_wordNum": 6,
          "answer": "서울 강서구 마곡중앙1로 72",
          "answer_wordNum": 4,
          "fact": [
            "Rest747,주소,서울 강서구 마곡중앙1로 72"
          ]
        },
        {
          "question_id": 1,
          "question_type": "정보",
          "question": "이 곳의 메뉴를 알 수 있나요?",
          "question_wordNum": 6,
          "answer": "명란크림파스타, 새우알리오올리오 파스타",
          "answer_wordNum": 3,
          "fact": [
            "Rest747,메뉴,명란크림파스타, 새우알리오올리오 파스타"
          ]
        },
        {
          "question_id": 2,
          "question_type": "탐색",
          "question": "주차시설이 있나요?",
          "question_wordNum": 2,
          "answer": "있음",
          "answer_wordNum": 1,
          "fact": [
            "Rest747,주차시설,있음"
          ]
        },
        {
          "question_id": 3,
          "question_type": "관계",
          "question": "이 곳에 인접한 시설을 알 수 있나요?",
          "question_wordNum": 7,
          "answer": "마곡역 7번 출구, 마곡엠밸리10단지아파트, GS25, 오봉도시락",
          "answer_wordNum": 6,
          "fact": [
            "Rest747,인접,마곡역 7번 출구, 마곡엠밸리10단지아파트, GS25, 오봉도시락"
          ]
        }
      ]
    },
    {
      "image_id": 3,
      "question": [
        {
          "question_id": 0,
          "question_type": "정보",
          "question": "휴무일을 알 수 있나요?",
          "question_wordNum": 4,
          "answer": "알수없음",
          "answer_wordNum": 1,
          "fact": [
            "Rest747,휴무일,알수없음"
          ]
        },
        {
          "question_id": 1,
          "question_type": "정보",
          "question": "연락처를 알 수 있나요?",
          "question_wordNum": 4,
          "answer": "02-2662-7470",
          "answer_wordNum": 1,
          "fact": [
            "Rest747,연락처,02-2662-7470"
          ]
        },
        {
          "question_id": 2,
          "question_type": "관계",
          "question": "이 곳에 인접한 시설이 있나요?",
          "question_wordNum": 5,
          "answer": "마곡역 7번 출구, 마곡엠밸리10단지아파트, GS25, 오봉도시락",
          "answer_wordNum": 6,
          "fact": [
            "Rest747,인접,마곡역 7번 출구, 마곡엠밸리10단지아파트, GS25, 오봉도시락"
          ]
        },
        {
          "question_id": 3,
          "question_type": "정보",
          "question": "영업시간을 알 수 있나요?",
          "question_wordNum": 4,
          "answer": "10:00/11:00~21:00",
          "answer_wordNum": 1,
          "fact": [
            "Rest747,영업시간,10:00/11:00~21:00"
          ]
        }
      ]
    },
    {
      "image_id": 4,
      "question": [
        {
          "question_id": 0,
          "question_type": "정보",
          "question": "영업시간은 어떻게 되나요?",
          "question_wordNum": 3,
          "answer": "10:00/11:00~21:00",
          "answer_wordNum": 1,
          "fact": [
            "Rest747,영업시간,10:00/11:00~21:00"
          ]
        },
        {
          "question_id": 1,
          "question_type": "탐색",
          "question": "주차시설이 있나요?",
          "question_wordNum": 2,
          "answer": "있음",
          "answer_wordNum": 1,
          "fact": [
            "Rest747,주차시설,있음"
          ]
        },
        {
          "question_id": 2,
          "question_type": "정보",
          "question": "휴무일을 알 수 있나요?",
          "question_wordNum": 4,
          "answer": "알수없음",
          "answer_wordNum": 1,
          "fact": [
            "Rest747,휴무일,알수없음"
          ]
        },
        {
          "question_id": 3,
          "question_type": "정보",
          "question": "이 곳의 메뉴를 알 수 있나요?",
          "question_wordNum": 6,
          "answer": "명란크림파스타, 새우알리오올리오 파스타",
          "answer_wordNum": 3,
          "fact": [
            "Rest747,메뉴,명란크림파스타, 새우알리오올리오 파스타"
          ]
        }
      ]
    }
  ]
}