{
  "data": {
    "dataset": "2-083-219",
    "POI_id": "561829",
    "travelType": "음식점",
    "place": "황금오리농장 본점",
    "area": "서울"
  },
  "imageInfo": [
    {
      "image_id": 0,
      "filename": "561829_0_su_5_황금오리농장 본점_1_001.png",
      "mapx": 37.5609311596576,
      "mapy": 126.812565949474,
      "width": 3840,
      "height": 2160,
      "caption_info": [
        "황금오리농장 본점(강서구)",
        "간판"
      ]
    },
    {
      "image_id": 1,
      "filename": "561829_0_su_5_황금오리농장 본점_1_002.png",
      "mapx": 37.5609311596576,
      "mapy": 126.812565949474,
      "width": 3840,
      "height": 2160,
      "caption_info": [
        "황금오리농장 본점(강서구)",
        "간판"
      ]
    },
    {
      "image_id": 2,
      "filename": "561829_0_su_5_황금오리농장 본점_1_003.png",
      "mapx": 37.5609311596576,
      "mapy": 126.812565949474,
      "width": 3840,
      "height": 2160,
      "caption_info": [
        "황금오리농장 본점(강서구)",
        "등받이 의자"
      ]
    },
    {
      "image_id": 3,
      "filename": "561829_0_su_5_황금오리농장 본점_1_004.png",
      "mapx": 37.5609311596576,
      "mapy": 126.812565949474,
      "width": 3840,
      "height": 2160,
      "caption_info": [
        "황금오리농장 본점(강서구)",
        "메뉴판 "
      ]
    },
    {
      "image_id": 4,
      "filename": "561829_0_su_5_황금오리농장 본점_1_005.png",
      "mapx": 37.5609311596576,
      "mapy": 126.812565949474,
      "width": 3840,
      "height": 2160,
      "caption_info": [
        "황금오리농장 본점(강서구)",
        "숟가락, 앞접시 "
      ]
    }
  ],
  "annotations": [
    {
      "image_id": 0,
      "question": [
        {
          "question_id": 0,
          "question_type": "탐색",
          "question": "주차시설이 있는지 알 수 있나요?",
          "question_wordNum": 5,
          "answer": "있음",
          "answer_wordNum": 1,
          "fact": [
            "황금오리농장 본점,주차시설,있음"
          ]
        },
        {
          "question_id": 1,
          "question_type": "정보",
          "question": "대표 메뉴가 무엇인가요?",
          "question_wordNum": 3,
          "answer": "오리 능이 누룽지 백숙, 오리울금누룽지백숙",
          "answer_wordNum": 5,
          "fact": [
            "황금오리농장 본점,메뉴,오리 능이 누룽지 백숙, 오리울금누룽지백숙"
          ]
        },
        {
          "question_id": 2,
          "question_type": "정보",
          "question": "영업시간은 어떻게 되나요?",
          "question_wordNum": 3,
          "answer": "10:30 - 22:30",
          "answer_wordNum": 3,
          "fact": [
            "황금오리농장 본점,영업시간,10:30 - 22:30"
          ]
        },
        {
          "question_id": 3,
          "question_type": "관계",
          "question": "이 곳에 인접한 시설이 있나요?",
          "question_wordNum": 5,
          "answer": "송정역 3번 출구, 장성양갈비, 개성보신탕",
          "answer_wordNum": 5,
          "fact": [
            "황금오리농장 본점,인접,송정역 3번 출구, 장성양갈비, 개성보신탕"
          ]
        }
      ]
    },
    {
      "image_id": 1,
      "question": [
        {
          "question_id": 0,
          "question_type": "정보",
          "question": "대표 메뉴가 무엇인가요?",
          "question_wordNum": 3,
          "answer": "오리 능이 누룽지 백숙, 오리울금누룽지백숙",
          "answer_wordNum": 5,
          "fact": [
            "황금오리농장 본점,메뉴,오리 능이 누룽지 백숙, 오리울금누룽지백숙"
          ]
        },
        {
          "question_id": 1,
          "question_type": "관계",
          "question": "이 곳에 인접한 시설을 알 수 있나요?",
          "question_wordNum": 7,
          "answer": "송정역 3번 출구, 장성양갈비, 개성보신탕",
          "answer_wordNum": 5,
          "fact": [
            "황금오리농장 본점,인접,송정역 3번 출구, 장성양갈비, 개성보신탕"
          ]
        },
        {
          "question_id": 2,
          "question_type": "정보",
          "question": "연락처가 어떻게 되나요?",
          "question_wordNum": 3,
          "answer": "0507-1440-5988",
          "answer_wordNum": 1,
          "fact": [
            "황금오리농장 본점,연락처,0507-1440-5988"
          ]
        },
        {
          "question_id": 3,
          "question_type": "정보",
          "question": "이 곳의 주소는 어떻게 되나요?",
          "question_wordNum": 5,
          "answer": "서울 강서구 공항대로 48",
          "answer_wordNum": 4,
          "fact": [
            "황금오리농장 본점,주소,서울 강서구 공항대로 48"
          ]
        }
      ]
    },
    {
      "image_id": 2,
      "question": [
        {
          "question_id": 0,
          "question_type": "정보",
          "question": "연락처가 어떻게 되나요?",
          "question_wordNum": 3,
          "answer": "0507-1440-5988",
          "answer_wordNum": 1,
          "fact": [
            "황금오리농장 본점,연락처,0507-1440-5988"
          ]
        },
        {
          "question_id": 1,
          "question_type": "관계",
          "question": "이 곳에 인접한 시설을 알 수 있나요?",
          "question_wordNum": 7,
          "answer": "송정역 3번 출구, 장성양갈비, 개성보신탕",
          "answer_wordNum": 5,
          "fact": [
            "황금오리농장 본점,인접,송정역 3번 출구, 장성양갈비, 개성보신탕"
          ]
        },
        {
          "question_id": 2,
          "question_type": "탐색",
          "question": "주차시설이 있나요?",
          "question_wordNum": 2,
          "answer": "있음",
          "answer_wordNum": 1,
          "fact": [
            "황금오리농장 본점,주차시설,있음"
          ]
        },
        {
          "question_id": 3,
          "question_type": "정보",
          "question": "영업시간을 알 수 있나요?",
          "question_wordNum": 4,
          "answer": "10:30 - 22:30",
          "answer_wordNum": 3,
          "fact": [
            "황금오리농장 본점,영업시간,10:30 - 22:30"
          ]
        }
      ]
    },
    {
      "image_id": 3,
      "question": [
        {
          "question_id": 0,
          "question_type": "정보",
          "question": "휴무일은 어떻게 되나요?",
          "question_wordNum": 3,
          "answer": "없음",
          "answer_wordNum": 1,
          "fact": [
            "황금오리농장 본점,휴무일,없음"
          ]
        },
        {
          "question_id": 1,
          "question_type": "정보",
          "question": "이 곳의 주소는 어떻게 되나요?",
          "question_wordNum": 5,
          "answer": "서울 강서구 공항대로 48",
          "answer_wordNum": 4,
          "fact": [
            "황금오리농장 본점,주소,서울 강서구 공항대로 48"
          ]
        },
        {
          "question_id": 2,
          "question_type": "정보",
          "question": "영업시간은 어떻게 되나요?",
          "question_wordNum": 3,
          "answer": "10:30 - 22:30",
          "answer_wordNum": 3,
          "fact": [
            "황금오리농장 본점,영업시간,10:30 - 22:30"
          ]
        },
        {
          "question_id": 3,
          "question_type": "탐색",
          "question": "주차시설이 있는지 알 수 있나요?",
          "question_wordNum": 5,
          "answer": "있음",
          "answer_wordNum": 1,
          "fact": [
            "황금오리농장 본점,주차시설,있음"
          ]
        }
      ]
    },
    {
      "image_id": 4,
      "question": [
        {
          "question_id": 0,
          "question_type": "관계",
          "question": "이 곳에 인접한 시설이 있나요?",
          "question_wordNum": 5,
          "answer": "송정역 3번 출구, 장성양갈비, 개성보신탕",
          "answer_wordNum": 5,
          "fact": [
            "황금오리농장 본점,인접,송정역 3번 출구, 장성양갈비, 개성보신탕"
          ]
        },
        {
          "question_id": 1,
          "question_type": "탐색",
          "question": "주차시설이 있는지 알 수 있나요?",
          "question_wordNum": 5,
          "answer": "있음",
          "answer_wordNum": 1,
          "fact": [
            "황금오리농장 본점,주차시설,있음"
          ]
        },
        {
          "question_id": 2,
          "question_type": "정보",
          "question": "이 곳의 주소를 알 수 있나요?",
          "question_wordNum": 6,
          "answer": "서울 강서구 공항대로 48",
          "answer_wordNum": 4,
          "fact": [
            "황금오리농장 본점,주소,서울 강서구 공항대로 48"
          ]
        },
        {
          "question_id": 3,
          "question_type": "정보",
          "question": "연락처가 어떻게 되나요?",
          "question_wordNum": 3,
          "answer": "0507-1440-5988",
          "answer_wordNum": 1,
          "fact": [
            "황금오리농장 본점,연락처,0507-1440-5988"
          ]
        }
      ]
    }
  ]
}