{
  "data": {
    "dataset": "2-083-219",
    "POI_id": "561713",
    "travelType": "음식점",
    "place": "타코세븐 타코야끼 ",
    "area": "서울"
  },
  "imageInfo": [
    {
      "image_id": 0,
      "filename": "561713_0_su_5_타코세븐 타코야끼 _1_001.png",
      "mapx": 37.5526631451117,
      "mapy": 126.837740167967,
      "width": 3840,
      "height": 2160,
      "caption_info": [
        "타코세븐 타코야끼(내발산동)",
        "간판, 여닫이문"
      ]
    },
    {
      "image_id": 1,
      "filename": "561713_0_su_5_타코세븐 타코야끼 _1_002.png",
      "mapx": 37.5526631451117,
      "mapy": 126.837740167967,
      "width": 3840,
      "height": 2160,
      "caption_info": [
        "타코세븐 타코야끼(내발산동)",
        "간판, 여닫이문"
      ]
    },
    {
      "image_id": 2,
      "filename": "561713_0_su_5_타코세븐 타코야끼 _1_003.png",
      "mapx": 37.5526631451117,
      "mapy": 126.837740167967,
      "width": 3840,
      "height": 2160,
      "caption_info": [
        "타코세븐 타코야끼(내발산동)",
        "손세정제"
      ]
    },
    {
      "image_id": 3,
      "filename": "561713_0_su_5_타코세븐 타코야끼 _1_004.png",
      "mapx": 37.5526631451117,
      "mapy": 126.837740167967,
      "width": 3840,
      "height": 2160,
      "caption_info": [
        "타코세븐 타코야끼(내발산동)",
        "메뉴판\n"
      ]
    },
    {
      "image_id": 4,
      "filename": "561713_0_su_5_타코세븐 타코야끼 _1_005.png",
      "mapx": 37.5526631451117,
      "mapy": 126.837740167967,
      "width": 3840,
      "height": 2160,
      "caption_info": [
        "타코세븐 타코야끼(내발산동)",
        "타코야끼\n"
      ]
    }
  ],
  "annotations": [
    {
      "image_id": 0,
      "question": [
        {
          "question_id": 0,
          "question_type": "정보",
          "question": "이 곳의 대표적인 메뉴는 무엇이 있나요?",
          "question_wordNum": 6,
          "answer": "오리지널, 치즈",
          "answer_wordNum": 2,
          "fact": [
            "타코세븐 타코야끼,메뉴,오리지널, 치즈"
          ]
        },
        {
          "question_id": 1,
          "question_type": "탐색",
          "question": "주차시설이 있나요?",
          "question_wordNum": 2,
          "answer": "있음",
          "answer_wordNum": 1,
          "fact": [
            "타코세븐 타코야끼,주차시설,있음"
          ]
        },
        {
          "question_id": 2,
          "question_type": "정보",
          "question": "영업시간을 알 수 있나요?",
          "question_wordNum": 4,
          "answer": "14:00/17:00~03:00",
          "answer_wordNum": 1,
          "fact": [
            "타코세븐 타코야끼,영업시간,14:00/17:00~03:00"
          ]
        },
        {
          "question_id": 3,
          "question_type": "정보",
          "question": "휴무일은 어떻게 되나요?",
          "question_wordNum": 3,
          "answer": "알수없음",
          "answer_wordNum": 1,
          "fact": [
            "타코세븐 타코야끼,휴무일,알수없음"
          ]
        }
      ]
    },
    {
      "image_id": 1,
      "question": [
        {
          "question_id": 0,
          "question_type": "정보",
          "question": "영업시간은 몇시부터 몇시까지로 기재되어 있나요?",
          "question_wordNum": 5,
          "answer": "14:00/17:00~03:00",
          "answer_wordNum": 1,
          "fact": [
            "타코세븐 타코야끼,영업시간,14:00/17:00~03:00"
          ]
        },
        {
          "question_id": 1,
          "question_type": "정보",
          "question": "이 곳의 주요 메뉴를 알 수 있나요?",
          "question_wordNum": 7,
          "answer": "오리지널, 치즈",
          "answer_wordNum": 2,
          "fact": [
            "타코세븐 타코야끼,메뉴,오리지널, 치즈"
          ]
        },
        {
          "question_id": 2,
          "question_type": "정보",
          "question": "휴무일을 알 수 있나요?",
          "question_wordNum": 4,
          "answer": "알수없음",
          "answer_wordNum": 1,
          "fact": [
            "타코세븐 타코야끼,휴무일,알수없음"
          ]
        },
        {
          "question_id": 3,
          "question_type": "관계",
          "question": "이 곳에 인접한 시설이 있나요?",
          "question_wordNum": 5,
          "answer": "우장산역 1번 출구, 브루노화덕피자, 참빛교회",
          "answer_wordNum": 5,
          "fact": [
            "타코세븐 타코야끼,인접,우장산역 1번 출구, 브루노화덕피자, 참빛교회"
          ]
        }
      ]
    },
    {
      "image_id": 2,
      "question": [
        {
          "question_id": 0,
          "question_type": "정보",
          "question": "이 곳의 주소를 알 수 있나요?",
          "question_wordNum": 6,
          "answer": "서울 강서구 강서로48길 21 1층 101호",
          "answer_wordNum": 6,
          "fact": [
            "타코세븐 타코야끼,주소,서울 강서구 강서로48길 21 1층 101호"
          ]
        },
        {
          "question_id": 1,
          "question_type": "정보",
          "question": "휴무일은 어떻게 되나요?",
          "question_wordNum": 3,
          "answer": "알수없음",
          "answer_wordNum": 1,
          "fact": [
            "타코세븐 타코야끼,휴무일,알수없음"
          ]
        },
        {
          "question_id": 2,
          "question_type": "관계",
          "question": "이 곳에 인접한 시설이 있나요?",
          "question_wordNum": 5,
          "answer": "우장산역 1번 출구, 브루노화덕피자, 참빛교회",
          "answer_wordNum": 5,
          "fact": [
            "타코세븐 타코야끼,인접,우장산역 1번 출구, 브루노화덕피자, 참빛교회"
          ]
        },
        {
          "question_id": 3,
          "question_type": "정보",
          "question": "이 곳의 대표적인 메뉴를 알 수 있나요?",
          "question_wordNum": 7,
          "answer": "오리지널, 치즈",
          "answer_wordNum": 2,
          "fact": [
            "타코세븐 타코야끼,메뉴,오리지널, 치즈"
          ]
        }
      ]
    },
    {
      "image_id": 3,
      "question": [
        {
          "question_id": 0,
          "question_type": "정보",
          "question": "영업시간을 알 수 있나요?",
          "question_wordNum": 4,
          "answer": "14:00/17:00~03:00",
          "answer_wordNum": 1,
          "fact": [
            "타코세븐 타코야끼,영업시간,14:00/17:00~03:00"
          ]
        },
        {
          "question_id": 1,
          "question_type": "관계",
          "question": "이 곳에 인접한 시설이 있나요?",
          "question_wordNum": 5,
          "answer": "우장산역 1번 출구, 브루노화덕피자, 참빛교회",
          "answer_wordNum": 5,
          "fact": [
            "타코세븐 타코야끼,인접,우장산역 1번 출구, 브루노화덕피자, 참빛교회"
          ]
        },
        {
          "question_id": 2,
          "question_type": "정보",
          "question": "이 곳의 주요 메뉴를 알 수 있나요?",
          "question_wordNum": 7,
          "answer": "오리지널, 치즈",
          "answer_wordNum": 2,
          "fact": [
            "타코세븐 타코야끼,메뉴,오리지널, 치즈"
          ]
        },
        {
          "question_id": 3,
          "question_type": "정보",
          "question": "휴무일을 알 수 있나요?",
          "question_wordNum": 4,
          "answer": "알수없음",
          "answer_wordNum": 1,
          "fact": [
            "타코세븐 타코야끼,휴무일,알수없음"
          ]
        }
      ]
    },
    {
      "image_id": 4,
      "question": [
        {
          "question_id": 0,
          "question_type": "탐색",
          "question": "주차시설이 있는지 알 수 있나요?",
          "question_wordNum": 5,
          "answer": "있음",
          "answer_wordNum": 1,
          "fact": [
            "타코세븐 타코야끼,주차시설,있음"
          ]
        },
        {
          "question_id": 1,
          "question_type": "정보",
          "question": "영업시간은 어떻게 되나요?",
          "question_wordNum": 3,
          "answer": "14:00/17:00~03:00",
          "answer_wordNum": 1,
          "fact": [
            "타코세븐 타코야끼,영업시간,14:00/17:00~03:00"
          ]
        },
        {
          "question_id": 2,
          "question_type": "관계",
          "question": "이 곳에 인접한 시설이 있나요?",
          "question_wordNum": 5,
          "answer": "우장산역 1번 출구, 브루노화덕피자, 참빛교회",
          "answer_wordNum": 5,
          "fact": [
            "타코세븐 타코야끼,인접,우장산역 1번 출구, 브루노화덕피자, 참빛교회"
          ]
        },
        {
          "question_id": 3,
          "question_type": "정보",
          "question": "연락처가 어떻게 되나요?",
          "question_wordNum": 3,
          "answer": "0507-1365-3535",
          "answer_wordNum": 1,
          "fact": [
            "타코세븐 타코야끼,연락처,0507-1365-3535"
          ]
        }
      ]
    }
  ]
}