{
  "data": {
    "dataset": "2-083-219",
    "POI_id": "561659",
    "travelType": "음식점",
    "place": "철길부산집 마곡나루점",
    "area": "서울"
  },
  "imageInfo": [
    {
      "image_id": 0,
      "filename": "561659_0_su_5_철길부산집 마곡나루점_1_001.png",
      "mapx": 37.5678656599047,
      "mapy": 126.827453357716,
      "width": 3840,
      "height": 2160,
      "caption_info": [
        "철길부산집 마곡나루점(마곡동)",
        "간판, 스툴 의자"
      ]
    },
    {
      "image_id": 1,
      "filename": "561659_0_su_5_철길부산집 마곡나루점_1_002.png",
      "mapx": 37.5678656599047,
      "mapy": 126.827453357716,
      "width": 3840,
      "height": 2160,
      "caption_info": [
        "철길부산집 마곡나루점(마곡동)",
        "간판"
      ]
    },
    {
      "image_id": 2,
      "filename": "561659_0_su_5_철길부산집 마곡나루점_1_003.png",
      "mapx": 37.5678656599047,
      "mapy": 126.827453357716,
      "width": 3840,
      "height": 2160,
      "caption_info": [
        "철길부산집 마곡나루점(마곡동)",
        "테이블, 등받이 의자"
      ]
    },
    {
      "image_id": 3,
      "filename": "561659_0_su_5_철길부산집 마곡나루점_1_004.png",
      "mapx": 37.5678656599047,
      "mapy": 126.827453357716,
      "width": 3840,
      "height": 2160,
      "caption_info": [
        "철길부산집 마곡나루점(마곡동)",
        "메뉴판"
      ]
    },
    {
      "image_id": 4,
      "filename": "561659_0_su_5_철길부산집 마곡나루점_1_005.png",
      "mapx": 37.5678656599047,
      "mapy": 126.827453357716,
      "width": 3840,
      "height": 2160,
      "caption_info": [
        "철길부산집 마곡나루점(마곡동)",
        "숙성 연어사시미"
      ]
    }
  ],
  "annotations": [
    {
      "image_id": 0,
      "question": [
        {
          "question_id": 0,
          "question_type": "정보",
          "question": "이 곳의 대표적인 메뉴를 알 수 있나요?",
          "question_wordNum": 7,
          "answer": "숙성 연어사시미, 순살 치킨가라아게",
          "answer_wordNum": 4,
          "fact": [
            "철길부산집 마곡나루점,메뉴,숙성 연어사시미, 순살 치킨가라아게"
          ]
        },
        {
          "question_id": 1,
          "question_type": "관계",
          "question": "이 곳에 인접한 시설이 있나요?",
          "question_wordNum": 5,
          "answer": "마곡나루역 2번 출구, 요로콘데, CU",
          "answer_wordNum": 5,
          "fact": [
            "철길부산집 마곡나루점,인접,마곡나루역 2번 출구, 요로콘데, CU"
          ]
        },
        {
          "question_id": 2,
          "question_type": "정보",
          "question": "이 곳의 주소는 어떻게 되나요?",
          "question_wordNum": 5,
          "answer": "서울 강서구 마곡중앙로 161-1",
          "answer_wordNum": 4,
          "fact": [
            "철길부산집 마곡나루점,주소,서울 강서구 마곡중앙로 161-1"
          ]
        },
        {
          "question_id": 3,
          "question_type": "정보",
          "question": "영업시간은 몇시부터 몇시까지로 기재되어 있나요?",
          "question_wordNum": 5,
          "answer": "17:00 - 02:00",
          "answer_wordNum": 3,
          "fact": [
            "철길부산집 마곡나루점,영업시간,17:00 - 02:00"
          ]
        }
      ]
    },
    {
      "image_id": 1,
      "question": [
        {
          "question_id": 0,
          "question_type": "정보",
          "question": "연락처를 알 수 있나요?",
          "question_wordNum": 4,
          "answer": "0507-1324-7549",
          "answer_wordNum": 1,
          "fact": [
            "철길부산집 마곡나루점,연락처,0507-1324-7549"
          ]
        },
        {
          "question_id": 1,
          "question_type": "관계",
          "question": "이 곳에 인접한 시설을 알 수 있나요?",
          "question_wordNum": 7,
          "answer": "마곡나루역 2번 출구, 요로콘데, CU",
          "answer_wordNum": 5,
          "fact": [
            "철길부산집 마곡나루점,인접,마곡나루역 2번 출구, 요로콘데, CU"
          ]
        },
        {
          "question_id": 2,
          "question_type": "정보",
          "question": "휴무일을 알 수 있나요?",
          "question_wordNum": 4,
          "answer": "없음",
          "answer_wordNum": 1,
          "fact": [
            "철길부산집 마곡나루점,휴무일,없음"
          ]
        },
        {
          "question_id": 3,
          "question_type": "정보",
          "question": "이 곳의 주소를 알 수 있나요?",
          "question_wordNum": 6,
          "answer": "서울 강서구 마곡중앙로 161-1",
          "answer_wordNum": 4,
          "fact": [
            "철길부산집 마곡나루점,주소,서울 강서구 마곡중앙로 161-1"
          ]
        }
      ]
    },
    {
      "image_id": 2,
      "question": [
        {
          "question_id": 0,
          "question_type": "정보",
          "question": "영업시간은 어떻게 되나요?",
          "question_wordNum": 3,
          "answer": "17:00 - 02:00",
          "answer_wordNum": 3,
          "fact": [
            "철길부산집 마곡나루점,영업시간,17:00 - 02:00"
          ]
        },
        {
          "question_id": 1,
          "question_type": "정보",
          "question": "휴무일을 알 수 있나요?",
          "question_wordNum": 4,
          "answer": "없음",
          "answer_wordNum": 1,
          "fact": [
            "철길부산집 마곡나루점,휴무일,없음"
          ]
        },
        {
          "question_id": 2,
          "question_type": "정보",
          "question": "연락처를 알 수 있나요?",
          "question_wordNum": 4,
          "answer": "0507-1324-7549",
          "answer_wordNum": 1,
          "fact": [
            "철길부산집 마곡나루점,연락처,0507-1324-7549"
          ]
        },
        {
          "question_id": 3,
          "question_type": "정보",
          "question": "이 곳의 주요 메뉴를 알 수 있나요?",
          "question_wordNum": 7,
          "answer": "숙성 연어사시미, 순살 치킨가라아게",
          "answer_wordNum": 4,
          "fact": [
            "철길부산집 마곡나루점,메뉴,숙성 연어사시미, 순살 치킨가라아게"
          ]
        }
      ]
    },
    {
      "image_id": 3,
      "question": [
        {
          "question_id": 0,
          "question_type": "정보",
          "question": "휴무일은 어떻게 되나요?",
          "question_wordNum": 3,
          "answer": "없음",
          "answer_wordNum": 1,
          "fact": [
            "철길부산집 마곡나루점,휴무일,없음"
          ]
        },
        {
          "question_id": 1,
          "question_type": "탐색",
          "question": "이 곳은 어떤 곳인가요?",
          "question_wordNum": 4,
          "answer": "오뎅바",
          "answer_wordNum": 1,
          "fact": [
            "철길부산집 마곡나루점,이다,오뎅바"
          ]
        },
        {
          "question_id": 2,
          "question_type": "정보",
          "question": "이 곳의 주요 메뉴는 무엇이 있나요?",
          "question_wordNum": 6,
          "answer": "숙성 연어사시미, 순살 치킨가라아게",
          "answer_wordNum": 4,
          "fact": [
            "철길부산집 마곡나루점,메뉴,숙성 연어사시미, 순살 치킨가라아게"
          ]
        },
        {
          "question_id": 3,
          "question_type": "정보",
          "question": "이 곳의 주소를 알 수 있나요?",
          "question_wordNum": 6,
          "answer": "서울 강서구 마곡중앙로 161-1",
          "answer_wordNum": 4,
          "fact": [
            "철길부산집 마곡나루점,주소,서울 강서구 마곡중앙로 161-1"
          ]
        }
      ]
    },
    {
      "image_id": 4,
      "question": [
        {
          "question_id": 0,
          "question_type": "정보",
          "question": "연락처가 어떻게 되나요?",
          "question_wordNum": 3,
          "answer": "0507-1324-7549",
          "answer_wordNum": 1,
          "fact": [
            "철길부산집 마곡나루점,연락처,0507-1324-7549"
          ]
        },
        {
          "question_id": 1,
          "question_type": "정보",
          "question": "이 곳의 주소를 알 수 있나요?",
          "question_wordNum": 6,
          "answer": "서울 강서구 마곡중앙로 161-1",
          "answer_wordNum": 4,
          "fact": [
            "철길부산집 마곡나루점,주소,서울 강서구 마곡중앙로 161-1"
          ]
        },
        {
          "question_id": 2,
          "question_type": "정보",
          "question": "영업시간은 어떻게 되나요?",
          "question_wordNum": 3,
          "answer": "17:00 - 02:00",
          "answer_wordNum": 3,
          "fact": [
            "철길부산집 마곡나루점,영업시간,17:00 - 02:00"
          ]
        },
        {
          "question_id": 3,
          "question_type": "정보",
          "question": "이 곳은 어떤 곳인가요?",
          "question_wordNum": 4,
          "answer": "오뎅바",
          "answer_wordNum": 1,
          "fact": [
            "철길부산집 마곡나루점,이다,오뎅바"
          ]
        }
      ]
    }
  ]
}