{
  "data": {
    "dataset": "2-083-219",
    "POI_id": "561443",
    "travelType": "음식점",
    "place": "한라산도야지 가양점",
    "area": "서울"
  },
  "imageInfo": [
    {
      "image_id": 0,
      "filename": "561443_0_su_5_한라산도야지 가양점_1_001.png",
      "mapx": 37.5667718875749,
      "mapy": 126.843241975427,
      "width": 3840,
      "height": 2160,
      "caption_info": [
        "한라산도야지 가양점(가양동)",
        "간판, 자동차, 여닫이문"
      ]
    },
    {
      "image_id": 1,
      "filename": "561443_0_su_5_한라산도야지 가양점_1_002.png",
      "mapx": 37.5667718875749,
      "mapy": 126.843241975427,
      "width": 3840,
      "height": 2160,
      "caption_info": [
        "한라산도야지 가양점(가양동)",
        "간판, 자동차, 여닫이문"
      ]
    },
    {
      "image_id": 2,
      "filename": "561443_0_su_5_한라산도야지 가양점_1_003.png",
      "mapx": 37.5667718875749,
      "mapy": 126.843241975427,
      "width": 3840,
      "height": 2160,
      "caption_info": [
        "한라산도야지 가양점(가양동)",
        "테이블, 등받이의자"
      ]
    },
    {
      "image_id": 3,
      "filename": "561443_0_su_5_한라산도야지 가양점_1_004.png",
      "mapx": 37.5667718875749,
      "mapy": 126.843241975427,
      "width": 3840,
      "height": 2160,
      "caption_info": [
        "한라산도야지 가양점(가양동)",
        "메뉴판"
      ]
    },
    {
      "image_id": 4,
      "filename": "561443_0_su_5_한라산도야지 가양점_1_005.png",
      "mapx": 37.5667718875749,
      "mapy": 126.843241975427,
      "width": 3840,
      "height": 2160,
      "caption_info": [
        "한라산도야지 가양점(가양동)",
        "오겹살"
      ]
    }
  ],
  "annotations": [
    {
      "image_id": 0,
      "question": [
        {
          "question_id": 0,
          "question_type": "탐색",
          "question": "주차시설이 있나요?",
          "question_wordNum": 2,
          "answer": "있음",
          "answer_wordNum": 1,
          "fact": [
            "한라산도야지 가양점,주차시설,있음"
          ]
        },
        {
          "question_id": 1,
          "question_type": "정보",
          "question": "이 곳의 대표적인 메뉴를 알 수 있나요?",
          "question_wordNum": 7,
          "answer": "오겹살, 갈매기살",
          "answer_wordNum": 2,
          "fact": [
            "한라산도야지 가양점,메뉴,오겹살, 갈매기살"
          ]
        },
        {
          "question_id": 2,
          "question_type": "정보",
          "question": "휴무일을 알 수 있나요?",
          "question_wordNum": 4,
          "answer": "매주 일요일",
          "answer_wordNum": 2,
          "fact": [
            "한라산도야지 가양점,휴무일,매주 일요일"
          ]
        },
        {
          "question_id": 3,
          "question_type": "정보",
          "question": "이 곳에 인접한 시설이 있나요?",
          "question_wordNum": 5,
          "answer": "양천향교역 5번 출구, 카페딜런, 가드피아",
          "answer_wordNum": 5,
          "fact": [
            "한라산도야지 가양점,인접,양천향교역 5번 출구, 카페딜런, 가드피아"
          ]
        }
      ]
    },
    {
      "image_id": 1,
      "question": [
        {
          "question_id": 0,
          "question_type": "정보",
          "question": "연락처를 알 수 있나요?",
          "question_wordNum": 4,
          "answer": "02-2668-5962",
          "answer_wordNum": 1,
          "fact": [
            "한라산도야지 가양점,연락처,02-2668-5962"
          ]
        },
        {
          "question_id": 1,
          "question_type": "정보",
          "question": "이 곳의 주요 메뉴를 알 수 있나요?",
          "question_wordNum": 7,
          "answer": "오겹살, 갈매기살",
          "answer_wordNum": 2,
          "fact": [
            "한라산도야지 가양점,메뉴,오겹살, 갈매기살"
          ]
        },
        {
          "question_id": 2,
          "question_type": "탐색",
          "question": "주차시설이 있나요?",
          "question_wordNum": 2,
          "answer": "있음",
          "answer_wordNum": 1,
          "fact": [
            "한라산도야지 가양점,주차시설,있음"
          ]
        },
        {
          "question_id": 3,
          "question_type": "정보",
          "question": "이 곳에 인접한 시설이 있나요?",
          "question_wordNum": 5,
          "answer": "양천향교역 5번 출구, 카페딜런, 가드피아",
          "answer_wordNum": 5,
          "fact": [
            "한라산도야지 가양점,인접,양천향교역 5번 출구, 카페딜런, 가드피아"
          ]
        }
      ]
    },
    {
      "image_id": 2,
      "question": [
        {
          "question_id": 0,
          "question_type": "탐색",
          "question": "주차시설이 있나요?",
          "question_wordNum": 2,
          "answer": "있음",
          "answer_wordNum": 1,
          "fact": [
            "한라산도야지 가양점,주차시설,있음"
          ]
        },
        {
          "question_id": 1,
          "question_type": "정보",
          "question": "휴무일은 어떻게 되나요?",
          "question_wordNum": 3,
          "answer": "매주 일요일",
          "answer_wordNum": 2,
          "fact": [
            "한라산도야지 가양점,휴무일,매주 일요일"
          ]
        },
        {
          "question_id": 2,
          "question_type": "정보",
          "question": "이 곳의 주소는 어떻게 되나요?",
          "question_wordNum": 5,
          "answer": "서울 강서구 강서로74길 42 은총교회",
          "answer_wordNum": 5,
          "fact": [
            "한라산도야지 가양점,주소,서울 강서구 강서로74길 42 은총교회"
          ]
        },
        {
          "question_id": 3,
          "question_type": "정보",
          "question": "이 곳에 인접한 시설이 있나요?",
          "question_wordNum": 5,
          "answer": "양천향교역 5번 출구, 카페딜런, 가드피아",
          "answer_wordNum": 5,
          "fact": [
            "한라산도야지 가양점,인접,양천향교역 5번 출구, 카페딜런, 가드피아"
          ]
        }
      ]
    },
    {
      "image_id": 3,
      "question": [
        {
          "question_id": 0,
          "question_type": "정보",
          "question": "이 곳의 대표적인 메뉴는 무엇이 있나요?",
          "question_wordNum": 6,
          "answer": "오겹살, 갈매기살",
          "answer_wordNum": 2,
          "fact": [
            "한라산도야지 가양점,메뉴,오겹살, 갈매기살"
          ]
        },
        {
          "question_id": 1,
          "question_type": "정보",
          "question": "연락처를 알 수 있나요?",
          "question_wordNum": 4,
          "answer": "02-2668-5962",
          "answer_wordNum": 1,
          "fact": [
            "한라산도야지 가양점,연락처,02-2668-5962"
          ]
        },
        {
          "question_id": 2,
          "question_type": "탐색",
          "question": "주차시설이 있나요?",
          "question_wordNum": 2,
          "answer": "있음",
          "answer_wordNum": 1,
          "fact": [
            "한라산도야지 가양점,주차시설,있음"
          ]
        },
        {
          "question_id": 3,
          "question_type": "정보",
          "question": "이 곳에 인접한 시설이 있나요?",
          "question_wordNum": 5,
          "answer": "양천향교역 5번 출구, 카페딜런, 가드피아",
          "answer_wordNum": 5,
          "fact": [
            "한라산도야지 가양점,인접,양천향교역 5번 출구, 카페딜런, 가드피아"
          ]
        }
      ]
    },
    {
      "image_id": 4,
      "question": [
        {
          "question_id": 0,
          "question_type": "정보",
          "question": "이 곳의 대표적인 메뉴를 알 수 있나요?",
          "question_wordNum": 7,
          "answer": "오겹살, 갈매기살",
          "answer_wordNum": 2,
          "fact": [
            "한라산도야지 가양점,메뉴,오겹살, 갈매기살"
          ]
        },
        {
          "question_id": 1,
          "question_type": "정보",
          "question": "휴무일은 어떻게 되나요?",
          "question_wordNum": 3,
          "answer": "매주 일요일",
          "answer_wordNum": 2,
          "fact": [
            "한라산도야지 가양점,휴무일,매주 일요일"
          ]
        },
        {
          "question_id": 2,
          "question_type": "탐색",
          "question": "주차시설이 있나요?",
          "question_wordNum": 2,
          "answer": "있음",
          "answer_wordNum": 1,
          "fact": [
            "한라산도야지 가양점,주차시설,있음"
          ]
        },
        {
          "question_id": 3,
          "question_type": "정보",
          "question": "이 곳에 인접한 시설이 있나요?",
          "question_wordNum": 5,
          "answer": "양천향교역 5번 출구, 카페딜런, 가드피아",
          "answer_wordNum": 5,
          "fact": [
            "한라산도야지 가양점,인접,양천향교역 5번 출구, 카페딜런, 가드피아"
          ]
        }
      ]
    }
  ]
}