{
  "data": {
    "dataset": "2-083-219",
    "POI_id": "561723",
    "travelType": "음식점",
    "place": "참다랑어막주는집 참치정육점 마곡점",
    "area": "서울"
  },
  "imageInfo": [
    {
      "image_id": 0,
      "filename": "561723_0_su_5_참다랑어막주는집 참치정육점 마곡점_1_001.png",
      "mapx": 37.5529862473925,
      "mapy": 126.82677164429,
      "width": 3840,
      "height": 2160,
      "caption_info": [
        "참다랑어막주는집 참치정육점 마곡점(내발산동)",
        "간판"
      ]
    },
    {
      "image_id": 1,
      "filename": "561723_0_su_5_참다랑어막주는집 참치정육점 마곡점_1_002.png",
      "mapx": 37.5529862473925,
      "mapy": 126.82677164429,
      "width": 3840,
      "height": 2160,
      "caption_info": [
        "참다랑어막주는집 참치정육점 마곡점(내발산동)",
        "에어간판, 여닫이문"
      ]
    },
    {
      "image_id": 2,
      "filename": "561723_0_su_5_참다랑어막주는집 참치정육점 마곡점_1_003.png",
      "mapx": 37.5529862473925,
      "mapy": 126.82677164429,
      "width": 3840,
      "height": 2160,
      "caption_info": [
        "참다랑어막주는집 참치정육점 마곡점(내발산동)",
        "소독젤, 고기"
      ]
    },
    {
      "image_id": 3,
      "filename": "561723_0_su_5_참다랑어막주는집 참치정육점 마곡점_1_004.png",
      "mapx": 37.5529862473925,
      "mapy": 126.82677164429,
      "width": 3840,
      "height": 2160,
      "caption_info": [
        "참다랑어막주는집 참치정육점 마곡점(내발산동)",
        "가격표"
      ]
    },
    {
      "image_id": 4,
      "filename": "561723_0_su_5_참다랑어막주는집 참치정육점 마곡점_1_005.png",
      "mapx": 37.5529862473925,
      "mapy": 126.82677164429,
      "width": 3840,
      "height": 2160,
      "caption_info": [
        "참다랑어막주는집 참치정육점 마곡점(내발산동)",
        "참치회, 무순, 백김치"
      ]
    }
  ],
  "annotations": [
    {
      "image_id": 0,
      "question": [
        {
          "question_id": 0,
          "question_type": "탐색",
          "question": "주차시설이 있는지 알 수 있나요?",
          "question_wordNum": 5,
          "answer": "있음",
          "answer_wordNum": 1,
          "fact": [
            "참다랑어막주는집 참치정육점 마곡점,주차시설,있음"
          ]
        },
        {
          "question_id": 1,
          "question_type": "정보",
          "question": "영업시간은 어떻게 되나요?",
          "question_wordNum": 3,
          "answer": "16:00~23:00",
          "answer_wordNum": 1,
          "fact": [
            "참다랑어막주는집 참치정육점 마곡점,영업시간,16:00~23:00"
          ]
        },
        {
          "question_id": 2,
          "question_type": "정보",
          "question": "이 곳의 대표적인 메뉴는 무엇이 있나요?",
          "question_wordNum": 6,
          "answer": "참다랑어, 모듬참치",
          "answer_wordNum": 2,
          "fact": [
            "참다랑어막주는집 참치정육점 마곡점,메뉴,참다랑어, 모듬참치"
          ]
        },
        {
          "question_id": 3,
          "question_type": "관계",
          "question": "이 곳에 인접한 시설이 있나요?",
          "question_wordNum": 5,
          "answer": "마곡역 5번 출구, 올리앤, 뚜레쥬르",
          "answer_wordNum": 5,
          "fact": [
            "참다랑어막주는집 참치정육점 마곡점,인접,마곡역 5번 출구, 올리앤, 뚜레쥬르"
          ]
        }
      ]
    },
    {
      "image_id": 1,
      "question": [
        {
          "question_id": 0,
          "question_type": "정보",
          "question": "이 곳의 주소를 알 수 있나요?",
          "question_wordNum": 6,
          "answer": "서울 강서구 수명로 68-35",
          "answer_wordNum": 4,
          "fact": [
            "참다랑어막주는집 참치정육점 마곡점,주소,서울 강서구 수명로 68-35"
          ]
        },
        {
          "question_id": 1,
          "question_type": "정보",
          "question": "영업시간은 몇시부터 몇시까지로 기재되어 있나요?",
          "question_wordNum": 5,
          "answer": "16:00~23:00",
          "answer_wordNum": 1,
          "fact": [
            "참다랑어막주는집 참치정육점 마곡점,영업시간,16:00~23:00"
          ]
        },
        {
          "question_id": 2,
          "question_type": "정보",
          "question": "이 곳의 주요 메뉴를 알 수 있나요?",
          "question_wordNum": 7,
          "answer": "참다랑어, 모듬참치",
          "answer_wordNum": 2,
          "fact": [
            "참다랑어막주는집 참치정육점 마곡점,메뉴,참다랑어, 모듬참치"
          ]
        },
        {
          "question_id": 3,
          "question_type": "정보",
          "question": "연락처를 알 수 있나요?",
          "question_wordNum": 4,
          "answer": "0507-1369-0540",
          "answer_wordNum": 1,
          "fact": [
            "참다랑어막주는집 참치정육점 마곡점,연락처,0507-1369-0540"
          ]
        }
      ]
    },
    {
      "image_id": 2,
      "question": [
        {
          "question_id": 0,
          "question_type": "탐색",
          "question": "주차시설이 있나요?",
          "question_wordNum": 2,
          "answer": "있음",
          "answer_wordNum": 1,
          "fact": [
            "참다랑어막주는집 참치정육점 마곡점,주차시설,있음"
          ]
        },
        {
          "question_id": 1,
          "question_type": "정보",
          "question": "연락처를 알 수 있나요?",
          "question_wordNum": 4,
          "answer": "0507-1369-0540",
          "answer_wordNum": 1,
          "fact": [
            "참다랑어막주는집 참치정육점 마곡점,연락처,0507-1369-0540"
          ]
        },
        {
          "question_id": 2,
          "question_type": "관계",
          "question": "이 곳에 인접한 시설을 알 수 있나요?",
          "question_wordNum": 7,
          "answer": "마곡역 5번 출구, 올리앤, 뚜레쥬르",
          "answer_wordNum": 5,
          "fact": [
            "참다랑어막주는집 참치정육점 마곡점,인접,마곡역 5번 출구, 올리앤, 뚜레쥬르"
          ]
        },
        {
          "question_id": 3,
          "question_type": "정보",
          "question": "이 곳의 주소는 어떻게 되나요?",
          "question_wordNum": 5,
          "answer": "서울 강서구 수명로 68-35",
          "answer_wordNum": 4,
          "fact": [
            "참다랑어막주는집 참치정육점 마곡점,주소,서울 강서구 수명로 68-35"
          ]
        }
      ]
    },
    {
      "image_id": 3,
      "question": [
        {
          "question_id": 0,
          "question_type": "정보",
          "question": "영업시간을 알 수 있나요?",
          "question_wordNum": 4,
          "answer": "16:00~23:00",
          "answer_wordNum": 1,
          "fact": [
            "참다랑어막주는집 참치정육점 마곡점,영업시간,16:00~23:00"
          ]
        },
        {
          "question_id": 1,
          "question_type": "정보",
          "question": "이 곳은 무엇을 판매하나요?",
          "question_wordNum": 4,
          "answer": "참치",
          "answer_wordNum": 1,
          "fact": [
            "참다랑어막주는집 참치정육점 마곡점,판매,참치"
          ]
        },
        {
          "question_id": 2,
          "question_type": "탐색",
          "question": "주차시설이 있나요?",
          "question_wordNum": 2,
          "answer": "있음",
          "answer_wordNum": 1,
          "fact": [
            "참다랑어막주는집 참치정육점 마곡점,주차시설,있음"
          ]
        },
        {
          "question_id": 3,
          "question_type": "정보",
          "question": "휴무일은 어떻게 되나요?",
          "question_wordNum": 3,
          "answer": "매주 일요일",
          "answer_wordNum": 2,
          "fact": [
            "참다랑어막주는집 참치정육점 마곡점,휴무일,매주 일요일"
          ]
        }
      ]
    },
    {
      "image_id": 4,
      "question": [
        {
          "question_id": 0,
          "question_type": "정보",
          "question": "휴무일은 어떻게 되나요?",
          "question_wordNum": 3,
          "answer": "매주 일요일",
          "answer_wordNum": 2,
          "fact": [
            "참다랑어막주는집 참치정육점 마곡점,휴무일,매주 일요일"
          ]
        },
        {
          "question_id": 1,
          "question_type": "정보",
          "question": "이 곳의 주소를 알 수 있나요?",
          "question_wordNum": 6,
          "answer": "서울 강서구 수명로 68-35",
          "answer_wordNum": 4,
          "fact": [
            "참다랑어막주는집 참치정육점 마곡점,주소,서울 강서구 수명로 68-35"
          ]
        },
        {
          "question_id": 2,
          "question_type": "관계",
          "question": "이 곳에 인접한 시설이 있나요?",
          "question_wordNum": 5,
          "answer": "마곡역 5번 출구, 올리앤, 뚜레쥬르",
          "answer_wordNum": 5,
          "fact": [
            "참다랑어막주는집 참치정육점 마곡점,인접,마곡역 5번 출구, 올리앤, 뚜레쥬르"
          ]
        },
        {
          "question_id": 3,
          "question_type": "정보",
          "question": "이 곳은 무엇을 판매하나요?",
          "question_wordNum": 4,
          "answer": "참치",
          "answer_wordNum": 1,
          "fact": [
            "참다랑어막주는집 참치정육점 마곡점,판매,참치"
          ]
        }
      ]
    }
  ]
}