{
  "data": {
    "dataset": "2-083-219",
    "POI_id": "561646",
    "travelType": "음식점",
    "place": "발산껍데기 ",
    "area": "서울"
  },
  "imageInfo": [
    {
      "image_id": 0,
      "filename": "561646_0_su_5_발산껍데기 _1_001.png",
      "mapx": 37.5596113961056,
      "mapy": 126.837242277605,
      "width": 3840,
      "height": 2160,
      "caption_info": [
        "발산껍데기(마곡동)",
        "간판, 여닫이문"
      ]
    },
    {
      "image_id": 1,
      "filename": "561646_0_su_5_발산껍데기 _1_002.png",
      "mapx": 37.5596113961056,
      "mapy": 126.837242277605,
      "width": 3840,
      "height": 2160,
      "caption_info": [
        "발산껍데기(마곡동)",
        "간판, 등받이의자"
      ]
    },
    {
      "image_id": 2,
      "filename": "561646_0_su_5_발산껍데기 _1_003.png",
      "mapx": 37.5596113961056,
      "mapy": 126.837242277605,
      "width": 3840,
      "height": 2160,
      "caption_info": [
        "발산껍데기(마곡동)",
        "테이블, 의자"
      ]
    },
    {
      "image_id": 3,
      "filename": "561646_0_su_5_발산껍데기 _1_004.png",
      "mapx": 37.5596113961056,
      "mapy": 126.837242277605,
      "width": 3840,
      "height": 2160,
      "caption_info": [
        "발산껍데기(마곡동)",
        "메뉴판"
      ]
    },
    {
      "image_id": 4,
      "filename": "561646_0_su_5_발산껍데기 _1_005.png",
      "mapx": 37.5596113961056,
      "mapy": 126.837242277605,
      "width": 3840,
      "height": 2160,
      "caption_info": [
        "발산껍데기(마곡동)",
        "껍데기"
      ]
    }
  ],
  "annotations": [
    {
      "image_id": 0,
      "question": [
        {
          "question_id": 0,
          "question_type": "정보",
          "question": "이 곳의 대표적인 메뉴는 무엇이 있나요?",
          "question_wordNum": 6,
          "answer": "벌집껍데기, 항정껍데기",
          "answer_wordNum": 2,
          "fact": [
            "발산껍데기,메뉴,벌집껍데기, 항정껍데기"
          ]
        },
        {
          "question_id": 1,
          "question_type": "정보",
          "question": "휴무일을 알 수 있나요?",
          "question_wordNum": 4,
          "answer": "알수없음",
          "answer_wordNum": 1,
          "fact": [
            "발산껍데기,휴무일,알수없음"
          ]
        },
        {
          "question_id": 2,
          "question_type": "정보",
          "question": "이 곳의 주소는 어떻게 되나요?",
          "question_wordNum": 5,
          "answer": "서울 강서구 공항대로 269-15 1층 112호 발산껍데기",
          "answer_wordNum": 7,
          "fact": [
            "발산껍데기,주소,서울 강서구 공항대로 269-15 1층 112호 발산껍데기"
          ]
        },
        {
          "question_id": 3,
          "question_type": "정보",
          "question": "연락처가 어떻게 되나요?",
          "question_wordNum": 3,
          "answer": "0507-1417-8020",
          "answer_wordNum": 1,
          "fact": [
            "발산껍데기,연락처,0507-1417-8020"
          ]
        }
      ]
    },
    {
      "image_id": 1,
      "question": [
        {
          "question_id": 0,
          "question_type": "정보",
          "question": "휴무일을 알 수 있나요?",
          "question_wordNum": 4,
          "answer": "알수없음",
          "answer_wordNum": 1,
          "fact": [
            "발산껍데기,휴무일,알수없음"
          ]
        },
        {
          "question_id": 1,
          "question_type": "정보",
          "question": "영업시간은 어떻게 되나요?",
          "question_wordNum": 3,
          "answer": "16:00~24:00/01:00/02:00",
          "answer_wordNum": 1,
          "fact": [
            "발산껍데기,영업시간,16:00~24:00/01:00/02:00"
          ]
        },
        {
          "question_id": 2,
          "question_type": "정보",
          "question": "연락처가 어떻게 되나요?",
          "question_wordNum": 3,
          "answer": "0507-1417-8020",
          "answer_wordNum": 1,
          "fact": [
            "발산껍데기,연락처,0507-1417-8020"
          ]
        },
        {
          "question_id": 3,
          "question_type": "탐색",
          "question": "주차시설이 있나요?",
          "question_wordNum": 2,
          "answer": "있음",
          "answer_wordNum": 1,
          "fact": [
            "발산껍데기,주차시설,있음"
          ]
        }
      ]
    },
    {
      "image_id": 2,
      "question": [
        {
          "question_id": 0,
          "question_type": "정보",
          "question": "영업시간은 어떻게 되나요?",
          "question_wordNum": 3,
          "answer": "16:00~24:00/01:00/02:00",
          "answer_wordNum": 1,
          "fact": [
            "발산껍데기,영업시간,16:00~24:00/01:00/02:00"
          ]
        },
        {
          "question_id": 1,
          "question_type": "정보",
          "question": "이 곳의 주소는 어떻게 되나요?",
          "question_wordNum": 5,
          "answer": "서울 강서구 공항대로 269-15 1층 112호 발산껍데기",
          "answer_wordNum": 7,
          "fact": [
            "발산껍데기,주소,서울 강서구 공항대로 269-15 1층 112호 발산껍데기"
          ]
        },
        {
          "question_id": 2,
          "question_type": "탐색",
          "question": "주차시설이 있나요?",
          "question_wordNum": 2,
          "answer": "있음",
          "answer_wordNum": 1,
          "fact": [
            "발산껍데기,주차시설,있음"
          ]
        },
        {
          "question_id": 3,
          "question_type": "관계",
          "question": "이 곳에 인접한 시설이 있나요?",
          "question_wordNum": 5,
          "answer": "발산역 1번 출구, 스즈란테이, 마곡김밥",
          "answer_wordNum": 5,
          "fact": [
            "발산껍데기,인접,발산역 1번 출구, 스즈란테이, 마곡김밥"
          ]
        }
      ]
    },
    {
      "image_id": 3,
      "question": [
        {
          "question_id": 0,
          "question_type": "정보",
          "question": "휴무일을 알 수 있나요?",
          "question_wordNum": 4,
          "answer": "알수없음",
          "answer_wordNum": 1,
          "fact": [
            "발산껍데기,휴무일,알수없음"
          ]
        },
        {
          "question_id": 1,
          "question_type": "정보",
          "question": "이 곳의 주소는 어떻게 되나요?",
          "question_wordNum": 5,
          "answer": "서울 강서구 공항대로 269-15 1층 112호 발산껍데기",
          "answer_wordNum": 7,
          "fact": [
            "발산껍데기,주소,서울 강서구 공항대로 269-15 1층 112호 발산껍데기"
          ]
        },
        {
          "question_id": 2,
          "question_type": "정보",
          "question": "이 곳의 주요 메뉴는 무엇이 있나요?",
          "question_wordNum": 6,
          "answer": "벌집껍데기, 항정껍데기",
          "answer_wordNum": 2,
          "fact": [
            "발산껍데기,메뉴,벌집껍데기, 항정껍데기"
          ]
        },
        {
          "question_id": 3,
          "question_type": "탐색",
          "question": "주차시설이 있나요?",
          "question_wordNum": 2,
          "answer": "있음",
          "answer_wordNum": 1,
          "fact": [
            "발산껍데기,주차시설,있음"
          ]
        }
      ]
    },
    {
      "image_id": 4,
      "question": [
        {
          "question_id": 0,
          "question_type": "정보",
          "question": "이 곳의 주요 메뉴는 무엇이 있나요?",
          "question_wordNum": 6,
          "answer": "벌집껍데기, 항정껍데기",
          "answer_wordNum": 2,
          "fact": [
            "발산껍데기,메뉴,벌집껍데기, 항정껍데기"
          ]
        },
        {
          "question_id": 1,
          "question_type": "정보",
          "question": "휴무일을 알 수 있나요?",
          "question_wordNum": 4,
          "answer": "알수없음",
          "answer_wordNum": 1,
          "fact": [
            "발산껍데기,휴무일,알수없음"
          ]
        },
        {
          "question_id": 2,
          "question_type": "정보",
          "question": "연락처가 어떻게 되나요?",
          "question_wordNum": 3,
          "answer": "0507-1417-8020",
          "answer_wordNum": 1,
          "fact": [
            "발산껍데기,연락처,0507-1417-8020"
          ]
        },
        {
          "question_id": 3,
          "question_type": "정보",
          "question": "이 곳의 주소는 어떻게 되나요?",
          "question_wordNum": 5,
          "answer": "서울 강서구 공항대로 269-15 1층 112호 발산껍데기",
          "answer_wordNum": 7,
          "fact": [
            "발산껍데기,주소,서울 강서구 공항대로 269-15 1층 112호 발산껍데기"
          ]
        }
      ]
    }
  ]
}