{
  "data": {
    "dataset": "2-083-219",
    "POI_id": "561841",
    "travelType": "음식점",
    "place": "연탄불생고기",
    "area": "서울"
  },
  "imageInfo": [
    {
      "image_id": 0,
      "filename": "561841_0_su_5_연탄불생고기_2_001.png",
      "mapx": 37.5598161631746,
      "mapy": 126.810468691265,
      "width": 3840,
      "height": 2160,
      "caption_info": [
        "연탄불생고기(강서구)",
        "간판"
      ]
    },
    {
      "image_id": 1,
      "filename": "561841_0_su_5_연탄불생고기_2_002.png",
      "mapx": 37.5598161631746,
      "mapy": 126.810468691265,
      "width": 3840,
      "height": 2160,
      "caption_info": [
        "연탄불생고기(강서구)",
        "간판"
      ]
    },
    {
      "image_id": 2,
      "filename": "561841_0_su_5_연탄불생고기_2_003.png",
      "mapx": 37.5598161631746,
      "mapy": 126.810468691265,
      "width": 3840,
      "height": 2160,
      "caption_info": [
        "연탄불생고기(강서구)",
        "의자 "
      ]
    },
    {
      "image_id": 3,
      "filename": "561841_0_su_5_연탄불생고기_2_004.png",
      "mapx": 37.5598161631746,
      "mapy": 126.810468691265,
      "width": 3840,
      "height": 2160,
      "caption_info": [
        "연탄불생고기(강서구)",
        "메뉴판 "
      ]
    },
    {
      "image_id": 4,
      "filename": "561841_0_su_5_연탄불생고기_2_005.png",
      "mapx": 37.5598161631746,
      "mapy": 126.810468691265,
      "width": 3840,
      "height": 2160,
      "caption_info": [
        "연탄불생고기(강서구)",
        "고기"
      ]
    }
  ],
  "annotations": [
    {
      "image_id": 0,
      "question": [
        {
          "question_id": 0,
          "question_type": "관계",
          "question": "이 곳에 인접한 시설을 알 수 있나요?",
          "question_wordNum": 7,
          "answer": "송정역 4번 출구, 굴사냥, 봉구비어",
          "answer_wordNum": 5,
          "fact": [
            "연탄불생고기,인접,송정역 4번 출구, 굴사냥, 봉구비어"
          ]
        },
        {
          "question_id": 1,
          "question_type": "정보",
          "question": "영업시간을 알 수 있나요?",
          "question_wordNum": 4,
          "answer": "18:00~24:00",
          "answer_wordNum": 1,
          "fact": [
            "연탄불생고기,영업시간,18:00~24:00"
          ]
        },
        {
          "question_id": 2,
          "question_type": "정보",
          "question": "대표 메뉴가 무엇인가요?",
          "question_wordNum": 3,
          "answer": "생갈비, 냉국수",
          "answer_wordNum": 2,
          "fact": [
            "연탄불생고기,메뉴,생갈비, 냉국수"
          ]
        },
        {
          "question_id": 3,
          "question_type": "정보",
          "question": "휴무일을 알 수 있나요?",
          "question_wordNum": 4,
          "answer": "매주 일요일",
          "answer_wordNum": 2,
          "fact": [
            "연탄불생고기,휴무일,매주 일요일"
          ]
        }
      ]
    },
    {
      "image_id": 1,
      "question": [
        {
          "question_id": 0,
          "question_type": "탐색",
          "question": "주차시설이 있나요?",
          "question_wordNum": 2,
          "answer": "없음",
          "answer_wordNum": 1,
          "fact": [
            "연탄불생고기,주차시설,없음"
          ]
        },
        {
          "question_id": 1,
          "question_type": "정보",
          "question": "휴무일을 알 수 있나요?",
          "question_wordNum": 4,
          "answer": "매주 일요일",
          "answer_wordNum": 2,
          "fact": [
            "연탄불생고기,휴무일,매주 일요일"
          ]
        },
        {
          "question_id": 2,
          "question_type": "관계",
          "question": "이 곳에 인접한 시설이 있나요?",
          "question_wordNum": 5,
          "answer": "송정역 4번 출구, 굴사냥, 봉구비어",
          "answer_wordNum": 5,
          "fact": [
            "연탄불생고기,인접,송정역 4번 출구, 굴사냥, 봉구비어"
          ]
        },
        {
          "question_id": 3,
          "question_type": "정보",
          "question": "영업시간은 어떻게 되나요?",
          "question_wordNum": 3,
          "answer": "18:00~24:00",
          "answer_wordNum": 1,
          "fact": [
            "연탄불생고기,영업시간,18:00~24:00"
          ]
        }
      ]
    },
    {
      "image_id": 2,
      "question": [
        {
          "question_id": 0,
          "question_type": "정보",
          "question": "영업시간은 어떻게 되나요?",
          "question_wordNum": 3,
          "answer": "18:00~24:00",
          "answer_wordNum": 1,
          "fact": [
            "연탄불생고기,영업시간,18:00~24:00"
          ]
        },
        {
          "question_id": 1,
          "question_type": "정보",
          "question": "대표 메뉴가 무엇인가요?",
          "question_wordNum": 3,
          "answer": "생갈비, 냉국수",
          "answer_wordNum": 2,
          "fact": [
            "연탄불생고기,메뉴,생갈비, 냉국수"
          ]
        },
        {
          "question_id": 2,
          "question_type": "정보",
          "question": "휴무일을 알 수 있나요?",
          "question_wordNum": 4,
          "answer": "매주 일요일",
          "answer_wordNum": 2,
          "fact": [
            "연탄불생고기,휴무일,매주 일요일"
          ]
        },
        {
          "question_id": 3,
          "question_type": "탐색",
          "question": "주차시설이 있나요?",
          "question_wordNum": 2,
          "answer": "없음",
          "answer_wordNum": 1,
          "fact": [
            "연탄불생고기,주차시설,없음"
          ]
        }
      ]
    },
    {
      "image_id": 3,
      "question": [
        {
          "question_id": 0,
          "question_type": "정보",
          "question": "휴무일을 알 수 있나요?",
          "question_wordNum": 4,
          "answer": "매주 일요일",
          "answer_wordNum": 2,
          "fact": [
            "연탄불생고기,휴무일,매주 일요일"
          ]
        },
        {
          "question_id": 1,
          "question_type": "정보",
          "question": "영업시간은 어떻게 되나요?",
          "question_wordNum": 3,
          "answer": "18:00~24:00",
          "answer_wordNum": 1,
          "fact": [
            "연탄불생고기,영업시간,18:00~24:00"
          ]
        },
        {
          "question_id": 2,
          "question_type": "탐색",
          "question": "주차시설이 있나요?",
          "question_wordNum": 2,
          "answer": "없음",
          "answer_wordNum": 1,
          "fact": [
            "연탄불생고기,주차시설,없음"
          ]
        },
        {
          "question_id": 3,
          "question_type": "정보",
          "question": "이 곳의 메뉴를 알 수 있나요?",
          "question_wordNum": 6,
          "answer": "생갈비, 냉국수",
          "answer_wordNum": 2,
          "fact": [
            "연탄불생고기,메뉴,생갈비, 냉국수"
          ]
        }
      ]
    },
    {
      "image_id": 4,
      "question": [
        {
          "question_id": 0,
          "question_type": "탐색",
          "question": "주차시설이 있는지 알 수 있나요?",
          "question_wordNum": 5,
          "answer": "없음",
          "answer_wordNum": 1,
          "fact": [
            "연탄불생고기,주차시설,없음"
          ]
        },
        {
          "question_id": 1,
          "question_type": "정보",
          "question": "연락처를 알 수 있나요?",
          "question_wordNum": 4,
          "answer": "010-8765-8884",
          "answer_wordNum": 1,
          "fact": [
            "연탄불생고기,연락처,010-8765-8884"
          ]
        },
        {
          "question_id": 2,
          "question_type": "관계",
          "question": "이 곳에 인접한 시설을 알 수 있나요?",
          "question_wordNum": 7,
          "answer": "송정역 4번 출구, 굴사냥, 봉구비어",
          "answer_wordNum": 5,
          "fact": [
            "연탄불생고기,인접,송정역 4번 출구, 굴사냥, 봉구비어"
          ]
        },
        {
          "question_id": 3,
          "question_type": "정보",
          "question": "이 곳의 메뉴를 알 수 있나요?",
          "question_wordNum": 6,
          "answer": "생갈비, 냉국수",
          "answer_wordNum": 2,
          "fact": [
            "연탄불생고기,메뉴,생갈비, 냉국수"
          ]
        }
      ]
    }
  ]
}