{
  "data": {
    "dataset": "2-083-219",
    "POI_id": "561598",
    "travelType": "음식점",
    "place": "담소소사골순대육개장 마곡나루역점",
    "area": "서울"
  },
  "imageInfo": [
    {
      "image_id": 0,
      "filename": "561598_0_su_5_담소소사골순대육개장 마곡나루역점_1_001.png",
      "mapx": 37.5679745986878,
      "mapy": 126.826720979429,
      "width": 3840,
      "height": 2160,
      "caption_info": [
        "담소소사골순대육개장 마곡나루역점(강서구)",
        "여닫이문 "
      ]
    },
    {
      "image_id": 1,
      "filename": "561598_0_su_5_담소소사골순대육개장 마곡나루역점_1_002.png",
      "mapx": 37.5679745986878,
      "mapy": 126.826720979429,
      "width": 3840,
      "height": 2160,
      "caption_info": [
        "담소소사골순대육개장 마곡나루역점(강서구)",
        "간판"
      ]
    },
    {
      "image_id": 2,
      "filename": "561598_0_su_5_담소소사골순대육개장 마곡나루역점_1_003.png",
      "mapx": 37.5679745986878,
      "mapy": 126.826720979429,
      "width": 3840,
      "height": 2160,
      "caption_info": [
        "담소소사골순대육개장 마곡나루역점(강서구)",
        "사각 테이블"
      ]
    },
    {
      "image_id": 3,
      "filename": "561598_0_su_5_담소소사골순대육개장 마곡나루역점_1_004.png",
      "mapx": 37.5679745986878,
      "mapy": 126.826720979429,
      "width": 3840,
      "height": 2160,
      "caption_info": [
        "담소소사골순대육개장 마곡나루역점(강서구)",
        "메뉴판 "
      ]
    },
    {
      "image_id": 4,
      "filename": "561598_0_su_5_담소소사골순대육개장 마곡나루역점_1_005.png",
      "mapx": 37.5679745986878,
      "mapy": 126.826720979429,
      "width": 3840,
      "height": 2160,
      "caption_info": [
        "담소소사골순대육개장 마곡나루역점(강서구)",
        "순대국 "
      ]
    }
  ],
  "annotations": [
    {
      "image_id": 0,
      "question": [
        {
          "question_id": 0,
          "question_type": "정보",
          "question": "이 곳의 주소를 알 수 있나요?",
          "question_wordNum": 6,
          "answer": "서울 강서구 마곡중앙로 161-11",
          "answer_wordNum": 4,
          "fact": [
            "담소소사골순대육개장 마곡나루역점,주소,서울 강서구 마곡중앙로 161-11"
          ]
        },
        {
          "question_id": 1,
          "question_type": "관계",
          "question": "이 곳에 인접한 시설이 있나요?",
          "question_wordNum": 5,
          "answer": "마곡나루역 1번 출구, 구름공방, 밀회관",
          "answer_wordNum": 5,
          "fact": [
            "담소소사골순대육개장 마곡나루역점,인접,마곡나루역 1번 출구, 구름공방, 밀회관"
          ]
        },
        {
          "question_id": 2,
          "question_type": "정보",
          "question": "연락처를 알 수 있나요?",
          "question_wordNum": 4,
          "answer": "02-3665-1821",
          "answer_wordNum": 1,
          "fact": [
            "담소소사골순대육개장 마곡나루역점,연락처,02-3665-1821"
          ]
        },
        {
          "question_id": 3,
          "question_type": "정보",
          "question": "이 곳의 메뉴를 알 수 있나요?",
          "question_wordNum": 6,
          "answer": "담소 육개장, 일반 순대국",
          "answer_wordNum": 4,
          "fact": [
            "담소소사골순대육개장 마곡나루역점,메뉴,담소 육개장, 일반 순대국"
          ]
        }
      ]
    },
    {
      "image_id": 1,
      "question": [
        {
          "question_id": 0,
          "question_type": "정보",
          "question": "휴무일을 알 수 있나요?",
          "question_wordNum": 4,
          "answer": "없음",
          "answer_wordNum": 1,
          "fact": [
            "담소소사골순대육개장 마곡나루역점,휴무일,없음"
          ]
        },
        {
          "question_id": 1,
          "question_type": "정보",
          "question": "이 곳의 주소를 알 수 있나요?",
          "question_wordNum": 6,
          "answer": "서울 강서구 마곡중앙로 161-11",
          "answer_wordNum": 4,
          "fact": [
            "담소소사골순대육개장 마곡나루역점,주소,서울 강서구 마곡중앙로 161-11"
          ]
        },
        {
          "question_id": 2,
          "question_type": "탐색",
          "question": "주차시설이 있는지 알 수 있나요?",
          "question_wordNum": 5,
          "answer": "있음",
          "answer_wordNum": 1,
          "fact": [
            "담소소사골순대육개장 마곡나루역점,주차시설,있음"
          ]
        },
        {
          "question_id": 3,
          "question_type": "정보",
          "question": "연락처를 알 수 있나요?",
          "question_wordNum": 4,
          "answer": "02-3665-1821",
          "answer_wordNum": 1,
          "fact": [
            "담소소사골순대육개장 마곡나루역점,연락처,02-3665-1821"
          ]
        }
      ]
    },
    {
      "image_id": 2,
      "question": [
        {
          "question_id": 0,
          "question_type": "정보",
          "question": "연락처가 어떻게 되나요?",
          "question_wordNum": 3,
          "answer": "02-3665-1821",
          "answer_wordNum": 1,
          "fact": [
            "담소소사골순대육개장 마곡나루역점,연락처,02-3665-1821"
          ]
        },
        {
          "question_id": 1,
          "question_type": "정보",
          "question": "대표 메뉴가 무엇인가요?",
          "question_wordNum": 3,
          "answer": "담소 육개장, 일반 순대국",
          "answer_wordNum": 4,
          "fact": [
            "담소소사골순대육개장 마곡나루역점,메뉴,담소 육개장, 일반 순대국"
          ]
        },
        {
          "question_id": 2,
          "question_type": "탐색",
          "question": "주차시설이 있는지 알 수 있나요?",
          "question_wordNum": 5,
          "answer": "있음",
          "answer_wordNum": 1,
          "fact": [
            "담소소사골순대육개장 마곡나루역점,주차시설,있음"
          ]
        },
        {
          "question_id": 3,
          "question_type": "정보",
          "question": "이 곳의 주소를 알 수 있나요?",
          "question_wordNum": 6,
          "answer": "서울 강서구 마곡중앙로 161-11",
          "answer_wordNum": 4,
          "fact": [
            "담소소사골순대육개장 마곡나루역점,주소,서울 강서구 마곡중앙로 161-11"
          ]
        }
      ]
    },
    {
      "image_id": 3,
      "question": [
        {
          "question_id": 0,
          "question_type": "정보",
          "question": "이 곳의 메뉴를 알 수 있나요?",
          "question_wordNum": 6,
          "answer": "담소 육개장, 일반 순대국",
          "answer_wordNum": 4,
          "fact": [
            "담소소사골순대육개장 마곡나루역점,메뉴,담소 육개장, 일반 순대국"
          ]
        },
        {
          "question_id": 1,
          "question_type": "정보",
          "question": "연락처가 어떻게 되나요?",
          "question_wordNum": 3,
          "answer": "02-3665-1821",
          "answer_wordNum": 1,
          "fact": [
            "담소소사골순대육개장 마곡나루역점,연락처,02-3665-1821"
          ]
        },
        {
          "question_id": 2,
          "question_type": "정보",
          "question": "휴무일을 알 수 있나요?",
          "question_wordNum": 4,
          "answer": "없음",
          "answer_wordNum": 1,
          "fact": [
            "담소소사골순대육개장 마곡나루역점,휴무일,없음"
          ]
        },
        {
          "question_id": 3,
          "question_type": "정보",
          "question": "이 곳의 주소는 어떻게 되나요?",
          "question_wordNum": 5,
          "answer": "서울 강서구 마곡중앙로 161-11",
          "answer_wordNum": 4,
          "fact": [
            "담소소사골순대육개장 마곡나루역점,주소,서울 강서구 마곡중앙로 161-11"
          ]
        }
      ]
    },
    {
      "image_id": 4,
      "question": [
        {
          "question_id": 0,
          "question_type": "정보",
          "question": "연락처가 어떻게 되나요?",
          "question_wordNum": 3,
          "answer": "02-3665-1821",
          "answer_wordNum": 1,
          "fact": [
            "담소소사골순대육개장 마곡나루역점,연락처,02-3665-1821"
          ]
        },
        {
          "question_id": 1,
          "question_type": "정보",
          "question": "대표 메뉴가 무엇인가요?",
          "question_wordNum": 3,
          "answer": "담소 육개장, 일반 순대국",
          "answer_wordNum": 4,
          "fact": [
            "담소소사골순대육개장 마곡나루역점,메뉴,담소 육개장, 일반 순대국"
          ]
        },
        {
          "question_id": 2,
          "question_type": "정보",
          "question": "이 곳의 주소는 어떻게 되나요?",
          "question_wordNum": 5,
          "answer": "서울 강서구 마곡중앙로 161-11",
          "answer_wordNum": 4,
          "fact": [
            "담소소사골순대육개장 마곡나루역점,주소,서울 강서구 마곡중앙로 161-11"
          ]
        },
        {
          "question_id": 3,
          "question_type": "관계",
          "question": "이 곳에 인접한 시설을 알 수 있나요?",
          "question_wordNum": 7,
          "answer": "마곡나루역 1번 출구, 구름공방, 밀회관",
          "answer_wordNum": 5,
          "fact": [
            "담소소사골순대육개장 마곡나루역점,인접,마곡나루역 1번 출구, 구름공방, 밀회관"
          ]
        }
      ]
    }
  ]
}