{
  "data": {
    "dataset": "2-083-219",
    "POI_id": "561753",
    "travelType": "음식점",
    "place": "인생타코 ",
    "area": "서울"
  },
  "imageInfo": [
    {
      "image_id": 0,
      "filename": "561753_0_su_5_인생타코 _1_001.png",
      "mapx": 37.552953373962,
      "mapy": 126.834185904309,
      "width": 3840,
      "height": 2160,
      "caption_info": [
        "인생타코(강서구) ",
        "간판"
      ]
    },
    {
      "image_id": 1,
      "filename": "561753_0_su_5_인생타코 _1_002.png",
      "mapx": 37.552953373962,
      "mapy": 126.834185904309,
      "width": 3840,
      "height": 2160,
      "caption_info": [
        "인생타코(강서구) ",
        "간판"
      ]
    },
    {
      "image_id": 2,
      "filename": "561753_0_su_5_인생타코 _1_003.png",
      "mapx": 37.552953373962,
      "mapy": 126.834185904309,
      "width": 3840,
      "height": 2160,
      "caption_info": [
        "인생타코(강서구) ",
        "등받이 의자"
      ]
    },
    {
      "image_id": 3,
      "filename": "561753_0_su_5_인생타코 _1_004.png",
      "mapx": 37.552953373962,
      "mapy": 126.834185904309,
      "width": 3840,
      "height": 2160,
      "caption_info": [
        "인생타코(강서구) ",
        "안내문 "
      ]
    },
    {
      "image_id": 4,
      "filename": "561753_0_su_5_인생타코 _1_005.png",
      "mapx": 37.552953373962,
      "mapy": 126.834185904309,
      "width": 3840,
      "height": 2160,
      "caption_info": [
        "인생타코(강서구) ",
        "타코야끼 "
      ]
    }
  ],
  "annotations": [
    {
      "image_id": 0,
      "question": [
        {
          "question_id": 0,
          "question_type": "정보",
          "question": "연락처가 어떻게 되나요?",
          "question_wordNum": 3,
          "answer": "02-2663-5004",
          "answer_wordNum": 1,
          "fact": [
            "인생타코,연락처,02-2663-5004"
          ]
        },
        {
          "question_id": 1,
          "question_type": "정보",
          "question": "이 곳의 주소는 어떻게 되나요?",
          "question_wordNum": 5,
          "answer": "서울 강서구 강서로47길 36",
          "answer_wordNum": 4,
          "fact": [
            "인생타코,주소,서울 강서구 강서로47길 36"
          ]
        },
        {
          "question_id": 2,
          "question_type": "정보",
          "question": "영업시간은 어떻게 되나요?",
          "question_wordNum": 3,
          "answer": "16:00 - 00:30",
          "answer_wordNum": 3,
          "fact": [
            "인생타코,영업시간,16:00 - 00:30"
          ]
        },
        {
          "question_id": 3,
          "question_type": "정보",
          "question": "휴무일은 어떻게 되나요?",
          "question_wordNum": 3,
          "answer": "없음",
          "answer_wordNum": 1,
          "fact": [
            "인생타코,휴무일,없음"
          ]
        }
      ]
    },
    {
      "image_id": 1,
      "question": [
        {
          "question_id": 0,
          "question_type": "정보",
          "question": "대표 메뉴가 무엇인가요?",
          "question_wordNum": 3,
          "answer": "타코야끼 오리지날, 타코야끼 치즈맛",
          "answer_wordNum": 4,
          "fact": [
            "인생타코,메뉴,타코야끼 오리지날, 타코야끼 치즈맛"
          ]
        },
        {
          "question_id": 1,
          "question_type": "정보",
          "question": "연락처를 알 수 있나요?",
          "question_wordNum": 4,
          "answer": "02-2663-5004",
          "answer_wordNum": 1,
          "fact": [
            "인생타코,연락처,02-2663-5004"
          ]
        },
        {
          "question_id": 2,
          "question_type": "관계",
          "question": "이 곳에 인접한 시설이 있나요?",
          "question_wordNum": 5,
          "answer": "우장산역 4번 출구, 명덕외국어고등학교, 명덕여자고등학교, 명덕여자중학교, 명덕고등학교, 59피자, 이삭토스트",
          "answer_wordNum": 9,
          "fact": [
            "인생타코,인접,우장산역 4번 출구, 명덕외국어고등학교, 명덕여자고등학교, 명덕여자중학교, 명덕고등학교, 59피자, 이삭토스트"
          ]
        },
        {
          "question_id": 3,
          "question_type": "정보",
          "question": "휴무일은 어떻게 되나요?",
          "question_wordNum": 3,
          "answer": "없음",
          "answer_wordNum": 1,
          "fact": [
            "인생타코,휴무일,없음"
          ]
        }
      ]
    },
    {
      "image_id": 2,
      "question": [
        {
          "question_id": 0,
          "question_type": "정보",
          "question": "휴무일을 알 수 있나요?",
          "question_wordNum": 4,
          "answer": "없음",
          "answer_wordNum": 1,
          "fact": [
            "인생타코,휴무일,없음"
          ]
        },
        {
          "question_id": 1,
          "question_type": "정보",
          "question": "이 곳의 주소를 알 수 있나요?",
          "question_wordNum": 6,
          "answer": "서울 강서구 강서로47길 36",
          "answer_wordNum": 4,
          "fact": [
            "인생타코,주소,서울 강서구 강서로47길 36"
          ]
        },
        {
          "question_id": 2,
          "question_type": "관계",
          "question": "이 곳에 인접한 시설을 알 수 있나요?",
          "question_wordNum": 7,
          "answer": "우장산역 4번 출구, 명덕외국어고등학교, 명덕여자고등학교, 명덕여자중학교, 명덕고등학교, 59피자, 이삭토스트",
          "answer_wordNum": 9,
          "fact": [
            "인생타코,인접,우장산역 4번 출구, 명덕외국어고등학교, 명덕여자고등학교, 명덕여자중학교, 명덕고등학교, 59피자, 이삭토스트"
          ]
        },
        {
          "question_id": 3,
          "question_type": "정보",
          "question": "영업시간은 어떻게 되나요?",
          "question_wordNum": 3,
          "answer": "16:00 - 00:30",
          "answer_wordNum": 3,
          "fact": [
            "인생타코,영업시간,16:00 - 00:30"
          ]
        }
      ]
    },
    {
      "image_id": 3,
      "question": [
        {
          "question_id": 0,
          "question_type": "탐색",
          "question": "주차시설이 있나요?",
          "question_wordNum": 2,
          "answer": "없음",
          "answer_wordNum": 1,
          "fact": [
            "인생타코,주차시설,없음"
          ]
        },
        {
          "question_id": 1,
          "question_type": "정보",
          "question": "휴무일을 알 수 있나요?",
          "question_wordNum": 4,
          "answer": "없음",
          "answer_wordNum": 1,
          "fact": [
            "인생타코,휴무일,없음"
          ]
        },
        {
          "question_id": 2,
          "question_type": "정보",
          "question": "영업시간은 어떻게 되나요?",
          "question_wordNum": 3,
          "answer": "16:00 - 00:30",
          "answer_wordNum": 3,
          "fact": [
            "인생타코,영업시간,16:00 - 00:30"
          ]
        },
        {
          "question_id": 3,
          "question_type": "정보",
          "question": "이 곳의 주소를 알 수 있나요?",
          "question_wordNum": 6,
          "answer": "서울 강서구 강서로47길 36",
          "answer_wordNum": 4,
          "fact": [
            "인생타코,주소,서울 강서구 강서로47길 36"
          ]
        }
      ]
    },
    {
      "image_id": 4,
      "question": [
        {
          "question_id": 0,
          "question_type": "정보",
          "question": "연락처가 어떻게 되나요?",
          "question_wordNum": 3,
          "answer": "02-2663-5004",
          "answer_wordNum": 1,
          "fact": [
            "인생타코,연락처,02-2663-5004"
          ]
        },
        {
          "question_id": 1,
          "question_type": "정보",
          "question": "이 곳의 주소는 어떻게 되나요?",
          "question_wordNum": 5,
          "answer": "서울 강서구 강서로47길 36",
          "answer_wordNum": 4,
          "fact": [
            "인생타코,주소,서울 강서구 강서로47길 36"
          ]
        },
        {
          "question_id": 2,
          "question_type": "정보",
          "question": "휴무일을 알 수 있나요?",
          "question_wordNum": 4,
          "answer": "없음",
          "answer_wordNum": 1,
          "fact": [
            "인생타코,휴무일,없음"
          ]
        },
        {
          "question_id": 3,
          "question_type": "관계",
          "question": "이 곳에 인접한 시설을 알 수 있나요?",
          "question_wordNum": 7,
          "answer": "우장산역 4번 출구, 명덕외국어고등학교, 명덕여자고등학교, 명덕여자중학교, 명덕고등학교, 59피자, 이삭토스트",
          "answer_wordNum": 9,
          "fact": [
            "인생타코,인접,우장산역 4번 출구, 명덕외국어고등학교, 명덕여자고등학교, 명덕여자중학교, 명덕고등학교, 59피자, 이삭토스트"
          ]
        }
      ]
    }
  ]
}