{
  "data": {
    "dataset": "2-083-219",
    "POI_id": "561360",
    "travelType": "음식점",
    "place": "고향옥얼큰순대국 가양점",
    "area": "서울"
  },
  "imageInfo": [
    {
      "image_id": 0,
      "filename": "561360_0_su_5_고향옥얼큰순대국 가양점_1_001.png",
      "mapx": 37.5657010514328,
      "mapy": 126.84764409296,
      "width": 3840,
      "height": 2160,
      "caption_info": [
        "고향옥얼큰순대국 가양점(가양동)",
        "건물, 간판"
      ]
    },
    {
      "image_id": 1,
      "filename": "561360_0_su_5_고향옥얼큰순대국 가양점_1_002.png",
      "mapx": 37.5657010514328,
      "mapy": 126.84764409296,
      "width": 3840,
      "height": 2160,
      "caption_info": [
        "고향옥얼큰순대국 가양점(가양동)",
        "건물, 간판"
      ]
    },
    {
      "image_id": 2,
      "filename": "561360_0_su_5_고향옥얼큰순대국 가양점_1_003.png",
      "mapx": 37.5657010514328,
      "mapy": 126.84764409296,
      "width": 3840,
      "height": 2160,
      "caption_info": [
        "고향옥얼큰순대국 가양점(가양동)",
        "등받이의자, 테이블"
      ]
    },
    {
      "image_id": 3,
      "filename": "561360_0_su_5_고향옥얼큰순대국 가양점_1_004.png",
      "mapx": 37.5657010514328,
      "mapy": 126.84764409296,
      "width": 3840,
      "height": 2160,
      "caption_info": [
        "고향옥얼큰순대국 가양점(가양동)",
        "메뉴판"
      ]
    },
    {
      "image_id": 4,
      "filename": "561360_0_su_5_고향옥얼큰순대국 가양점_1_005.png",
      "mapx": 37.5657010514328,
      "mapy": 126.84764409296,
      "width": 3840,
      "height": 2160,
      "caption_info": [
        "고향옥얼큰순대국 가양점(가양동)",
        "순대국"
      ]
    }
  ],
  "annotations": [
    {
      "image_id": 0,
      "question": [
        {
          "question_id": 0,
          "question_type": "정보",
          "question": "이 곳의 주소는 어떻게 되나요?",
          "question_wordNum": 5,
          "answer": "서울 강서구 양천로 401",
          "answer_wordNum": 4,
          "fact": [
            "고향옥얼큰순대국 가양점,주소,서울 강서구 양천로 401"
          ]
        },
        {
          "question_id": 1,
          "question_type": "정보",
          "question": "휴무일은 어떻게 되나요?",
          "question_wordNum": 3,
          "answer": "없음",
          "answer_wordNum": 1,
          "fact": [
            "고향옥얼큰순대국 가양점,휴무일,없음"
          ]
        },
        {
          "question_id": 2,
          "question_type": "정보",
          "question": "영업시간은 몇시부터 몇시까지로 기재되어 있나요?",
          "question_wordNum": 5,
          "answer": "10:00/11:00~22:00",
          "answer_wordNum": 1,
          "fact": [
            "고향옥얼큰순대국 가양점,영업시간,10:00/11:00~22:00"
          ]
        },
        {
          "question_id": 3,
          "question_type": "정보",
          "question": "연락처가 어떻게 되나요?",
          "question_wordNum": 3,
          "answer": "0507-1324-1230",
          "answer_wordNum": 1,
          "fact": [
            "고향옥얼큰순대국 가양점,연락처,0507-1324-1230"
          ]
        }
      ]
    },
    {
      "image_id": 1,
      "question": [
        {
          "question_id": 0,
          "question_type": "정보",
          "question": "연락처가 어떻게 되나요?",
          "question_wordNum": 3,
          "answer": "0507-1324-1230",
          "answer_wordNum": 1,
          "fact": [
            "고향옥얼큰순대국 가양점,연락처,0507-1324-1230"
          ]
        },
        {
          "question_id": 1,
          "question_type": "정보",
          "question": "이 곳의 대표적인 메뉴는 무엇이 있나요?",
          "question_wordNum": 6,
          "answer": "오징어 순대, 얼큰 순대국",
          "answer_wordNum": 4,
          "fact": [
            "고향옥얼큰순대국 가양점,메뉴,오징어 순대, 얼큰 순대국"
          ]
        },
        {
          "question_id": 2,
          "question_type": "정보",
          "question": "휴무일은 어떻게 되나요?",
          "question_wordNum": 3,
          "answer": "없음",
          "answer_wordNum": 1,
          "fact": [
            "고향옥얼큰순대국 가양점,휴무일,없음"
          ]
        },
        {
          "question_id": 3,
          "question_type": "관계",
          "question": "이 곳에 인접한 시설이 있나요?",
          "question_wordNum": 5,
          "answer": "양천향교역 4번 출구, 감성커피, 올래김밥",
          "answer_wordNum": 5,
          "fact": [
            "고향옥얼큰순대국 가양점,인접,양천향교역 4번 출구, 감성커피, 올래김밥"
          ]
        }
      ]
    },
    {
      "image_id": 2,
      "question": [
        {
          "question_id": 0,
          "question_type": "탐색",
          "question": "주차시설이 있나요?",
          "question_wordNum": 2,
          "answer": "있음",
          "answer_wordNum": 1,
          "fact": [
            "고향옥얼큰순대국 가양점,주차시설,있음"
          ]
        },
        {
          "question_id": 1,
          "question_type": "관계",
          "question": "이 곳에 인접한 시설이 있나요?",
          "question_wordNum": 5,
          "answer": "양천향교역 4번 출구, 감성커피, 올래김밥",
          "answer_wordNum": 5,
          "fact": [
            "고향옥얼큰순대국 가양점,인접,양천향교역 4번 출구, 감성커피, 올래김밥"
          ]
        },
        {
          "question_id": 2,
          "question_type": "정보",
          "question": "영업시간은 어떻게 되나요?",
          "question_wordNum": 3,
          "answer": "10:00/11:00~22:00",
          "answer_wordNum": 1,
          "fact": [
            "고향옥얼큰순대국 가양점,영업시간,10:00/11:00~22:00"
          ]
        },
        {
          "question_id": 3,
          "question_type": "정보",
          "question": "이 곳의 주소는 어떻게 되나요?",
          "question_wordNum": 5,
          "answer": "서울 강서구 양천로 401",
          "answer_wordNum": 4,
          "fact": [
            "고향옥얼큰순대국 가양점,주소,서울 강서구 양천로 401"
          ]
        }
      ]
    },
    {
      "image_id": 3,
      "question": [
        {
          "question_id": 0,
          "question_type": "탐색",
          "question": "주차시설이 있나요?",
          "question_wordNum": 2,
          "answer": "있음",
          "answer_wordNum": 1,
          "fact": [
            "고향옥얼큰순대국 가양점,주차시설,있음"
          ]
        },
        {
          "question_id": 1,
          "question_type": "정보",
          "question": "영업시간은 어떻게 되나요?",
          "question_wordNum": 3,
          "answer": "10:00/11:00~22:00",
          "answer_wordNum": 1,
          "fact": [
            "고향옥얼큰순대국 가양점,영업시간,10:00/11:00~22:00"
          ]
        },
        {
          "question_id": 2,
          "question_type": "정보",
          "question": "이 곳의 주소는 어떻게 되나요?",
          "question_wordNum": 5,
          "answer": "서울 강서구 양천로 401",
          "answer_wordNum": 4,
          "fact": [
            "고향옥얼큰순대국 가양점,주소,서울 강서구 양천로 401"
          ]
        },
        {
          "question_id": 3,
          "question_type": "정보",
          "question": "휴무일은 어떻게 되나요?",
          "question_wordNum": 3,
          "answer": "없음",
          "answer_wordNum": 1,
          "fact": [
            "고향옥얼큰순대국 가양점,휴무일,없음"
          ]
        }
      ]
    },
    {
      "image_id": 4,
      "question": [
        {
          "question_id": 0,
          "question_type": "정보",
          "question": "이 곳의 주요 메뉴는 무엇이 있나요?",
          "question_wordNum": 6,
          "answer": "오징어 순대, 얼큰 순대국",
          "answer_wordNum": 4,
          "fact": [
            "고향옥얼큰순대국 가양점,메뉴,오징어 순대, 얼큰 순대국"
          ]
        },
        {
          "question_id": 1,
          "question_type": "정보",
          "question": "휴무일은 어떻게 되나요?",
          "question_wordNum": 3,
          "answer": "없음",
          "answer_wordNum": 1,
          "fact": [
            "고향옥얼큰순대국 가양점,휴무일,없음"
          ]
        },
        {
          "question_id": 2,
          "question_type": "정보",
          "question": "영업시간은 어떻게 되나요?",
          "question_wordNum": 3,
          "answer": "10:00/11:00~22:00",
          "answer_wordNum": 1,
          "fact": [
            "고향옥얼큰순대국 가양점,영업시간,10:00/11:00~22:00"
          ]
        },
        {
          "question_id": 3,
          "question_type": "정보",
          "question": "연락처가 어떻게 되나요?",
          "question_wordNum": 3,
          "answer": "0507-1324-1230",
          "answer_wordNum": 1,
          "fact": [
            "고향옥얼큰순대국 가양점,연락처,0507-1324-1230"
          ]
        }
      ]
    }
  ]
}