{
  "data": {
    "dataset": "2-083-219",
    "POI_id": "561806",
    "travelType": "음식점",
    "place": "차돌집",
    "area": "서울"
  },
  "imageInfo": [
    {
      "image_id": 0,
      "filename": "561806_0_su_5_차돌집_6_001.png",
      "mapx": 37.5641065747216,
      "mapy": 126.811909549742,
      "width": 3840,
      "height": 2160,
      "caption_info": [
        "차돌집(강서구)",
        "간판"
      ]
    },
    {
      "image_id": 1,
      "filename": "561806_0_su_5_차돌집_6_002.png",
      "mapx": 37.5641065747216,
      "mapy": 126.811909549742,
      "width": 3840,
      "height": 2160,
      "caption_info": [
        "차돌집(강서구)",
        "간판"
      ]
    },
    {
      "image_id": 2,
      "filename": "561806_0_su_5_차돌집_6_003.png",
      "mapx": 37.5641065747216,
      "mapy": 126.811909549742,
      "width": 3840,
      "height": 2160,
      "caption_info": [
        "차돌집(강서구)",
        "사각 테이블"
      ]
    },
    {
      "image_id": 3,
      "filename": "561806_0_su_5_차돌집_6_004.png",
      "mapx": 37.5641065747216,
      "mapy": 126.811909549742,
      "width": 3840,
      "height": 2160,
      "caption_info": [
        "차돌집(강서구)",
        "메뉴판 "
      ]
    },
    {
      "image_id": 4,
      "filename": "561806_0_su_5_차돌집_6_005.png",
      "mapx": 37.5641065747216,
      "mapy": 126.811909549742,
      "width": 3840,
      "height": 2160,
      "caption_info": [
        "차돌집(강서구)",
        "고기"
      ]
    }
  ],
  "annotations": [
    {
      "image_id": 0,
      "question": [
        {
          "question_id": 0,
          "question_type": "탐색",
          "question": "주차시설이 있는지 알 수 있나요?",
          "question_wordNum": 5,
          "answer": "있음",
          "answer_wordNum": 1,
          "fact": [
            "차돌집,주차시설,있음"
          ]
        },
        {
          "question_id": 1,
          "question_type": "정보",
          "question": "이 곳의 주소는 어떻게 되나요?",
          "question_wordNum": 5,
          "answer": "서울 강서구 방화대로21길 85",
          "answer_wordNum": 4,
          "fact": [
            "차돌집,주소,서울 강서구 방화대로21길 85"
          ]
        },
        {
          "question_id": 2,
          "question_type": "관계",
          "question": "이 곳에 인접한 시설을 알 수 있나요?",
          "question_wordNum": 7,
          "answer": "공항시장역 3번 출구, 도톤보리, 민스포",
          "answer_wordNum": 5,
          "fact": [
            "차돌집,인접,공항시장역 3번 출구, 도톤보리, 민스포"
          ]
        },
        {
          "question_id": 3,
          "question_type": "정보",
          "question": "영업시간을 알 수 있나요?",
          "question_wordNum": 4,
          "answer": "11:00~22:00",
          "answer_wordNum": 1,
          "fact": [
            "차돌집,영업시간,11:00~22:00"
          ]
        }
      ]
    },
    {
      "image_id": 1,
      "question": [
        {
          "question_id": 0,
          "question_type": "정보",
          "question": "이 곳의 메뉴를 알 수 있나요?",
          "question_wordNum": 6,
          "answer": "차돌박이, 갈비살",
          "answer_wordNum": 2,
          "fact": [
            "차돌집,메뉴,차돌박이, 갈비살"
          ]
        },
        {
          "question_id": 1,
          "question_type": "탐색",
          "question": "주차시설이 있나요?",
          "question_wordNum": 2,
          "answer": "있음",
          "answer_wordNum": 1,
          "fact": [
            "차돌집,주차시설,있음"
          ]
        },
        {
          "question_id": 2,
          "question_type": "정보",
          "question": "휴무일을 알 수 있나요?",
          "question_wordNum": 4,
          "answer": "알수없음",
          "answer_wordNum": 1,
          "fact": [
            "차돌집,휴무일,알수없음"
          ]
        },
        {
          "question_id": 3,
          "question_type": "정보",
          "question": "영업시간은 어떻게 되나요?",
          "question_wordNum": 3,
          "answer": "11:00~22:00",
          "answer_wordNum": 1,
          "fact": [
            "차돌집,영업시간,11:00~22:00"
          ]
        }
      ]
    },
    {
      "image_id": 2,
      "question": [
        {
          "question_id": 0,
          "question_type": "탐색",
          "question": "주차시설이 있나요?",
          "question_wordNum": 2,
          "answer": "있음",
          "answer_wordNum": 1,
          "fact": [
            "차돌집,주차시설,있음"
          ]
        },
        {
          "question_id": 1,
          "question_type": "관계",
          "question": "이 곳에 인접한 시설을 알 수 있나요?",
          "question_wordNum": 7,
          "answer": "공항시장역 3번 출구, 도톤보리, 민스포",
          "answer_wordNum": 5,
          "fact": [
            "차돌집,인접,공항시장역 3번 출구, 도톤보리, 민스포"
          ]
        },
        {
          "question_id": 2,
          "question_type": "정보",
          "question": "영업시간은 어떻게 되나요?",
          "question_wordNum": 3,
          "answer": "11:00~22:00",
          "answer_wordNum": 1,
          "fact": [
            "차돌집,영업시간,11:00~22:00"
          ]
        },
        {
          "question_id": 3,
          "question_type": "정보",
          "question": "이 곳의 주소를 알 수 있나요?",
          "question_wordNum": 6,
          "answer": "서울 강서구 방화대로21길 85",
          "answer_wordNum": 4,
          "fact": [
            "차돌집,주소,서울 강서구 방화대로21길 85"
          ]
        }
      ]
    },
    {
      "image_id": 3,
      "question": [
        {
          "question_id": 0,
          "question_type": "관계",
          "question": "이 곳에 인접한 시설을 알 수 있나요?",
          "question_wordNum": 7,
          "answer": "공항시장역 3번 출구, 도톤보리, 민스포",
          "answer_wordNum": 5,
          "fact": [
            "차돌집,인접,공항시장역 3번 출구, 도톤보리, 민스포"
          ]
        },
        {
          "question_id": 1,
          "question_type": "정보",
          "question": "이 곳의 주소는 어떻게 되나요?",
          "question_wordNum": 5,
          "answer": "서울 강서구 방화대로21길 85",
          "answer_wordNum": 4,
          "fact": [
            "차돌집,주소,서울 강서구 방화대로21길 85"
          ]
        },
        {
          "question_id": 2,
          "question_type": "탐색",
          "question": "주차시설이 있나요?",
          "question_wordNum": 2,
          "answer": "있음",
          "answer_wordNum": 1,
          "fact": [
            "차돌집,주차시설,있음"
          ]
        },
        {
          "question_id": 3,
          "question_type": "정보",
          "question": "대표 메뉴가 무엇인가요?",
          "question_wordNum": 3,
          "answer": "차돌박이, 갈비살",
          "answer_wordNum": 2,
          "fact": [
            "차돌집,메뉴,차돌박이, 갈비살"
          ]
        }
      ]
    },
    {
      "image_id": 4,
      "question": [
        {
          "question_id": 0,
          "question_type": "탐색",
          "question": "주차시설이 있는지 알 수 있나요?",
          "question_wordNum": 5,
          "answer": "있음",
          "answer_wordNum": 1,
          "fact": [
            "차돌집,주차시설,있음"
          ]
        },
        {
          "question_id": 1,
          "question_type": "정보",
          "question": "연락처가 어떻게 되나요?",
          "question_wordNum": 3,
          "answer": "02-2664-5534",
          "answer_wordNum": 1,
          "fact": [
            "차돌집,연락처,02-2664-5534"
          ]
        },
        {
          "question_id": 2,
          "question_type": "정보",
          "question": "영업시간은 어떻게 되나요?",
          "question_wordNum": 3,
          "answer": "11:00~22:00",
          "answer_wordNum": 1,
          "fact": [
            "차돌집,영업시간,11:00~22:00"
          ]
        },
        {
          "question_id": 3,
          "question_type": "관계",
          "question": "이 곳에 인접한 시설이 있나요?",
          "question_wordNum": 5,
          "answer": "공항시장역 3번 출구, 도톤보리, 민스포",
          "answer_wordNum": 5,
          "fact": [
            "차돌집,인접,공항시장역 3번 출구, 도톤보리, 민스포"
          ]
        }
      ]
    }
  ]
}