{
  "data": {
    "dataset": "2-083-219",
    "POI_id": "561517",
    "travelType": "음식점",
    "place": "토끼정 마곡점",
    "area": "서울"
  },
  "imageInfo": [
    {
      "image_id": 0,
      "filename": "561517_0_su_5_토끼정 마곡점_1_001.png",
      "mapx": 37.5600682769751,
      "mapy": 126.833037883356,
      "width": 3840,
      "height": 2160,
      "caption_info": [
        "토끼정 마곡점(강서구)",
        "카운터 "
      ]
    },
    {
      "image_id": 1,
      "filename": "561517_0_su_5_토끼정 마곡점_1_002.png",
      "mapx": 37.5600682769751,
      "mapy": 126.833037883356,
      "width": 3840,
      "height": 2160,
      "caption_info": [
        "토끼정 마곡점(강서구)",
        "간판"
      ]
    },
    {
      "image_id": 2,
      "filename": "561517_0_su_5_토끼정 마곡점_1_003.png",
      "mapx": 37.5600682769751,
      "mapy": 126.833037883356,
      "width": 3840,
      "height": 2160,
      "caption_info": [
        "토끼정 마곡점(강서구)",
        "사각 테이블"
      ]
    },
    {
      "image_id": 3,
      "filename": "561517_0_su_5_토끼정 마곡점_1_004.png",
      "mapx": 37.5600682769751,
      "mapy": 126.833037883356,
      "width": 3840,
      "height": 2160,
      "caption_info": [
        "토끼정 마곡점(강서구)",
        "메뉴판 "
      ]
    },
    {
      "image_id": 4,
      "filename": "561517_0_su_5_토끼정 마곡점_1_005.png",
      "mapx": 37.5600682769751,
      "mapy": 126.833037883356,
      "width": 3840,
      "height": 2160,
      "caption_info": [
        "토끼정 마곡점(강서구)",
        "그릇 "
      ]
    }
  ],
  "annotations": [
    {
      "image_id": 0,
      "question": [
        {
          "question_id": 0,
          "question_type": "정보",
          "question": "연락처를 알 수 있나요?",
          "question_wordNum": 4,
          "answer": "0507-1371-4901",
          "answer_wordNum": 1,
          "fact": [
            "토끼정 마곡점,연락처,0507-1371-4901"
          ]
        },
        {
          "question_id": 1,
          "question_type": "정보",
          "question": "대표 메뉴가 무엇인가요?",
          "question_wordNum": 3,
          "answer": "토끼정 함박 스테이크 정식, 등심 돈까스 카레 정식",
          "answer_wordNum": 8,
          "fact": [
            "토끼정 마곡점,메뉴,토끼정 함박 스테이크 정식, 등심 돈까스 카레 정식"
          ]
        },
        {
          "question_id": 2,
          "question_type": "관계",
          "question": "이 곳에 인접한 시설을 알 수 있나요?",
          "question_wordNum": 7,
          "answer": "발산역 9번 출구, 스시사라, 커피빈",
          "answer_wordNum": 5,
          "fact": [
            "토끼정 마곡점,인접,발산역 9번 출구, 스시사라, 커피빈"
          ]
        },
        {
          "question_id": 3,
          "question_type": "정보",
          "question": "영업시간을 알 수 있나요?",
          "question_wordNum": 4,
          "answer": "11:00 - 21:00",
          "answer_wordNum": 3,
          "fact": [
            "토끼정 마곡점,영업시간,11:00 - 21:00"
          ]
        }
      ]
    },
    {
      "image_id": 1,
      "question": [
        {
          "question_id": 0,
          "question_type": "탐색",
          "question": "주차시설이 있는지 알 수 있나요?",
          "question_wordNum": 5,
          "answer": "있음",
          "answer_wordNum": 1,
          "fact": [
            "토끼정 마곡점,주차시설,있음"
          ]
        },
        {
          "question_id": 1,
          "question_type": "정보",
          "question": "이 곳의 메뉴를 알 수 있나요?",
          "question_wordNum": 6,
          "answer": "토끼정 함박 스테이크 정식, 등심 돈까스 카레 정식",
          "answer_wordNum": 8,
          "fact": [
            "토끼정 마곡점,메뉴,토끼정 함박 스테이크 정식, 등심 돈까스 카레 정식"
          ]
        },
        {
          "question_id": 2,
          "question_type": "정보",
          "question": "이 곳의 주소를 알 수 있나요?",
          "question_wordNum": 6,
          "answer": "서울 강서구 마곡동로 55",
          "answer_wordNum": 4,
          "fact": [
            "토끼정 마곡점,주소,서울 강서구 마곡동로 55"
          ]
        },
        {
          "question_id": 3,
          "question_type": "정보",
          "question": "연락처가 어떻게 되나요?",
          "question_wordNum": 3,
          "answer": "0507-1371-4901",
          "answer_wordNum": 1,
          "fact": [
            "토끼정 마곡점,연락처,0507-1371-4901"
          ]
        }
      ]
    },
    {
      "image_id": 2,
      "question": [
        {
          "question_id": 0,
          "question_type": "정보",
          "question": "휴무일을 알 수 있나요?",
          "question_wordNum": 4,
          "answer": "없음",
          "answer_wordNum": 1,
          "fact": [
            "토끼정 마곡점,휴무일,없음"
          ]
        },
        {
          "question_id": 1,
          "question_type": "정보",
          "question": "이 곳의 주소를 알 수 있나요?",
          "question_wordNum": 6,
          "answer": "서울 강서구 마곡동로 55",
          "answer_wordNum": 4,
          "fact": [
            "토끼정 마곡점,주소,서울 강서구 마곡동로 55"
          ]
        },
        {
          "question_id": 2,
          "question_type": "정보",
          "question": "이 곳의 메뉴를 알 수 있나요?",
          "question_wordNum": 6,
          "answer": "토끼정 함박 스테이크 정식, 등심 돈까스 카레 정식",
          "answer_wordNum": 8,
          "fact": [
            "토끼정 마곡점,메뉴,토끼정 함박 스테이크 정식, 등심 돈까스 카레 정식"
          ]
        },
        {
          "question_id": 3,
          "question_type": "정보",
          "question": "영업시간은 어떻게 되나요?",
          "question_wordNum": 3,
          "answer": "11:00 - 21:00",
          "answer_wordNum": 3,
          "fact": [
            "토끼정 마곡점,영업시간,11:00 - 21:00"
          ]
        }
      ]
    },
    {
      "image_id": 3,
      "question": [
        {
          "question_id": 0,
          "question_type": "정보",
          "question": "휴무일을 알 수 있나요?",
          "question_wordNum": 4,
          "answer": "없음",
          "answer_wordNum": 1,
          "fact": [
            "토끼정 마곡점,휴무일,없음"
          ]
        },
        {
          "question_id": 1,
          "question_type": "정보",
          "question": "영업시간은 어떻게 되나요?",
          "question_wordNum": 3,
          "answer": "11:00 - 21:00",
          "answer_wordNum": 3,
          "fact": [
            "토끼정 마곡점,영업시간,11:00 - 21:00"
          ]
        },
        {
          "question_id": 2,
          "question_type": "정보",
          "question": "이 곳의 주소는 어떻게 되나요?",
          "question_wordNum": 5,
          "answer": "서울 강서구 마곡동로 55",
          "answer_wordNum": 4,
          "fact": [
            "토끼정 마곡점,주소,서울 강서구 마곡동로 55"
          ]
        },
        {
          "question_id": 3,
          "question_type": "정보",
          "question": "연락처가 어떻게 되나요?",
          "question_wordNum": 3,
          "answer": "0507-1371-4901",
          "answer_wordNum": 1,
          "fact": [
            "토끼정 마곡점,연락처,0507-1371-4901"
          ]
        }
      ]
    },
    {
      "image_id": 4,
      "question": [
        {
          "question_id": 0,
          "question_type": "정보",
          "question": "연락처가 어떻게 되나요?",
          "question_wordNum": 3,
          "answer": "0507-1371-4901",
          "answer_wordNum": 1,
          "fact": [
            "토끼정 마곡점,연락처,0507-1371-4901"
          ]
        },
        {
          "question_id": 1,
          "question_type": "정보",
          "question": "영업시간을 알 수 있나요?",
          "question_wordNum": 4,
          "answer": "11:00 - 21:00",
          "answer_wordNum": 3,
          "fact": [
            "토끼정 마곡점,영업시간,11:00 - 21:00"
          ]
        },
        {
          "question_id": 2,
          "question_type": "관계",
          "question": "이 곳에 인접한 시설을 알 수 있나요?",
          "question_wordNum": 7,
          "answer": "발산역 9번 출구, 스시사라, 커피빈",
          "answer_wordNum": 5,
          "fact": [
            "토끼정 마곡점,인접,발산역 9번 출구, 스시사라, 커피빈"
          ]
        },
        {
          "question_id": 3,
          "question_type": "정보",
          "question": "휴무일을 알 수 있나요?",
          "question_wordNum": 4,
          "answer": "없음",
          "answer_wordNum": 1,
          "fact": [
            "토끼정 마곡점,휴무일,없음"
          ]
        }
      ]
    }
  ]
}