{
  "data": {
    "dataset": "2-083-219",
    "POI_id": "561491",
    "travelType": "음식점",
    "place": "케렌시아",
    "area": "서울"
  },
  "imageInfo": [
    {
      "image_id": 0,
      "filename": "561491_0_su_5_케렌시아_7_001.png",
      "mapx": 37.5676859104888,
      "mapy": 126.82597944995,
      "width": 3840,
      "height": 2160,
      "caption_info": [
        "케렌시아(마곡동)",
        "간판, 여닫이문"
      ]
    },
    {
      "image_id": 1,
      "filename": "561491_0_su_5_케렌시아_7_002.png",
      "mapx": 37.5676859104888,
      "mapy": 126.82597944995,
      "width": 3840,
      "height": 2160,
      "caption_info": [
        "케렌시아(마곡동)",
        "간판"
      ]
    },
    {
      "image_id": 2,
      "filename": "561491_0_su_5_케렌시아_7_003.png",
      "mapx": 37.5676859104888,
      "mapy": 126.82597944995,
      "width": 3840,
      "height": 2160,
      "caption_info": [
        "케렌시아(마곡동)",
        "테이블, 등받이의자"
      ]
    },
    {
      "image_id": 3,
      "filename": "561491_0_su_5_케렌시아_7_004.png",
      "mapx": 37.5676859104888,
      "mapy": 126.82597944995,
      "width": 3840,
      "height": 2160,
      "caption_info": [
        "케렌시아(마곡동)",
        "메뉴판"
      ]
    },
    {
      "image_id": 4,
      "filename": "561491_0_su_5_케렌시아_7_005.png",
      "mapx": 37.5676859104888,
      "mapy": 126.82597944995,
      "width": 3840,
      "height": 2160,
      "caption_info": [
        "케렌시아(마곡동)",
        "스테이크"
      ]
    }
  ],
  "annotations": [
    {
      "image_id": 0,
      "question": [
        {
          "question_id": 0,
          "question_type": "탐색",
          "question": "주차시설이 있나요?",
          "question_wordNum": 2,
          "answer": "있음",
          "answer_wordNum": 1,
          "fact": [
            "케렌시아,주차시설,있음"
          ]
        },
        {
          "question_id": 1,
          "question_type": "정보",
          "question": "영업시간은 어떻게 되나요?",
          "question_wordNum": 3,
          "answer": "11:30/12:00~21:00",
          "answer_wordNum": 1,
          "fact": [
            "케렌시아,영업시간,11:30/12:00~21:00"
          ]
        },
        {
          "question_id": 2,
          "question_type": "관계",
          "question": "이 곳에 인접한 시설이 있나요?",
          "question_wordNum": 5,
          "answer": "마곡나루역 1번 출구, 청년다방, 미네뜨, 에머이",
          "answer_wordNum": 6,
          "fact": [
            "케렌시아,인접,마곡나루역 1번 출구, 청년다방, 미네뜨, 에머이"
          ]
        },
        {
          "question_id": 3,
          "question_type": "정보",
          "question": "이 곳의 주소는 어떻게 되나요?",
          "question_wordNum": 5,
          "answer": "서울 강서구 마곡서로 152 두산더랜드타워 B동 220호",
          "answer_wordNum": 7,
          "fact": [
            "케렌시아,주소,서울 강서구 마곡서로 152 두산더랜드타워 B동 220호"
          ]
        }
      ]
    },
    {
      "image_id": 1,
      "question": [
        {
          "question_id": 0,
          "question_type": "정보",
          "question": "휴무일은 어떻게 되나요?",
          "question_wordNum": 3,
          "answer": "매주 월요일",
          "answer_wordNum": 2,
          "fact": [
            "케렌시아,휴무일,매주 월요일"
          ]
        },
        {
          "question_id": 1,
          "question_type": "정보",
          "question": "이 곳의 주요 메뉴는 무엇이 있나요?",
          "question_wordNum": 6,
          "answer": "명란크림파스타, 이베리코 버섯 크림 리조또",
          "answer_wordNum": 5,
          "fact": [
            "케렌시아,메뉴,명란크림파스타, 이베리코 버섯 크림 리조또"
          ]
        },
        {
          "question_id": 2,
          "question_type": "관계",
          "question": "이 곳에 인접한 시설이 있나요?",
          "question_wordNum": 5,
          "answer": "마곡나루역 1번 출구, 청년다방, 미네뜨, 에머이",
          "answer_wordNum": 6,
          "fact": [
            "케렌시아,인접,마곡나루역 1번 출구, 청년다방, 미네뜨, 에머이"
          ]
        },
        {
          "question_id": 3,
          "question_type": "정보",
          "question": "이 곳은 어떤 곳인가요?",
          "question_wordNum": 4,
          "answer": "캐주얼 레스토랑",
          "answer_wordNum": 2,
          "fact": [
            "케렌시아,이다,캐주얼 레스토랑"
          ]
        }
      ]
    },
    {
      "image_id": 2,
      "question": [
        {
          "question_id": 0,
          "question_type": "정보",
          "question": "영업시간은 어떻게 되나요?",
          "question_wordNum": 3,
          "answer": "11:30/12:00~21:00",
          "answer_wordNum": 1,
          "fact": [
            "케렌시아,영업시간,11:30/12:00~21:00"
          ]
        },
        {
          "question_id": 1,
          "question_type": "정보",
          "question": "연락처가 어떻게 되나요?",
          "question_wordNum": 3,
          "answer": "0507-1324-9336",
          "answer_wordNum": 1,
          "fact": [
            "케렌시아,연락처,0507-1324-9336"
          ]
        },
        {
          "question_id": 2,
          "question_type": "정보",
          "question": "이 곳의 주요 메뉴는 무엇이 있나요?",
          "question_wordNum": 6,
          "answer": "명란크림파스타, 이베리코 버섯 크림 리조또",
          "answer_wordNum": 5,
          "fact": [
            "케렌시아,메뉴,명란크림파스타, 이베리코 버섯 크림 리조또"
          ]
        },
        {
          "question_id": 3,
          "question_type": "탐색",
          "question": "주차시설이 있나요?",
          "question_wordNum": 2,
          "answer": "있음",
          "answer_wordNum": 1,
          "fact": [
            "케렌시아,주차시설,있음"
          ]
        }
      ]
    },
    {
      "image_id": 3,
      "question": [
        {
          "question_id": 0,
          "question_type": "정보",
          "question": "연락처가 어떻게 되나요?",
          "question_wordNum": 3,
          "answer": "0507-1324-9336",
          "answer_wordNum": 1,
          "fact": [
            "케렌시아,연락처,0507-1324-9336"
          ]
        },
        {
          "question_id": 1,
          "question_type": "정보",
          "question": "이 곳의 주소는 어떻게 되나요?",
          "question_wordNum": 5,
          "answer": "서울 강서구 마곡서로 152 두산더랜드타워 B동 220호",
          "answer_wordNum": 7,
          "fact": [
            "케렌시아,주소,서울 강서구 마곡서로 152 두산더랜드타워 B동 220호"
          ]
        },
        {
          "question_id": 2,
          "question_type": "관계",
          "question": "이 곳에 인접한 시설이 있나요?",
          "question_wordNum": 5,
          "answer": "마곡나루역 1번 출구, 청년다방, 미네뜨, 에머이",
          "answer_wordNum": 6,
          "fact": [
            "케렌시아,인접,마곡나루역 1번 출구, 청년다방, 미네뜨, 에머이"
          ]
        },
        {
          "question_id": 3,
          "question_type": "정보",
          "question": "영업시간은 어떻게 되나요?",
          "question_wordNum": 3,
          "answer": "11:30/12:00~21:00",
          "answer_wordNum": 1,
          "fact": [
            "케렌시아,영업시간,11:30/12:00~21:00"
          ]
        }
      ]
    },
    {
      "image_id": 4,
      "question": [
        {
          "question_id": 0,
          "question_type": "정보",
          "question": "휴무일은 어떻게 되나요?",
          "question_wordNum": 3,
          "answer": "매주 월요일",
          "answer_wordNum": 2,
          "fact": [
            "케렌시아,휴무일,매주 월요일"
          ]
        },
        {
          "question_id": 1,
          "question_type": "정보",
          "question": "이 곳의 주요 메뉴는 무엇이 있나요?",
          "question_wordNum": 6,
          "answer": "명란크림파스타, 이베리코 버섯 크림 리조또",
          "answer_wordNum": 5,
          "fact": [
            "케렌시아,메뉴,명란크림파스타, 이베리코 버섯 크림 리조또"
          ]
        },
        {
          "question_id": 2,
          "question_type": "정보",
          "question": "이 곳의 주소는 어떻게 되나요?",
          "question_wordNum": 5,
          "answer": "서울 강서구 마곡서로 152 두산더랜드타워 B동 220호",
          "answer_wordNum": 7,
          "fact": [
            "케렌시아,주소,서울 강서구 마곡서로 152 두산더랜드타워 B동 220호"
          ]
        },
        {
          "question_id": 3,
          "question_type": "정보",
          "question": "연락처가 어떻게 되나요?",
          "question_wordNum": 3,
          "answer": "0507-1324-9336",
          "answer_wordNum": 1,
          "fact": [
            "케렌시아,연락처,0507-1324-9336"
          ]
        }
      ]
    }
  ]
}