{
  "data": {
    "dataset": "2-083-219",
    "POI_id": "561691",
    "travelType": "음식점",
    "place": "장어촌",
    "area": "서울"
  },
  "imageInfo": [
    {
      "image_id": 0,
      "filename": "561691_0_su_5_장어촌_11_001.png",
      "mapx": 37.5575082266816,
      "mapy": 126.839764460303,
      "width": 3840,
      "height": 2160,
      "caption_info": [
        "장어촌(내발산동)",
        "간판, 여닫이문, 화분"
      ]
    },
    {
      "image_id": 1,
      "filename": "561691_0_su_5_장어촌_11_002.png",
      "mapx": 37.5575082266816,
      "mapy": 126.839764460303,
      "width": 3840,
      "height": 2160,
      "caption_info": [
        "장어촌(내발산동)",
        "간판, 여닫이문, 화분"
      ]
    },
    {
      "image_id": 2,
      "filename": "561691_0_su_5_장어촌_11_003.png",
      "mapx": 37.5575082266816,
      "mapy": 126.839764460303,
      "width": 3840,
      "height": 2160,
      "caption_info": [
        "장어촌(내발산동)",
        "테이블"
      ]
    },
    {
      "image_id": 3,
      "filename": "561691_0_su_5_장어촌_11_004.png",
      "mapx": 37.5575082266816,
      "mapy": 126.839764460303,
      "width": 3840,
      "height": 2160,
      "caption_info": [
        "장어촌(내발산동)",
        "메뉴판"
      ]
    },
    {
      "image_id": 4,
      "filename": "561691_0_su_5_장어촌_11_005.png",
      "mapx": 37.5575082266816,
      "mapy": 126.839764460303,
      "width": 3840,
      "height": 2160,
      "caption_info": [
        "장어촌(내발산동)",
        "장어"
      ]
    }
  ],
  "annotations": [
    {
      "image_id": 0,
      "question": [
        {
          "question_id": 0,
          "question_type": "관계",
          "question": "이 곳에 인접한 시설이 있나요?",
          "question_wordNum": 5,
          "answer": "발산역 6번 출구, 남도명가, 눈꽃갈비",
          "answer_wordNum": 5,
          "fact": [
            "장어촌,인접,발산역 6번 출구, 남도명가, 눈꽃갈비"
          ]
        },
        {
          "question_id": 1,
          "question_type": "탐색",
          "question": "주차시설이 있나요?",
          "question_wordNum": 2,
          "answer": "있음",
          "answer_wordNum": 1,
          "fact": [
            "장어촌,주차시설,있음"
          ]
        },
        {
          "question_id": 2,
          "question_type": "정보",
          "question": "휴무일은 어떻게 되나요?",
          "question_wordNum": 3,
          "answer": "없음",
          "answer_wordNum": 1,
          "fact": [
            "장어촌,휴무일,없음"
          ]
        },
        {
          "question_id": 3,
          "question_type": "정보",
          "question": "영업시간은 어떻게 되나요?",
          "question_wordNum": 3,
          "answer": "11:00 - 22:00",
          "answer_wordNum": 3,
          "fact": [
            "장어촌,영업시간,11:00 - 22:00"
          ]
        }
      ]
    },
    {
      "image_id": 1,
      "question": [
        {
          "question_id": 0,
          "question_type": "관계",
          "question": "이 곳에 인접한 시설이 있나요?",
          "question_wordNum": 5,
          "answer": "발산역 6번 출구, 남도명가, 눈꽃갈비",
          "answer_wordNum": 5,
          "fact": [
            "장어촌,인접,발산역 6번 출구, 남도명가, 눈꽃갈비"
          ]
        },
        {
          "question_id": 1,
          "question_type": "정보",
          "question": "이 곳의 주소는 어떻게 되나요?",
          "question_wordNum": 5,
          "answer": "있음",
          "answer_wordNum": 1,
          "fact": [
            "장어촌,주소,서울 강서구 강서로52길 34"
          ]
        },
        {
          "question_id": 2,
          "question_type": "정보",
          "question": "연락처가 어떻게 되나요?",
          "question_wordNum": 3,
          "answer": "0507-1399-9304",
          "answer_wordNum": 1,
          "fact": [
            "장어촌,연락처,0507-1399-9304"
          ]
        },
        {
          "question_id": 3,
          "question_type": "정보",
          "question": "영업시간은 어떻게 되나요?",
          "question_wordNum": 3,
          "answer": "11:00 - 22:00",
          "answer_wordNum": 3,
          "fact": [
            "장어촌,영업시간,11:00 - 22:00"
          ]
        }
      ]
    },
    {
      "image_id": 2,
      "question": [
        {
          "question_id": 0,
          "question_type": "정보",
          "question": "연락처가 어떻게 되나요?",
          "question_wordNum": 3,
          "answer": "0507-1399-9304",
          "answer_wordNum": 1,
          "fact": [
            "장어촌,연락처,0507-1399-9304"
          ]
        },
        {
          "question_id": 1,
          "question_type": "정보",
          "question": "휴무일은 어떻게 되나요?",
          "question_wordNum": 3,
          "answer": "없음",
          "answer_wordNum": 1,
          "fact": [
            "장어촌,휴무일,없음"
          ]
        },
        {
          "question_id": 2,
          "question_type": "정보",
          "question": "이 곳의 주요 메뉴는 무엇이 있나요?",
          "question_wordNum": 6,
          "answer": "양념구이, 소금구이",
          "answer_wordNum": 2,
          "fact": [
            "장어촌,메뉴,양념구이, 소금구이"
          ]
        },
        {
          "question_id": 3,
          "question_type": "탐색",
          "question": "주차시설이 있나요?",
          "question_wordNum": 2,
          "answer": "있음",
          "answer_wordNum": 1,
          "fact": [
            "장어촌,주차시설,있음"
          ]
        }
      ]
    },
    {
      "image_id": 3,
      "question": [
        {
          "question_id": 0,
          "question_type": "관계",
          "question": "이 곳에 인접한 시설이 있나요?",
          "question_wordNum": 5,
          "answer": "발산역 6번 출구, 남도명가, 눈꽃갈비",
          "answer_wordNum": 5,
          "fact": [
            "장어촌,인접,발산역 6번 출구, 남도명가, 눈꽃갈비"
          ]
        },
        {
          "question_id": 1,
          "question_type": "정보",
          "question": "이 곳의 주소는 어떻게 되나요?",
          "question_wordNum": 5,
          "answer": "서울 강서구 강서로52길 34",
          "answer_wordNum": 4,
          "fact": [
            "장어촌,주소,서울 강서구 강서로52길 34"
          ]
        },
        {
          "question_id": 2,
          "question_type": "정보",
          "question": "연락처가 어떻게 되나요?",
          "question_wordNum": 3,
          "answer": "0507-1399-9304",
          "answer_wordNum": 1,
          "fact": [
            "장어촌,연락처,0507-1399-9304"
          ]
        },
        {
          "question_id": 3,
          "question_type": "정보",
          "question": "영업시간은 어떻게 되나요?",
          "question_wordNum": 3,
          "answer": "11:00 - 22:00",
          "answer_wordNum": 3,
          "fact": [
            "장어촌,영업시간,11:00 - 22:00"
          ]
        }
      ]
    },
    {
      "image_id": 4,
      "question": [
        {
          "question_id": 0,
          "question_type": "탐색",
          "question": "주차시설이 있나요?",
          "question_wordNum": 2,
          "answer": "있음",
          "answer_wordNum": 1,
          "fact": [
            "장어촌,주차시설,있음"
          ]
        },
        {
          "question_id": 1,
          "question_type": "정보",
          "question": "연락처가 어떻게 되나요?",
          "question_wordNum": 3,
          "answer": "0507-1399-9304",
          "answer_wordNum": 1,
          "fact": [
            "장어촌,연락처,0507-1399-9304"
          ]
        },
        {
          "question_id": 2,
          "question_type": "정보",
          "question": "이 곳의 주요 메뉴는 무엇이 있나요?",
          "question_wordNum": 6,
          "answer": "양념구이, 소금구이",
          "answer_wordNum": 2,
          "fact": [
            "장어촌,메뉴,양념구이, 소금구이"
          ]
        },
        {
          "question_id": 3,
          "question_type": "정보",
          "question": "이 곳의 주소는 어떻게 되나요?",
          "question_wordNum": 5,
          "answer": "서울 강서구 강서로52길 34",
          "answer_wordNum": 4,
          "fact": [
            "장어촌,주소,서울 강서구 강서로52길 34"
          ]
        }
      ]
    }
  ]
}