{
  "data": {
    "dataset": "2-083-219",
    "POI_id": "561447",
    "travelType": "음식점",
    "place": "본담채",
    "area": "서울"
  },
  "imageInfo": [
    {
      "image_id": 0,
      "filename": "561447_0_su_5_본담채_1_001.png",
      "mapx": 37.5697772411916,
      "mapy": 126.840547410744,
      "width": 3840,
      "height": 2160,
      "caption_info": [
        "본담채(가양동)",
        "간판, 여닫이문"
      ]
    },
    {
      "image_id": 1,
      "filename": "561447_0_su_5_본담채_1_002.png",
      "mapx": 37.5697772411916,
      "mapy": 126.840547410744,
      "width": 3840,
      "height": 2160,
      "caption_info": [
        "본담채(가양동)",
        "간판, 여닫이문, 조명"
      ]
    },
    {
      "image_id": 2,
      "filename": "561447_0_su_5_본담채_1_003.png",
      "mapx": 37.5697772411916,
      "mapy": 126.840547410744,
      "width": 3840,
      "height": 2160,
      "caption_info": [
        "본담채(가양동)",
        "테이블, 등받이의자, 조명, 액자"
      ]
    },
    {
      "image_id": 3,
      "filename": "561447_0_su_5_본담채_1_004.png",
      "mapx": 37.5697772411916,
      "mapy": 126.840547410744,
      "width": 3840,
      "height": 2160,
      "caption_info": [
        "본담채(가양동)",
        "메뉴판, 액자"
      ]
    },
    {
      "image_id": 4,
      "filename": "561447_0_su_5_본담채_1_005.png",
      "mapx": 37.5697772411916,
      "mapy": 126.840547410744,
      "width": 3840,
      "height": 2160,
      "caption_info": [
        "본담채(가양동)",
        "국밥, 공기밥"
      ]
    }
  ],
  "annotations": [
    {
      "image_id": 0,
      "question": [
        {
          "question_id": 0,
          "question_type": "정보",
          "question": "이 곳의 주요 메뉴를 알 수 있나요?",
          "question_wordNum": 7,
          "answer": "설렁탕, 왕갈비탕",
          "answer_wordNum": 2,
          "fact": [
            "본담채,메뉴,설렁탕, 왕갈비탕"
          ]
        },
        {
          "question_id": 1,
          "question_type": "탐색",
          "question": "주차시설이 있나요?",
          "question_wordNum": 2,
          "answer": "있음",
          "answer_wordNum": 1,
          "fact": [
            "본담채,주차시설,있음"
          ]
        },
        {
          "question_id": 2,
          "question_type": "정보",
          "question": "연락처가 어떻게 되나요?",
          "question_wordNum": 3,
          "answer": "02-3665-5485",
          "answer_wordNum": 1,
          "fact": [
            "본담채,연락처,02-3665-5485"
          ]
        },
        {
          "question_id": 3,
          "question_type": "정보",
          "question": "이 곳에 인접한 시설이 있나요?",
          "question_wordNum": 5,
          "answer": "양천향교역 1번 출구, 카페조이, CU",
          "answer_wordNum": 5,
          "fact": [
            "본담채,인접,양천향교역 1번 출구, 카페조이, CU"
          ]
        }
      ]
    },
    {
      "image_id": 1,
      "question": [
        {
          "question_id": 0,
          "question_type": "정보",
          "question": "영업시간은 어떻게 되나요?",
          "question_wordNum": 3,
          "answer": "11:00~15:00/21:00",
          "answer_wordNum": 1,
          "fact": [
            "본담채,영업시간,11:00~15:00/21:00"
          ]
        },
        {
          "question_id": 1,
          "question_type": "정보",
          "question": "휴무일을 알 수 있나요?",
          "question_wordNum": 4,
          "answer": "매주 일요일",
          "answer_wordNum": 2,
          "fact": [
            "본담채,휴무일,매주 일요일"
          ]
        },
        {
          "question_id": 2,
          "question_type": "정보",
          "question": "이 곳의 주요 메뉴는 무엇이 있나요?",
          "question_wordNum": 6,
          "answer": "설렁탕, 왕갈비탕",
          "answer_wordNum": 2,
          "fact": [
            "본담채,메뉴,설렁탕, 왕갈비탕"
          ]
        },
        {
          "question_id": 3,
          "question_type": "정보",
          "question": "이 곳에 인접한 시설이 있나요?",
          "question_wordNum": 5,
          "answer": "양천향교역 1번 출구, 카페조이, CU",
          "answer_wordNum": 5,
          "fact": [
            "본담채,인접,양천향교역 1번 출구, 카페조이, CU"
          ]
        }
      ]
    },
    {
      "image_id": 2,
      "question": [
        {
          "question_id": 0,
          "question_type": "정보",
          "question": "이 곳의 주소는 어떻게 되나요?",
          "question_wordNum": 5,
          "answer": "서울 강서구 양천로49길 25",
          "answer_wordNum": 4,
          "fact": [
            "본담채,주소,서울 강서구 양천로49길 25"
          ]
        },
        {
          "question_id": 1,
          "question_type": "정보",
          "question": "이 곳의 대표적인 메뉴를 알 수 있나요?",
          "question_wordNum": 7,
          "answer": "설렁탕, 왕갈비탕",
          "answer_wordNum": 2,
          "fact": [
            "본담채,메뉴,설렁탕, 왕갈비탕"
          ]
        },
        {
          "question_id": 2,
          "question_type": "정보",
          "question": "연락처가 어떻게 되나요?",
          "question_wordNum": 3,
          "answer": "02-3665-5485",
          "answer_wordNum": 1,
          "fact": [
            "본담채,연락처,02-3665-5485"
          ]
        },
        {
          "question_id": 3,
          "question_type": "정보",
          "question": "이 곳에 인접한 시설이 있나요?",
          "question_wordNum": 5,
          "answer": "양천향교역 1번 출구, 카페조이, CU",
          "answer_wordNum": 5,
          "fact": [
            "본담채,인접,양천향교역 1번 출구, 카페조이, CU"
          ]
        }
      ]
    },
    {
      "image_id": 3,
      "question": [
        {
          "question_id": 0,
          "question_type": "정보",
          "question": "영업시간은 어떻게 되나요?",
          "question_wordNum": 3,
          "answer": "11:00~15:00/21:00",
          "answer_wordNum": 1,
          "fact": [
            "본담채,영업시간,11:00~15:00/21:00"
          ]
        },
        {
          "question_id": 1,
          "question_type": "정보",
          "question": "이 곳의 주소를 알 수 있나요?",
          "question_wordNum": 6,
          "answer": "서울 강서구 양천로49길 25",
          "answer_wordNum": 4,
          "fact": [
            "본담채,주소,서울 강서구 양천로49길 25"
          ]
        },
        {
          "question_id": 2,
          "question_type": "정보",
          "question": "연락처를 알 수 있나요?",
          "question_wordNum": 4,
          "answer": "02-3665-5485",
          "answer_wordNum": 1,
          "fact": [
            "본담채,연락처,02-3665-5485"
          ]
        },
        {
          "question_id": 3,
          "question_type": "정보",
          "question": "이 곳에 인접한 시설이 있나요?",
          "question_wordNum": 5,
          "answer": "양천향교역 1번 출구, 카페조이, CU",
          "answer_wordNum": 5,
          "fact": [
            "본담채,인접,양천향교역 1번 출구, 카페조이, CU"
          ]
        }
      ]
    },
    {
      "image_id": 4,
      "question": [
        {
          "question_id": 0,
          "question_type": "탐색",
          "question": "주차시설이 있나요?",
          "question_wordNum": 2,
          "answer": "있음",
          "answer_wordNum": 1,
          "fact": [
            "본담채,주차시설,있음"
          ]
        },
        {
          "question_id": 1,
          "question_type": "정보",
          "question": "이 곳의 주요 메뉴는 무엇이 있나요?",
          "question_wordNum": 6,
          "answer": "설렁탕, 왕갈비탕",
          "answer_wordNum": 2,
          "fact": [
            "본담채,메뉴,설렁탕, 왕갈비탕"
          ]
        },
        {
          "question_id": 2,
          "question_type": "정보",
          "question": "휴무일은 어떻게 되나요?",
          "question_wordNum": 3,
          "answer": "매주 일요일",
          "answer_wordNum": 2,
          "fact": [
            "본담채,휴무일,매주 일요일"
          ]
        },
        {
          "question_id": 3,
          "question_type": "정보",
          "question": "이 곳에 인접한 시설이 있나요?",
          "question_wordNum": 5,
          "answer": "양천향교역 1번 출구, 카페조이, CU",
          "answer_wordNum": 5,
          "fact": [
            "본담채,인접,양천향교역 1번 출구, 카페조이, CU"
          ]
        }
      ]
    }
  ]
}