{
  "data": {
    "dataset": "2-083-219",
    "POI_id": "561683",
    "travelType": "음식점",
    "place": "환이네뭉티기 강서직영점",
    "area": "서울"
  },
  "imageInfo": [
    {
      "image_id": 0,
      "filename": "561683_0_su_5_환이네뭉티기 강서직영점_1_001.png",
      "mapx": 37.5483585965418,
      "mapy": 126.833829096926,
      "width": 3840,
      "height": 2160,
      "caption_info": [
        "환이네뭉티기 강서직영점(강서구)",
        "간판"
      ]
    },
    {
      "image_id": 1,
      "filename": "561683_0_su_5_환이네뭉티기 강서직영점_1_002.png",
      "mapx": 37.5483585965418,
      "mapy": 126.833829096926,
      "width": 3840,
      "height": 2160,
      "caption_info": [
        "환이네뭉티기 강서직영점(강서구)",
        "간판"
      ]
    },
    {
      "image_id": 2,
      "filename": "561683_0_su_5_환이네뭉티기 강서직영점_1_003.png",
      "mapx": 37.5483585965418,
      "mapy": 126.833829096926,
      "width": 3840,
      "height": 2160,
      "caption_info": [
        "환이네뭉티기 강서직영점(강서구)",
        "사각 테이블"
      ]
    },
    {
      "image_id": 3,
      "filename": "561683_0_su_5_환이네뭉티기 강서직영점_1_004.png",
      "mapx": 37.5483585965418,
      "mapy": 126.833829096926,
      "width": 3840,
      "height": 2160,
      "caption_info": [
        "환이네뭉티기 강서직영점(강서구)",
        "메뉴판 "
      ]
    },
    {
      "image_id": 4,
      "filename": "561683_0_su_5_환이네뭉티기 강서직영점_1_005.png",
      "mapx": 37.5483585965418,
      "mapy": 126.833829096926,
      "width": 3840,
      "height": 2160,
      "caption_info": [
        "환이네뭉티기 강서직영점(강서구)",
        "육회 "
      ]
    }
  ],
  "annotations": [
    {
      "image_id": 0,
      "question": [
        {
          "question_id": 0,
          "question_type": "탐색",
          "question": "주차시설이 있나요?",
          "question_wordNum": 2,
          "answer": "없음",
          "answer_wordNum": 1,
          "fact": [
            "환이네뭉티기 강서직영점,주차시설,없음"
          ]
        },
        {
          "question_id": 1,
          "question_type": "정보",
          "question": "휴무일은 어떻게 되나요?",
          "question_wordNum": 3,
          "answer": "매주 일요일",
          "answer_wordNum": 2,
          "fact": [
            "환이네뭉티기 강서직영점,휴무일,매주 일요일"
          ]
        },
        {
          "question_id": 2,
          "question_type": "정보",
          "question": "이 곳의 메뉴를 알 수 있나요?",
          "question_wordNum": 6,
          "answer": "뭉티기, 한우육회",
          "answer_wordNum": 2,
          "fact": [
            "환이네뭉티기 강서직영점,메뉴,뭉티기, 한우육회"
          ]
        },
        {
          "question_id": 3,
          "question_type": "정보",
          "question": "연락처를 알 수 있나요?",
          "question_wordNum": 4,
          "answer": "02-2065-0988",
          "answer_wordNum": 1,
          "fact": [
            "환이네뭉티기 강서직영점,연락처,02-2065-0988"
          ]
        }
      ]
    },
    {
      "image_id": 1,
      "question": [
        {
          "question_id": 0,
          "question_type": "정보",
          "question": "영업시간을 알 수 있나요?",
          "question_wordNum": 4,
          "answer": "16:30/18:00~23:00",
          "answer_wordNum": 1,
          "fact": [
            "환이네뭉티기 강서직영점,영업시간,16:30/18:00~23:00"
          ]
        },
        {
          "question_id": 1,
          "question_type": "정보",
          "question": "이 곳의 주소를 알 수 있나요?",
          "question_wordNum": 6,
          "answer": "서울 강서구 강서로45라길 12",
          "answer_wordNum": 4,
          "fact": [
            "환이네뭉티기 강서직영점,주소,서울 강서구 강서로45라길 12"
          ]
        },
        {
          "question_id": 2,
          "question_type": "관계",
          "question": "이 곳에 인접한 시설이 있나요?",
          "question_wordNum": 5,
          "answer": "우장산역 3번 출구, 화곡중학교, 우장회관",
          "answer_wordNum": 5,
          "fact": [
            "환이네뭉티기 강서직영점,인접,우장산역 3번 출구, 화곡중학교, 우장회관"
          ]
        },
        {
          "question_id": 3,
          "question_type": "탐색",
          "question": "주차시설이 있나요?",
          "question_wordNum": 2,
          "answer": "없음",
          "answer_wordNum": 1,
          "fact": [
            "환이네뭉티기 강서직영점,주차시설,없음"
          ]
        }
      ]
    },
    {
      "image_id": 2,
      "question": [
        {
          "question_id": 0,
          "question_type": "관계",
          "question": "이 곳에 인접한 시설이 있나요?",
          "question_wordNum": 5,
          "answer": "우장산역 3번 출구, 화곡중학교, 우장회관",
          "answer_wordNum": 5,
          "fact": [
            "환이네뭉티기 강서직영점,인접,우장산역 3번 출구, 화곡중학교, 우장회관"
          ]
        },
        {
          "question_id": 1,
          "question_type": "정보",
          "question": "영업시간은 어떻게 되나요?",
          "question_wordNum": 3,
          "answer": "16:30/18:00~23:00",
          "answer_wordNum": 1,
          "fact": [
            "환이네뭉티기 강서직영점,영업시간,16:30/18:00~23:00"
          ]
        },
        {
          "question_id": 2,
          "question_type": "정보",
          "question": "연락처를 알 수 있나요?",
          "question_wordNum": 4,
          "answer": "02-2065-0988",
          "answer_wordNum": 1,
          "fact": [
            "환이네뭉티기 강서직영점,연락처,02-2065-0988"
          ]
        },
        {
          "question_id": 3,
          "question_type": "정보",
          "question": "휴무일을 알 수 있나요?",
          "question_wordNum": 4,
          "answer": "매주 일요일",
          "answer_wordNum": 2,
          "fact": [
            "환이네뭉티기 강서직영점,휴무일,매주 일요일"
          ]
        }
      ]
    },
    {
      "image_id": 3,
      "question": [
        {
          "question_id": 0,
          "question_type": "정보",
          "question": "휴무일을 알 수 있나요?",
          "question_wordNum": 4,
          "answer": "매주 일요일",
          "answer_wordNum": 2,
          "fact": [
            "환이네뭉티기 강서직영점,휴무일,매주 일요일"
          ]
        },
        {
          "question_id": 1,
          "question_type": "관계",
          "question": "이 곳에 인접한 시설을 알 수 있나요?",
          "question_wordNum": 7,
          "answer": "우장산역 3번 출구, 화곡중학교, 우장회관",
          "answer_wordNum": 5,
          "fact": [
            "환이네뭉티기 강서직영점,인접,우장산역 3번 출구, 화곡중학교, 우장회관"
          ]
        },
        {
          "question_id": 2,
          "question_type": "정보",
          "question": "대표 메뉴가 무엇인가요?",
          "question_wordNum": 3,
          "answer": "뭉티기, 한우육회",
          "answer_wordNum": 2,
          "fact": [
            "환이네뭉티기 강서직영점,메뉴,뭉티기, 한우육회"
          ]
        },
        {
          "question_id": 3,
          "question_type": "정보",
          "question": "영업시간을 알 수 있나요?",
          "question_wordNum": 4,
          "answer": "16:30/18:00~23:00",
          "answer_wordNum": 1,
          "fact": [
            "환이네뭉티기 강서직영점,영업시간,16:30/18:00~23:00"
          ]
        }
      ]
    },
    {
      "image_id": 4,
      "question": [
        {
          "question_id": 0,
          "question_type": "정보",
          "question": "영업시간은 어떻게 되나요?",
          "question_wordNum": 3,
          "answer": "16:30/18:00~23:00",
          "answer_wordNum": 1,
          "fact": [
            "환이네뭉티기 강서직영점,영업시간,16:30/18:00~23:00"
          ]
        },
        {
          "question_id": 1,
          "question_type": "정보",
          "question": "이 곳의 메뉴를 알 수 있나요?",
          "question_wordNum": 6,
          "answer": "뭉티기, 한우육회",
          "answer_wordNum": 2,
          "fact": [
            "환이네뭉티기 강서직영점,메뉴,뭉티기, 한우육회"
          ]
        },
        {
          "question_id": 2,
          "question_type": "정보",
          "question": "휴무일을 알 수 있나요?",
          "question_wordNum": 4,
          "answer": "매주 일요일",
          "answer_wordNum": 2,
          "fact": [
            "환이네뭉티기 강서직영점,휴무일,매주 일요일"
          ]
        },
        {
          "question_id": 3,
          "question_type": "정보",
          "question": "연락처가 어떻게 되나요?",
          "question_wordNum": 3,
          "answer": "02-2065-0988",
          "answer_wordNum": 1,
          "fact": [
            "환이네뭉티기 강서직영점,연락처,02-2065-0988"
          ]
        }
      ]
    }
  ]
}