{
  "data": {
    "dataset": "2-083-219",
    "POI_id": "561509",
    "travelType": "음식점",
    "place": "설화랑 본점",
    "area": "서울"
  },
  "imageInfo": [
    {
      "image_id": 0,
      "filename": "561509_0_su_5_설화랑 본점_1_001.png",
      "mapx": 37.559554498142,
      "mapy": 126.837929966546,
      "width": 3840,
      "height": 2160,
      "caption_info": [
        "설화랑 본점(마곡동)",
        "간판, 여닫이문"
      ]
    },
    {
      "image_id": 1,
      "filename": "561509_0_su_5_설화랑 본점_1_002.png",
      "mapx": 37.559554498142,
      "mapy": 126.837929966546,
      "width": 3840,
      "height": 2160,
      "caption_info": [
        "설화랑 본점(마곡동)",
        "간판"
      ]
    },
    {
      "image_id": 2,
      "filename": "561509_0_su_5_설화랑 본점_1_003.png",
      "mapx": 37.559554498142,
      "mapy": 126.837929966546,
      "width": 3840,
      "height": 2160,
      "caption_info": [
        "설화랑 본점(마곡동)",
        "테이블, 등받이의자"
      ]
    },
    {
      "image_id": 3,
      "filename": "561509_0_su_5_설화랑 본점_1_004.png",
      "mapx": 37.559554498142,
      "mapy": 126.837929966546,
      "width": 3840,
      "height": 2160,
      "caption_info": [
        "설화랑 본점(마곡동)",
        "메뉴판"
      ]
    },
    {
      "image_id": 4,
      "filename": "561509_0_su_5_설화랑 본점_1_005.png",
      "mapx": 37.559554498142,
      "mapy": 126.837929966546,
      "width": 3840,
      "height": 2160,
      "caption_info": [
        "설화랑 본점(마곡동)",
        "접시, 물컵"
      ]
    }
  ],
  "annotations": [
    {
      "image_id": 0,
      "question": [
        {
          "question_id": 0,
          "question_type": "정보",
          "question": "이 곳의 주소는 어떻게 되나요?",
          "question_wordNum": 5,
          "answer": "서울 강서구 강서로 381-7 예원빌딩 2층",
          "answer_wordNum": 6,
          "fact": [
            "설화랑 본점,주소,서울 강서구 강서로 381-7 예원빌딩 2층"
          ]
        },
        {
          "question_id": 1,
          "question_type": "관계",
          "question": "이 곳에 인접한 시설이 있나요?",
          "question_wordNum": 5,
          "answer": "발산역 2번 출구, 상아김밥, KB국민은행",
          "answer_wordNum": 5,
          "fact": [
            "설화랑 본점,인접,발산역 2번 출구, 상아김밥, KB국민은행"
          ]
        },
        {
          "question_id": 2,
          "question_type": "정보",
          "question": "영업시간은 어떻게 되나요?",
          "question_wordNum": 3,
          "answer": "11:00~22:00",
          "answer_wordNum": 1,
          "fact": [
            "설화랑 본점,영업시간,11:00~22:00"
          ]
        },
        {
          "question_id": 3,
          "question_type": "정보",
          "question": "휴무일은 어떻게 되나요?",
          "question_wordNum": 3,
          "answer": "공휴일",
          "answer_wordNum": 1,
          "fact": [
            "설화랑 본점,휴무일,공휴일"
          ]
        }
      ]
    },
    {
      "image_id": 1,
      "question": [
        {
          "question_id": 0,
          "question_type": "탐색",
          "question": "주차시설이 있나요?",
          "question_wordNum": 2,
          "answer": "있음",
          "answer_wordNum": 1,
          "fact": [
            "설화랑 본점,주차시설,있음"
          ]
        },
        {
          "question_id": 1,
          "question_type": "정보",
          "question": "이 곳의 주요 메뉴는 무엇이 있나요?",
          "question_wordNum": 6,
          "answer": "숙성 설화등심, 설화 오마카세",
          "answer_wordNum": 4,
          "fact": [
            "설화랑 본점,메뉴,숙성 설화등심, 설화 오마카세"
          ]
        },
        {
          "question_id": 2,
          "question_type": "정보",
          "question": "휴무일은 어떻게 되나요?",
          "question_wordNum": 3,
          "answer": "공휴일",
          "answer_wordNum": 1,
          "fact": [
            "설화랑 본점,휴무일,공휴일"
          ]
        },
        {
          "question_id": 3,
          "question_type": "정보",
          "question": "이 곳의 주소는 어떻게 되나요?",
          "question_wordNum": 5,
          "answer": "서울 강서구 강서로 381-7 예원빌딩 2층",
          "answer_wordNum": 6,
          "fact": [
            "설화랑 본점,주소,서울 강서구 강서로 381-7 예원빌딩 2층"
          ]
        }
      ]
    },
    {
      "image_id": 2,
      "question": [
        {
          "question_id": 0,
          "question_type": "관계",
          "question": "이 곳에 인접한 시설이 있나요?",
          "question_wordNum": 5,
          "answer": "발산역 2번 출구, 상아김밥, KB국민은행",
          "answer_wordNum": 5,
          "fact": [
            "설화랑 본점,인접,발산역 2번 출구, 상아김밥, KB국민은행"
          ]
        },
        {
          "question_id": 1,
          "question_type": "정보",
          "question": "이 곳의 주소는 어떻게 되나요?",
          "question_wordNum": 5,
          "answer": "서울 강서구 강서로 381-7 예원빌딩 2층",
          "answer_wordNum": 6,
          "fact": [
            "설화랑 본점,주소,서울 강서구 강서로 381-7 예원빌딩 2층"
          ]
        },
        {
          "question_id": 2,
          "question_type": "정보",
          "question": "연락처가 어떻게 되나요?",
          "question_wordNum": 3,
          "answer": "0507-1494-9282",
          "answer_wordNum": 1,
          "fact": [
            "설화랑 본점,연락처,0507-1494-9282"
          ]
        },
        {
          "question_id": 3,
          "question_type": "정보",
          "question": "영업시간은 어떻게 되나요?",
          "question_wordNum": 3,
          "answer": "11:00~22:00",
          "answer_wordNum": 1,
          "fact": [
            "설화랑 본점,영업시간,11:00~22:00"
          ]
        }
      ]
    },
    {
      "image_id": 3,
      "question": [
        {
          "question_id": 0,
          "question_type": "탐색",
          "question": "주차시설이 있나요?",
          "question_wordNum": 2,
          "answer": "있음",
          "answer_wordNum": 1,
          "fact": [
            "설화랑 본점,주차시설,있음"
          ]
        },
        {
          "question_id": 1,
          "question_type": "정보",
          "question": "이 곳의 주요 메뉴는 무엇이 있나요?",
          "question_wordNum": 6,
          "answer": "숙성 설화등심, 설화 오마카세",
          "answer_wordNum": 4,
          "fact": [
            "설화랑 본점,메뉴,숙성 설화등심, 설화 오마카세"
          ]
        },
        {
          "question_id": 2,
          "question_type": "정보",
          "question": "휴무일은 어떻게 되나요?",
          "question_wordNum": 3,
          "answer": "공휴일",
          "answer_wordNum": 1,
          "fact": [
            "설화랑 본점,휴무일,공휴일"
          ]
        },
        {
          "question_id": 3,
          "question_type": "정보",
          "question": "영업시간은 어떻게 되나요?",
          "question_wordNum": 3,
          "answer": "11:00~22:00",
          "answer_wordNum": 1,
          "fact": [
            "설화랑 본점,영업시간,11:00~22:00"
          ]
        }
      ]
    },
    {
      "image_id": 4,
      "question": [
        {
          "question_id": 0,
          "question_type": "관계",
          "question": "이 곳에 인접한 시설이 있나요?",
          "question_wordNum": 5,
          "answer": "발산역 2번 출구, 상아김밥, KB국민은행",
          "answer_wordNum": 5,
          "fact": [
            "설화랑 본점,인접,발산역 2번 출구, 상아김밥, KB국민은행"
          ]
        },
        {
          "question_id": 1,
          "question_type": "정보",
          "question": "영업시간은 어떻게 되나요?",
          "question_wordNum": 3,
          "answer": "11:00~22:00",
          "answer_wordNum": 1,
          "fact": [
            "설화랑 본점,영업시간,11:00~22:00"
          ]
        },
        {
          "question_id": 2,
          "question_type": "정보",
          "question": "이 곳의 주소는 어떻게 되나요?",
          "question_wordNum": 5,
          "answer": "서울 강서구 강서로 381-7 예원빌딩 2층",
          "answer_wordNum": 6,
          "fact": [
            "설화랑 본점,주소,서울 강서구 강서로 381-7 예원빌딩 2층"
          ]
        },
        {
          "question_id": 3,
          "question_type": "정보",
          "question": "연락처가 어떻게 되나요?",
          "question_wordNum": 3,
          "answer": "0507-1494-9282",
          "answer_wordNum": 1,
          "fact": [
            "설화랑 본점,연락처,0507-1494-9282"
          ]
        }
      ]
    }
  ]
}