{
  "data": {
    "dataset": "2-083-219",
    "POI_id": "561822",
    "travelType": "음식점",
    "place": "도톤보리식당 공항본점",
    "area": "서울"
  },
  "imageInfo": [
    {
      "image_id": 0,
      "filename": "561822_0_su_5_도톤보리식당 공항본점_1_001.png",
      "mapx": 37.5639876258689,
      "mapy": 126.811955123248,
      "width": 3840,
      "height": 2160,
      "caption_info": [
        "도톤보리식당 공항본점(강서구)",
        "간판"
      ]
    },
    {
      "image_id": 1,
      "filename": "561822_0_su_5_도톤보리식당 공항본점_1_002.png",
      "mapx": 37.5639876258689,
      "mapy": 126.811955123248,
      "width": 3840,
      "height": 2160,
      "caption_info": [
        "도톤보리식당 공항본점(강서구)",
        "간판"
      ]
    },
    {
      "image_id": 2,
      "filename": "561822_0_su_5_도톤보리식당 공항본점_1_003.png",
      "mapx": 37.5639876258689,
      "mapy": 126.811955123248,
      "width": 3840,
      "height": 2160,
      "caption_info": [
        "도톤보리식당 공항본점(강서구)",
        "사각 테이블"
      ]
    },
    {
      "image_id": 3,
      "filename": "561822_0_su_5_도톤보리식당 공항본점_1_004.png",
      "mapx": 37.5639876258689,
      "mapy": 126.811955123248,
      "width": 3840,
      "height": 2160,
      "caption_info": [
        "도톤보리식당 공항본점(강서구)",
        "메뉴판 "
      ]
    },
    {
      "image_id": 4,
      "filename": "561822_0_su_5_도톤보리식당 공항본점_1_005.png",
      "mapx": 37.5639876258689,
      "mapy": 126.811955123248,
      "width": 3840,
      "height": 2160,
      "caption_info": [
        "도톤보리식당 공항본점(강서구)",
        "돈까스 "
      ]
    }
  ],
  "annotations": [
    {
      "image_id": 0,
      "question": [
        {
          "question_id": 0,
          "question_type": "탐색",
          "question": "주차시설이 있는지 알 수 있나요?",
          "question_wordNum": 5,
          "answer": "있음",
          "answer_wordNum": 1,
          "fact": [
            "도톤보리식당 공항본점,주차시설,있음"
          ]
        },
        {
          "question_id": 1,
          "question_type": "관계",
          "question": "이 곳에 인접한 시설이 있나요?",
          "question_wordNum": 5,
          "answer": "공항시장역 3번 출구, 진미밥상, 민스포",
          "answer_wordNum": 5,
          "fact": [
            "도톤보리식당 공항본점,인접,공항시장역 3번 출구, 진미밥상, 민스포"
          ]
        },
        {
          "question_id": 2,
          "question_type": "정보",
          "question": "휴무일은 어떻게 되나요?",
          "question_wordNum": 3,
          "answer": "매주 수요일",
          "answer_wordNum": 2,
          "fact": [
            "도톤보리식당 공항본점,휴무일,매주 수요일"
          ]
        },
        {
          "question_id": 3,
          "question_type": "정보",
          "question": "대표 메뉴가 무엇인가요?",
          "question_wordNum": 3,
          "answer": "냉모밀, 반반까스",
          "answer_wordNum": 2,
          "fact": [
            "도톤보리식당 공항본점,메뉴,냉모밀, 반반까스"
          ]
        }
      ]
    },
    {
      "image_id": 1,
      "question": [
        {
          "question_id": 0,
          "question_type": "정보",
          "question": "이 곳의 주소는 어떻게 되나요?",
          "question_wordNum": 5,
          "answer": "서울 강서구 방화대로21길 83",
          "answer_wordNum": 4,
          "fact": [
            "도톤보리식당 공항본점,주소,서울 강서구 방화대로21길 83"
          ]
        },
        {
          "question_id": 1,
          "question_type": "관계",
          "question": "이 곳에 인접한 시설이 있나요?",
          "question_wordNum": 5,
          "answer": "공항시장역 3번 출구, 진미밥상, 민스포",
          "answer_wordNum": 5,
          "fact": [
            "도톤보리식당 공항본점,인접,공항시장역 3번 출구, 진미밥상, 민스포"
          ]
        },
        {
          "question_id": 2,
          "question_type": "정보",
          "question": "휴무일을 알 수 있나요?",
          "question_wordNum": 4,
          "answer": "매주 수요일",
          "answer_wordNum": 2,
          "fact": [
            "도톤보리식당 공항본점,휴무일,매주 수요일"
          ]
        },
        {
          "question_id": 3,
          "question_type": "정보",
          "question": "대표 메뉴가 무엇인가요?",
          "question_wordNum": 3,
          "answer": "냉모밀, 반반까스",
          "answer_wordNum": 2,
          "fact": [
            "도톤보리식당 공항본점,메뉴,냉모밀, 반반까스"
          ]
        }
      ]
    },
    {
      "image_id": 2,
      "question": [
        {
          "question_id": 0,
          "question_type": "정보",
          "question": "이 곳의 주소는 어떻게 되나요?",
          "question_wordNum": 5,
          "answer": "서울 강서구 방화대로21길 83",
          "answer_wordNum": 4,
          "fact": [
            "도톤보리식당 공항본점,주소,서울 강서구 방화대로21길 83"
          ]
        },
        {
          "question_id": 1,
          "question_type": "관계",
          "question": "이 곳에 인접한 시설을 알 수 있나요?",
          "question_wordNum": 7,
          "answer": "공항시장역 3번 출구, 진미밥상, 민스포",
          "answer_wordNum": 5,
          "fact": [
            "도톤보리식당 공항본점,인접,공항시장역 3번 출구, 진미밥상, 민스포"
          ]
        },
        {
          "question_id": 2,
          "question_type": "정보",
          "question": "이 곳의 메뉴를 알 수 있나요?",
          "question_wordNum": 6,
          "answer": "냉모밀, 반반까스",
          "answer_wordNum": 2,
          "fact": [
            "도톤보리식당 공항본점,메뉴,냉모밀, 반반까스"
          ]
        },
        {
          "question_id": 3,
          "question_type": "정보",
          "question": "연락처가 어떻게 되나요?",
          "question_wordNum": 3,
          "answer": "0507-1303-5736",
          "answer_wordNum": 1,
          "fact": [
            "도톤보리식당 공항본점,연락처,0507-1303-5736"
          ]
        }
      ]
    },
    {
      "image_id": 3,
      "question": [
        {
          "question_id": 0,
          "question_type": "정보",
          "question": "대표 메뉴가 무엇인가요?",
          "question_wordNum": 3,
          "answer": "냉모밀, 반반까스",
          "answer_wordNum": 2,
          "fact": [
            "도톤보리식당 공항본점,메뉴,냉모밀, 반반까스"
          ]
        },
        {
          "question_id": 1,
          "question_type": "정보",
          "question": "이 곳의 주소는 어떻게 되나요?",
          "question_wordNum": 5,
          "answer": "서울 강서구 방화대로21길 83",
          "answer_wordNum": 4,
          "fact": [
            "도톤보리식당 공항본점,주소,서울 강서구 방화대로21길 83"
          ]
        },
        {
          "question_id": 2,
          "question_type": "탐색",
          "question": "주차시설이 있나요?",
          "question_wordNum": 2,
          "answer": "있음",
          "answer_wordNum": 1,
          "fact": [
            "도톤보리식당 공항본점,주차시설,있음"
          ]
        },
        {
          "question_id": 3,
          "question_type": "정보",
          "question": "연락처를 알 수 있나요?",
          "question_wordNum": 4,
          "answer": "0507-1303-5736",
          "answer_wordNum": 1,
          "fact": [
            "도톤보리식당 공항본점,연락처,0507-1303-5736"
          ]
        }
      ]
    },
    {
      "image_id": 4,
      "question": [
        {
          "question_id": 0,
          "question_type": "관계",
          "question": "이 곳에 인접한 시설이 있나요?",
          "question_wordNum": 5,
          "answer": "공항시장역 3번 출구, 진미밥상, 민스포",
          "answer_wordNum": 5,
          "fact": [
            "도톤보리식당 공항본점,인접,공항시장역 3번 출구, 진미밥상, 민스포"
          ]
        },
        {
          "question_id": 1,
          "question_type": "정보",
          "question": "이 곳의 주소는 어떻게 되나요?",
          "question_wordNum": 5,
          "answer": "서울 강서구 방화대로21길 83",
          "answer_wordNum": 4,
          "fact": [
            "도톤보리식당 공항본점,주소,서울 강서구 방화대로21길 83"
          ]
        },
        {
          "question_id": 2,
          "question_type": "탐색",
          "question": "주차시설이 있는지 알 수 있나요?",
          "question_wordNum": 5,
          "answer": "있음",
          "answer_wordNum": 1,
          "fact": [
            "도톤보리식당 공항본점,주차시설,있음"
          ]
        },
        {
          "question_id": 3,
          "question_type": "정보",
          "question": "영업시간을 알 수 있나요?",
          "question_wordNum": 4,
          "answer": "11:00~21:30",
          "answer_wordNum": 1,
          "fact": [
            "도톤보리식당 공항본점,영업시간,11:00~21:30"
          ]
        }
      ]
    }
  ]
}