{
  "data": {
    "dataset": "2-083-219",
    "POI_id": "561773",
    "travelType": "음식점",
    "place": "다래향 ",
    "area": "서울"
  },
  "imageInfo": [
    {
      "image_id": 0,
      "filename": "561773_0_su_5_다래향 _8_001.png",
      "mapx": 37.5576845042108,
      "mapy": 126.838934950863,
      "width": 3840,
      "height": 2160,
      "caption_info": [
        "다래향(강서구) ",
        "간판"
      ]
    },
    {
      "image_id": 1,
      "filename": "561773_0_su_5_다래향 _8_002.png",
      "mapx": 37.5576845042108,
      "mapy": 126.838934950863,
      "width": 3840,
      "height": 2160,
      "caption_info": [
        "다래향(강서구) ",
        "간판"
      ]
    },
    {
      "image_id": 2,
      "filename": "561773_0_su_5_다래향 _8_003.png",
      "mapx": 37.5576845042108,
      "mapy": 126.838934950863,
      "width": 3840,
      "height": 2160,
      "caption_info": [
        "다래향(강서구) ",
        "사각 테이블"
      ]
    },
    {
      "image_id": 3,
      "filename": "561773_0_su_5_다래향 _8_004.png",
      "mapx": 37.5576845042108,
      "mapy": 126.838934950863,
      "width": 3840,
      "height": 2160,
      "caption_info": [
        "다래향(강서구) ",
        "메뉴판 "
      ]
    },
    {
      "image_id": 4,
      "filename": "561773_0_su_5_다래향 _8_005.png",
      "mapx": 37.5576845042108,
      "mapy": 126.838934950863,
      "width": 3840,
      "height": 2160,
      "caption_info": [
        "다래향(강서구) ",
        "젓가락 "
      ]
    }
  ],
  "annotations": [
    {
      "image_id": 0,
      "question": [
        {
          "question_id": 0,
          "question_type": "탐색",
          "question": "주차시설이 있나요?",
          "question_wordNum": 2,
          "answer": "있음",
          "answer_wordNum": 1,
          "fact": [
            "다래향,주차시설,있음"
          ]
        },
        {
          "question_id": 1,
          "question_type": "정보",
          "question": "휴무일을 알 수 있나요?",
          "question_wordNum": 4,
          "answer": "알수없음",
          "answer_wordNum": 1,
          "fact": [
            "다래향,휴무일,알수없음"
          ]
        },
        {
          "question_id": 2,
          "question_type": "정보",
          "question": "이 곳의 메뉴를 알 수 있나요?",
          "question_wordNum": 6,
          "answer": "마라탕, 오향장육",
          "answer_wordNum": 2,
          "fact": [
            "다래향,메뉴,마라탕, 오향장육"
          ]
        },
        {
          "question_id": 3,
          "question_type": "정보",
          "question": "이 곳의 주소는 어떻게 되나요?",
          "question_wordNum": 5,
          "answer": "서울 강서구 강서로52길 16",
          "answer_wordNum": 4,
          "fact": [
            "다래향,주소,서울 강서구 강서로52길 16"
          ]
        }
      ]
    },
    {
      "image_id": 1,
      "question": [
        {
          "question_id": 0,
          "question_type": "정보",
          "question": "영업시간은 어떻게 되나요?",
          "question_wordNum": 3,
          "answer": "알수없음",
          "answer_wordNum": 1,
          "fact": [
            "다래향,영업시간,알수없음"
          ]
        },
        {
          "question_id": 1,
          "question_type": "탐색",
          "question": "주차시설이 있나요?",
          "question_wordNum": 2,
          "answer": "있음",
          "answer_wordNum": 1,
          "fact": [
            "다래향,주차시설,있음"
          ]
        },
        {
          "question_id": 2,
          "question_type": "정보",
          "question": "휴무일을 알 수 있나요?",
          "question_wordNum": 4,
          "answer": "알수없음",
          "answer_wordNum": 1,
          "fact": [
            "다래향,휴무일,알수없음"
          ]
        },
        {
          "question_id": 3,
          "question_type": "정보",
          "question": "연락처가 어떻게 되나요?",
          "question_wordNum": 3,
          "answer": "02-3663-6611",
          "answer_wordNum": 1,
          "fact": [
            "다래향,연락처,02-3663-6611"
          ]
        }
      ]
    },
    {
      "image_id": 2,
      "question": [
        {
          "question_id": 0,
          "question_type": "관계",
          "question": "이 곳에 인접한 시설이 있나요?",
          "question_wordNum": 5,
          "answer": "발산역 5번 출구, 밀동, 세븐일레븐",
          "answer_wordNum": 5,
          "fact": [
            "다래향,인접,발산역 5번 출구, 밀동, 세븐일레븐"
          ]
        },
        {
          "question_id": 1,
          "question_type": "정보",
          "question": "이 곳의 주소를 알 수 있나요?",
          "question_wordNum": 6,
          "answer": "서울 강서구 강서로52길 16",
          "answer_wordNum": 4,
          "fact": [
            "다래향,주소,서울 강서구 강서로52길 16"
          ]
        },
        {
          "question_id": 2,
          "question_type": "정보",
          "question": "영업시간은 어떻게 되나요?",
          "question_wordNum": 3,
          "answer": "알수없음",
          "answer_wordNum": 1,
          "fact": [
            "다래향,영업시간,알수없음"
          ]
        },
        {
          "question_id": 3,
          "question_type": "정보",
          "question": "휴무일을 알 수 있나요?",
          "question_wordNum": 4,
          "answer": "알수없음",
          "answer_wordNum": 1,
          "fact": [
            "다래향,휴무일,알수없음"
          ]
        }
      ]
    },
    {
      "image_id": 3,
      "question": [
        {
          "question_id": 0,
          "question_type": "관계",
          "question": "이 곳에 인접한 시설이 있나요?",
          "question_wordNum": 5,
          "answer": "발산역 5번 출구, 밀동, 세븐일레븐",
          "answer_wordNum": 5,
          "fact": [
            "다래향,인접,발산역 5번 출구, 밀동, 세븐일레븐"
          ]
        },
        {
          "question_id": 1,
          "question_type": "정보",
          "question": "휴무일을 알 수 있나요?",
          "question_wordNum": 4,
          "answer": "알수없음",
          "answer_wordNum": 1,
          "fact": [
            "다래향,휴무일,알수없음"
          ]
        },
        {
          "question_id": 2,
          "question_type": "정보",
          "question": "영업시간은 어떻게 되나요?",
          "question_wordNum": 3,
          "answer": "알수없음",
          "answer_wordNum": 1,
          "fact": [
            "다래향,영업시간,알수없음"
          ]
        },
        {
          "question_id": 3,
          "question_type": "정보",
          "question": "대표 메뉴가 무엇인가요?",
          "question_wordNum": 3,
          "answer": "마라탕, 오향장육",
          "answer_wordNum": 2,
          "fact": [
            "다래향,메뉴,마라탕, 오향장육"
          ]
        }
      ]
    },
    {
      "image_id": 4,
      "question": [
        {
          "question_id": 0,
          "question_type": "정보",
          "question": "이 곳의 메뉴를 알 수 있나요?",
          "question_wordNum": 6,
          "answer": "마라탕, 오향장육",
          "answer_wordNum": 2,
          "fact": [
            "다래향,메뉴,마라탕, 오향장육"
          ]
        },
        {
          "question_id": 1,
          "question_type": "정보",
          "question": "이 곳의 주소는 어떻게 되나요?",
          "question_wordNum": 5,
          "answer": "서울 강서구 강서로52길 16",
          "answer_wordNum": 4,
          "fact": [
            "다래향,주소,서울 강서구 강서로52길 16"
          ]
        },
        {
          "question_id": 2,
          "question_type": "탐색",
          "question": "주차시설이 있는지 알 수 있나요?",
          "question_wordNum": 5,
          "answer": "있음",
          "answer_wordNum": 1,
          "fact": [
            "다래향,주차시설,있음"
          ]
        },
        {
          "question_id": 3,
          "question_type": "관계",
          "question": "이 곳에 인접한 시설이 있나요?",
          "question_wordNum": 5,
          "answer": "발산역 5번 출구, 밀동, 세븐일레븐",
          "answer_wordNum": 5,
          "fact": [
            "다래향,인접,발산역 5번 출구, 밀동, 세븐일레븐"
          ]
        }
      ]
    }
  ]
}