{
  "data": {
    "dataset": "2-083-219",
    "POI_id": "561812",
    "travelType": "음식점",
    "place": "김돈이 공항점",
    "area": "서울"
  },
  "imageInfo": [
    {
      "image_id": 0,
      "filename": "561812_0_su_5_김돈이 공항점_1_001.png",
      "mapx": 37.5626871447124,
      "mapy": 126.810219091149,
      "width": 3840,
      "height": 2160,
      "caption_info": [
        "김돈이 공항점(강서구)",
        "간판"
      ]
    },
    {
      "image_id": 1,
      "filename": "561812_0_su_5_김돈이 공항점_1_002.png",
      "mapx": 37.5626871447124,
      "mapy": 126.810219091149,
      "width": 3840,
      "height": 2160,
      "caption_info": [
        "김돈이 공항점(강서구)",
        "간판"
      ]
    },
    {
      "image_id": 2,
      "filename": "561812_0_su_5_김돈이 공항점_1_003.png",
      "mapx": 37.5626871447124,
      "mapy": 126.810219091149,
      "width": 3840,
      "height": 2160,
      "caption_info": [
        "김돈이 공항점(강서구)",
        "의자 "
      ]
    },
    {
      "image_id": 3,
      "filename": "561812_0_su_5_김돈이 공항점_1_004.png",
      "mapx": 37.5626871447124,
      "mapy": 126.810219091149,
      "width": 3840,
      "height": 2160,
      "caption_info": [
        "김돈이 공항점(강서구)",
        "메뉴판 "
      ]
    },
    {
      "image_id": 4,
      "filename": "561812_0_su_5_김돈이 공항점_1_005.png",
      "mapx": 37.5626871447124,
      "mapy": 126.810219091149,
      "width": 3840,
      "height": 2160,
      "caption_info": [
        "김돈이 공항점(강서구)",
        "고기"
      ]
    }
  ],
  "annotations": [
    {
      "image_id": 0,
      "question": [
        {
          "question_id": 0,
          "question_type": "정보",
          "question": "이 곳의 주소는 어떻게 되나요?",
          "question_wordNum": 5,
          "answer": "서울 강서구 공항대로3길 25",
          "answer_wordNum": 4,
          "fact": [
            "김돈이 공항점,주소,서울 강서구 공항대로3길 25"
          ]
        },
        {
          "question_id": 1,
          "question_type": "정보",
          "question": "휴무일을 알 수 있나요?",
          "question_wordNum": 4,
          "answer": "알수없음",
          "answer_wordNum": 1,
          "fact": [
            "김돈이 공항점,휴무일,알수없음"
          ]
        },
        {
          "question_id": 2,
          "question_type": "정보",
          "question": "이 곳의 메뉴를 알 수 있나요?",
          "question_wordNum": 6,
          "answer": "제주백도새기, 제주흑도새기",
          "answer_wordNum": 2,
          "fact": [
            "김돈이 공항점,메뉴,제주백도새기, 제주흑도새기"
          ]
        },
        {
          "question_id": 3,
          "question_type": "관계",
          "question": "이 곳에 인접한 시설이 있나요?",
          "question_wordNum": 5,
          "answer": "공항시장역 4번 출구, 송정초등학교, 잔치잔치, 마디쪼",
          "answer_wordNum": 6,
          "fact": [
            "김돈이 공항점,인접,공항시장역 4번 출구, 송정초등학교, 잔치잔치, 마디쪼"
          ]
        }
      ]
    },
    {
      "image_id": 1,
      "question": [
        {
          "question_id": 0,
          "question_type": "정보",
          "question": "연락처가 어떻게 되나요?",
          "question_wordNum": 3,
          "answer": "02-2661-8292",
          "answer_wordNum": 1,
          "fact": [
            "김돈이 공항점,연락처,02-2661-8292"
          ]
        },
        {
          "question_id": 1,
          "question_type": "정보",
          "question": "영업시간은 어떻게 되나요?",
          "question_wordNum": 3,
          "answer": "16:30~22:30",
          "answer_wordNum": 1,
          "fact": [
            "김돈이 공항점,영업시간,16:30~22:30"
          ]
        },
        {
          "question_id": 2,
          "question_type": "정보",
          "question": "휴무일을 알 수 있나요?",
          "question_wordNum": 4,
          "answer": "알수없음",
          "answer_wordNum": 1,
          "fact": [
            "김돈이 공항점,휴무일,알수없음"
          ]
        },
        {
          "question_id": 3,
          "question_type": "관계",
          "question": "이 곳에 인접한 시설이 있나요?",
          "question_wordNum": 5,
          "answer": "공항시장역 4번 출구, 송정초등학교, 잔치잔치, 마디쪼",
          "answer_wordNum": 6,
          "fact": [
            "김돈이 공항점,인접,공항시장역 4번 출구, 송정초등학교, 잔치잔치, 마디쪼"
          ]
        }
      ]
    },
    {
      "image_id": 2,
      "question": [
        {
          "question_id": 0,
          "question_type": "정보",
          "question": "연락처가 어떻게 되나요?",
          "question_wordNum": 3,
          "answer": "02-2661-8292",
          "answer_wordNum": 1,
          "fact": [
            "김돈이 공항점,연락처,02-2661-8292"
          ]
        },
        {
          "question_id": 1,
          "question_type": "정보",
          "question": "휴무일을 알 수 있나요?",
          "question_wordNum": 4,
          "answer": "알수없음",
          "answer_wordNum": 1,
          "fact": [
            "김돈이 공항점,휴무일,알수없음"
          ]
        },
        {
          "question_id": 2,
          "question_type": "정보",
          "question": "이 곳의 주소는 어떻게 되나요?",
          "question_wordNum": 5,
          "answer": "서울 강서구 공항대로3길 25",
          "answer_wordNum": 4,
          "fact": [
            "김돈이 공항점,주소,서울 강서구 공항대로3길 25"
          ]
        },
        {
          "question_id": 3,
          "question_type": "정보",
          "question": "영업시간을 알 수 있나요?",
          "question_wordNum": 4,
          "answer": "16:30~22:30",
          "answer_wordNum": 1,
          "fact": [
            "김돈이 공항점,영업시간,16:30~22:30"
          ]
        }
      ]
    },
    {
      "image_id": 3,
      "question": [
        {
          "question_id": 0,
          "question_type": "탐색",
          "question": "주차시설이 있나요?",
          "question_wordNum": 2,
          "answer": "있음",
          "answer_wordNum": 1,
          "fact": [
            "김돈이 공항점,주차시설,있음"
          ]
        },
        {
          "question_id": 1,
          "question_type": "정보",
          "question": "이 곳의 주소는 어떻게 되나요?",
          "question_wordNum": 5,
          "answer": "서울 강서구 공항대로3길 25",
          "answer_wordNum": 4,
          "fact": [
            "김돈이 공항점,주소,서울 강서구 공항대로3길 25"
          ]
        },
        {
          "question_id": 2,
          "question_type": "정보",
          "question": "영업시간은 어떻게 되나요?",
          "question_wordNum": 3,
          "answer": "16:30~22:30",
          "answer_wordNum": 1,
          "fact": [
            "김돈이 공항점,영업시간,16:30~22:30"
          ]
        },
        {
          "question_id": 3,
          "question_type": "정보",
          "question": "휴무일은 어떻게 되나요?",
          "question_wordNum": 3,
          "answer": "알수없음",
          "answer_wordNum": 1,
          "fact": [
            "김돈이 공항점,휴무일,알수없음"
          ]
        }
      ]
    },
    {
      "image_id": 4,
      "question": [
        {
          "question_id": 0,
          "question_type": "관계",
          "question": "이 곳에 인접한 시설이 있나요?",
          "question_wordNum": 5,
          "answer": "공항시장역 4번 출구, 송정초등학교, 잔치잔치, 마디쪼",
          "answer_wordNum": 6,
          "fact": [
            "김돈이 공항점,인접,공항시장역 4번 출구, 송정초등학교, 잔치잔치, 마디쪼"
          ]
        },
        {
          "question_id": 1,
          "question_type": "정보",
          "question": "이 곳의 주소는 어떻게 되나요?",
          "question_wordNum": 5,
          "answer": "서울 강서구 공항대로3길 25",
          "answer_wordNum": 4,
          "fact": [
            "김돈이 공항점,주소,서울 강서구 공항대로3길 25"
          ]
        },
        {
          "question_id": 2,
          "question_type": "탐색",
          "question": "주차시설이 있는지 알 수 있나요?",
          "question_wordNum": 5,
          "answer": "있음",
          "answer_wordNum": 1,
          "fact": [
            "김돈이 공항점,주차시설,있음"
          ]
        },
        {
          "question_id": 3,
          "question_type": "정보",
          "question": "대표 메뉴가 무엇인가요?",
          "question_wordNum": 3,
          "answer": "제주백도새기, 제주흑도새기",
          "answer_wordNum": 2,
          "fact": [
            "김돈이 공항점,메뉴,제주백도새기, 제주흑도새기"
          ]
        }
      ]
    }
  ]
}