{
  "data": {
    "dataset": "2-083-219",
    "POI_id": "561667",
    "travelType": "음식점",
    "place": "원조부안집 마곡직영점",
    "area": "서울"
  },
  "imageInfo": [
    {
      "image_id": 0,
      "filename": "561667_0_su_5_원조부안집 마곡직영점_1_001.png",
      "mapx": 37.5598879504334,
      "mapy": 126.829169795133,
      "width": 3840,
      "height": 2160,
      "caption_info": [
        "원조부안집 마곡직영점(마곡동)",
        "간판, 메뉴판"
      ]
    },
    {
      "image_id": 1,
      "filename": "561667_0_su_5_원조부안집 마곡직영점_1_002.png",
      "mapx": 37.5598879504334,
      "mapy": 126.829169795133,
      "width": 3840,
      "height": 2160,
      "caption_info": [
        "원조부안집 마곡직영점(마곡동)",
        "건물, 간판, 파라솔"
      ]
    },
    {
      "image_id": 2,
      "filename": "561667_0_su_5_원조부안집 마곡직영점_1_003.png",
      "mapx": 37.5598879504334,
      "mapy": 126.829169795133,
      "width": 3840,
      "height": 2160,
      "caption_info": [
        "원조부안집 마곡직영점(마곡동)",
        "테이블, 스툴의자\n"
      ]
    },
    {
      "image_id": 3,
      "filename": "561667_0_su_5_원조부안집 마곡직영점_1_004.png",
      "mapx": 37.5598879504334,
      "mapy": 126.829169795133,
      "width": 3840,
      "height": 2160,
      "caption_info": [
        "원조부안집 마곡직영점(마곡동)",
        "메뉴판\n"
      ]
    },
    {
      "image_id": 4,
      "filename": "561667_0_su_5_원조부안집 마곡직영점_1_005.png",
      "mapx": 37.5598879504334,
      "mapy": 126.829169795133,
      "width": 3840,
      "height": 2160,
      "caption_info": [
        "원조부안집 마곡직영점(마곡동)",
        "목살"
      ]
    }
  ],
  "annotations": [
    {
      "image_id": 0,
      "question": [
        {
          "question_id": 0,
          "question_type": "관계",
          "question": "이 곳에 인접한 시설을 알 수 있나요?",
          "question_wordNum": 7,
          "answer": "마곡역 3번 출구, 이디야커피, 죠샌드위치",
          "answer_wordNum": 5,
          "fact": [
            "원조부안집 마곡직영점,인접,마곡역 3번 출구, 이디야커피, 죠샌드위치"
          ]
        },
        {
          "question_id": 1,
          "question_type": "정보",
          "question": "영업시간을 알 수 있나요?",
          "question_wordNum": 4,
          "answer": "11:00/13:00~23:00",
          "answer_wordNum": 1,
          "fact": [
            "원조부안집 마곡직영점,영업시간,11:00/13:00~23:00"
          ]
        },
        {
          "question_id": 2,
          "question_type": "정보",
          "question": "연락처를 알 수 있나요?",
          "question_wordNum": 4,
          "answer": "0507-1495-8308",
          "answer_wordNum": 1,
          "fact": [
            "원조부안집 마곡직영점,연락처,0507-1495-8308"
          ]
        },
        {
          "question_id": 3,
          "question_type": "정보",
          "question": "이 곳의 대표적인 메뉴를 알 수 있나요?",
          "question_wordNum": 7,
          "answer": "육즙목살, 쫀득살",
          "answer_wordNum": 2,
          "fact": [
            "원조부안집 마곡직영점,메뉴,육즙목살, 쫀득살"
          ]
        }
      ]
    },
    {
      "image_id": 1,
      "question": [
        {
          "question_id": 0,
          "question_type": "정보",
          "question": "이 곳의 주소를 알 수 있나요?",
          "question_wordNum": 6,
          "answer": "서울 강서구 공항대로 195 힐스테이트에코동익 상가동 101동 1층 129호",
          "answer_wordNum": 9,
          "fact": [
            "원조부안집 마곡직영점,주소,서울 강서구 공항대로 195 힐스테이트에코동익 상가동 101동 1층 129호"
          ]
        },
        {
          "question_id": 1,
          "question_type": "정보",
          "question": "연락처를 알 수 있나요?",
          "question_wordNum": 4,
          "answer": "0507-1495-8308",
          "answer_wordNum": 1,
          "fact": [
            "원조부안집 마곡직영점,연락처,0507-1495-8308"
          ]
        },
        {
          "question_id": 2,
          "question_type": "정보",
          "question": "영업시간은 어떻게 되나요?",
          "question_wordNum": 3,
          "answer": "11:00/13:00~23:00",
          "answer_wordNum": 1,
          "fact": [
            "원조부안집 마곡직영점,영업시간,11:00/13:00~23:00"
          ]
        },
        {
          "question_id": 3,
          "question_type": "탐색",
          "question": "주차시설이 있나요?",
          "question_wordNum": 2,
          "answer": "있음",
          "answer_wordNum": 1,
          "fact": [
            "원조부안집 마곡직영점,주차시설,있음"
          ]
        }
      ]
    },
    {
      "image_id": 2,
      "question": [
        {
          "question_id": 0,
          "question_type": "정보",
          "question": "이 곳의 주요 메뉴는 무엇이 있나요?",
          "question_wordNum": 6,
          "answer": "육즙목살, 쫀득살",
          "answer_wordNum": 2,
          "fact": [
            "원조부안집 마곡직영점,메뉴,육즙목살, 쫀득살"
          ]
        },
        {
          "question_id": 1,
          "question_type": "정보",
          "question": "연락처가 어떻게 되나요?",
          "question_wordNum": 3,
          "answer": "0507-1495-8308",
          "answer_wordNum": 1,
          "fact": [
            "원조부안집 마곡직영점,연락처,0507-1495-8308"
          ]
        },
        {
          "question_id": 2,
          "question_type": "관계",
          "question": "이 곳에 인접한 시설을 알 수 있나요?",
          "question_wordNum": 7,
          "answer": "마곡역 3번 출구, 이디야커피, 죠샌드위치",
          "answer_wordNum": 5,
          "fact": [
            "원조부안집 마곡직영점,인접,마곡역 3번 출구, 이디야커피, 죠샌드위치"
          ]
        },
        {
          "question_id": 3,
          "question_type": "정보",
          "question": "휴무일을 알 수 있나요?",
          "question_wordNum": 4,
          "answer": "없음",
          "answer_wordNum": 1,
          "fact": [
            "원조부안집 마곡직영점,휴무일,없음"
          ]
        }
      ]
    },
    {
      "image_id": 3,
      "question": [
        {
          "question_id": 0,
          "question_type": "관계",
          "question": "이 곳에 인접한 시설을 알 수 있나요?",
          "question_wordNum": 7,
          "answer": "마곡역 3번 출구, 이디야커피, 죠샌드위치",
          "answer_wordNum": 5,
          "fact": [
            "원조부안집 마곡직영점,인접,마곡역 3번 출구, 이디야커피, 죠샌드위치"
          ]
        },
        {
          "question_id": 1,
          "question_type": "정보",
          "question": "이 곳의 대표적인 메뉴는 무엇이 있나요?",
          "question_wordNum": 6,
          "answer": "육즙목살, 쫀득살",
          "answer_wordNum": 2,
          "fact": [
            "원조부안집 마곡직영점,메뉴,육즙목살, 쫀득살"
          ]
        },
        {
          "question_id": 2,
          "question_type": "탐색",
          "question": "주차시설이 있나요?",
          "question_wordNum": 2,
          "answer": "있음",
          "answer_wordNum": 1,
          "fact": [
            "원조부안집 마곡직영점,주차시설,있음"
          ]
        },
        {
          "question_id": 3,
          "question_type": "정보",
          "question": "영업시간은 어떻게 되나요?",
          "question_wordNum": 3,
          "answer": "11:00/13:00~23:00",
          "answer_wordNum": 1,
          "fact": [
            "원조부안집 마곡직영점,영업시간,11:00/13:00~23:00"
          ]
        }
      ]
    },
    {
      "image_id": 4,
      "question": [
        {
          "question_id": 0,
          "question_type": "정보",
          "question": "휴무일은 어떻게 되나요?",
          "question_wordNum": 3,
          "answer": "없음",
          "answer_wordNum": 1,
          "fact": [
            "원조부안집 마곡직영점,휴무일,없음"
          ]
        },
        {
          "question_id": 1,
          "question_type": "탐색",
          "question": "주차시설이 있나요?",
          "question_wordNum": 2,
          "answer": "있음",
          "answer_wordNum": 1,
          "fact": [
            "원조부안집 마곡직영점,주차시설,있음"
          ]
        },
        {
          "question_id": 2,
          "question_type": "정보",
          "question": "연락처가 어떻게 되나요?",
          "question_wordNum": 3,
          "answer": "0507-1495-8308",
          "answer_wordNum": 1,
          "fact": [
            "원조부안집 마곡직영점,연락처,0507-1495-8308"
          ]
        },
        {
          "question_id": 3,
          "question_type": "관계",
          "question": "이 곳에 인접한 시설을 알 수 있나요?",
          "question_wordNum": 7,
          "answer": "마곡역 3번 출구, 이디야커피, 죠샌드위치",
          "answer_wordNum": 5,
          "fact": [
            "원조부안집 마곡직영점,인접,마곡역 3번 출구, 이디야커피, 죠샌드위치"
          ]
        }
      ]
    }
  ]
}