{
  "data": {
    "dataset": "2-083-219",
    "POI_id": "561472",
    "travelType": "음식점",
    "place": "서울홍성원 ",
    "area": "서울"
  },
  "imageInfo": [
    {
      "image_id": 0,
      "filename": "561472_0_su_5_서울홍성원 _1_001.png",
      "mapx": 37.5588934901654,
      "mapy": 126.830272839065,
      "width": 3840,
      "height": 2160,
      "caption_info": [
        "서울홍성원(마곡동)",
        "간판, 자동문"
      ]
    },
    {
      "image_id": 1,
      "filename": "561472_0_su_5_서울홍성원 _1_002.png",
      "mapx": 37.5588934901654,
      "mapy": 126.830272839065,
      "width": 3840,
      "height": 2160,
      "caption_info": [
        "서울홍성원(마곡동)",
        "간판, 건물"
      ]
    },
    {
      "image_id": 2,
      "filename": "561472_0_su_5_서울홍성원 _1_003.png",
      "mapx": 37.5588934901654,
      "mapy": 126.830272839065,
      "width": 3840,
      "height": 2160,
      "caption_info": [
        "서울홍성원(마곡동)",
        "조명, 거울"
      ]
    },
    {
      "image_id": 3,
      "filename": "561472_0_su_5_서울홍성원 _1_004.png",
      "mapx": 37.5588934901654,
      "mapy": 126.830272839065,
      "width": 3840,
      "height": 2160,
      "caption_info": [
        "서울홍성원(마곡동)",
        "메뉴판"
      ]
    },
    {
      "image_id": 4,
      "filename": "561472_0_su_5_서울홍성원 _1_005.png",
      "mapx": 37.5588934901654,
      "mapy": 126.830272839065,
      "width": 3840,
      "height": 2160,
      "caption_info": [
        "서울홍성원(마곡동)",
        "짬뽕"
      ]
    }
  ],
  "annotations": [
    {
      "image_id": 0,
      "question": [
        {
          "question_id": 0,
          "question_type": "정보",
          "question": "이 곳의 주요 메뉴는 무엇이 있나요?",
          "question_wordNum": 6,
          "answer": "유니자장, 고추간자장",
          "answer_wordNum": 2,
          "fact": [
            "서울홍성원,메뉴,유니자장, 고추간자장"
          ]
        },
        {
          "question_id": 1,
          "question_type": "탐색",
          "question": "주차시설이 있나요?",
          "question_wordNum": 2,
          "answer": "있음",
          "answer_wordNum": 1,
          "fact": [
            "서울홍성원,주차시설,있음"
          ]
        },
        {
          "question_id": 2,
          "question_type": "정보",
          "question": "영업시간은 몇시부터 몇시까지로 기재되어 있나요?",
          "question_wordNum": 5,
          "answer": "11:00~21:30",
          "answer_wordNum": 1,
          "fact": [
            "서울홍성원,영업시간,11:00~21:30"
          ]
        },
        {
          "question_id": 3,
          "question_type": "정보",
          "question": "연락처가 어떻게 되나요?",
          "question_wordNum": 3,
          "answer": "02-2662-8870",
          "answer_wordNum": 1,
          "fact": [
            "서울홍성원,연락처,02-2662-8870"
          ]
        }
      ]
    },
    {
      "image_id": 1,
      "question": [
        {
          "question_id": 0,
          "question_type": "정보",
          "question": "휴무일은 어떻게 되나요?",
          "question_wordNum": 3,
          "answer": "매주 일요일",
          "answer_wordNum": 2,
          "fact": [
            "서울홍성원,휴무일,매주 일요일"
          ]
        },
        {
          "question_id": 1,
          "question_type": "관계",
          "question": "이 곳에 인접한 시설이 있나요?",
          "question_wordNum": 5,
          "answer": "마곡역 4번 출구, 김비타약국, 오늘의한끼",
          "answer_wordNum": 5,
          "fact": [
            "서울홍성원,인접,마곡역 4번 출구, 김비타약국, 오늘의한끼"
          ]
        },
        {
          "question_id": 2,
          "question_type": "탐색",
          "question": "주차시설이 있나요?",
          "question_wordNum": 2,
          "answer": "있음",
          "answer_wordNum": 1,
          "fact": [
            "서울홍성원,주차시설,있음"
          ]
        },
        {
          "question_id": 3,
          "question_type": "정보",
          "question": "이 곳의 주소는 어떻게 되나요?",
          "question_wordNum": 5,
          "answer": "서울 강서구 공항대로 206 나인스퀘어 2층",
          "answer_wordNum": 6,
          "fact": [
            "서울홍성원,주소,서울 강서구 공항대로 206 나인스퀘어 2층"
          ]
        }
      ]
    },
    {
      "image_id": 2,
      "question": [
        {
          "question_id": 0,
          "question_type": "탐색",
          "question": "주차시설이 있나요?",
          "question_wordNum": 2,
          "answer": "있음",
          "answer_wordNum": 1,
          "fact": [
            "서울홍성원,주차시설,있음"
          ]
        },
        {
          "question_id": 1,
          "question_type": "정보",
          "question": "영업시간은 어떻게 되나요?",
          "question_wordNum": 3,
          "answer": "11:00~21:30",
          "answer_wordNum": 1,
          "fact": [
            "서울홍성원,영업시간,11:00~21:30"
          ]
        },
        {
          "question_id": 2,
          "question_type": "정보",
          "question": "이 곳의 주요 메뉴는 무엇이 있나요?",
          "question_wordNum": 6,
          "answer": "유니자장, 고추간자장",
          "answer_wordNum": 2,
          "fact": [
            "서울홍성원,메뉴,유니자장, 고추간자장"
          ]
        },
        {
          "question_id": 3,
          "question_type": "정보",
          "question": "연락처가 어떻게 되나요?",
          "question_wordNum": 3,
          "answer": "02-2662-8870",
          "answer_wordNum": 1,
          "fact": [
            "서울홍성원,연락처,02-2662-8870"
          ]
        }
      ]
    },
    {
      "image_id": 3,
      "question": [
        {
          "question_id": 0,
          "question_type": "정보",
          "question": "영업시간은 어떻게 되나요?",
          "question_wordNum": 3,
          "answer": "11:00~21:30",
          "answer_wordNum": 1,
          "fact": [
            "서울홍성원,영업시간,11:00~21:30"
          ]
        },
        {
          "question_id": 1,
          "question_type": "정보",
          "question": "이 곳의 대표적인 메뉴는 무엇이 있나요?",
          "question_wordNum": 6,
          "answer": "유니자장, 고추간자장",
          "answer_wordNum": 2,
          "fact": [
            "서울홍성원,메뉴,유니자장, 고추간자장"
          ]
        },
        {
          "question_id": 2,
          "question_type": "정보",
          "question": "연락처가 어떻게 되나요?",
          "question_wordNum": 3,
          "answer": "02-2662-8870",
          "answer_wordNum": 1,
          "fact": [
            "서울홍성원,연락처,02-2662-8870"
          ]
        },
        {
          "question_id": 3,
          "question_type": "정보",
          "question": "휴무일은 어떻게 되나요?",
          "question_wordNum": 3,
          "answer": "매주 일요일",
          "answer_wordNum": 2,
          "fact": [
            "서울홍성원,휴무일,매주 일요일"
          ]
        }
      ]
    },
    {
      "image_id": 4,
      "question": [
        {
          "question_id": 0,
          "question_type": "정보",
          "question": "이 곳의 주요 메뉴는 무엇이 있나요?",
          "question_wordNum": 6,
          "answer": "유니자장, 고추간자장",
          "answer_wordNum": 2,
          "fact": [
            "서울홍성원,메뉴,유니자장, 고추간자장"
          ]
        },
        {
          "question_id": 1,
          "question_type": "관계",
          "question": "이 곳에 인접한 시설이 있나요?",
          "question_wordNum": 5,
          "answer": "마곡역 4번 출구, 김비타약국, 오늘의한끼",
          "answer_wordNum": 5,
          "fact": [
            "서울홍성원,인접,마곡역 4번 출구, 김비타약국, 오늘의한끼"
          ]
        },
        {
          "question_id": 2,
          "question_type": "정보",
          "question": "이 곳의 주소는 어떻게 되나요?",
          "question_wordNum": 5,
          "answer": "서울 강서구 공항대로 206 나인스퀘어 2층",
          "answer_wordNum": 6,
          "fact": [
            "서울홍성원,주소,서울 강서구 공항대로 206 나인스퀘어 2층"
          ]
        },
        {
          "question_id": 3,
          "question_type": "정보",
          "question": "이곳은 어떤 곳인가요?",
          "question_wordNum": 3,
          "answer": "중식당",
          "answer_wordNum": 1,
          "fact": [
            "서울홍성원,이다,중식당"
          ]
        }
      ]
    }
  ]
}