{
  "data": {
    "dataset": "2-083-219",
    "POI_id": "561471",
    "travelType": "음식점",
    "place": "가마메시야 울림 ",
    "area": "서울"
  },
  "imageInfo": [
    {
      "image_id": 0,
      "filename": "561471_0_su_5_가마메시야 울림 _1_001.png",
      "mapx": 37.5603955888014,
      "mapy": 126.827508501448,
      "width": 3840,
      "height": 2160,
      "caption_info": [
        "가마메시야 울림(강서구) ",
        "화분, 간판 "
      ]
    },
    {
      "image_id": 1,
      "filename": "561471_0_su_5_가마메시야 울림 _1_002.png",
      "mapx": 37.5603955888014,
      "mapy": 126.827508501448,
      "width": 3840,
      "height": 2160,
      "caption_info": [
        "가마메시야 울림(강서구) ",
        "간판"
      ]
    },
    {
      "image_id": 2,
      "filename": "561471_0_su_5_가마메시야 울림 _1_003.png",
      "mapx": 37.5603955888014,
      "mapy": 126.827508501448,
      "width": 3840,
      "height": 2160,
      "caption_info": [
        "가마메시야 울림(강서구) ",
        "등받이 의자"
      ]
    },
    {
      "image_id": 3,
      "filename": "561471_0_su_5_가마메시야 울림 _1_004.png",
      "mapx": 37.5603955888014,
      "mapy": 126.827508501448,
      "width": 3840,
      "height": 2160,
      "caption_info": [
        "가마메시야 울림(강서구) ",
        "메뉴판 "
      ]
    },
    {
      "image_id": 4,
      "filename": "561471_0_su_5_가마메시야 울림 _1_005.png",
      "mapx": 37.5603955888014,
      "mapy": 126.827508501448,
      "width": 3840,
      "height": 2160,
      "caption_info": [
        "가마메시야 울림(강서구) ",
        "접시 "
      ]
    }
  ],
  "annotations": [
    {
      "image_id": 0,
      "question": [
        {
          "question_id": 0,
          "question_type": "정보",
          "question": "이 곳의 주소를 알 수 있나요?",
          "question_wordNum": 6,
          "answer": "서울 강서구 마곡중앙로 76",
          "answer_wordNum": 4,
          "fact": [
            "가마메시야 울림,주소,서울 강서구 마곡중앙로 76"
          ]
        },
        {
          "question_id": 1,
          "question_type": "정보",
          "question": "이 곳의 메뉴를 알 수 있나요?",
          "question_wordNum": 6,
          "answer": "도화새우, 우니한판",
          "answer_wordNum": 2,
          "fact": [
            "가마메시야 울림,메뉴,도화새우, 우니한판"
          ]
        },
        {
          "question_id": 2,
          "question_type": "탐색",
          "question": "주차시설이 있나요?",
          "question_wordNum": 2,
          "answer": "있음",
          "answer_wordNum": 1,
          "fact": [
            "가마메시야 울림,주차시설,있음"
          ]
        },
        {
          "question_id": 3,
          "question_type": "정보",
          "question": "연락처가 어떻게 되나요?",
          "question_wordNum": 3,
          "answer": "010-6293-3376",
          "answer_wordNum": 1,
          "fact": [
            "가마메시야 울림,연락처,010-6293-3376"
          ]
        }
      ]
    },
    {
      "image_id": 1,
      "question": [
        {
          "question_id": 0,
          "question_type": "정보",
          "question": "이 곳의 주소를 알 수 있나요?",
          "question_wordNum": 6,
          "answer": "서울 강서구 마곡중앙로 76",
          "answer_wordNum": 4,
          "fact": [
            "가마메시야 울림,주소,서울 강서구 마곡중앙로 76"
          ]
        },
        {
          "question_id": 1,
          "question_type": "정보",
          "question": "영업시간을 알 수 있나요?",
          "question_wordNum": 4,
          "answer": "11:30~21:30",
          "answer_wordNum": 1,
          "fact": [
            "가마메시야 울림,영업시간,11:30~21:30"
          ]
        },
        {
          "question_id": 2,
          "question_type": "관계",
          "question": "이 곳에 인접한 시설이 있나요?",
          "question_wordNum": 5,
          "answer": "마곡역 3번 출구, 더 동네, GS25",
          "answer_wordNum": 6,
          "fact": [
            "가마메시야 울림,인접,마곡역 3번 출구, 더 동네, GS25"
          ]
        },
        {
          "question_id": 3,
          "question_type": "정보",
          "question": "연락처가 어떻게 되나요?",
          "question_wordNum": 3,
          "answer": "010-6293-3376",
          "answer_wordNum": 1,
          "fact": [
            "가마메시야 울림,연락처,010-6293-3376"
          ]
        }
      ]
    },
    {
      "image_id": 2,
      "question": [
        {
          "question_id": 0,
          "question_type": "정보",
          "question": "이 곳의 메뉴를 알 수 있나요?",
          "question_wordNum": 6,
          "answer": "도화새우, 우니한판",
          "answer_wordNum": 2,
          "fact": [
            "가마메시야 울림,메뉴,도화새우, 우니한판"
          ]
        },
        {
          "question_id": 1,
          "question_type": "탐색",
          "question": "주차시설이 있나요?",
          "question_wordNum": 2,
          "answer": "있음",
          "answer_wordNum": 1,
          "fact": [
            "가마메시야 울림,주차시설,있음"
          ]
        },
        {
          "question_id": 2,
          "question_type": "정보",
          "question": "이 곳의 주소를 알 수 있나요?",
          "question_wordNum": 6,
          "answer": "서울 강서구 마곡중앙로 76",
          "answer_wordNum": 4,
          "fact": [
            "가마메시야 울림,주소,서울 강서구 마곡중앙로 76"
          ]
        },
        {
          "question_id": 3,
          "question_type": "정보",
          "question": "영업시간은 어떻게 되나요?",
          "question_wordNum": 3,
          "answer": "11:30~21:30",
          "answer_wordNum": 1,
          "fact": [
            "가마메시야 울림,영업시간,11:30~21:30"
          ]
        }
      ]
    },
    {
      "image_id": 3,
      "question": [
        {
          "question_id": 0,
          "question_type": "정보",
          "question": "대표 메뉴가 무엇인가요?",
          "question_wordNum": 3,
          "answer": "도화새우, 우니한판",
          "answer_wordNum": 2,
          "fact": [
            "가마메시야 울림,메뉴,도화새우, 우니한판"
          ]
        },
        {
          "question_id": 1,
          "question_type": "정보",
          "question": "영업시간을 알 수 있나요?",
          "question_wordNum": 4,
          "answer": "11:30~21:30",
          "answer_wordNum": 1,
          "fact": [
            "가마메시야 울림,영업시간,11:30~21:30"
          ]
        },
        {
          "question_id": 2,
          "question_type": "정보",
          "question": "연락처가 어떻게 되나요?",
          "question_wordNum": 3,
          "answer": "010-6293-3376",
          "answer_wordNum": 1,
          "fact": [
            "가마메시야 울림,연락처,010-6293-3376"
          ]
        },
        {
          "question_id": 3,
          "question_type": "정보",
          "question": "이 곳의 주소는 어떻게 되나요?",
          "question_wordNum": 5,
          "answer": "서울 강서구 마곡중앙로 76",
          "answer_wordNum": 4,
          "fact": [
            "가마메시야 울림,주소,서울 강서구 마곡중앙로 76"
          ]
        }
      ]
    },
    {
      "image_id": 4,
      "question": [
        {
          "question_id": 0,
          "question_type": "탐색",
          "question": "주차시설이 있는지 알 수 있나요?",
          "question_wordNum": 5,
          "answer": "있음",
          "answer_wordNum": 1,
          "fact": [
            "가마메시야 울림,주차시설,있음"
          ]
        },
        {
          "question_id": 1,
          "question_type": "관계",
          "question": "이 곳에 인접한 시설을 알 수 있나요?",
          "question_wordNum": 7,
          "answer": "마곡역 3번 출구, 더 동네, GS25",
          "answer_wordNum": 6,
          "fact": [
            "가마메시야 울림,인접,마곡역 3번 출구, 더 동네, GS25"
          ]
        },
        {
          "question_id": 2,
          "question_type": "정보",
          "question": "휴무일은 어떻게 되나요?",
          "question_wordNum": 3,
          "answer": "매주 일요일",
          "answer_wordNum": 2,
          "fact": [
            "가마메시야 울림,휴무일,매주 일요일"
          ]
        },
        {
          "question_id": 3,
          "question_type": "정보",
          "question": "연락처를 알 수 있나요?",
          "question_wordNum": 4,
          "answer": "010-6293-3376",
          "answer_wordNum": 1,
          "fact": [
            "가마메시야 울림,연락처,010-6293-3376"
          ]
        }
      ]
    }
  ]
}