{
  "data": {
    "dataset": "2-083-219",
    "POI_id": "561637",
    "travelType": "음식점",
    "place": "에머이 마곡나루점",
    "area": "서울"
  },
  "imageInfo": [
    {
      "image_id": 0,
      "filename": "561637_0_su_5_에머이 마곡나루점_1_001.png",
      "mapx": 37.5676859104888,
      "mapy": 126.82597944995,
      "width": 3840,
      "height": 2160,
      "caption_info": [
        "에머이 마곡나루점(강서구)",
        "간판"
      ]
    },
    {
      "image_id": 1,
      "filename": "561637_0_su_5_에머이 마곡나루점_1_002.png",
      "mapx": 37.5676859104888,
      "mapy": 126.82597944995,
      "width": 3840,
      "height": 2160,
      "caption_info": [
        "에머이 마곡나루점(강서구)",
        "간판"
      ]
    },
    {
      "image_id": 2,
      "filename": "561637_0_su_5_에머이 마곡나루점_1_003.png",
      "mapx": 37.5676859104888,
      "mapy": 126.82597944995,
      "width": 3840,
      "height": 2160,
      "caption_info": [
        "에머이 마곡나루점(강서구)",
        "사각 테이블"
      ]
    },
    {
      "image_id": 3,
      "filename": "561637_0_su_5_에머이 마곡나루점_1_004.png",
      "mapx": 37.5676859104888,
      "mapy": 126.82597944995,
      "width": 3840,
      "height": 2160,
      "caption_info": [
        "에머이 마곡나루점(강서구)",
        "메뉴판 "
      ]
    },
    {
      "image_id": 4,
      "filename": "561637_0_su_5_에머이 마곡나루점_1_005.png",
      "mapx": 37.5676859104888,
      "mapy": 126.82597944995,
      "width": 3840,
      "height": 2160,
      "caption_info": [
        "에머이 마곡나루점(강서구)",
        "젓가락 "
      ]
    }
  ],
  "annotations": [
    {
      "image_id": 0,
      "question": [
        {
          "question_id": 0,
          "question_type": "정보",
          "question": "휴무일을 알 수 있나요?",
          "question_wordNum": 4,
          "answer": "없음",
          "answer_wordNum": 1,
          "fact": [
            "에머이 마곡나루점,휴무일,없음"
          ]
        },
        {
          "question_id": 1,
          "question_type": "탐색",
          "question": "주차시설이 있나요?",
          "question_wordNum": 2,
          "answer": "있음",
          "answer_wordNum": 1,
          "fact": [
            "에머이 마곡나루점,주차시설,있음"
          ]
        },
        {
          "question_id": 2,
          "question_type": "관계",
          "question": "이 곳에 인접한 시설을 알 수 있나요?",
          "question_wordNum": 7,
          "answer": "마곡나루역 1번 출구, 청년다방, 미네뜨",
          "answer_wordNum": 5,
          "fact": [
            "에머이 마곡나루점,인접,마곡나루역 1번 출구, 청년다방, 미네뜨"
          ]
        },
        {
          "question_id": 3,
          "question_type": "정보",
          "question": "영업시간은 어떻게 되나요?",
          "question_wordNum": 3,
          "answer": "11:00~22:30",
          "answer_wordNum": 1,
          "fact": [
            "에머이 마곡나루점,영업시간,11:00~22:30"
          ]
        }
      ]
    },
    {
      "image_id": 1,
      "question": [
        {
          "question_id": 0,
          "question_type": "정보",
          "question": "대표 메뉴가 무엇인가요?",
          "question_wordNum": 3,
          "answer": "양지 쌀국수, 차돌 쌀국수",
          "answer_wordNum": 4,
          "fact": [
            "에머이 마곡나루점,메뉴,양지 쌀국수, 차돌 쌀국수"
          ]
        },
        {
          "question_id": 1,
          "question_type": "정보",
          "question": "휴무일은 어떻게 되나요?",
          "question_wordNum": 3,
          "answer": "없음",
          "answer_wordNum": 1,
          "fact": [
            "에머이 마곡나루점,휴무일,없음"
          ]
        },
        {
          "question_id": 2,
          "question_type": "정보",
          "question": "영업시간은 어떻게 되나요?",
          "question_wordNum": 3,
          "answer": "11:00~22:30",
          "answer_wordNum": 1,
          "fact": [
            "에머이 마곡나루점,영업시간,11:00~22:30"
          ]
        },
        {
          "question_id": 3,
          "question_type": "정보",
          "question": "이 곳의 주소를 알 수 있나요?",
          "question_wordNum": 6,
          "answer": "서울 강서구 마곡서로 152",
          "answer_wordNum": 4,
          "fact": [
            "에머이 마곡나루점,주소,서울 강서구 마곡서로 152"
          ]
        }
      ]
    },
    {
      "image_id": 2,
      "question": [
        {
          "question_id": 0,
          "question_type": "정보",
          "question": "휴무일을 알 수 있나요?",
          "question_wordNum": 4,
          "answer": "없음",
          "answer_wordNum": 1,
          "fact": [
            "에머이 마곡나루점,휴무일,없음"
          ]
        },
        {
          "question_id": 1,
          "question_type": "정보",
          "question": "영업시간을 알 수 있나요?",
          "question_wordNum": 4,
          "answer": "11:00~22:30",
          "answer_wordNum": 1,
          "fact": [
            "에머이 마곡나루점,영업시간,11:00~22:30"
          ]
        },
        {
          "question_id": 2,
          "question_type": "정보",
          "question": "연락처를 알 수 있나요?",
          "question_wordNum": 4,
          "answer": "070-4006-1746",
          "answer_wordNum": 1,
          "fact": [
            "에머이 마곡나루점,연락처,070-4006-1746"
          ]
        },
        {
          "question_id": 3,
          "question_type": "탐색",
          "question": "주차시설이 있는지 알 수 있나요?",
          "question_wordNum": 5,
          "answer": "있음",
          "answer_wordNum": 1,
          "fact": [
            "에머이 마곡나루점,주차시설,있음"
          ]
        }
      ]
    },
    {
      "image_id": 3,
      "question": [
        {
          "question_id": 0,
          "question_type": "정보",
          "question": "이 곳의 주소는 어떻게 되나요?",
          "question_wordNum": 5,
          "answer": "서울 강서구 마곡서로 152",
          "answer_wordNum": 4,
          "fact": [
            "에머이 마곡나루점,주소,서울 강서구 마곡서로 152"
          ]
        },
        {
          "question_id": 1,
          "question_type": "탐색",
          "question": "주차시설이 있나요?",
          "question_wordNum": 2,
          "answer": "있음",
          "answer_wordNum": 1,
          "fact": [
            "에머이 마곡나루점,주차시설,있음"
          ]
        },
        {
          "question_id": 2,
          "question_type": "정보",
          "question": "휴무일을 알 수 있나요?",
          "question_wordNum": 4,
          "answer": "없음",
          "answer_wordNum": 1,
          "fact": [
            "에머이 마곡나루점,휴무일,없음"
          ]
        },
        {
          "question_id": 3,
          "question_type": "정보",
          "question": "영업시간을 알 수 있나요?",
          "question_wordNum": 4,
          "answer": "11:00~22:30",
          "answer_wordNum": 1,
          "fact": [
            "에머이 마곡나루점,영업시간,11:00~22:30"
          ]
        }
      ]
    },
    {
      "image_id": 4,
      "question": [
        {
          "question_id": 0,
          "question_type": "정보",
          "question": "연락처를 알 수 있나요?",
          "question_wordNum": 4,
          "answer": "070-4006-1746",
          "answer_wordNum": 1,
          "fact": [
            "에머이 마곡나루점,연락처,070-4006-1746"
          ]
        },
        {
          "question_id": 1,
          "question_type": "정보",
          "question": "휴무일은 어떻게 되나요?",
          "question_wordNum": 3,
          "answer": "없음",
          "answer_wordNum": 1,
          "fact": [
            "에머이 마곡나루점,휴무일,없음"
          ]
        },
        {
          "question_id": 2,
          "question_type": "정보",
          "question": "이 곳의 주소는 어떻게 되나요?",
          "question_wordNum": 5,
          "answer": "서울 강서구 마곡서로 152",
          "answer_wordNum": 4,
          "fact": [
            "에머이 마곡나루점,주소,서울 강서구 마곡서로 152"
          ]
        },
        {
          "question_id": 3,
          "question_type": "정보",
          "question": "영업시간은 어떻게 되나요?",
          "question_wordNum": 3,
          "answer": "11:00~22:30",
          "answer_wordNum": 1,
          "fact": [
            "에머이 마곡나루점,영업시간,11:00~22:30"
          ]
        }
      ]
    }
  ]
}