{
  "data": {
    "dataset": "2-083-219",
    "POI_id": "561842",
    "travelType": "음식점",
    "place": "라온정",
    "area": "서울"
  },
  "imageInfo": [
    {
      "image_id": 0,
      "filename": "561842_0_su_5_라온정_1_001.png",
      "mapx": 37.5550360530364,
      "mapy": 126.816073673857,
      "width": 3840,
      "height": 2160,
      "caption_info": [
        "라온정(강서구)",
        "간판"
      ]
    },
    {
      "image_id": 1,
      "filename": "561842_0_su_5_라온정_1_002.png",
      "mapx": 37.5550360530364,
      "mapy": 126.816073673857,
      "width": 3840,
      "height": 2160,
      "caption_info": [
        "라온정(강서구)",
        "간판"
      ]
    },
    {
      "image_id": 2,
      "filename": "561842_0_su_5_라온정_1_003.png",
      "mapx": 37.5550360530364,
      "mapy": 126.816073673857,
      "width": 3840,
      "height": 2160,
      "caption_info": [
        "라온정(강서구)",
        "등받이 의자"
      ]
    },
    {
      "image_id": 3,
      "filename": "561842_0_su_5_라온정_1_004.png",
      "mapx": 37.5550360530364,
      "mapy": 126.816073673857,
      "width": 3840,
      "height": 2160,
      "caption_info": [
        "라온정(강서구)",
        "메뉴판 "
      ]
    },
    {
      "image_id": 4,
      "filename": "561842_0_su_5_라온정_1_005.png",
      "mapx": 37.5550360530364,
      "mapy": 126.816073673857,
      "width": 3840,
      "height": 2160,
      "caption_info": [
        "라온정(강서구)",
        "공기밥 "
      ]
    }
  ],
  "annotations": [
    {
      "image_id": 0,
      "question": [
        {
          "question_id": 0,
          "question_type": "정보",
          "question": "휴무일은 어떻게 되나요?",
          "question_wordNum": 3,
          "answer": "매주 일요일",
          "answer_wordNum": 2,
          "fact": [
            "라온정,휴무일,매주 일요일"
          ]
        },
        {
          "question_id": 1,
          "question_type": "정보",
          "question": "대표 메뉴가 무엇인가요?",
          "question_wordNum": 3,
          "answer": "버섯생불고기, 김치찜",
          "answer_wordNum": 2,
          "fact": [
            "라온정,메뉴,버섯생불고기, 김치찜"
          ]
        },
        {
          "question_id": 2,
          "question_type": "정보",
          "question": "연락처를 알 수 있나요?",
          "question_wordNum": 4,
          "answer": "0507-1477-7500",
          "answer_wordNum": 1,
          "fact": [
            "라온정,연락처,0507-1477-7500"
          ]
        },
        {
          "question_id": 3,
          "question_type": "탐색",
          "question": "주차시설이 있는지 알 수 있나요?",
          "question_wordNum": 5,
          "answer": "있음",
          "answer_wordNum": 1,
          "fact": [
            "라온정,주차시설,있음"
          ]
        }
      ]
    },
    {
      "image_id": 1,
      "question": [
        {
          "question_id": 0,
          "question_type": "정보",
          "question": "연락처를 알 수 있나요?",
          "question_wordNum": 4,
          "answer": "0507-1477-7500",
          "answer_wordNum": 1,
          "fact": [
            "라온정,연락처,0507-1477-7500"
          ]
        },
        {
          "question_id": 1,
          "question_type": "관계",
          "question": "이 곳에 인접한 시설이 있나요?",
          "question_wordNum": 5,
          "answer": "송정역 3번 출구, 세븐일레븐, 치킨사냥",
          "answer_wordNum": 5,
          "fact": [
            "라온정,인접,송정역 3번 출구, 세븐일레븐, 치킨사냥"
          ]
        },
        {
          "question_id": 2,
          "question_type": "정보",
          "question": "영업시간을 알 수 있나요?",
          "question_wordNum": 4,
          "answer": "10:00~21:30",
          "answer_wordNum": 1,
          "fact": [
            "라온정,영업시간,10:00~21:30"
          ]
        },
        {
          "question_id": 3,
          "question_type": "정보",
          "question": "휴무일은 어떻게 되나요?",
          "question_wordNum": 3,
          "answer": "매주 일요일",
          "answer_wordNum": 2,
          "fact": [
            "라온정,휴무일,매주 일요일"
          ]
        }
      ]
    },
    {
      "image_id": 2,
      "question": [
        {
          "question_id": 0,
          "question_type": "정보",
          "question": "대표 메뉴가 무엇인가요?",
          "question_wordNum": 3,
          "answer": "버섯생불고기, 김치찜",
          "answer_wordNum": 2,
          "fact": [
            "라온정,메뉴,버섯생불고기, 김치찜"
          ]
        },
        {
          "question_id": 1,
          "question_type": "정보",
          "question": "영업시간은 어떻게 되나요?",
          "question_wordNum": 3,
          "answer": "10:00~21:30",
          "answer_wordNum": 1,
          "fact": [
            "라온정,영업시간,10:00~21:30"
          ]
        },
        {
          "question_id": 2,
          "question_type": "정보",
          "question": "연락처가 어떻게 되나요?",
          "question_wordNum": 3,
          "answer": "0507-1477-7500",
          "answer_wordNum": 1,
          "fact": [
            "라온정,연락처,0507-1477-7500"
          ]
        },
        {
          "question_id": 3,
          "question_type": "탐색",
          "question": "주차시설이 있나요?",
          "question_wordNum": 2,
          "answer": "있음",
          "answer_wordNum": 1,
          "fact": [
            "라온정,주차시설,있음"
          ]
        }
      ]
    },
    {
      "image_id": 3,
      "question": [
        {
          "question_id": 0,
          "question_type": "정보",
          "question": "휴무일은 어떻게 되나요?",
          "question_wordNum": 3,
          "answer": "매주 일요일",
          "answer_wordNum": 2,
          "fact": [
            "라온정,휴무일,매주 일요일"
          ]
        },
        {
          "question_id": 1,
          "question_type": "관계",
          "question": "이 곳에 인접한 시설을 알 수 있나요?",
          "question_wordNum": 7,
          "answer": "송정역 3번 출구, 세븐일레븐, 치킨사냥",
          "answer_wordNum": 5,
          "fact": [
            "라온정,인접,송정역 3번 출구, 세븐일레븐, 치킨사냥"
          ]
        },
        {
          "question_id": 2,
          "question_type": "정보",
          "question": "이 곳의 메뉴를 알 수 있나요?",
          "question_wordNum": 6,
          "answer": "버섯생불고기, 김치찜",
          "answer_wordNum": 2,
          "fact": [
            "라온정,메뉴,버섯생불고기, 김치찜"
          ]
        },
        {
          "question_id": 3,
          "question_type": "정보",
          "question": "영업시간은 어떻게 되나요?",
          "question_wordNum": 3,
          "answer": "10:00~21:30",
          "answer_wordNum": 1,
          "fact": [
            "라온정,영업시간,10:00~21:30"
          ]
        }
      ]
    },
    {
      "image_id": 4,
      "question": [
        {
          "question_id": 0,
          "question_type": "탐색",
          "question": "주차시설이 있는지 알 수 있나요?",
          "question_wordNum": 5,
          "answer": "있음",
          "answer_wordNum": 1,
          "fact": [
            "라온정,주차시설,있음"
          ]
        },
        {
          "question_id": 1,
          "question_type": "정보",
          "question": "연락처를 알 수 있나요?",
          "question_wordNum": 4,
          "answer": "0507-1477-7500",
          "answer_wordNum": 1,
          "fact": [
            "라온정,연락처,0507-1477-7500"
          ]
        },
        {
          "question_id": 2,
          "question_type": "정보",
          "question": "휴무일을 알 수 있나요?",
          "question_wordNum": 4,
          "answer": "매주 일요일",
          "answer_wordNum": 2,
          "fact": [
            "라온정,휴무일,매주 일요일"
          ]
        },
        {
          "question_id": 3,
          "question_type": "정보",
          "question": "이 곳의 메뉴를 알 수 있나요?",
          "question_wordNum": 6,
          "answer": "버섯생불고기, 김치찜",
          "answer_wordNum": 2,
          "fact": [
            "라온정,메뉴,버섯생불고기, 김치찜"
          ]
        }
      ]
    }
  ]
}