{
  "data": {
    "dataset": "2-083-219",
    "POI_id": "561508",
    "travelType": "음식점",
    "place": "더숲 ",
    "area": "서울"
  },
  "imageInfo": [
    {
      "image_id": 0,
      "filename": "561508_0_su_5_더숲 _4_001.png",
      "mapx": 37.5589809916906,
      "mapy": 126.829034127455,
      "width": 3840,
      "height": 2160,
      "caption_info": [
        "더숲(마곡동)",
        "의자, 여닫이문"
      ]
    },
    {
      "image_id": 1,
      "filename": "561508_0_su_5_더숲 _4_002.png",
      "mapx": 37.5589809916906,
      "mapy": 126.829034127455,
      "width": 3840,
      "height": 2160,
      "caption_info": [
        "더숲(마곡동)",
        "간판"
      ]
    },
    {
      "image_id": 2,
      "filename": "561508_0_su_5_더숲 _4_003.png",
      "mapx": 37.5589809916906,
      "mapy": 126.829034127455,
      "width": 3840,
      "height": 2160,
      "caption_info": [
        "더숲(마곡동)",
        "의자, 테이블, 메뉴판"
      ]
    },
    {
      "image_id": 3,
      "filename": "561508_0_su_5_더숲 _4_004.png",
      "mapx": 37.5589809916906,
      "mapy": 126.829034127455,
      "width": 3840,
      "height": 2160,
      "caption_info": [
        "더숲(마곡동)",
        "메뉴판"
      ]
    },
    {
      "image_id": 4,
      "filename": "561508_0_su_5_더숲 _4_005.png",
      "mapx": 37.5589809916906,
      "mapy": 126.829034127455,
      "width": 3840,
      "height": 2160,
      "caption_info": [
        "더숲(마곡동)",
        "샐러드"
      ]
    }
  ],
  "annotations": [
    {
      "image_id": 0,
      "question": [
        {
          "question_id": 0,
          "question_type": "관계",
          "question": "이 곳에 인접한 시설이 있나요?",
          "question_wordNum": 5,
          "answer": "마곡역 4번 출구, 반달커피, 드롭탑",
          "answer_wordNum": 5,
          "fact": [
            "더숲,인접,마곡역 4번 출구, 반달커피, 드롭탑"
          ]
        },
        {
          "question_id": 1,
          "question_type": "정보",
          "question": "이 곳의 주소를 알 수 있나요?",
          "question_wordNum": 6,
          "answer": "서울 강서구 공항대로 194 퀸즈파크12 1층",
          "answer_wordNum": 6,
          "fact": [
            "더숲,주소,서울 강서구 공항대로 194 퀸즈파크12 1층"
          ]
        },
        {
          "question_id": 2,
          "question_type": "정보",
          "question": "이 곳의 주요 메뉴는 무엇이 있나요?",
          "question_wordNum": 6,
          "answer": "치킨 버섯 크림스튜, 감자 베이컨 스프",
          "answer_wordNum": 6,
          "fact": [
            "더숲,메뉴,치킨 버섯 크림스튜, 감자 베이컨 스프"
          ]
        },
        {
          "question_id": 3,
          "question_type": "정보",
          "question": "영업시간은 몇시부터 몇시까지로 기재되어 있나요?",
          "question_wordNum": 5,
          "answer": "10:00-16:00/21:00",
          "answer_wordNum": 1,
          "fact": [
            "더숲,영업시간,10:00-16:00/21:00"
          ]
        }
      ]
    },
    {
      "image_id": 1,
      "question": [
        {
          "question_id": 0,
          "question_type": "정보",
          "question": "휴무일은 어떻게 되나요?",
          "question_wordNum": 3,
          "answer": "매주 일요일",
          "answer_wordNum": 2,
          "fact": [
            "더숲,휴무일,매주 일요일"
          ]
        },
        {
          "question_id": 1,
          "question_type": "정보",
          "question": "영업시간은 몇시부터 몇시까지로 기재되어 있나요?",
          "question_wordNum": 5,
          "answer": "10:00-16:00/21:00",
          "answer_wordNum": 1,
          "fact": [
            "더숲,영업시간,10:00-16:00/21:00"
          ]
        },
        {
          "question_id": 2,
          "question_type": "탐색",
          "question": "주차시설이 있나요?",
          "question_wordNum": 2,
          "answer": "있음",
          "answer_wordNum": 1,
          "fact": [
            "더숲,주차시설,있음"
          ]
        },
        {
          "question_id": 3,
          "question_type": "정보",
          "question": "이 곳의 주소를 알 수 있나요?",
          "question_wordNum": 6,
          "answer": "서울 강서구 공항대로 194 퀸즈파크12 1층",
          "answer_wordNum": 6,
          "fact": [
            "더숲,주소,서울 강서구 공항대로 194 퀸즈파크12 1층"
          ]
        }
      ]
    },
    {
      "image_id": 2,
      "question": [
        {
          "question_id": 0,
          "question_type": "탐색",
          "question": "주차시설이 있나요?",
          "question_wordNum": 2,
          "answer": "있음",
          "answer_wordNum": 1,
          "fact": [
            "더숲,주차시설,있음"
          ]
        },
        {
          "question_id": 1,
          "question_type": "정보",
          "question": "휴무일은 어떻게 되나요?",
          "question_wordNum": 3,
          "answer": "매주 일요일",
          "answer_wordNum": 2,
          "fact": [
            "더숲,휴무일,매주 일요일"
          ]
        },
        {
          "question_id": 2,
          "question_type": "정보",
          "question": "영업시간은 몇시부터 몇시까지로 기재되어 있나요?",
          "question_wordNum": 5,
          "answer": "10:00-16:00/21:00",
          "answer_wordNum": 1,
          "fact": [
            "더숲,영업시간,10:00-16:00/21:00"
          ]
        },
        {
          "question_id": 3,
          "question_type": "정보",
          "question": "연락처가 어떻게 되나요?",
          "question_wordNum": 3,
          "answer": "0507-1397-9204",
          "answer_wordNum": 1,
          "fact": [
            "더숲,연락처,0507-1397-9204"
          ]
        }
      ]
    },
    {
      "image_id": 3,
      "question": [
        {
          "question_id": 0,
          "question_type": "정보",
          "question": "휴무일은 어떻게 되나요?",
          "question_wordNum": 3,
          "answer": "매주 일요일",
          "answer_wordNum": 2,
          "fact": [
            "더숲,휴무일,매주 일요일"
          ]
        },
        {
          "question_id": 1,
          "question_type": "정보",
          "question": "영업시간은 몇시부터 몇시까지로 기재되어 있나요?",
          "question_wordNum": 5,
          "answer": "10:00-16:00/21:00",
          "answer_wordNum": 1,
          "fact": [
            "더숲,영업시간,10:00-16:00/21:00"
          ]
        },
        {
          "question_id": 2,
          "question_type": "탐색",
          "question": "주차시설이 있나요?",
          "question_wordNum": 2,
          "answer": "있음",
          "answer_wordNum": 1,
          "fact": [
            "더숲,주차시설,있음"
          ]
        },
        {
          "question_id": 3,
          "question_type": "정보",
          "question": "이 곳의 주소를 알 수 있나요?",
          "question_wordNum": 6,
          "answer": "서울 강서구 공항대로 194 퀸즈파크12 1층",
          "answer_wordNum": 6,
          "fact": [
            "더숲,주소,서울 강서구 공항대로 194 퀸즈파크12 1층"
          ]
        }
      ]
    },
    {
      "image_id": 4,
      "question": [
        {
          "question_id": 0,
          "question_type": "탐색",
          "question": "주차시설이 있나요?",
          "question_wordNum": 2,
          "answer": "있음",
          "answer_wordNum": 1,
          "fact": [
            "더숲,주차시설,있음"
          ]
        },
        {
          "question_id": 1,
          "question_type": "관계",
          "question": "이 곳에 인접한 시설을 알 수 있나요?",
          "question_wordNum": 7,
          "answer": "마곡역 4번 출구, 반달커피, 드롭탑",
          "answer_wordNum": 5,
          "fact": [
            "더숲,인접,마곡역 4번 출구, 반달커피, 드롭탑"
          ]
        },
        {
          "question_id": 2,
          "question_type": "정보",
          "question": "이 곳의 주요 메뉴는 무엇이 있나요?",
          "question_wordNum": 6,
          "answer": "치킨 버섯 크림스튜, 감자 베이컨 스프",
          "answer_wordNum": 6,
          "fact": [
            "더숲,메뉴,치킨 버섯 크림스튜, 감자 베이컨 스프"
          ]
        },
        {
          "question_id": 3,
          "question_type": "정보",
          "question": "휴무일을 알 수 있나요?",
          "question_wordNum": 4,
          "answer": "매주 일요일",
          "answer_wordNum": 2,
          "fact": [
            "더숲,휴무일,매주 일요일"
          ]
        }
      ]
    }
  ]
}