{
  "data": {
    "dataset": "2-083-219",
    "POI_id": "561401",
    "travelType": "음식점",
    "place": "본죽 가양역점",
    "area": "서울"
  },
  "imageInfo": [
    {
      "image_id": 0,
      "filename": "561401_0_su_5_본죽 가양역점_1_001.png",
      "mapx": 37.5636853046015,
      "mapy": 126.850930131185,
      "width": 3840,
      "height": 2160,
      "caption_info": [
        "본죽 가양역점(가양동)",
        "벨라헤어,죽메뉴"
      ]
    },
    {
      "image_id": 1,
      "filename": "561401_0_su_5_본죽 가양역점_1_002.png",
      "mapx": 37.5636853046015,
      "mapy": 126.850930131185,
      "width": 3840,
      "height": 2160,
      "caption_info": [
        "본죽 가양역점(가양동)",
        "산후관리,피부관리,나무"
      ]
    },
    {
      "image_id": 2,
      "filename": "561401_0_su_5_본죽 가양역점_1_003.png",
      "mapx": 37.5636853046015,
      "mapy": 126.850930131185,
      "width": 3840,
      "height": 2160,
      "caption_info": [
        "본죽 가양역점(가양동)",
        "탁자,의자,젓가락통,화분"
      ]
    },
    {
      "image_id": 3,
      "filename": "561401_0_su_5_본죽 가양역점_1_004.png",
      "mapx": 37.5636853046015,
      "mapy": 126.850930131185,
      "width": 3840,
      "height": 2160,
      "caption_info": [
        "본죽 가양역점(가양동)",
        "전통죽,아기죽,잣죽,녹두죽"
      ]
    },
    {
      "image_id": 4,
      "filename": "561401_0_su_5_본죽 가양역점_1_005.png",
      "mapx": 37.5636853046015,
      "mapy": 126.850930131185,
      "width": 3840,
      "height": 2160,
      "caption_info": [
        "본죽 가양역점(가양동)",
        "잣죽,김치,컵,숫가락"
      ]
    }
  ],
  "annotations": [
    {
      "image_id": 0,
      "question": [
        {
          "question_id": 0,
          "question_type": "정보",
          "question": "이 곳의 주소는 어떻게 되나요?",
          "question_wordNum": 5,
          "answer": "서울 강서구 양천로57길 9-19 동양트레벨스카이오피스텔",
          "answer_wordNum": 5,
          "fact": [
            "본죽 가양역점,주소,서울 강서구 양천로57길 9-19 동양트레벨스카이오피스텔"
          ]
        },
        {
          "question_id": 1,
          "question_type": "관계",
          "question": "이 곳에 인접한 시설이 있나요?",
          "question_wordNum": 5,
          "answer": "GS25, CU, 가양역 1번 출구",
          "answer_wordNum": 5,
          "fact": [
            "본죽 가양역점,인접,GS25, CU, 가양역 1번 출구"
          ]
        },
        {
          "question_id": 2,
          "question_type": "정보",
          "question": "영업시간을 알 수 있나요?",
          "question_wordNum": 4,
          "answer": "09:00~21:00/21:30",
          "answer_wordNum": 1,
          "fact": [
            "본죽 가양역점,영업시간,09:00~21:00/21:30"
          ]
        },
        {
          "question_id": 3,
          "question_type": "정보",
          "question": "이 곳의 주요 메뉴는 무엇이 있나요?",
          "question_wordNum": 6,
          "answer": "트러플전복죽, 단호박죽",
          "answer_wordNum": 2,
          "fact": [
            "본죽 가양역점,메뉴,트러플전복죽, 단호박죽"
          ]
        }
      ]
    },
    {
      "image_id": 1,
      "question": [
        {
          "question_id": 0,
          "question_type": "정보",
          "question": "영업시간은 몇시부터 몇시까지로 기재되어 있나요?",
          "question_wordNum": 5,
          "answer": "09:00~21:00/21:30",
          "answer_wordNum": 1,
          "fact": [
            "본죽 가양역점,영업시간,09:00~21:00/21:30"
          ]
        },
        {
          "question_id": 1,
          "question_type": "정보",
          "question": "연락처를 알 수 있나요?",
          "question_wordNum": 4,
          "answer": "02-3663-6288",
          "answer_wordNum": 1,
          "fact": [
            "본죽 가양역점,연락처,02-3663-6288"
          ]
        },
        {
          "question_id": 2,
          "question_type": "관계",
          "question": "이 곳에 인접한 시설이 있나요?",
          "question_wordNum": 5,
          "answer": "GS25, CU, 가양역 1번 출구",
          "answer_wordNum": 5,
          "fact": [
            "본죽 가양역점,인접,GS25, CU, 가양역 1번 출구"
          ]
        },
        {
          "question_id": 3,
          "question_type": "탐색",
          "question": "주차시설이 있나요?",
          "question_wordNum": 2,
          "answer": "있음",
          "answer_wordNum": 1,
          "fact": [
            "본죽 가양역점,주차시설,있음"
          ]
        }
      ]
    },
    {
      "image_id": 2,
      "question": [
        {
          "question_id": 0,
          "question_type": "정보",
          "question": "이 곳의 대표적인 메뉴를 알 수 있나요?",
          "question_wordNum": 7,
          "answer": "트러플전복죽, 단호박죽",
          "answer_wordNum": 2,
          "fact": [
            "본죽 가양역점,메뉴,트러플전복죽, 단호박죽"
          ]
        },
        {
          "question_id": 1,
          "question_type": "탐색",
          "question": "주차시설이 있나요?",
          "question_wordNum": 2,
          "answer": "있음",
          "answer_wordNum": 1,
          "fact": [
            "본죽 가양역점,주차시설,있음"
          ]
        },
        {
          "question_id": 2,
          "question_type": "정보",
          "question": "영업시간은 몇시부터 몇시까지로 기재되어 있나요?",
          "question_wordNum": 5,
          "answer": "09:00~21:00/21:30",
          "answer_wordNum": 1,
          "fact": [
            "본죽 가양역점,영업시간,09:00~21:00/21:30"
          ]
        },
        {
          "question_id": 3,
          "question_type": "정보",
          "question": "연락처가 어떻게 되나요?",
          "question_wordNum": 3,
          "answer": "02-3663-6288",
          "answer_wordNum": 1,
          "fact": [
            "본죽 가양역점,연락처,02-3663-6288"
          ]
        }
      ]
    },
    {
      "image_id": 3,
      "question": [
        {
          "question_id": 0,
          "question_type": "정보",
          "question": "이 곳의 주소는 어떻게 되나요?",
          "question_wordNum": 5,
          "answer": "서울 강서구 양천로57길 9-19 동양트레벨스카이오피스텔",
          "answer_wordNum": 5,
          "fact": [
            "본죽 가양역점,주소,서울 강서구 양천로57길 9-19 동양트레벨스카이오피스텔"
          ]
        },
        {
          "question_id": 1,
          "question_type": "정보",
          "question": "이 곳의 대표적인 메뉴를 알 수 있나요?",
          "question_wordNum": 7,
          "answer": "트러플전복죽, 단호박죽",
          "answer_wordNum": 2,
          "fact": [
            "본죽 가양역점,메뉴,트러플전복죽, 단호박죽"
          ]
        },
        {
          "question_id": 2,
          "question_type": "정보",
          "question": "휴무일을 알 수 있나요?",
          "question_wordNum": 4,
          "answer": "알수없음",
          "answer_wordNum": 1,
          "fact": [
            "본죽 가양역점,휴무일,알수없음"
          ]
        },
        {
          "question_id": 3,
          "question_type": "탐색",
          "question": "주차시설이 있는지 알 수 있나요?",
          "question_wordNum": 5,
          "answer": "있음",
          "answer_wordNum": 1,
          "fact": [
            "본죽 가양역점,주차시설,있음"
          ]
        }
      ]
    },
    {
      "image_id": 4,
      "question": [
        {
          "question_id": 0,
          "question_type": "정보",
          "question": "이 곳의 주요 메뉴는 무엇이 있나요?",
          "question_wordNum": 6,
          "answer": "트러플전복죽, 단호박죽",
          "answer_wordNum": 2,
          "fact": [
            "본죽 가양역점,메뉴,트러플전복죽, 단호박죽"
          ]
        },
        {
          "question_id": 1,
          "question_type": "정보",
          "question": "이 곳의 주소를 알 수 있나요?",
          "question_wordNum": 6,
          "answer": "서울 강서구 양천로57길 9-19 동양트레벨스카이오피스텔",
          "answer_wordNum": 5,
          "fact": [
            "본죽 가양역점,주소,서울 강서구 양천로57길 9-19 동양트레벨스카이오피스텔"
          ]
        },
        {
          "question_id": 2,
          "question_type": "정보",
          "question": "연락처를 알 수 있나요?",
          "question_wordNum": 4,
          "answer": "02-3663-6288",
          "answer_wordNum": 1,
          "fact": [
            "본죽 가양역점,연락처,02-3663-6288"
          ]
        },
        {
          "question_id": 3,
          "question_type": "관계",
          "question": "이 곳에 인접한 시설이 있나요?",
          "question_wordNum": 5,
          "answer": "GS25, CU, 가양역 1번 출구",
          "answer_wordNum": 5,
          "fact": [
            "본죽 가양역점,인접,GS25, CU, 가양역 1번 출구"
          ]
        }
      ]
    }
  ]
}