{
  "data": {
    "dataset": "2-083-219",
    "POI_id": "561639",
    "travelType": "음식점",
    "place": "갓브레드 ",
    "area": "서울"
  },
  "imageInfo": [
    {
      "image_id": 0,
      "filename": "561639_0_su_5_갓브레드 _1_001.png",
      "mapx": 0,
      "mapy": 0,
      "width": 3840,
      "height": 2160,
      "caption_info": [
        "갓브레드 (강서구)",
        "간판"
      ]
    },
    {
      "image_id": 1,
      "filename": "561639_0_su_5_갓브레드 _1_002.png",
      "mapx": 0,
      "mapy": 0,
      "width": 3840,
      "height": 2160,
      "caption_info": [
        "갓브레드 (강서구)",
        "테이블, 등받이의자"
      ]
    },
    {
      "image_id": 2,
      "filename": "561639_0_su_5_갓브레드 _1_003.png",
      "mapx": 0,
      "mapy": 0,
      "width": 3840,
      "height": 2160,
      "caption_info": [
        "갓브레드 (강서구)",
        "테이블, 등받이의자"
      ]
    },
    {
      "image_id": 3,
      "filename": "561639_0_su_5_갓브레드 _1_004.png",
      "mapx": 0,
      "mapy": 0,
      "width": 3840,
      "height": 2160,
      "caption_info": [
        "갓브레드 (강서구)",
        "빵"
      ]
    },
    {
      "image_id": 4,
      "filename": "561639_0_su_5_갓브레드 _1_005.png",
      "mapx": 0,
      "mapy": 0,
      "width": 3840,
      "height": 2160,
      "caption_info": [
        "갓브레드 (강서구)",
        "타르트"
      ]
    }
  ],
  "annotations": [
    {
      "image_id": 0,
      "question": [
        {
          "question_id": 0,
          "question_type": "정보",
          "question": "연락처가 어떻게 되나요?",
          "question_wordNum": 3,
          "answer": "0507-1365-0092",
          "answer_wordNum": 1,
          "fact": [
            "갓브레드,연락처,0507-1365-0092"
          ]
        },
        {
          "question_id": 1,
          "question_type": "정보",
          "question": "이 곳의 주소는 어떻게 되나요?",
          "question_wordNum": 5,
          "answer": "서울 강서구 마곡중앙5로 6 보타닉푸르지오씨티 지하2층 20-1-203호",
          "answer_wordNum": 7,
          "fact": [
            "갓브레드,주소,서울 강서구 마곡중앙5로 6 보타닉푸르지오씨티 지하2층 20-1-203호"
          ]
        },
        {
          "question_id": 2,
          "question_type": "정보",
          "question": "영업시간은 어떻게 되나요?",
          "question_wordNum": 3,
          "answer": "07:00~21:00",
          "answer_wordNum": 1,
          "fact": [
            "갓브레드,영업시간,07:00~21:00"
          ]
        },
        {
          "question_id": 3,
          "question_type": "정보",
          "question": "휴무일은 어떻게 되나요?",
          "question_wordNum": 3,
          "answer": "없음",
          "answer_wordNum": 1,
          "fact": [
            "갓브레드,휴무일,없음"
          ]
        }
      ]
    },
    {
      "image_id": 1,
      "question": [
        {
          "question_id": 0,
          "question_type": "관계",
          "question": "이 곳에 인접한 시설이 있나요?",
          "question_wordNum": 5,
          "answer": "마곡나루역 1번 출구, 에그, 이디야커피",
          "answer_wordNum": 5,
          "fact": [
            "갓브레드,인접,마곡나루역 1번 출구, 에그, 이디야커피"
          ]
        },
        {
          "question_id": 1,
          "question_type": "탐색",
          "question": "주차시설이 있나요?",
          "question_wordNum": 2,
          "answer": "있음",
          "answer_wordNum": 1,
          "fact": [
            "갓브레드,주차시설,있음"
          ]
        },
        {
          "question_id": 2,
          "question_type": "정보",
          "question": "영업시간은 어떻게 되나요?",
          "question_wordNum": 3,
          "answer": "07:00~21:00",
          "answer_wordNum": 1,
          "fact": [
            "갓브레드,영업시간,07:00~21:00"
          ]
        },
        {
          "question_id": 3,
          "question_type": "정보",
          "question": "휴무일은 어떻게 되나요?",
          "question_wordNum": 3,
          "answer": "없음",
          "answer_wordNum": 1,
          "fact": [
            "갓브레드,휴무일,없음"
          ]
        }
      ]
    },
    {
      "image_id": 2,
      "question": [
        {
          "question_id": 0,
          "question_type": "정보",
          "question": "이 곳의 주소는 어떻게 되나요?",
          "question_wordNum": 5,
          "answer": "서울 강서구 마곡중앙5로 6 보타닉푸르지오씨티 지하2층 20-1-203호",
          "answer_wordNum": 7,
          "fact": [
            "갓브레드,주소,서울 강서구 마곡중앙5로 6 보타닉푸르지오씨티 지하2층 20-1-203호"
          ]
        },
        {
          "question_id": 1,
          "question_type": "정보",
          "question": "연락처가 어떻게 되나요?",
          "question_wordNum": 3,
          "answer": "0507-1365-0092",
          "answer_wordNum": 1,
          "fact": [
            "갓브레드,연락처,0507-1365-0092"
          ]
        },
        {
          "question_id": 2,
          "question_type": "관계",
          "question": "이 곳에 인접한 시설이 있나요?",
          "question_wordNum": 5,
          "answer": "마곡나루역 1번 출구, 에그, 이디야커피",
          "answer_wordNum": 5,
          "fact": [
            "갓브레드,인접,마곡나루역 1번 출구, 에그, 이디야커피"
          ]
        },
        {
          "question_id": 3,
          "question_type": "탐색",
          "question": "주차시설이 있나요?",
          "question_wordNum": 2,
          "answer": "있음",
          "answer_wordNum": 1,
          "fact": [
            "갓브레드,주차시설,있음"
          ]
        }
      ]
    },
    {
      "image_id": 3,
      "question": [
        {
          "question_id": 0,
          "question_type": "정보",
          "question": "이 곳의 주요 메뉴는 무엇이 있나요?",
          "question_wordNum": 6,
          "answer": "아메리카노, 카페라떼",
          "answer_wordNum": 2,
          "fact": [
            "갓브레드,메뉴,아메리카노, 카페라떼"
          ]
        },
        {
          "question_id": 1,
          "question_type": "탐색",
          "question": "주차시설이 있나요?",
          "question_wordNum": 2,
          "answer": "있음",
          "answer_wordNum": 1,
          "fact": [
            "갓브레드,주차시설,있음"
          ]
        },
        {
          "question_id": 2,
          "question_type": "정보",
          "question": "휴무일은 어떻게 되나요?",
          "question_wordNum": 3,
          "answer": "없음",
          "answer_wordNum": 1,
          "fact": [
            "갓브레드,휴무일,없음"
          ]
        },
        {
          "question_id": 3,
          "question_type": "정보",
          "question": "영업시간은 어떻게 되나요?",
          "question_wordNum": 3,
          "answer": "07:00~21:00",
          "answer_wordNum": 1,
          "fact": [
            "갓브레드,영업시간,07:00~21:00"
          ]
        }
      ]
    },
    {
      "image_id": 4,
      "question": [
        {
          "question_id": 0,
          "question_type": "정보",
          "question": "연락처가 어떻게 되나요?",
          "question_wordNum": 3,
          "answer": "0507-1365-0092",
          "answer_wordNum": 1,
          "fact": [
            "갓브레드,연락처,0507-1365-0092"
          ]
        },
        {
          "question_id": 1,
          "question_type": "탐색",
          "question": "주차시설이 있나요?",
          "question_wordNum": 2,
          "answer": "있음",
          "answer_wordNum": 1,
          "fact": [
            "갓브레드,주차시설,있음"
          ]
        },
        {
          "question_id": 2,
          "question_type": "정보",
          "question": "이 곳의 주요 메뉴는 무엇이 있나요?",
          "question_wordNum": 6,
          "answer": "아메리카노, 카페라떼",
          "answer_wordNum": 2,
          "fact": [
            "갓브레드,메뉴,아메리카노, 카페라떼"
          ]
        },
        {
          "question_id": 3,
          "question_type": "정보",
          "question": "이 곳의 주소는 어떻게 되나요?",
          "question_wordNum": 5,
          "answer": "서울 강서구 마곡중앙5로 6 보타닉푸르지오씨티 지하2층 20-1-203호",
          "answer_wordNum": 7,
          "fact": [
            "갓브레드,주소,서울 강서구 마곡중앙5로 6 보타닉푸르지오씨티 지하2층 20-1-203호"
          ]
        }
      ]
    }
  ]
}