{
  "data": {
    "dataset": "2-083-219",
    "POI_id": "561550",
    "travelType": "음식점",
    "place": "도야지 ",
    "area": "서울"
  },
  "imageInfo": [
    {
      "image_id": 0,
      "filename": "561550_0_su_5_도야지 _4_001.png",
      "mapx": 37.5606312206415,
      "mapy": 126.832720625607,
      "width": 3840,
      "height": 2160,
      "caption_info": [
        "도야지(강서구) ",
        "간판"
      ]
    },
    {
      "image_id": 1,
      "filename": "561550_0_su_5_도야지 _4_002.png",
      "mapx": 37.5606312206415,
      "mapy": 126.832720625607,
      "width": 3840,
      "height": 2160,
      "caption_info": [
        "도야지(강서구) ",
        "간판"
      ]
    },
    {
      "image_id": 2,
      "filename": "561550_0_su_5_도야지 _4_003.png",
      "mapx": 37.5606312206415,
      "mapy": 126.832720625607,
      "width": 3840,
      "height": 2160,
      "caption_info": [
        "도야지(강서구) ",
        "연기흡입기 "
      ]
    },
    {
      "image_id": 3,
      "filename": "561550_0_su_5_도야지 _4_004.png",
      "mapx": 37.5606312206415,
      "mapy": 126.832720625607,
      "width": 3840,
      "height": 2160,
      "caption_info": [
        "도야지(강서구) ",
        "메뉴판 "
      ]
    },
    {
      "image_id": 4,
      "filename": "561550_0_su_5_도야지 _4_005.png",
      "mapx": 37.5606312206415,
      "mapy": 126.832720625607,
      "width": 3840,
      "height": 2160,
      "caption_info": [
        "도야지(강서구) ",
        "불판 "
      ]
    }
  ],
  "annotations": [
    {
      "image_id": 0,
      "question": [
        {
          "question_id": 0,
          "question_type": "정보",
          "question": "영업시간은 어떻게 되나요?",
          "question_wordNum": 3,
          "answer": "16:00~23:00",
          "answer_wordNum": 1,
          "fact": [
            "도야지,영업시간,16:00~23:00"
          ]
        },
        {
          "question_id": 1,
          "question_type": "정보",
          "question": "대표 메뉴가 무엇인가요?",
          "question_wordNum": 3,
          "answer": "오돌갈비, 덜미살",
          "answer_wordNum": 2,
          "fact": [
            "도야지,메뉴,오돌갈비, 덜미살"
          ]
        },
        {
          "question_id": 2,
          "question_type": "관계",
          "question": "이 곳에 인접한 시설이 있나요?",
          "question_wordNum": 5,
          "answer": "발산역 9번 출구, LG이노텍, 타이투고, 옥소반",
          "answer_wordNum": 6,
          "fact": [
            "도야지,인접,발산역 9번 출구, LG이노텍, 타이투고, 옥소반"
          ]
        },
        {
          "question_id": 3,
          "question_type": "정보",
          "question": "이 곳의 주소를 알 수 있나요?",
          "question_wordNum": 6,
          "answer": "서울 강서구 마곡중앙6로 45",
          "answer_wordNum": 4,
          "fact": [
            "도야지,주소,서울 강서구 마곡중앙6로 45"
          ]
        }
      ]
    },
    {
      "image_id": 1,
      "question": [
        {
          "question_id": 0,
          "question_type": "정보",
          "question": "휴무일은 어떻게 되나요?",
          "question_wordNum": 3,
          "answer": "매주 일요일",
          "answer_wordNum": 2,
          "fact": [
            "도야지,휴무일,매주 일요일"
          ]
        },
        {
          "question_id": 1,
          "question_type": "관계",
          "question": "이 곳에 인접한 시설이 있나요?",
          "question_wordNum": 5,
          "answer": "발산역 9번 출구, LG이노텍, 타이투고, 옥소반",
          "answer_wordNum": 6,
          "fact": [
            "도야지,인접,발산역 9번 출구, LG이노텍, 타이투고, 옥소반"
          ]
        },
        {
          "question_id": 2,
          "question_type": "정보",
          "question": "영업시간은 어떻게 되나요?",
          "question_wordNum": 3,
          "answer": "16:00~23:00",
          "answer_wordNum": 1,
          "fact": [
            "도야지,영업시간,16:00~23:00"
          ]
        },
        {
          "question_id": 3,
          "question_type": "정보",
          "question": "대표 메뉴가 무엇인가요?",
          "question_wordNum": 3,
          "answer": "오돌갈비, 덜미살",
          "answer_wordNum": 2,
          "fact": [
            "도야지,메뉴,오돌갈비, 덜미살"
          ]
        }
      ]
    },
    {
      "image_id": 2,
      "question": [
        {
          "question_id": 0,
          "question_type": "정보",
          "question": "영업시간을 알 수 있나요?",
          "question_wordNum": 4,
          "answer": "16:00~23:00",
          "answer_wordNum": 1,
          "fact": [
            "도야지,영업시간,16:00~23:00"
          ]
        },
        {
          "question_id": 1,
          "question_type": "정보",
          "question": "이 곳의 주소는 어떻게 되나요?",
          "question_wordNum": 5,
          "answer": "서울 강서구 마곡중앙6로 45",
          "answer_wordNum": 4,
          "fact": [
            "도야지,주소,서울 강서구 마곡중앙6로 45"
          ]
        },
        {
          "question_id": 2,
          "question_type": "정보",
          "question": "연락처가 어떻게 되나요?",
          "question_wordNum": 3,
          "answer": "010-5675-7822",
          "answer_wordNum": 1,
          "fact": [
            "도야지,연락처,010-5675-7822"
          ]
        },
        {
          "question_id": 3,
          "question_type": "정보",
          "question": "대표 메뉴가 무엇인가요?",
          "question_wordNum": 3,
          "answer": "오돌갈비, 덜미살",
          "answer_wordNum": 2,
          "fact": [
            "도야지,메뉴,오돌갈비, 덜미살"
          ]
        }
      ]
    },
    {
      "image_id": 3,
      "question": [
        {
          "question_id": 0,
          "question_type": "정보",
          "question": "이 곳의 주소를 알 수 있나요?",
          "question_wordNum": 6,
          "answer": "서울 강서구 마곡중앙6로 45",
          "answer_wordNum": 4,
          "fact": [
            "도야지,주소,서울 강서구 마곡중앙6로 45"
          ]
        },
        {
          "question_id": 1,
          "question_type": "관계",
          "question": "이 곳에 인접한 시설을 알 수 있나요?",
          "question_wordNum": 7,
          "answer": "발산역 9번 출구, LG이노텍, 타이투고, 옥소반",
          "answer_wordNum": 6,
          "fact": [
            "도야지,인접,발산역 9번 출구, LG이노텍, 타이투고, 옥소반"
          ]
        },
        {
          "question_id": 2,
          "question_type": "정보",
          "question": "영업시간을 알 수 있나요?",
          "question_wordNum": 4,
          "answer": "16:00~23:00",
          "answer_wordNum": 1,
          "fact": [
            "도야지,영업시간,16:00~23:00"
          ]
        },
        {
          "question_id": 3,
          "question_type": "정보",
          "question": "연락처를 알 수 있나요?",
          "question_wordNum": 4,
          "answer": "010-5675-7822",
          "answer_wordNum": 1,
          "fact": [
            "도야지,연락처,010-5675-7822"
          ]
        }
      ]
    },
    {
      "image_id": 4,
      "question": [
        {
          "question_id": 0,
          "question_type": "정보",
          "question": "영업시간은 어떻게 되나요?",
          "question_wordNum": 3,
          "answer": "16:00~23:00",
          "answer_wordNum": 1,
          "fact": [
            "도야지,영업시간,16:00~23:00"
          ]
        },
        {
          "question_id": 1,
          "question_type": "정보",
          "question": "연락처가 어떻게 되나요?",
          "question_wordNum": 3,
          "answer": "010-5675-7822",
          "answer_wordNum": 1,
          "fact": [
            "도야지,연락처,010-5675-7822"
          ]
        },
        {
          "question_id": 2,
          "question_type": "정보",
          "question": "이 곳의 주소를 알 수 있나요?",
          "question_wordNum": 6,
          "answer": "서울 강서구 마곡중앙6로 45",
          "answer_wordNum": 4,
          "fact": [
            "도야지,주소,서울 강서구 마곡중앙6로 45"
          ]
        },
        {
          "question_id": 3,
          "question_type": "관계",
          "question": "이 곳에 인접한 시설을 알 수 있나요?",
          "question_wordNum": 7,
          "answer": "발산역 9번 출구, LG이노텍, 타이투고, 옥소반",
          "answer_wordNum": 6,
          "fact": [
            "도야지,인접,발산역 9번 출구, LG이노텍, 타이투고, 옥소반"
          ]
        }
      ]
    }
  ]
}