{
  "data": {
    "dataset": "2-083-219",
    "POI_id": "561394",
    "travelType": "음식점",
    "place": "가양동오복집",
    "area": "서울"
  },
  "imageInfo": [
    {
      "image_id": 0,
      "filename": "561394_0_su_5_가양동오복집_1_001.png",
      "mapx": 37.5638389666009,
      "mapy": 126.851464062702,
      "width": 3840,
      "height": 2160,
      "caption_info": [
        "가양동오복집(가양동)",
        "간판, 미닫이문"
      ]
    },
    {
      "image_id": 1,
      "filename": "561394_0_su_5_가양동오복집_1_002.png",
      "mapx": 37.5638389666009,
      "mapy": 126.851464062702,
      "width": 3840,
      "height": 2160,
      "caption_info": [
        "가양동오복집(가양동)",
        "간판"
      ]
    },
    {
      "image_id": 2,
      "filename": "561394_0_su_5_가양동오복집_1_003.png",
      "mapx": 37.5638389666009,
      "mapy": 126.851464062702,
      "width": 3840,
      "height": 2160,
      "caption_info": [
        "가양동오복집(가양동)",
        "테이블, 스툴의자, 조명"
      ]
    },
    {
      "image_id": 3,
      "filename": "561394_0_su_5_가양동오복집_1_004.png",
      "mapx": 37.5638389666009,
      "mapy": 126.851464062702,
      "width": 3840,
      "height": 2160,
      "caption_info": [
        "가양동오복집(가양동)",
        "메뉴판"
      ]
    },
    {
      "image_id": 4,
      "filename": "561394_0_su_5_가양동오복집_1_005.png",
      "mapx": 37.5638389666009,
      "mapy": 126.851464062702,
      "width": 3840,
      "height": 2160,
      "caption_info": [
        "가양동오복집(가양동)",
        "삼합, 꼬막"
      ]
    }
  ],
  "annotations": [
    {
      "image_id": 0,
      "question": [
        {
          "question_id": 0,
          "question_type": "정보",
          "question": "영업시간은 어떻게 되나요?",
          "question_wordNum": 3,
          "answer": "알수없음",
          "answer_wordNum": 1,
          "fact": [
            "가양동오복집,영업시간,알수없음"
          ]
        },
        {
          "question_id": 1,
          "question_type": "탐색",
          "question": "주차시설이 있나요?",
          "question_wordNum": 2,
          "answer": "없음",
          "answer_wordNum": 1,
          "fact": [
            "가양동오복집,주차시설,없음"
          ]
        },
        {
          "question_id": 2,
          "question_type": "정보",
          "question": "연락처를 알 수 있나요?",
          "question_wordNum": 4,
          "answer": "02-2658-7323",
          "answer_wordNum": 1,
          "fact": [
            "가양동오복집,연락처,02-2658-7323"
          ]
        },
        {
          "question_id": 3,
          "question_type": "정보",
          "question": "이 곳에 인접한 시설이 있나요?",
          "question_wordNum": 5,
          "answer": "CU, 서호루, 가양역 1번 출구",
          "answer_wordNum": 5,
          "fact": [
            "가양동오복집,인접,CU, 서호루, 가양역 1번 출구"
          ]
        }
      ]
    },
    {
      "image_id": 1,
      "question": [
        {
          "question_id": 0,
          "question_type": "탐색",
          "question": "주차시설이 있나요?",
          "question_wordNum": 2,
          "answer": "없음",
          "answer_wordNum": 1,
          "fact": [
            "가양동오복집,주차시설,없음"
          ]
        },
        {
          "question_id": 1,
          "question_type": "정보",
          "question": "휴무일은 어떻게 되나요?",
          "question_wordNum": 3,
          "answer": "알수없음",
          "answer_wordNum": 1,
          "fact": [
            "가양동오복집,휴무일,알수없음"
          ]
        },
        {
          "question_id": 2,
          "question_type": "정보",
          "question": "이 곳의 주소는 어떻게 되나요?",
          "question_wordNum": 5,
          "answer": "서울 강서구 양천로57길 9-14",
          "answer_wordNum": 4,
          "fact": [
            "가양동오복집,주소,서울 강서구 양천로57길 9-14"
          ]
        },
        {
          "question_id": 3,
          "question_type": "정보",
          "question": "이 곳에 인접한 시설이 있나요?",
          "question_wordNum": 5,
          "answer": "CU, 서호루, 가양역 1번 출구",
          "answer_wordNum": 5,
          "fact": [
            "가양동오복집,인접,CU, 서호루, 가양역 1번 출구"
          ]
        }
      ]
    },
    {
      "image_id": 2,
      "question": [
        {
          "question_id": 0,
          "question_type": "정보",
          "question": "연락처가 어떻게 되나요?",
          "question_wordNum": 3,
          "answer": "02-2658-7323",
          "answer_wordNum": 1,
          "fact": [
            "가양동오복집,연락처,02-2658-7323"
          ]
        },
        {
          "question_id": 1,
          "question_type": "정보",
          "question": "휴무일은 어떻게 되나요?",
          "question_wordNum": 3,
          "answer": "알수없음",
          "answer_wordNum": 1,
          "fact": [
            "가양동오복집,휴무일,알수없음"
          ]
        },
        {
          "question_id": 2,
          "question_type": "정보",
          "question": "이 곳의 대표적인 메뉴는 무엇이 있나요?",
          "question_wordNum": 6,
          "answer": "보쌈두루치기, 부대찌개",
          "answer_wordNum": 2,
          "fact": [
            "가양동오복집,메뉴,보쌈두루치기, 부대찌개"
          ]
        },
        {
          "question_id": 3,
          "question_type": "정보",
          "question": "이 곳에 인접한 시설이 있나요?",
          "question_wordNum": 5,
          "answer": "CU, 서호루, 가양역 1번 출구",
          "answer_wordNum": 5,
          "fact": [
            "가양동오복집,인접,CU, 서호루, 가양역 1번 출구"
          ]
        }
      ]
    },
    {
      "image_id": 3,
      "question": [
        {
          "question_id": 0,
          "question_type": "정보",
          "question": "휴무일을 알 수 있나요?",
          "question_wordNum": 4,
          "answer": "알수없음",
          "answer_wordNum": 1,
          "fact": [
            "가양동오복집,휴무일,알수없음"
          ]
        },
        {
          "question_id": 1,
          "question_type": "정보",
          "question": "이 곳의 주소는 어떻게 되나요?",
          "question_wordNum": 5,
          "answer": "서울 강서구 양천로57길 9-14",
          "answer_wordNum": 4,
          "fact": [
            "가양동오복집,주소,서울 강서구 양천로57길 9-14"
          ]
        },
        {
          "question_id": 2,
          "question_type": "정보",
          "question": "연락처를 알 수 있나요?",
          "question_wordNum": 4,
          "answer": "02-2658-7323",
          "answer_wordNum": 1,
          "fact": [
            "가양동오복집,연락처,02-2658-7323"
          ]
        },
        {
          "question_id": 3,
          "question_type": "정보",
          "question": "이 곳에 인접한 시설이 있나요?",
          "question_wordNum": 5,
          "answer": "CU, 서호루, 가양역 1번 출구",
          "answer_wordNum": 5,
          "fact": [
            "가양동오복집,인접,CU, 서호루, 가양역 1번 출구"
          ]
        }
      ]
    },
    {
      "image_id": 4,
      "question": [
        {
          "question_id": 0,
          "question_type": "정보",
          "question": "이 곳의 대표적인 메뉴를 알 수 있나요?",
          "question_wordNum": 7,
          "answer": "보쌈두루치기, 부대찌개",
          "answer_wordNum": 2,
          "fact": [
            "가양동오복집,메뉴,보쌈두루치기, 부대찌개"
          ]
        },
        {
          "question_id": 1,
          "question_type": "정보",
          "question": "연락처가 어떻게 되나요?",
          "question_wordNum": 3,
          "answer": "02-2658-7323",
          "answer_wordNum": 1,
          "fact": [
            "가양동오복집,연락처,02-2658-7323"
          ]
        },
        {
          "question_id": 2,
          "question_type": "정보",
          "question": "영업시간을 알 수 있나요?",
          "question_wordNum": 4,
          "answer": "알수없음",
          "answer_wordNum": 1,
          "fact": [
            "가양동오복집,영업시간,알수없음"
          ]
        },
        {
          "question_id": 3,
          "question_type": "정보",
          "question": "이 곳에 인접한 시설이 있나요?",
          "question_wordNum": 5,
          "answer": "CU, 서호루, 가양역 1번 출구",
          "answer_wordNum": 5,
          "fact": [
            "가양동오복집,인접,CU, 서호루, 가양역 1번 출구"
          ]
        }
      ]
    }
  ]
}