{
  "data": {
    "dataset": "2-083-219",
    "POI_id": "561815",
    "travelType": "음식점",
    "place": "송정 ",
    "area": "서울"
  },
  "imageInfo": [
    {
      "image_id": 0,
      "filename": "561815_0_su_5_송정 _7_001.png",
      "mapx": 37.5599711372686,
      "mapy": 126.810302150408,
      "width": 3840,
      "height": 2160,
      "caption_info": [
        "송정(강서구) ",
        "간판"
      ]
    },
    {
      "image_id": 1,
      "filename": "561815_0_su_5_송정 _7_002.png",
      "mapx": 37.5599711372686,
      "mapy": 126.810302150408,
      "width": 3840,
      "height": 2160,
      "caption_info": [
        "송정(강서구) ",
        "간판"
      ]
    },
    {
      "image_id": 2,
      "filename": "561815_0_su_5_송정 _7_003.png",
      "mapx": 37.5599711372686,
      "mapy": 126.810302150408,
      "width": 3840,
      "height": 2160,
      "caption_info": [
        "송정(강서구) ",
        "등받이 의자"
      ]
    },
    {
      "image_id": 3,
      "filename": "561815_0_su_5_송정 _7_004.png",
      "mapx": 37.5599711372686,
      "mapy": 126.810302150408,
      "width": 3840,
      "height": 2160,
      "caption_info": [
        "송정(강서구) ",
        "메뉴판 "
      ]
    },
    {
      "image_id": 4,
      "filename": "561815_0_su_5_송정 _7_005.png",
      "mapx": 37.5599711372686,
      "mapy": 126.810302150408,
      "width": 3840,
      "height": 2160,
      "caption_info": [
        "송정(강서구) ",
        "고기"
      ]
    }
  ],
  "annotations": [
    {
      "image_id": 0,
      "question": [
        {
          "question_id": 0,
          "question_type": "정보",
          "question": "이 곳의 주소는 어떻게 되나요?",
          "question_wordNum": 5,
          "answer": "서울 강서구 송정로 58",
          "answer_wordNum": 4,
          "fact": [
            "송정,주소,서울 강서구 송정로 58"
          ]
        },
        {
          "question_id": 1,
          "question_type": "정보",
          "question": "대표 메뉴가 무엇인가요?",
          "question_wordNum": 3,
          "answer": "목살, 항정살",
          "answer_wordNum": 2,
          "fact": [
            "송정,메뉴,목살, 항정살"
          ]
        },
        {
          "question_id": 2,
          "question_type": "탐색",
          "question": "주차시설이 있는지 알 수 있나요?",
          "question_wordNum": 5,
          "answer": "있음",
          "answer_wordNum": 1,
          "fact": [
            "송정,주차시설,있음"
          ]
        },
        {
          "question_id": 3,
          "question_type": "관계",
          "question": "이 곳에 인접한 시설을 알 수 있나요?",
          "question_wordNum": 7,
          "answer": "송정역 4번 출구, 세븐일레븐, 노랑통닭",
          "answer_wordNum": 5,
          "fact": [
            "송정,인접,송정역 4번 출구, 세븐일레븐, 노랑통닭"
          ]
        }
      ]
    },
    {
      "image_id": 1,
      "question": [
        {
          "question_id": 0,
          "question_type": "정보",
          "question": "연락처가 어떻게 되나요?",
          "question_wordNum": 3,
          "answer": "0507-1311-0092",
          "answer_wordNum": 1,
          "fact": [
            "송정,연락처,0507-1311-0092"
          ]
        },
        {
          "question_id": 1,
          "question_type": "정보",
          "question": "이 곳의 주소를 알 수 있나요?",
          "question_wordNum": 6,
          "answer": "서울 강서구 송정로 58",
          "answer_wordNum": 4,
          "fact": [
            "송정,주소,서울 강서구 송정로 58"
          ]
        },
        {
          "question_id": 2,
          "question_type": "정보",
          "question": "이 곳의 메뉴를 알 수 있나요?",
          "question_wordNum": 6,
          "answer": "목살, 항정살",
          "answer_wordNum": 2,
          "fact": [
            "송정,메뉴,목살, 항정살"
          ]
        },
        {
          "question_id": 3,
          "question_type": "관계",
          "question": "이 곳에 인접한 시설이 있나요?",
          "question_wordNum": 5,
          "answer": "송정역 4번 출구, 세븐일레븐, 노랑통닭",
          "answer_wordNum": 5,
          "fact": [
            "송정,인접,송정역 4번 출구, 세븐일레븐, 노랑통닭"
          ]
        }
      ]
    },
    {
      "image_id": 2,
      "question": [
        {
          "question_id": 0,
          "question_type": "관계",
          "question": "이 곳에 인접한 시설이 있나요?",
          "question_wordNum": 5,
          "answer": "송정역 4번 출구, 세븐일레븐, 노랑통닭",
          "answer_wordNum": 5,
          "fact": [
            "송정,인접,송정역 4번 출구, 세븐일레븐, 노랑통닭"
          ]
        },
        {
          "question_id": 1,
          "question_type": "탐색",
          "question": "주차시설이 있나요?",
          "question_wordNum": 2,
          "answer": "있음",
          "answer_wordNum": 1,
          "fact": [
            "송정,주차시설,있음"
          ]
        },
        {
          "question_id": 2,
          "question_type": "정보",
          "question": "연락처를 알 수 있나요?",
          "question_wordNum": 4,
          "answer": "0507-1311-0092",
          "answer_wordNum": 1,
          "fact": [
            "송정,연락처,0507-1311-0092"
          ]
        },
        {
          "question_id": 3,
          "question_type": "정보",
          "question": "영업시간은 어떻게 되나요?",
          "question_wordNum": 3,
          "answer": "15:30~24:00",
          "answer_wordNum": 1,
          "fact": [
            "송정,영업시간,15:30~24:00"
          ]
        }
      ]
    },
    {
      "image_id": 3,
      "question": [
        {
          "question_id": 0,
          "question_type": "정보",
          "question": "대표 메뉴가 무엇인가요?",
          "question_wordNum": 3,
          "answer": "목살, 항정살",
          "answer_wordNum": 2,
          "fact": [
            "송정,메뉴,목살, 항정살"
          ]
        },
        {
          "question_id": 1,
          "question_type": "정보",
          "question": "영업시간을 알 수 있나요?",
          "question_wordNum": 4,
          "answer": "15:30~24:00",
          "answer_wordNum": 1,
          "fact": [
            "송정,영업시간,15:30~24:00"
          ]
        },
        {
          "question_id": 2,
          "question_type": "정보",
          "question": "연락처를 알 수 있나요?",
          "question_wordNum": 4,
          "answer": "0507-1311-0092",
          "answer_wordNum": 1,
          "fact": [
            "송정,연락처,0507-1311-0092"
          ]
        },
        {
          "question_id": 3,
          "question_type": "정보",
          "question": "휴무일을 알 수 있나요?",
          "question_wordNum": 4,
          "answer": "알수없음",
          "answer_wordNum": 1,
          "fact": [
            "송정,휴무일,알수없음"
          ]
        }
      ]
    },
    {
      "image_id": 4,
      "question": [
        {
          "question_id": 0,
          "question_type": "정보",
          "question": "이 곳의 메뉴를 알 수 있나요?",
          "question_wordNum": 6,
          "answer": "목살, 항정살",
          "answer_wordNum": 2,
          "fact": [
            "송정,메뉴,목살, 항정살"
          ]
        },
        {
          "question_id": 1,
          "question_type": "정보",
          "question": "연락처가 어떻게 되나요?",
          "question_wordNum": 3,
          "answer": "0507-1311-0092",
          "answer_wordNum": 1,
          "fact": [
            "송정,연락처,0507-1311-0092"
          ]
        },
        {
          "question_id": 2,
          "question_type": "정보",
          "question": "영업시간은 어떻게 되나요?",
          "question_wordNum": 3,
          "answer": "15:30~24:00",
          "answer_wordNum": 1,
          "fact": [
            "송정,영업시간,15:30~24:00"
          ]
        },
        {
          "question_id": 3,
          "question_type": "정보",
          "question": "휴무일을 알 수 있나요?",
          "question_wordNum": 4,
          "answer": "알수없음",
          "answer_wordNum": 1,
          "fact": [
            "송정,휴무일,알수없음"
          ]
        }
      ]
    }
  ]
}