{
  "data": {
    "dataset": "2-083-219",
    "POI_id": "561564",
    "travelType": "음식점",
    "place": "밀화당 강서직영점",
    "area": "서울"
  },
  "imageInfo": [
    {
      "image_id": 0,
      "filename": "561564_0_su_5_밀화당 강서직영점_1_001.png",
      "mapx": 37.5585410180689,
      "mapy": 126.833754085705,
      "width": 3840,
      "height": 2160,
      "caption_info": [
        "밀화당 강서직영점(강서구)",
        "간판"
      ]
    },
    {
      "image_id": 1,
      "filename": "561564_0_su_5_밀화당 강서직영점_1_002.png",
      "mapx": 37.5585410180689,
      "mapy": 126.833754085705,
      "width": 3840,
      "height": 2160,
      "caption_info": [
        "밀화당 강서직영점(강서구)",
        "간판"
      ]
    },
    {
      "image_id": 2,
      "filename": "561564_0_su_5_밀화당 강서직영점_1_003.png",
      "mapx": 37.5585410180689,
      "mapy": 126.833754085705,
      "width": 3840,
      "height": 2160,
      "caption_info": [
        "밀화당 강서직영점(강서구)",
        "사각 테이블"
      ]
    },
    {
      "image_id": 3,
      "filename": "561564_0_su_5_밀화당 강서직영점_1_004.png",
      "mapx": 37.5585410180689,
      "mapy": 126.833754085705,
      "width": 3840,
      "height": 2160,
      "caption_info": [
        "밀화당 강서직영점(강서구)",
        "메뉴판 "
      ]
    },
    {
      "image_id": 4,
      "filename": "561564_0_su_5_밀화당 강서직영점_1_005.png",
      "mapx": 37.5585410180689,
      "mapy": 126.833754085705,
      "width": 3840,
      "height": 2160,
      "caption_info": [
        "밀화당 강서직영점(강서구)",
        "빵 "
      ]
    }
  ],
  "annotations": [
    {
      "image_id": 0,
      "question": [
        {
          "question_id": 0,
          "question_type": "관계",
          "question": "이 곳에 인접한 시설을 알 수 있나요?",
          "question_wordNum": 7,
          "answer": "발산역 8번 출구, 창고43, 거궁",
          "answer_wordNum": 5,
          "fact": [
            "밀화당 강서직영점,인접,발산역 8번 출구, 창고43, 거궁"
          ]
        },
        {
          "question_id": 1,
          "question_type": "정보",
          "question": "휴무일은 어떻게 되나요?",
          "question_wordNum": 3,
          "answer": "없음",
          "answer_wordNum": 1,
          "fact": [
            "밀화당 강서직영점,휴무일,없음"
          ]
        },
        {
          "question_id": 2,
          "question_type": "정보",
          "question": "영업시간을 알 수 있나요?",
          "question_wordNum": 4,
          "answer": "09:30 - 21:30",
          "answer_wordNum": 3,
          "fact": [
            "밀화당 강서직영점,영업시간,09:30 - 21:30"
          ]
        },
        {
          "question_id": 3,
          "question_type": "정보",
          "question": "연락처가 어떻게 되나요?",
          "question_wordNum": 3,
          "answer": "02-2666-5556",
          "answer_wordNum": 1,
          "fact": [
            "밀화당 강서직영점,연락처,02-2666-5556"
          ]
        }
      ]
    },
    {
      "image_id": 1,
      "question": [
        {
          "question_id": 0,
          "question_type": "탐색",
          "question": "주차시설이 있나요?",
          "question_wordNum": 2,
          "answer": "있음",
          "answer_wordNum": 1,
          "fact": [
            "밀화당 강서직영점,주차시설,있음"
          ]
        },
        {
          "question_id": 1,
          "question_type": "정보",
          "question": "연락처가 어떻게 되나요?",
          "question_wordNum": 3,
          "answer": "02-2666-5556",
          "answer_wordNum": 1,
          "fact": [
            "밀화당 강서직영점,연락처,02-2666-5556"
          ]
        },
        {
          "question_id": 2,
          "question_type": "정보",
          "question": "휴무일을 알 수 있나요?",
          "question_wordNum": 4,
          "answer": "없음",
          "answer_wordNum": 1,
          "fact": [
            "밀화당 강서직영점,휴무일,없음"
          ]
        },
        {
          "question_id": 3,
          "question_type": "정보",
          "question": "이 곳의 주소는 어떻게 되나요?",
          "question_wordNum": 5,
          "answer": "서울 강서구 공항대로 236",
          "answer_wordNum": 4,
          "fact": [
            "밀화당 강서직영점,주소,서울 강서구 공항대로 236"
          ]
        }
      ]
    },
    {
      "image_id": 2,
      "question": [
        {
          "question_id": 0,
          "question_type": "정보",
          "question": "영업시간을 알 수 있나요?",
          "question_wordNum": 4,
          "answer": "09:30 - 21:30",
          "answer_wordNum": 3,
          "fact": [
            "밀화당 강서직영점,영업시간,09:30 - 21:30"
          ]
        },
        {
          "question_id": 1,
          "question_type": "탐색",
          "question": "주차시설이 있는지 알 수 있나요?",
          "question_wordNum": 5,
          "answer": "있음",
          "answer_wordNum": 1,
          "fact": [
            "밀화당 강서직영점,주차시설,있음"
          ]
        },
        {
          "question_id": 2,
          "question_type": "관계",
          "question": "이 곳에 인접한 시설이 있나요?",
          "question_wordNum": 5,
          "answer": "발산역 8번 출구, 창고43, 거궁",
          "answer_wordNum": 5,
          "fact": [
            "밀화당 강서직영점,인접,발산역 8번 출구, 창고43, 거궁"
          ]
        },
        {
          "question_id": 3,
          "question_type": "정보",
          "question": "연락처를 알 수 있나요?",
          "question_wordNum": 4,
          "answer": "02-2666-5556",
          "answer_wordNum": 1,
          "fact": [
            "밀화당 강서직영점,연락처,02-2666-5556"
          ]
        }
      ]
    },
    {
      "image_id": 3,
      "question": [
        {
          "question_id": 0,
          "question_type": "정보",
          "question": "대표 메뉴가 무엇인가요?",
          "question_wordNum": 3,
          "answer": "소금빵, 아메리카노",
          "answer_wordNum": 2,
          "fact": [
            "밀화당 강서직영점,메뉴,소금빵, 아메리카노"
          ]
        },
        {
          "question_id": 1,
          "question_type": "정보",
          "question": "연락처를 알 수 있나요?",
          "question_wordNum": 4,
          "answer": "02-2666-5556",
          "answer_wordNum": 1,
          "fact": [
            "밀화당 강서직영점,연락처,02-2666-5556"
          ]
        },
        {
          "question_id": 2,
          "question_type": "정보",
          "question": "휴무일을 알 수 있나요?",
          "question_wordNum": 4,
          "answer": "없음",
          "answer_wordNum": 1,
          "fact": [
            "밀화당 강서직영점,휴무일,없음"
          ]
        },
        {
          "question_id": 3,
          "question_type": "정보",
          "question": "영업시간은 어떻게 되나요?",
          "question_wordNum": 3,
          "answer": "09:30 - 21:30",
          "answer_wordNum": 3,
          "fact": [
            "밀화당 강서직영점,영업시간,09:30 - 21:30"
          ]
        }
      ]
    },
    {
      "image_id": 4,
      "question": [
        {
          "question_id": 0,
          "question_type": "정보",
          "question": "대표 메뉴가 무엇인가요?",
          "question_wordNum": 3,
          "answer": "소금빵, 아메리카노",
          "answer_wordNum": 2,
          "fact": [
            "밀화당 강서직영점,메뉴,소금빵, 아메리카노"
          ]
        },
        {
          "question_id": 1,
          "question_type": "관계",
          "question": "이 곳에 인접한 시설을 알 수 있나요?",
          "question_wordNum": 7,
          "answer": "발산역 8번 출구, 창고43, 거궁",
          "answer_wordNum": 5,
          "fact": [
            "밀화당 강서직영점,인접,발산역 8번 출구, 창고43, 거궁"
          ]
        },
        {
          "question_id": 2,
          "question_type": "정보",
          "question": "휴무일은 어떻게 되나요?",
          "question_wordNum": 3,
          "answer": "없음",
          "answer_wordNum": 1,
          "fact": [
            "밀화당 강서직영점,휴무일,없음"
          ]
        },
        {
          "question_id": 3,
          "question_type": "탐색",
          "question": "주차시설이 있나요?",
          "question_wordNum": 2,
          "answer": "있음",
          "answer_wordNum": 1,
          "fact": [
            "밀화당 강서직영점,주차시설,있음"
          ]
        }
      ]
    }
  ]
}