{
  "data": {
    "dataset": "2-083-219",
    "POI_id": "561814",
    "travelType": "음식점",
    "place": "김용기과자점 ",
    "area": "서울"
  },
  "imageInfo": [
    {
      "image_id": 0,
      "filename": "561814_0_su_5_김용기과자점 _1_001.png",
      "mapx": 37.5605955522845,
      "mapy": 126.809701839905,
      "width": 3840,
      "height": 2160,
      "caption_info": [
        "김용기과자점(공항동)",
        "간판"
      ]
    },
    {
      "image_id": 1,
      "filename": "561814_0_su_5_김용기과자점 _1_002.png",
      "mapx": 37.5605955522845,
      "mapy": 126.809701839905,
      "width": 3840,
      "height": 2160,
      "caption_info": [
        "김용기과자점(공항동)",
        "간판, 건물"
      ]
    },
    {
      "image_id": 2,
      "filename": "561814_0_su_5_김용기과자점 _1_003.png",
      "mapx": 37.5605955522845,
      "mapy": 126.809701839905,
      "width": 3840,
      "height": 2160,
      "caption_info": [
        "김용기과자점(공항동)",
        "등받이 의자, 과자"
      ]
    },
    {
      "image_id": 3,
      "filename": "561814_0_su_5_김용기과자점 _1_004.png",
      "mapx": 37.5605955522845,
      "mapy": 126.809701839905,
      "width": 3840,
      "height": 2160,
      "caption_info": [
        "김용기과자점(공항동)",
        "전병, 과자"
      ]
    },
    {
      "image_id": 4,
      "filename": "561814_0_su_5_김용기과자점 _1_005.png",
      "mapx": 37.5605955522845,
      "mapy": 126.809701839905,
      "width": 3840,
      "height": 2160,
      "caption_info": [
        "김용기과자점(공항동)",
        "땅콩전병, 깨전병"
      ]
    }
  ],
  "annotations": [
    {
      "image_id": 0,
      "question": [
        {
          "question_id": 0,
          "question_type": "정보",
          "question": "이 곳의 주소는 어떻게 되나요?",
          "question_wordNum": 5,
          "answer": "서울 강서구 송정로 65",
          "answer_wordNum": 4,
          "fact": [
            "김용기과자점,주소,서울 강서구 송정로 65"
          ]
        },
        {
          "question_id": 1,
          "question_type": "탐색",
          "question": "주차시설이 있나요?",
          "question_wordNum": 2,
          "answer": "있음",
          "answer_wordNum": 1,
          "fact": [
            "김용기과자점,주차시설,있음"
          ]
        },
        {
          "question_id": 2,
          "question_type": "관계",
          "question": "이 곳에 인접한 시설을 알 수 있나요?",
          "question_wordNum": 7,
          "answer": "송정역 4번 출구, 카페65, 숙성의미",
          "answer_wordNum": 5,
          "fact": [
            "김용기과자점,인접,송정역 4번 출구, 카페65, 숙성의미"
          ]
        },
        {
          "question_id": 3,
          "question_type": "정보",
          "question": "이 곳의 메뉴를 알 수 있나요?",
          "question_wordNum": 6,
          "answer": "땅콩전병, 파래전병",
          "answer_wordNum": 2,
          "fact": [
            "김용기과자점,메뉴,땅콩전병, 파래전병"
          ]
        }
      ]
    },
    {
      "image_id": 1,
      "question": [
        {
          "question_id": 0,
          "question_type": "정보",
          "question": "이 곳의 주소는 어떻게 되나요?",
          "question_wordNum": 5,
          "answer": "서울 강서구 송정로 65",
          "answer_wordNum": 4,
          "fact": [
            "김용기과자점,주소,서울 강서구 송정로 65"
          ]
        },
        {
          "question_id": 1,
          "question_type": "정보",
          "question": "영업시간을 알 수 있나요?",
          "question_wordNum": 4,
          "answer": "10:00~20:00/21:00",
          "answer_wordNum": 1,
          "fact": [
            "김용기과자점,영업시간,10:00~20:00/21:00"
          ]
        },
        {
          "question_id": 2,
          "question_type": "탐색",
          "question": "주차시설이 있는지 알 수 있나요?",
          "question_wordNum": 5,
          "answer": "있음",
          "answer_wordNum": 1,
          "fact": [
            "김용기과자점,주차시설,있음"
          ]
        },
        {
          "question_id": 3,
          "question_type": "정보",
          "question": "연락처가 어떻게 되나요?",
          "question_wordNum": 3,
          "answer": "02-2663-5558",
          "answer_wordNum": 1,
          "fact": [
            "김용기과자점,연락처,02-2663-5558"
          ]
        }
      ]
    },
    {
      "image_id": 2,
      "question": [
        {
          "question_id": 0,
          "question_type": "정보",
          "question": "연락처가 어떻게 되나요?",
          "question_wordNum": 3,
          "answer": "02-2663-5558",
          "answer_wordNum": 1,
          "fact": [
            "김용기과자점,연락처,02-2663-5558"
          ]
        },
        {
          "question_id": 1,
          "question_type": "탐색",
          "question": "주차시설이 있는지 알 수 있나요?",
          "question_wordNum": 5,
          "answer": "있음",
          "answer_wordNum": 1,
          "fact": [
            "김용기과자점,주차시설,있음"
          ]
        },
        {
          "question_id": 2,
          "question_type": "정보",
          "question": "이 곳의 주소는 어떻게 되나요?",
          "question_wordNum": 5,
          "answer": "서울 강서구 송정로 65",
          "answer_wordNum": 4,
          "fact": [
            "김용기과자점,주소,서울 강서구 송정로 65"
          ]
        },
        {
          "question_id": 3,
          "question_type": "정보",
          "question": "이 곳의 메뉴를 알 수 있나요?",
          "question_wordNum": 6,
          "answer": "땅콩전병, 파래전병",
          "answer_wordNum": 2,
          "fact": [
            "김용기과자점,메뉴,땅콩전병, 파래전병"
          ]
        }
      ]
    },
    {
      "image_id": 3,
      "question": [
        {
          "question_id": 0,
          "question_type": "정보",
          "question": "휴무일을 알 수 있나요?",
          "question_wordNum": 4,
          "answer": "매주 월요일",
          "answer_wordNum": 2,
          "fact": [
            "김용기과자점,휴무일,매주 월요일"
          ]
        },
        {
          "question_id": 1,
          "question_type": "탐색",
          "question": "주차시설이 있는지 알 수 있나요?",
          "question_wordNum": 5,
          "answer": "있음",
          "answer_wordNum": 1,
          "fact": [
            "김용기과자점,주차시설,있음"
          ]
        },
        {
          "question_id": 2,
          "question_type": "관계",
          "question": "이 곳에 인접한 시설이 있나요?",
          "question_wordNum": 5,
          "answer": "송정역 4번 출구, 카페65, 숙성의미",
          "answer_wordNum": 5,
          "fact": [
            "김용기과자점,인접,송정역 4번 출구, 카페65, 숙성의미"
          ]
        },
        {
          "question_id": 3,
          "question_type": "정보",
          "question": "이 곳의 주소는 어떻게 되나요?",
          "question_wordNum": 5,
          "answer": "서울 강서구 송정로 65",
          "answer_wordNum": 4,
          "fact": [
            "김용기과자점,주소,서울 강서구 송정로 65"
          ]
        }
      ]
    },
    {
      "image_id": 4,
      "question": [
        {
          "question_id": 0,
          "question_type": "정보",
          "question": "영업시간은 어떻게 되나요?",
          "question_wordNum": 3,
          "answer": "10:00~20:00/21:00",
          "answer_wordNum": 1,
          "fact": [
            "김용기과자점,영업시간,10:00~20:00/21:00"
          ]
        },
        {
          "question_id": 1,
          "question_type": "정보",
          "question": "이 곳의 주소를 알 수 있나요?",
          "question_wordNum": 6,
          "answer": "서울 강서구 송정로 65",
          "answer_wordNum": 4,
          "fact": [
            "김용기과자점,주소,서울 강서구 송정로 65"
          ]
        },
        {
          "question_id": 2,
          "question_type": "정보",
          "question": "대표 메뉴가 무엇인가요?",
          "question_wordNum": 3,
          "answer": "땅콩전병, 파래전병",
          "answer_wordNum": 2,
          "fact": [
            "김용기과자점,메뉴,땅콩전병, 파래전병"
          ]
        },
        {
          "question_id": 3,
          "question_type": "정보",
          "question": "휴무일을 알 수 있나요?",
          "question_wordNum": 4,
          "answer": "매주 월요일",
          "answer_wordNum": 2,
          "fact": [
            "김용기과자점,휴무일,매주 월요일"
          ]
        }
      ]
    }
  ]
}