{
  "data": {
    "dataset": "2-083-219",
    "POI_id": "561552",
    "travelType": "음식점",
    "place": "오적회관 발산본점",
    "area": "서울"
  },
  "imageInfo": [
    {
      "image_id": 0,
      "filename": "561552_0_su_5_오적회관 발산본점_1_001.png",
      "mapx": 37.5602455642568,
      "mapy": 126.836884719112,
      "width": 3840,
      "height": 2160,
      "caption_info": [
        "오적회관 발산본점(강서구)",
        "입간판 "
      ]
    },
    {
      "image_id": 1,
      "filename": "561552_0_su_5_오적회관 발산본점_1_002.png",
      "mapx": 37.5602455642568,
      "mapy": 126.836884719112,
      "width": 3840,
      "height": 2160,
      "caption_info": [
        "오적회관 발산본점(강서구)",
        "간판"
      ]
    },
    {
      "image_id": 2,
      "filename": "561552_0_su_5_오적회관 발산본점_1_003.png",
      "mapx": 37.5602455642568,
      "mapy": 126.836884719112,
      "width": 3840,
      "height": 2160,
      "caption_info": [
        "오적회관 발산본점(강서구)",
        "밥솥 "
      ]
    },
    {
      "image_id": 3,
      "filename": "561552_0_su_5_오적회관 발산본점_1_004.png",
      "mapx": 37.5602455642568,
      "mapy": 126.836884719112,
      "width": 3840,
      "height": 2160,
      "caption_info": [
        "오적회관 발산본점(강서구)",
        "베너 "
      ]
    },
    {
      "image_id": 4,
      "filename": "561552_0_su_5_오적회관 발산본점_1_005.png",
      "mapx": 37.5602455642568,
      "mapy": 126.836884719112,
      "width": 3840,
      "height": 2160,
      "caption_info": [
        "오적회관 발산본점(강서구)",
        "샐러드 "
      ]
    }
  ],
  "annotations": [
    {
      "image_id": 0,
      "question": [
        {
          "question_id": 0,
          "question_type": "정보",
          "question": "연락처가 어떻게 되나요?",
          "question_wordNum": 3,
          "answer": "02-2668-7040",
          "answer_wordNum": 1,
          "fact": [
            "오적회관 발산본점,연락처,02-2668-7040"
          ]
        },
        {
          "question_id": 1,
          "question_type": "정보",
          "question": "휴무일은 어떻게 되나요?",
          "question_wordNum": 3,
          "answer": "없음",
          "answer_wordNum": 1,
          "fact": [
            "오적회관 발산본점,휴무일,없음"
          ]
        },
        {
          "question_id": 2,
          "question_type": "관계",
          "question": "이 곳에 인접한 시설이 있나요?",
          "question_wordNum": 5,
          "answer": "발산역 2번 출구, 마곡사이언스파크뷰오피스텔, GS25, 주식공방",
          "answer_wordNum": 6,
          "fact": [
            "오적회관 발산본점,인접,발산역 2번 출구, 마곡사이언스파크뷰오피스텔, GS25, 주식공방"
          ]
        },
        {
          "question_id": 3,
          "question_type": "정보",
          "question": "이 곳의 주소를 알 수 있나요?",
          "question_wordNum": 6,
          "answer": "서울 강서구 마곡중앙6로 85",
          "answer_wordNum": 4,
          "fact": [
            "오적회관 발산본점,주소,서울 강서구 마곡중앙6로 85"
          ]
        }
      ]
    },
    {
      "image_id": 1,
      "question": [
        {
          "question_id": 0,
          "question_type": "정보",
          "question": "대표 메뉴가 무엇인가요?",
          "question_wordNum": 3,
          "answer": "오징어보쌈, 오징어초무침",
          "answer_wordNum": 2,
          "fact": [
            "오적회관 발산본점,메뉴,오징어보쌈, 오징어초무침"
          ]
        },
        {
          "question_id": 1,
          "question_type": "정보",
          "question": "연락처가 어떻게 되나요?",
          "question_wordNum": 3,
          "answer": "02-2668-7040",
          "answer_wordNum": 1,
          "fact": [
            "오적회관 발산본점,연락처,02-2668-7040"
          ]
        },
        {
          "question_id": 2,
          "question_type": "정보",
          "question": "영업시간은 어떻게 되나요?",
          "question_wordNum": 3,
          "answer": "11:00~23:00",
          "answer_wordNum": 1,
          "fact": [
            "오적회관 발산본점,영업시간,11:00~23:00"
          ]
        },
        {
          "question_id": 3,
          "question_type": "정보",
          "question": "이 곳의 주소를 알 수 있나요?",
          "question_wordNum": 6,
          "answer": "서울 강서구 마곡중앙6로 85",
          "answer_wordNum": 4,
          "fact": [
            "오적회관 발산본점,주소,서울 강서구 마곡중앙6로 85"
          ]
        }
      ]
    },
    {
      "image_id": 2,
      "question": [
        {
          "question_id": 0,
          "question_type": "정보",
          "question": "영업시간을 알 수 있나요?",
          "question_wordNum": 4,
          "answer": "11:00~23:00",
          "answer_wordNum": 1,
          "fact": [
            "오적회관 발산본점,영업시간,11:00~23:00"
          ]
        },
        {
          "question_id": 1,
          "question_type": "관계",
          "question": "이 곳에 인접한 시설을 알 수 있나요?",
          "question_wordNum": 7,
          "answer": "발산역 2번 출구, 마곡사이언스파크뷰오피스텔, GS25, 주식공방",
          "answer_wordNum": 6,
          "fact": [
            "오적회관 발산본점,인접,발산역 2번 출구, 마곡사이언스파크뷰오피스텔, GS25, 주식공방"
          ]
        },
        {
          "question_id": 2,
          "question_type": "정보",
          "question": "휴무일을 알 수 있나요?",
          "question_wordNum": 4,
          "answer": "없음",
          "answer_wordNum": 1,
          "fact": [
            "오적회관 발산본점,휴무일,없음"
          ]
        },
        {
          "question_id": 3,
          "question_type": "정보",
          "question": "연락처를 알 수 있나요?",
          "question_wordNum": 4,
          "answer": "02-2668-7040",
          "answer_wordNum": 1,
          "fact": [
            "오적회관 발산본점,연락처,02-2668-7040"
          ]
        }
      ]
    },
    {
      "image_id": 3,
      "question": [
        {
          "question_id": 0,
          "question_type": "관계",
          "question": "이 곳에 인접한 시설을 알 수 있나요?",
          "question_wordNum": 7,
          "answer": "발산역 2번 출구, 마곡사이언스파크뷰오피스텔, GS25, 주식공방",
          "answer_wordNum": 6,
          "fact": [
            "오적회관 발산본점,인접,발산역 2번 출구, 마곡사이언스파크뷰오피스텔, GS25, 주식공방"
          ]
        },
        {
          "question_id": 1,
          "question_type": "정보",
          "question": "이 곳의 주소를 알 수 있나요?",
          "question_wordNum": 6,
          "answer": "서울 강서구 마곡중앙6로 85",
          "answer_wordNum": 4,
          "fact": [
            "오적회관 발산본점,주소,서울 강서구 마곡중앙6로 85"
          ]
        },
        {
          "question_id": 2,
          "question_type": "정보",
          "question": "휴무일을 알 수 있나요?",
          "question_wordNum": 4,
          "answer": "없음",
          "answer_wordNum": 1,
          "fact": [
            "오적회관 발산본점,휴무일,없음"
          ]
        },
        {
          "question_id": 3,
          "question_type": "정보",
          "question": "연락처가 어떻게 되나요?",
          "question_wordNum": 3,
          "answer": "02-2668-7040",
          "answer_wordNum": 1,
          "fact": [
            "오적회관 발산본점,연락처,02-2668-7040"
          ]
        }
      ]
    },
    {
      "image_id": 4,
      "question": [
        {
          "question_id": 0,
          "question_type": "탐색",
          "question": "주차시설이 있는지 알 수 있나요?",
          "question_wordNum": 5,
          "answer": "있음",
          "answer_wordNum": 1,
          "fact": [
            "오적회관 발산본점,주차시설,있음"
          ]
        },
        {
          "question_id": 1,
          "question_type": "정보",
          "question": "연락처를 알 수 있나요?",
          "question_wordNum": 4,
          "answer": "02-2668-7040",
          "answer_wordNum": 1,
          "fact": [
            "오적회관 발산본점,연락처,02-2668-7040"
          ]
        },
        {
          "question_id": 2,
          "question_type": "정보",
          "question": "이 곳의 메뉴를 알 수 있나요?",
          "question_wordNum": 6,
          "answer": "오징어보쌈, 오징어초무침",
          "answer_wordNum": 2,
          "fact": [
            "오적회관 발산본점,메뉴,오징어보쌈, 오징어초무침"
          ]
        },
        {
          "question_id": 3,
          "question_type": "관계",
          "question": "이 곳에 인접한 시설을 알 수 있나요?",
          "question_wordNum": 7,
          "answer": "발산역 2번 출구, 마곡사이언스파크뷰오피스텔, GS25, 주식공방",
          "answer_wordNum": 6,
          "fact": [
            "오적회관 발산본점,인접,발산역 2번 출구, 마곡사이언스파크뷰오피스텔, GS25, 주식공방"
          ]
        }
      ]
    }
  ]
}