{
  "data": {
    "dataset": "2-083-219",
    "POI_id": "561437",
    "travelType": "음식점",
    "place": "쌀국수마을420",
    "area": "서울"
  },
  "imageInfo": [
    {
      "image_id": 0,
      "filename": "561437_0_su_5_쌀국수마을420_1_001.png",
      "mapx": 37.5642640468035,
      "mapy": 126.849960213917,
      "width": 3840,
      "height": 2160,
      "caption_info": [
        "쌀국수마을420(가양동)",
        "메뉴,탁자,의자"
      ]
    },
    {
      "image_id": 1,
      "filename": "561437_0_su_5_쌀국수마을420_1_002.png",
      "mapx": 37.5642640468035,
      "mapy": 126.849960213917,
      "width": 3840,
      "height": 2160,
      "caption_info": [
        "쌀국수마을420(가양동)",
        "홈플러스"
      ]
    },
    {
      "image_id": 2,
      "filename": "561437_0_su_5_쌀국수마을420_1_003.png",
      "mapx": 37.5642640468035,
      "mapy": 126.849960213917,
      "width": 3840,
      "height": 2160,
      "caption_info": [
        "쌀국수마을420(가양동)",
        "의자,탁자,조명"
      ]
    },
    {
      "image_id": 3,
      "filename": "561437_0_su_5_쌀국수마을420_1_004.png",
      "mapx": 37.5642640468035,
      "mapy": 126.849960213917,
      "width": 3840,
      "height": 2160,
      "caption_info": [
        "쌀국수마을420(가양동)",
        "매운볶음밥,파인애플볶음밥,월남쌈"
      ]
    },
    {
      "image_id": 4,
      "filename": "561437_0_su_5_쌀국수마을420_1_005.png",
      "mapx": 37.5642640468035,
      "mapy": 126.849960213917,
      "width": 3840,
      "height": 2160,
      "caption_info": [
        "쌀국수마을420(가양동)",
        "만두,단무지,쌀국수"
      ]
    }
  ],
  "annotations": [
    {
      "image_id": 0,
      "question": [
        {
          "question_id": 0,
          "question_type": "탐색",
          "question": "주차시설이 있는지 알 수 있나요?",
          "question_wordNum": 5,
          "answer": "있음",
          "answer_wordNum": 1,
          "fact": [
            "쌀국수마을420,주차시설,있음"
          ]
        },
        {
          "question_id": 1,
          "question_type": "정보",
          "question": "영업시간은 몇시부터 몇시까지로 기재되어 있나요?",
          "question_wordNum": 5,
          "answer": "10:00 - 22:00",
          "answer_wordNum": 3,
          "fact": [
            "쌀국수마을420,영업시간,10:00 - 22:00"
          ]
        },
        {
          "question_id": 2,
          "question_type": "정보",
          "question": "휴무일은 어떻게 되나요?",
          "question_wordNum": 3,
          "answer": "없음",
          "answer_wordNum": 1,
          "fact": [
            "쌀국수마을420,휴무일,없음"
          ]
        },
        {
          "question_id": 3,
          "question_type": "관계",
          "question": "이 곳에 인접한 시설이 있나요?",
          "question_wordNum": 5,
          "answer": "가양역 1번 출구, 홈플러스, 성현교회",
          "answer_wordNum": 5,
          "fact": [
            "쌀국수마을420,인접,가양역 1번 출구, 홈플러스, 성현교회"
          ]
        }
      ]
    },
    {
      "image_id": 1,
      "question": [
        {
          "question_id": 0,
          "question_type": "탐색",
          "question": "주차시설이 있는지 알 수 있나요?",
          "question_wordNum": 5,
          "answer": "있음",
          "answer_wordNum": 1,
          "fact": [
            "쌀국수마을420,주차시설,있음"
          ]
        },
        {
          "question_id": 1,
          "question_type": "정보",
          "question": "이 곳의 주소를 알 수 있나요?",
          "question_wordNum": 6,
          "answer": "서울 강서구 양천로 431 홈플러스가양점",
          "answer_wordNum": 5,
          "fact": [
            "쌀국수마을420,주소,서울 강서구 양천로 431 홈플러스가양점"
          ]
        },
        {
          "question_id": 2,
          "question_type": "정보",
          "question": "이 곳의 주요 메뉴를 알 수 있나요?",
          "question_wordNum": 7,
          "answer": "차돌양지쌀국수, 짬뽕쌀국수",
          "answer_wordNum": 2,
          "fact": [
            "쌀국수마을420,메뉴,차돌양지쌀국수, 짬뽕쌀국수"
          ]
        },
        {
          "question_id": 3,
          "question_type": "정보",
          "question": "영업시간은 몇시부터 몇시까지로 기재되어 있나요?",
          "question_wordNum": 5,
          "answer": "10:00 - 22:00",
          "answer_wordNum": 3,
          "fact": [
            "쌀국수마을420,영업시간,10:00 - 22:00"
          ]
        }
      ]
    },
    {
      "image_id": 2,
      "question": [
        {
          "question_id": 0,
          "question_type": "정보",
          "question": "영업시간은 어떻게 되나요?",
          "question_wordNum": 3,
          "answer": "10:00 - 22:00",
          "answer_wordNum": 3,
          "fact": [
            "쌀국수마을420,영업시간,10:00 - 22:00"
          ]
        },
        {
          "question_id": 1,
          "question_type": "관계",
          "question": "이 곳에 인접한 시설이 있나요?",
          "question_wordNum": 5,
          "answer": "가양역 1번 출구, 홈플러스, 성현교회",
          "answer_wordNum": 5,
          "fact": [
            "쌀국수마을420,인접,가양역 1번 출구, 홈플러스, 성현교회"
          ]
        },
        {
          "question_id": 2,
          "question_type": "정보",
          "question": "이 곳의 주소를 알 수 있나요?",
          "question_wordNum": 6,
          "answer": "서울 강서구 양천로 431 홈플러스가양점",
          "answer_wordNum": 5,
          "fact": [
            "쌀국수마을420,주소,서울 강서구 양천로 431 홈플러스가양점"
          ]
        },
        {
          "question_id": 3,
          "question_type": "탐색",
          "question": "주차시설이 있는지 알 수 있나요?",
          "question_wordNum": 5,
          "answer": "있음",
          "answer_wordNum": 1,
          "fact": [
            "쌀국수마을420,주차시설,있음"
          ]
        }
      ]
    },
    {
      "image_id": 3,
      "question": [
        {
          "question_id": 0,
          "question_type": "관계",
          "question": "이 곳에 인접한 시설이 있나요?",
          "question_wordNum": 5,
          "answer": "가양역 1번 출구, 홈플러스, 성현교회",
          "answer_wordNum": 5,
          "fact": [
            "쌀국수마을420,인접,가양역 1번 출구, 홈플러스, 성현교회"
          ]
        },
        {
          "question_id": 1,
          "question_type": "정보",
          "question": "연락처가 어떻게 되나요?",
          "question_wordNum": 3,
          "answer": "02-501-3359",
          "answer_wordNum": 1,
          "fact": [
            "쌀국수마을420,연락처,02-501-3359"
          ]
        },
        {
          "question_id": 2,
          "question_type": "정보",
          "question": "영업시간은 몇시부터 몇시까지로 기재되어 있나요?",
          "question_wordNum": 5,
          "answer": "10:00 - 22:00",
          "answer_wordNum": 3,
          "fact": [
            "쌀국수마을420,영업시간,10:00 - 22:00"
          ]
        },
        {
          "question_id": 3,
          "question_type": "정보",
          "question": "이 곳의 대표적인 메뉴를 알 수 있나요?",
          "question_wordNum": 7,
          "answer": "차돌양지쌀국수, 짬뽕쌀국수",
          "answer_wordNum": 2,
          "fact": [
            "쌀국수마을420,메뉴,차돌양지쌀국수, 짬뽕쌀국수"
          ]
        }
      ]
    },
    {
      "image_id": 4,
      "question": [
        {
          "question_id": 0,
          "question_type": "정보",
          "question": "휴무일은 어떻게 되나요?",
          "question_wordNum": 3,
          "answer": "없음",
          "answer_wordNum": 1,
          "fact": [
            "쌀국수마을420,휴무일,없음"
          ]
        },
        {
          "question_id": 1,
          "question_type": "정보",
          "question": "이 곳의 주요 메뉴는 무엇이 있나요?",
          "question_wordNum": 6,
          "answer": "차돌양지쌀국수, 짬뽕쌀국수",
          "answer_wordNum": 2,
          "fact": [
            "쌀국수마을420,메뉴,차돌양지쌀국수, 짬뽕쌀국수"
          ]
        },
        {
          "question_id": 2,
          "question_type": "정보",
          "question": "이 곳의 주소를 알 수 있나요?",
          "question_wordNum": 6,
          "answer": "서울 강서구 양천로 431 홈플러스가양점",
          "answer_wordNum": 5,
          "fact": [
            "쌀국수마을420,주소,서울 강서구 양천로 431 홈플러스가양점"
          ]
        },
        {
          "question_id": 3,
          "question_type": "탐색",
          "question": "주차시설이 있는지 알 수 있나요?",
          "question_wordNum": 5,
          "answer": "있음",
          "answer_wordNum": 1,
          "fact": [
            "쌀국수마을420,주차시설,있음"
          ]
        }
      ]
    }
  ]
}