{
  "data": {
    "dataset": "2-083-219",
    "POI_id": "561421",
    "travelType": "음식점",
    "place": "삼끼막창 가양점",
    "area": "서울"
  },
  "imageInfo": [
    {
      "image_id": 0,
      "filename": "561421_0_su_5_삼끼막창 가양점_1_001.png",
      "mapx": 37.565327390436,
      "mapy": 126.84575653524,
      "width": 3840,
      "height": 2160,
      "caption_info": [
        "삼끼막창 가양점(가양동)",
        "간판"
      ]
    },
    {
      "image_id": 1,
      "filename": "561421_0_su_5_삼끼막창 가양점_1_002.png",
      "mapx": 37.565327390436,
      "mapy": 126.84575653524,
      "width": 3840,
      "height": 2160,
      "caption_info": [
        "삼끼막창 가양점(가양동)",
        "건물, 간판"
      ]
    },
    {
      "image_id": 2,
      "filename": "561421_0_su_5_삼끼막창 가양점_1_003.png",
      "mapx": 37.565327390436,
      "mapy": 126.84575653524,
      "width": 3840,
      "height": 2160,
      "caption_info": [
        "삼끼막창 가양점(가양동)",
        "테이블, 의자"
      ]
    },
    {
      "image_id": 3,
      "filename": "561421_0_su_5_삼끼막창 가양점_1_004.png",
      "mapx": 37.565327390436,
      "mapy": 126.84575653524,
      "width": 3840,
      "height": 2160,
      "caption_info": [
        "삼끼막창 가양점(가양동)",
        "메뉴판"
      ]
    },
    {
      "image_id": 4,
      "filename": "561421_0_su_5_삼끼막창 가양점_1_005.png",
      "mapx": 37.565327390436,
      "mapy": 126.84575653524,
      "width": 3840,
      "height": 2160,
      "caption_info": [
        "삼끼막창 가양점(가양동)",
        "막창구이"
      ]
    }
  ],
  "annotations": [
    {
      "image_id": 0,
      "question": [
        {
          "question_id": 0,
          "question_type": "탐색",
          "question": "주차시설이 있나요?",
          "question_wordNum": 2,
          "answer": "있음",
          "answer_wordNum": 1,
          "fact": [
            "삼끼막창 가양점,주차시설,있음"
          ]
        },
        {
          "question_id": 1,
          "question_type": "정보",
          "question": "이 곳의 주소는 어떻게 되나요?",
          "question_wordNum": 5,
          "answer": "서울 강서구 양천로 400-12 더리브골드타워 1층 108호",
          "answer_wordNum": 7,
          "fact": [
            "삼끼막창 가양점,주소,서울 강서구 양천로 400-12 더리브골드타워 1층 108호"
          ]
        },
        {
          "question_id": 2,
          "question_type": "정보",
          "question": "휴무일은 어떻게 되나요?",
          "question_wordNum": 3,
          "answer": "매주 일요일",
          "answer_wordNum": 2,
          "fact": [
            "삼끼막창 가양점,휴무일,매주 일요일"
          ]
        },
        {
          "question_id": 3,
          "question_type": "정보",
          "question": "이 곳의 대표적인 메뉴는 무엇이 있나요?",
          "question_wordNum": 6,
          "answer": "치즈 양념막창, 숙성 막창구이",
          "answer_wordNum": 4,
          "fact": [
            "삼끼막창 가양점,메뉴,치즈 양념막창, 숙성 막창구이"
          ]
        }
      ]
    },
    {
      "image_id": 1,
      "question": [
        {
          "question_id": 0,
          "question_type": "정보",
          "question": "이 곳의 주소는 어떻게 되나요?",
          "question_wordNum": 5,
          "answer": "서울 강서구 양천로 400-12 더리브골드타워 1층 108호",
          "answer_wordNum": 7,
          "fact": [
            "삼끼막창 가양점,주소,서울 강서구 양천로 400-12 더리브골드타워 1층 108호"
          ]
        },
        {
          "question_id": 1,
          "question_type": "관계",
          "question": "이 곳에 인접한 시설이 있나요?",
          "question_wordNum": 5,
          "answer": "양천향교역 5번 출구, 바빈스커피, 짬뽕타임",
          "answer_wordNum": 5,
          "fact": [
            "삼끼막창 가양점,인접,양천향교역 5번 출구, 바빈스커피, 짬뽕타임"
          ]
        },
        {
          "question_id": 2,
          "question_type": "정보",
          "question": "휴무일은 어떻게 되나요?",
          "question_wordNum": 3,
          "answer": "매주 일요일",
          "answer_wordNum": 2,
          "fact": [
            "삼끼막창 가양점,휴무일,매주 일요일"
          ]
        },
        {
          "question_id": 3,
          "question_type": "정보",
          "question": "영업시간은 어떻게 되나요?",
          "question_wordNum": 3,
          "answer": "11:30~22:00",
          "answer_wordNum": 1,
          "fact": [
            "삼끼막창 가양점,영업시간,11:30~22:00"
          ]
        }
      ]
    },
    {
      "image_id": 2,
      "question": [
        {
          "question_id": 0,
          "question_type": "관계",
          "question": "이 곳에 인접한 시설이 있나요?",
          "question_wordNum": 5,
          "answer": "양천향교역 5번 출구, 바빈스커피, 짬뽕타임",
          "answer_wordNum": 5,
          "fact": [
            "삼끼막창 가양점,인접,양천향교역 5번 출구, 바빈스커피, 짬뽕타임"
          ]
        },
        {
          "question_id": 1,
          "question_type": "정보",
          "question": "연락처가 어떻게 되나요?",
          "question_wordNum": 3,
          "answer": "0507-1394-1733",
          "answer_wordNum": 1,
          "fact": [
            "삼끼막창 가양점,연락처,0507-1394-1733"
          ]
        },
        {
          "question_id": 2,
          "question_type": "정보",
          "question": "영업시간은 어떻게 되나요?",
          "question_wordNum": 3,
          "answer": "11:30~22:00",
          "answer_wordNum": 1,
          "fact": [
            "삼끼막창 가양점,영업시간,11:30~22:00"
          ]
        },
        {
          "question_id": 3,
          "question_type": "정보",
          "question": "이곳은 어떤 음식의 메뉴가 전문인가요?",
          "question_wordNum": 5,
          "answer": "숙성막창",
          "answer_wordNum": 1,
          "fact": [
            "삼끼막창 가양점,전문,숙성막창"
          ]
        }
      ]
    },
    {
      "image_id": 3,
      "question": [
        {
          "question_id": 0,
          "question_type": "정보",
          "question": "연락처가 어떻게 되나요?",
          "question_wordNum": 3,
          "answer": "0507-1394-1733",
          "answer_wordNum": 1,
          "fact": [
            "삼끼막창 가양점,연락처,0507-1394-1733"
          ]
        },
        {
          "question_id": 1,
          "question_type": "정보",
          "question": "이 곳의 대표적인 메뉴는 무엇이 있나요?",
          "question_wordNum": 6,
          "answer": "치즈 양념막창, 숙성 막창구이",
          "answer_wordNum": 4,
          "fact": [
            "삼끼막창 가양점,메뉴,치즈 양념막창, 숙성 막창구이"
          ]
        },
        {
          "question_id": 2,
          "question_type": "탐색",
          "question": "주차시설이 있나요?",
          "question_wordNum": 2,
          "answer": "있음",
          "answer_wordNum": 1,
          "fact": [
            "삼끼막창 가양점,주차시설,있음"
          ]
        },
        {
          "question_id": 3,
          "question_type": "정보",
          "question": "영업시간은 어떻게 되나요?",
          "question_wordNum": 3,
          "answer": "11:30~22:00",
          "answer_wordNum": 1,
          "fact": [
            "삼끼막창 가양점,영업시간,11:30~22:00"
          ]
        }
      ]
    },
    {
      "image_id": 4,
      "question": [
        {
          "question_id": 0,
          "question_type": "정보",
          "question": "연락처가 어떻게 되나요?",
          "question_wordNum": 3,
          "answer": "0507-1394-1733",
          "answer_wordNum": 1,
          "fact": [
            "삼끼막창 가양점,연락처,0507-1394-1733"
          ]
        },
        {
          "question_id": 1,
          "question_type": "탐색",
          "question": "주차시설이 있나요?",
          "question_wordNum": 2,
          "answer": "있음",
          "answer_wordNum": 1,
          "fact": [
            "삼끼막창 가양점,주차시설,있음"
          ]
        },
        {
          "question_id": 2,
          "question_type": "관계",
          "question": "이 곳에 인접한 시설이 있나요?",
          "question_wordNum": 5,
          "answer": "양천향교역 5번 출구, 바빈스커피, 짬뽕타임",
          "answer_wordNum": 5,
          "fact": [
            "삼끼막창 가양점,인접,양천향교역 5번 출구, 바빈스커피, 짬뽕타임"
          ]
        },
        {
          "question_id": 3,
          "question_type": "정보",
          "question": "이 곳의 주소는 어떻게 되나요?",
          "question_wordNum": 5,
          "answer": "서울 강서구 양천로 400-12 더리브골드타워 1층 108호",
          "answer_wordNum": 7,
          "fact": [
            "삼끼막창 가양점,주소,서울 강서구 양천로 400-12 더리브골드타워 1층 108호"
          ]
        }
      ]
    }
  ]
}