{
  "data": {
    "dataset": "2-083-219",
    "POI_id": "553172",
    "travelType": "음식점",
    "place": "수복",
    "area": "서울"
  },
  "imageInfo": [
    {
      "image_id": 0,
      "filename": "553172_0_su_5_수복_3_001.png",
      "mapx": 37.5522521795267,
      "mapy": 126.84921101756,
      "width": 3840,
      "height": 2160,
      "caption_info": [
        "수복(화곡동)",
        "간판 "
      ]
    },
    {
      "image_id": 1,
      "filename": "553172_0_su_5_수복_3_002.png",
      "mapx": 37.5522521795267,
      "mapy": 126.84921101756,
      "width": 3840,
      "height": 2160,
      "caption_info": [
        "수복(화곡동)",
        "간판, 여닫이문"
      ]
    },
    {
      "image_id": 2,
      "filename": "553172_0_su_5_수복_3_003.png",
      "mapx": 37.5522521795267,
      "mapy": 126.84921101756,
      "width": 3840,
      "height": 2160,
      "caption_info": [
        "수복(화곡동)",
        "정수기, 에어컨"
      ]
    },
    {
      "image_id": 3,
      "filename": "553172_0_su_5_수복_3_004.png",
      "mapx": 37.5522521795267,
      "mapy": 126.84921101756,
      "width": 3840,
      "height": 2160,
      "caption_info": [
        "수복(화곡동)",
        "메뉴판 "
      ]
    },
    {
      "image_id": 4,
      "filename": "553172_0_su_5_수복_3_005.png",
      "mapx": 37.5522521795267,
      "mapy": 126.84921101756,
      "width": 3840,
      "height": 2160,
      "caption_info": [
        "수복(화곡동)",
        "대구탕"
      ]
    }
  ],
  "annotations": [
    {
      "image_id": 0,
      "question": [
        {
          "question_id": 0,
          "question_type": "정보",
          "question": "이 곳의 주소를 알 수 있나요?",
          "question_wordNum": 6,
          "answer": "서울 강서구 우장산로16길 26",
          "answer_wordNum": 4,
          "fact": [
            "수복,주소,서울 강서구 우장산로16길 26"
          ]
        },
        {
          "question_id": 1,
          "question_type": "정보",
          "question": "이 곳의 주요 메뉴는 무엇이 있나요?",
          "question_wordNum": 6,
          "answer": "생대구탕, 특대구탕",
          "answer_wordNum": 2,
          "fact": [
            "수복,메뉴,생대구탕, 특대구탕"
          ]
        },
        {
          "question_id": 2,
          "question_type": "관계",
          "question": "이 곳에 인접한 시설이 있나요?",
          "question_wordNum": 5,
          "answer": "강서구청, 커피바알아, 우리은행",
          "answer_wordNum": 3,
          "fact": [
            "수복,인접,강서구청, 커피바알아, 우리은행"
          ]
        },
        {
          "question_id": 3,
          "question_type": "탐색",
          "question": "주차시설이 있나요?",
          "question_wordNum": 2,
          "answer": "없음",
          "answer_wordNum": 1,
          "fact": [
            "수복,주차시설,없음"
          ]
        }
      ]
    },
    {
      "image_id": 1,
      "question": [
        {
          "question_id": 0,
          "question_type": "정보",
          "question": "이 곳의 주소는 어떻게 되나요?",
          "question_wordNum": 5,
          "answer": "서울 강서구 우장산로16길 26",
          "answer_wordNum": 4,
          "fact": [
            "수복,주소,서울 강서구 우장산로16길 26"
          ]
        },
        {
          "question_id": 1,
          "question_type": "관계",
          "question": "이 곳에 인접한 시설이 있나요?",
          "question_wordNum": 5,
          "answer": "강서구청, 커피바알아, 우리은행",
          "answer_wordNum": 3,
          "fact": [
            "수복,인접,강서구청, 커피바알아, 우리은행"
          ]
        },
        {
          "question_id": 2,
          "question_type": "정보",
          "question": "이 곳의 주요 메뉴를 알 수 있나요?",
          "question_wordNum": 7,
          "answer": "생대구탕, 특대구탕",
          "answer_wordNum": 2,
          "fact": [
            "수복,메뉴,생대구탕, 특대구탕"
          ]
        },
        {
          "question_id": 3,
          "question_type": "정보",
          "question": "휴무일을 알 수 있나요?",
          "question_wordNum": 4,
          "answer": "없음",
          "answer_wordNum": 1,
          "fact": [
            "수복,휴무일,없음"
          ]
        }
      ]
    },
    {
      "image_id": 2,
      "question": [
        {
          "question_id": 0,
          "question_type": "정보",
          "question": "영업시간을 알 수 있나요?",
          "question_wordNum": 4,
          "answer": "10:00~22:00",
          "answer_wordNum": 1,
          "fact": [
            "수복,영업시간,10:00~22:00"
          ]
        },
        {
          "question_id": 1,
          "question_type": "관계",
          "question": "이 곳에 인접한 시설을 알 수 있나요?",
          "question_wordNum": 7,
          "answer": "강서구청, 커피바알아, 우리은행",
          "answer_wordNum": 3,
          "fact": [
            "수복,인접,강서구청, 커피바알아, 우리은행"
          ]
        },
        {
          "question_id": 2,
          "question_type": "정보",
          "question": "이 곳의 주소를 알 수 있나요?",
          "question_wordNum": 6,
          "answer": "서울 강서구 우장산로16길 26",
          "answer_wordNum": 4,
          "fact": [
            "수복,주소,서울 강서구 우장산로16길 26"
          ]
        },
        {
          "question_id": 3,
          "question_type": "정보",
          "question": "이 곳의 대표적인 메뉴는 무엇이 있나요?",
          "question_wordNum": 6,
          "answer": "생대구탕, 특대구탕",
          "answer_wordNum": 2,
          "fact": [
            "수복,메뉴,생대구탕, 특대구탕"
          ]
        }
      ]
    },
    {
      "image_id": 3,
      "question": [
        {
          "question_id": 0,
          "question_type": "관계",
          "question": "이 곳에 인접한 시설이 있나요?",
          "question_wordNum": 5,
          "answer": "강서구청, 커피바알아, 우리은행",
          "answer_wordNum": 3,
          "fact": [
            "수복,인접,강서구청, 커피바알아, 우리은행"
          ]
        },
        {
          "question_id": 1,
          "question_type": "정보",
          "question": "연락처가 어떻게 되나요?",
          "question_wordNum": 3,
          "answer": "02-2605-3248",
          "answer_wordNum": 1,
          "fact": [
            "수복,연락처,02-2605-3248"
          ]
        },
        {
          "question_id": 2,
          "question_type": "정보",
          "question": "이 곳의 대표적인 메뉴는 무엇이 있나요?",
          "question_wordNum": 6,
          "answer": "생대구탕, 특대구탕",
          "answer_wordNum": 2,
          "fact": [
            "수복,메뉴,생대구탕, 특대구탕"
          ]
        },
        {
          "question_id": 3,
          "question_type": "정보",
          "question": "영업시간을 알 수 있나요?",
          "question_wordNum": 4,
          "answer": "10:00~22:00",
          "answer_wordNum": 1,
          "fact": [
            "수복,영업시간,10:00~22:00"
          ]
        }
      ]
    },
    {
      "image_id": 4,
      "question": [
        {
          "question_id": 0,
          "question_type": "정보",
          "question": "휴무일은 어떻게 되나요?",
          "question_wordNum": 3,
          "answer": "없음",
          "answer_wordNum": 1,
          "fact": [
            "수복,휴무일,없음"
          ]
        },
        {
          "question_id": 1,
          "question_type": "정보",
          "question": "영업시간을 알 수 있나요?",
          "question_wordNum": 4,
          "answer": "10:00~22:00",
          "answer_wordNum": 1,
          "fact": [
            "수복,영업시간,10:00~22:00"
          ]
        },
        {
          "question_id": 2,
          "question_type": "정보",
          "question": "이 곳의 대표적인 메뉴를 알 수 있나요?",
          "question_wordNum": 7,
          "answer": "생대구탕, 특대구탕",
          "answer_wordNum": 2,
          "fact": [
            "수복,메뉴,생대구탕, 특대구탕"
          ]
        },
        {
          "question_id": 3,
          "question_type": "정보",
          "question": "연락처를 알 수 있나요?",
          "question_wordNum": 4,
          "answer": "02-2605-3248",
          "answer_wordNum": 1,
          "fact": [
            "수복,연락처,02-2605-3248"
          ]
        }
      ]
    }
  ]
}