{
  "data": {
    "dataset": "2-083-219",
    "POI_id": "561627",
    "travelType": "음식점",
    "place": "온달집 마곡발산점",
    "area": "서울"
  },
  "imageInfo": [
    {
      "image_id": 0,
      "filename": "561627_0_su_5_온달집 마곡발산점_1_001.png",
      "mapx": 37.5598562142859,
      "mapy": 126.834854214935,
      "width": 3840,
      "height": 2160,
      "caption_info": [
        "온달집 마곡발산점(마곡동)",
        "간판, 테이블, 현수막"
      ]
    },
    {
      "image_id": 1,
      "filename": "561627_0_su_5_온달집 마곡발산점_1_002.png",
      "mapx": 37.5598562142859,
      "mapy": 126.834854214935,
      "width": 3840,
      "height": 2160,
      "caption_info": [
        "온달집 마곡발산점(마곡동)",
        "간판"
      ]
    },
    {
      "image_id": 2,
      "filename": "561627_0_su_5_온달집 마곡발산점_1_003.png",
      "mapx": 37.5598562142859,
      "mapy": 126.834854214935,
      "width": 3840,
      "height": 2160,
      "caption_info": [
        "온달집 마곡발산점(마곡동)",
        "테이블, 의자, 냉장고"
      ]
    },
    {
      "image_id": 3,
      "filename": "561627_0_su_5_온달집 마곡발산점_1_004.png",
      "mapx": 37.5598562142859,
      "mapy": 126.834854214935,
      "width": 3840,
      "height": 2160,
      "caption_info": [
        "온달집 마곡발산점(마곡동)",
        "메뉴판"
      ]
    },
    {
      "image_id": 4,
      "filename": "561627_0_su_5_온달집 마곡발산점_1_005.png",
      "mapx": 37.5598562142859,
      "mapy": 126.834854214935,
      "width": 3840,
      "height": 2160,
      "caption_info": [
        "온달집 마곡발산점(마곡동)",
        "닭다리살, 주먹밥"
      ]
    }
  ],
  "annotations": [
    {
      "image_id": 0,
      "question": [
        {
          "question_id": 0,
          "question_type": "관계",
          "question": "이 곳에 인접한 시설이 있나요?",
          "question_wordNum": 5,
          "answer": "발산역 9번 출구, 금별맥주, 청계, 오봉집",
          "answer_wordNum": 6,
          "fact": [
            "온달집 마곡발산점,인접,발산역 9번 출구, 금별맥주, 청계, 오봉집"
          ]
        },
        {
          "question_id": 1,
          "question_type": "정보",
          "question": "이 곳의 대표적인 메뉴는 무엇이 있나요?",
          "question_wordNum": 6,
          "answer": "숯불 닭다리살, 숯불 무뼈닭발",
          "answer_wordNum": 4,
          "fact": [
            "온달집 마곡발산점,메뉴,숯불 닭다리살, 숯불 무뼈닭발"
          ]
        },
        {
          "question_id": 2,
          "question_type": "정보",
          "question": "연락처를 알 수 있나요?",
          "question_wordNum": 4,
          "answer": "0507-1485-0802",
          "answer_wordNum": 1,
          "fact": [
            "온달집 마곡발산점,연락처,0507-1485-0802"
          ]
        },
        {
          "question_id": 3,
          "question_type": "정보",
          "question": "휴무일을 알 수 있나요?",
          "question_wordNum": 4,
          "answer": "알수없음",
          "answer_wordNum": 1,
          "fact": [
            "온달집 마곡발산점,휴무일,알수없음"
          ]
        }
      ]
    },
    {
      "image_id": 1,
      "question": [
        {
          "question_id": 0,
          "question_type": "정보",
          "question": "영업시간은 몇시부터 몇시까지로 기재되어 있나요?",
          "question_wordNum": 5,
          "answer": "16:00-01:00/02:00",
          "answer_wordNum": 1,
          "fact": [
            "온달집 마곡발산점,영업시간,16:00-01:00/02:00"
          ]
        },
        {
          "question_id": 1,
          "question_type": "정보",
          "question": "이 곳의 주소는 어떻게 되나요?",
          "question_wordNum": 5,
          "answer": "서울 강서구 마곡중앙6로 70",
          "answer_wordNum": 4,
          "fact": [
            "온달집 마곡발산점,주소,서울 강서구 마곡중앙6로 70"
          ]
        },
        {
          "question_id": 2,
          "question_type": "정보",
          "question": "휴무일은 어떻게 되나요?",
          "question_wordNum": 3,
          "answer": "알수없음",
          "answer_wordNum": 1,
          "fact": [
            "온달집 마곡발산점,휴무일,알수없음"
          ]
        },
        {
          "question_id": 3,
          "question_type": "탐색",
          "question": "주차시설이 있나요?",
          "question_wordNum": 2,
          "answer": "있음",
          "answer_wordNum": 1,
          "fact": [
            "온달집 마곡발산점,주차시설,있음"
          ]
        }
      ]
    },
    {
      "image_id": 2,
      "question": [
        {
          "question_id": 0,
          "question_type": "관계",
          "question": "이 곳에 인접한 시설이 있나요?",
          "question_wordNum": 5,
          "answer": "발산역 9번 출구, 금별맥주, 청계, 오봉집",
          "answer_wordNum": 6,
          "fact": [
            "온달집 마곡발산점,인접,발산역 9번 출구, 금별맥주, 청계, 오봉집"
          ]
        },
        {
          "question_id": 1,
          "question_type": "정보",
          "question": "연락처가 어떻게 되나요?",
          "question_wordNum": 3,
          "answer": "0507-1485-0802",
          "answer_wordNum": 1,
          "fact": [
            "온달집 마곡발산점,연락처,0507-1485-0802"
          ]
        },
        {
          "question_id": 2,
          "question_type": "정보",
          "question": "이 곳의 주요 메뉴를 알 수 있나요?",
          "question_wordNum": 7,
          "answer": "숯불 닭다리살, 숯불 무뼈닭발",
          "answer_wordNum": 4,
          "fact": [
            "온달집 마곡발산점,메뉴,숯불 닭다리살, 숯불 무뼈닭발"
          ]
        },
        {
          "question_id": 3,
          "question_type": "정보",
          "question": "이 곳의 주소를 알 수 있나요?",
          "question_wordNum": 6,
          "answer": "서울 강서구 마곡중앙6로 70",
          "answer_wordNum": 4,
          "fact": [
            "온달집 마곡발산점,주소,서울 강서구 마곡중앙6로 70"
          ]
        }
      ]
    },
    {
      "image_id": 3,
      "question": [
        {
          "question_id": 0,
          "question_type": "정보",
          "question": "영업시간은 몇시부터 몇시까지로 기재되어 있나요?",
          "question_wordNum": 5,
          "answer": "16:00-01:00/02:00",
          "answer_wordNum": 1,
          "fact": [
            "온달집 마곡발산점,영업시간,16:00-01:00/02:00"
          ]
        },
        {
          "question_id": 1,
          "question_type": "정보",
          "question": "휴무일을 알 수 있나요?",
          "question_wordNum": 4,
          "answer": "알수없음",
          "answer_wordNum": 1,
          "fact": [
            "온달집 마곡발산점,휴무일,알수없음"
          ]
        },
        {
          "question_id": 2,
          "question_type": "탐색",
          "question": "주차시설이 있나요?",
          "question_wordNum": 2,
          "answer": "있음",
          "answer_wordNum": 1,
          "fact": [
            "온달집 마곡발산점,주차시설,있음"
          ]
        },
        {
          "question_id": 3,
          "question_type": "정보",
          "question": "이 곳의 대표적인 메뉴는 무엇이 있나요?",
          "question_wordNum": 6,
          "answer": "숯불 닭다리살, 숯불 무뼈닭발",
          "answer_wordNum": 4,
          "fact": [
            "온달집 마곡발산점,메뉴,숯불 닭다리살, 숯불 무뼈닭발"
          ]
        }
      ]
    },
    {
      "image_id": 4,
      "question": [
        {
          "question_id": 0,
          "question_type": "정보",
          "question": "이 곳의 대표적인 메뉴는 무엇이 있나요?",
          "question_wordNum": 6,
          "answer": "숯불 닭다리살, 숯불 무뼈닭발",
          "answer_wordNum": 4,
          "fact": [
            "온달집 마곡발산점,메뉴,숯불 닭다리살, 숯불 무뼈닭발"
          ]
        },
        {
          "question_id": 1,
          "question_type": "관계",
          "question": "이 곳에 인접한 시설이 있나요?",
          "question_wordNum": 5,
          "answer": "발산역 9번 출구, 금별맥주, 청계, 오봉집",
          "answer_wordNum": 6,
          "fact": [
            "온달집 마곡발산점,인접,발산역 9번 출구, 금별맥주, 청계, 오봉집"
          ]
        },
        {
          "question_id": 2,
          "question_type": "정보",
          "question": "휴무일은 어떻게 되나요?",
          "question_wordNum": 3,
          "answer": "알수없음",
          "answer_wordNum": 1,
          "fact": [
            "온달집 마곡발산점,휴무일,알수없음"
          ]
        },
        {
          "question_id": 3,
          "question_type": "정보",
          "question": "이 곳의 주소를 알 수 있나요?",
          "question_wordNum": 6,
          "answer": "서울 강서구 마곡중앙6로 70",
          "answer_wordNum": 4,
          "fact": [
            "온달집 마곡발산점,주소,서울 강서구 마곡중앙6로 70"
          ]
        }
      ]
    }
  ]
}