{
  "data": {
    "dataset": "2-083-219",
    "POI_id": "561597",
    "travelType": "음식점",
    "place": "고71집",
    "area": "서울"
  },
  "imageInfo": [
    {
      "image_id": 0,
      "filename": "561597_0_su_5_고71집_1_001.png",
      "mapx": 37.5596431100254,
      "mapy": 126.836199032381,
      "width": 3840,
      "height": 2160,
      "caption_info": [
        "고71집(마곡동)",
        "간판"
      ]
    },
    {
      "image_id": 1,
      "filename": "561597_0_su_5_고71집_1_002.png",
      "mapx": 37.5596431100254,
      "mapy": 126.836199032381,
      "width": 3840,
      "height": 2160,
      "caption_info": [
        "고71집(마곡동)",
        "간판"
      ]
    },
    {
      "image_id": 2,
      "filename": "561597_0_su_5_고71집_1_003.png",
      "mapx": 37.5596431100254,
      "mapy": 126.836199032381,
      "width": 3840,
      "height": 2160,
      "caption_info": [
        "고71집(마곡동)",
        "테이블, 등받이 의자"
      ]
    },
    {
      "image_id": 3,
      "filename": "561597_0_su_5_고71집_1_004.png",
      "mapx": 37.5596431100254,
      "mapy": 126.836199032381,
      "width": 3840,
      "height": 2160,
      "caption_info": [
        "고71집(마곡동)",
        "메뉴판"
      ]
    },
    {
      "image_id": 4,
      "filename": "561597_0_su_5_고71집_1_005.png",
      "mapx": 37.5596431100254,
      "mapy": 126.836199032381,
      "width": 3840,
      "height": 2160,
      "caption_info": [
        "고71집(마곡동)",
        "김치, 백김치, 파절임"
      ]
    }
  ],
  "annotations": [
    {
      "image_id": 0,
      "question": [
        {
          "question_id": 0,
          "question_type": "정보",
          "question": "대표 메뉴가 무엇인가요?",
          "question_wordNum": 3,
          "answer": "삼겹살, 항정살",
          "answer_wordNum": 2,
          "fact": [
            "고71집,메뉴,삼겹살, 항정살"
          ]
        },
        {
          "question_id": 1,
          "question_type": "정보",
          "question": "이 곳의 주소를 알 수 있나요?",
          "question_wordNum": 6,
          "answer": "서울 강서구 마곡동로4길 23 호텔 루체브릿지 2층 203호",
          "answer_wordNum": 8,
          "fact": [
            "고71집,주소,서울 강서구 마곡동로4길 23 호텔 루체브릿지 2층 203호"
          ]
        },
        {
          "question_id": 2,
          "question_type": "정보",
          "question": "영업시간을 알 수 있나요?",
          "question_wordNum": 4,
          "answer": "17:00~23:00",
          "answer_wordNum": 1,
          "fact": [
            "고71집,영업시간,17:00~23:00"
          ]
        },
        {
          "question_id": 3,
          "question_type": "탐색",
          "question": "주차시설이 있는지 알 수 있나요?",
          "question_wordNum": 5,
          "answer": "있음",
          "answer_wordNum": 1,
          "fact": [
            "고71집,주차시설,있음"
          ]
        }
      ]
    },
    {
      "image_id": 1,
      "question": [
        {
          "question_id": 0,
          "question_type": "정보",
          "question": "영업시간을 알 수 있나요?",
          "question_wordNum": 4,
          "answer": "17:00~23:00",
          "answer_wordNum": 1,
          "fact": [
            "고71집,영업시간,17:00~23:00"
          ]
        },
        {
          "question_id": 1,
          "question_type": "정보",
          "question": "휴무일은 어떻게 되나요?",
          "question_wordNum": 3,
          "answer": "매주 일요일",
          "answer_wordNum": 2,
          "fact": [
            "고71집,휴무일,매주 일요일"
          ]
        },
        {
          "question_id": 2,
          "question_type": "탐색",
          "question": "주차시설이 있는지 알 수 있나요?",
          "question_wordNum": 5,
          "answer": "있음",
          "answer_wordNum": 1,
          "fact": [
            "고71집,주차시설,있음"
          ]
        },
        {
          "question_id": 3,
          "question_type": "관계",
          "question": "이 곳에 인접한 시설이 있나요?",
          "question_wordNum": 5,
          "answer": "발산역 1번 출구, 발산역 9번 출구, 쿠마데, 배진수스시",
          "answer_wordNum": 8,
          "fact": [
            "고71집,인접,발산역 1번 출구, 발산역 9번 출구, 쿠마데, 배진수스시"
          ]
        }
      ]
    },
    {
      "image_id": 2,
      "question": [
        {
          "question_id": 0,
          "question_type": "정보",
          "question": "영업시간을 알 수 있나요?",
          "question_wordNum": 4,
          "answer": "17:00~23:00",
          "answer_wordNum": 1,
          "fact": [
            "고71집,영업시간,17:00~23:00"
          ]
        },
        {
          "question_id": 1,
          "question_type": "정보",
          "question": "이 곳의 주소는 어떻게 되나요?",
          "question_wordNum": 5,
          "answer": "서울 강서구 마곡동로4길 23 호텔 루체브릿지 2층 203호",
          "answer_wordNum": 8,
          "fact": [
            "고71집,주소,서울 강서구 마곡동로4길 23 호텔 루체브릿지 2층 203호"
          ]
        },
        {
          "question_id": 2,
          "question_type": "정보",
          "question": "연락처를 알 수 있나요?",
          "question_wordNum": 4,
          "answer": "02-3662-9290",
          "answer_wordNum": 1,
          "fact": [
            "고71집,연락처,02-3662-9290"
          ]
        },
        {
          "question_id": 3,
          "question_type": "탐색",
          "question": "주차시설이 있는지 알 수 있나요?",
          "question_wordNum": 5,
          "answer": "있음",
          "answer_wordNum": 1,
          "fact": [
            "고71집,주차시설,있음"
          ]
        }
      ]
    },
    {
      "image_id": 3,
      "question": [
        {
          "question_id": 0,
          "question_type": "관계",
          "question": "이 곳에 인접한 시설을 알 수 있나요?",
          "question_wordNum": 7,
          "answer": "발산역 1번 출구, 발산역 9번 출구, 쿠마데, 배진수스시",
          "answer_wordNum": 8,
          "fact": [
            "고71집,인접,발산역 1번 출구, 발산역 9번 출구, 쿠마데, 배진수스시"
          ]
        },
        {
          "question_id": 1,
          "question_type": "정보",
          "question": "이 곳의 주소를 알 수 있나요?",
          "question_wordNum": 6,
          "answer": "서울 강서구 마곡동로4길 23 호텔 루체브릿지 2층 203호",
          "answer_wordNum": 8,
          "fact": [
            "고71집,주소,서울 강서구 마곡동로4길 23 호텔 루체브릿지 2층 203호"
          ]
        },
        {
          "question_id": 2,
          "question_type": "정보",
          "question": "영업시간은 어떻게 되나요?",
          "question_wordNum": 3,
          "answer": "17:00~23:00",
          "answer_wordNum": 1,
          "fact": [
            "고71집,영업시간,17:00~23:00"
          ]
        },
        {
          "question_id": 3,
          "question_type": "정보",
          "question": "휴무일은 어떻게 되나요?",
          "question_wordNum": 3,
          "answer": "매주 일요일",
          "answer_wordNum": 2,
          "fact": [
            "고71집,휴무일,매주 일요일"
          ]
        }
      ]
    },
    {
      "image_id": 4,
      "question": [
        {
          "question_id": 0,
          "question_type": "정보",
          "question": "이 곳의 주소를 알 수 있나요?",
          "question_wordNum": 6,
          "answer": "서울 강서구 마곡동로4길 23 호텔 루체브릿지 2층 203호",
          "answer_wordNum": 8,
          "fact": [
            "고71집,주소,서울 강서구 마곡동로4길 23 호텔 루체브릿지 2층 203호"
          ]
        },
        {
          "question_id": 1,
          "question_type": "탐색",
          "question": "주차시설이 있나요?",
          "question_wordNum": 2,
          "answer": "있음",
          "answer_wordNum": 1,
          "fact": [
            "고71집,주차시설,있음"
          ]
        },
        {
          "question_id": 2,
          "question_type": "정보",
          "question": "연락처가 어떻게 되나요?",
          "question_wordNum": 3,
          "answer": "02-3662-9290",
          "answer_wordNum": 1,
          "fact": [
            "고71집,연락처,02-3662-9290"
          ]
        },
        {
          "question_id": 3,
          "question_type": "정보",
          "question": "영업시간을 알 수 있나요?",
          "question_wordNum": 4,
          "answer": "17:00~23:00",
          "answer_wordNum": 1,
          "fact": [
            "고71집,영업시간,17:00~23:00"
          ]
        }
      ]
    }
  ]
}