{
  "data": {
    "dataset": "2-083-219",
    "POI_id": "561596",
    "travelType": "음식점",
    "place": "리리반점",
    "area": "서울"
  },
  "imageInfo": [
    {
      "image_id": 0,
      "filename": "561596_0_su_5_리리반점_1_001.png",
      "mapx": 37.5626706927393,
      "mapy": 126.823605646871,
      "width": 3840,
      "height": 2160,
      "caption_info": [
        "리리반점(강서구)",
        "간판"
      ]
    },
    {
      "image_id": 1,
      "filename": "561596_0_su_5_리리반점_1_002.png",
      "mapx": 37.5626706927393,
      "mapy": 126.823605646871,
      "width": 3840,
      "height": 2160,
      "caption_info": [
        "리리반점(강서구)",
        "간판"
      ]
    },
    {
      "image_id": 2,
      "filename": "561596_0_su_5_리리반점_1_003.png",
      "mapx": 37.5626706927393,
      "mapy": 126.823605646871,
      "width": 3840,
      "height": 2160,
      "caption_info": [
        "리리반점(강서구)",
        "등받이 의자"
      ]
    },
    {
      "image_id": 3,
      "filename": "561596_0_su_5_리리반점_1_004.png",
      "mapx": 37.5626706927393,
      "mapy": 126.823605646871,
      "width": 3840,
      "height": 2160,
      "caption_info": [
        "리리반점(강서구)",
        "메뉴판 "
      ]
    },
    {
      "image_id": 4,
      "filename": "561596_0_su_5_리리반점_1_005.png",
      "mapx": 37.5626706927393,
      "mapy": 126.823605646871,
      "width": 3840,
      "height": 2160,
      "caption_info": [
        "리리반점(강서구)",
        "그릇 "
      ]
    }
  ],
  "annotations": [
    {
      "image_id": 0,
      "question": [
        {
          "question_id": 0,
          "question_type": "정보",
          "question": "영업시간은 어떻게 되나요?",
          "question_wordNum": 3,
          "answer": "11:30~20:00",
          "answer_wordNum": 1,
          "fact": [
            "리리반점,영업시간,11:30~20:00"
          ]
        },
        {
          "question_id": 1,
          "question_type": "정보",
          "question": "휴무일은 어떻게 되나요?",
          "question_wordNum": 3,
          "answer": "매주 일요일, 둘째, 넷째 월요일",
          "answer_wordNum": 5,
          "fact": [
            "리리반점,휴무일,매주 일요일, 둘째, 넷째 월요일"
          ]
        },
        {
          "question_id": 2,
          "question_type": "정보",
          "question": "이 곳의 메뉴를 알 수 있나요?",
          "question_wordNum": 6,
          "answer": "홍짬뽕, 백짬뽕",
          "answer_wordNum": 2,
          "fact": [
            "리리반점,메뉴,홍짬뽕, 백짬뽕"
          ]
        },
        {
          "question_id": 3,
          "question_type": "탐색",
          "question": "주차시설이 있는지 알 수 있나요?",
          "question_wordNum": 5,
          "answer": "있음",
          "answer_wordNum": 1,
          "fact": [
            "리리반점,주차시설,있음"
          ]
        }
      ]
    },
    {
      "image_id": 1,
      "question": [
        {
          "question_id": 0,
          "question_type": "정보",
          "question": "연락처가 어떻게 되나요?",
          "question_wordNum": 3,
          "answer": "0507-1380-1210",
          "answer_wordNum": 1,
          "fact": [
            "리리반점,연락처,0507-1380-1210"
          ]
        },
        {
          "question_id": 1,
          "question_type": "정보",
          "question": "이 곳의 주소는 어떻게 되나요?",
          "question_wordNum": 5,
          "answer": "서울 강서구 마곡서로 101",
          "answer_wordNum": 4,
          "fact": [
            "리리반점,주소,서울 강서구 마곡서로 101"
          ]
        },
        {
          "question_id": 2,
          "question_type": "탐색",
          "question": "주차시설이 있는지 알 수 있나요?",
          "question_wordNum": 5,
          "answer": "있음",
          "answer_wordNum": 1,
          "fact": [
            "리리반점,주차시설,있음"
          ]
        },
        {
          "question_id": 3,
          "question_type": "정보",
          "question": "영업시간을 알 수 있나요?",
          "question_wordNum": 4,
          "answer": "11:30~20:00",
          "answer_wordNum": 1,
          "fact": [
            "리리반점,영업시간,11:30~20:00"
          ]
        }
      ]
    },
    {
      "image_id": 2,
      "question": [
        {
          "question_id": 0,
          "question_type": "정보",
          "question": "휴무일은 어떻게 되나요?",
          "question_wordNum": 3,
          "answer": "매주 일요일, 둘째, 넷째 월요일",
          "answer_wordNum": 5,
          "fact": [
            "리리반점,휴무일,매주 일요일, 둘째, 넷째 월요일"
          ]
        },
        {
          "question_id": 1,
          "question_type": "정보",
          "question": "연락처를 알 수 있나요?",
          "question_wordNum": 4,
          "answer": "0507-1380-1210",
          "answer_wordNum": 1,
          "fact": [
            "리리반점,연락처,0507-1380-1210"
          ]
        },
        {
          "question_id": 2,
          "question_type": "정보",
          "question": "이 곳의 주소는 어떻게 되나요?",
          "question_wordNum": 5,
          "answer": "서울 강서구 마곡서로 101",
          "answer_wordNum": 4,
          "fact": [
            "리리반점,주소,서울 강서구 마곡서로 101"
          ]
        },
        {
          "question_id": 3,
          "question_type": "정보",
          "question": "영업시간을 알 수 있나요?",
          "question_wordNum": 4,
          "answer": "11:30~20:00",
          "answer_wordNum": 1,
          "fact": [
            "리리반점,영업시간,11:30~20:00"
          ]
        }
      ]
    },
    {
      "image_id": 3,
      "question": [
        {
          "question_id": 0,
          "question_type": "정보",
          "question": "이 곳의 주소를 알 수 있나요?",
          "question_wordNum": 6,
          "answer": "서울 강서구 마곡서로 101",
          "answer_wordNum": 4,
          "fact": [
            "리리반점,주소,서울 강서구 마곡서로 101"
          ]
        },
        {
          "question_id": 1,
          "question_type": "정보",
          "question": "영업시간을 알 수 있나요?",
          "question_wordNum": 4,
          "answer": "11:30~20:00",
          "answer_wordNum": 1,
          "fact": [
            "리리반점,영업시간,11:30~20:00"
          ]
        },
        {
          "question_id": 2,
          "question_type": "정보",
          "question": "이 곳의 메뉴를 알 수 있나요?",
          "question_wordNum": 6,
          "answer": "홍짬뽕, 백짬뽕",
          "answer_wordNum": 2,
          "fact": [
            "리리반점,메뉴,홍짬뽕, 백짬뽕"
          ]
        },
        {
          "question_id": 3,
          "question_type": "정보",
          "question": "휴무일을 알 수 있나요?",
          "question_wordNum": 4,
          "answer": "매주 일요일, 둘째, 넷째 월요일",
          "answer_wordNum": 5,
          "fact": [
            "리리반점,휴무일,매주 일요일, 둘째, 넷째 월요일"
          ]
        }
      ]
    },
    {
      "image_id": 4,
      "question": [
        {
          "question_id": 0,
          "question_type": "정보",
          "question": "이 곳의 주소를 알 수 있나요?",
          "question_wordNum": 6,
          "answer": "서울 강서구 마곡서로 101",
          "answer_wordNum": 4,
          "fact": [
            "리리반점,주소,서울 강서구 마곡서로 101"
          ]
        },
        {
          "question_id": 1,
          "question_type": "정보",
          "question": "이 곳의 메뉴를 알 수 있나요?",
          "question_wordNum": 6,
          "answer": "홍짬뽕, 백짬뽕",
          "answer_wordNum": 2,
          "fact": [
            "리리반점,메뉴,홍짬뽕, 백짬뽕"
          ]
        },
        {
          "question_id": 2,
          "question_type": "관계",
          "question": "이 곳에 인접한 시설이 있나요?",
          "question_wordNum": 5,
          "answer": "마곡역 1번 출구, 강서세무서, 공항초등학교, CU, 얍얍커피",
          "answer_wordNum": 7,
          "fact": [
            "리리반점,인접,마곡역 1번 출구, 강서세무서, 공항초등학교, CU, 얍얍커피"
          ]
        },
        {
          "question_id": 3,
          "question_type": "정보",
          "question": "영업시간은 어떻게 되나요?",
          "question_wordNum": 3,
          "answer": "11:30~20:00",
          "answer_wordNum": 1,
          "fact": [
            "리리반점,영업시간,11:30~20:00"
          ]
        }
      ]
    }
  ]
}