{
  "data": {
    "dataset": "2-083-219",
    "POI_id": "561500",
    "travelType": "음식점",
    "place": "여가반상 ",
    "area": "서울"
  },
  "imageInfo": [
    {
      "image_id": 0,
      "filename": "561500_0_su_5_여가반상 _1_001.png",
      "mapx": 37.5602455642568,
      "mapy": 126.836884719112,
      "width": 3840,
      "height": 2160,
      "caption_info": [
        "여가반상(마곡동)",
        "간판, 여닫이문"
      ]
    },
    {
      "image_id": 1,
      "filename": "561500_0_su_5_여가반상 _1_002.png",
      "mapx": 37.5602455642568,
      "mapy": 126.836884719112,
      "width": 3840,
      "height": 2160,
      "caption_info": [
        "여가반상(마곡동)",
        "간판, 여닫이문"
      ]
    },
    {
      "image_id": 2,
      "filename": "561500_0_su_5_여가반상 _1_003.png",
      "mapx": 37.5602455642568,
      "mapy": 126.836884719112,
      "width": 3840,
      "height": 2160,
      "caption_info": [
        "여가반상(마곡동)",
        "여닫이문"
      ]
    },
    {
      "image_id": 3,
      "filename": "561500_0_su_5_여가반상 _1_004.png",
      "mapx": 37.5602455642568,
      "mapy": 126.836884719112,
      "width": 3840,
      "height": 2160,
      "caption_info": [
        "여가반상(마곡동)",
        "메뉴판"
      ]
    },
    {
      "image_id": 4,
      "filename": "561500_0_su_5_여가반상 _1_005.png",
      "mapx": 37.5602455642568,
      "mapy": 126.836884719112,
      "width": 3840,
      "height": 2160,
      "caption_info": [
        "여가반상(마곡동)",
        "치즈"
      ]
    }
  ],
  "annotations": [
    {
      "image_id": 0,
      "question": [
        {
          "question_id": 0,
          "question_type": "정보",
          "question": "영업시간은 어떻게 되나요?",
          "question_wordNum": 3,
          "answer": "11:00~22:00/22:20",
          "answer_wordNum": 1,
          "fact": [
            "여가반상,영업시간,11:00~22:00/22:20"
          ]
        },
        {
          "question_id": 1,
          "question_type": "관계",
          "question": "이 곳에 인접한 시설이 있나요?",
          "question_wordNum": 5,
          "answer": "발산역 2번 출구, 국보집, GS25",
          "answer_wordNum": 5,
          "fact": [
            "여가반상,인접,발산역 2번 출구, 국보집, GS25"
          ]
        },
        {
          "question_id": 2,
          "question_type": "탐색",
          "question": "주차시설이 있나요?",
          "question_wordNum": 2,
          "answer": "있음",
          "answer_wordNum": 1,
          "fact": [
            "여가반상,주차시설,있음"
          ]
        },
        {
          "question_id": 3,
          "question_type": "정보",
          "question": "이 곳의 주소는 어떻게 되나요?",
          "question_wordNum": 5,
          "answer": "서울 강서구 마곡중앙6로 85 마곡사이언스파크뷰 204호",
          "answer_wordNum": 6,
          "fact": [
            "여가반상,주소,서울 강서구 마곡중앙6로 85 마곡사이언스파크뷰 204호"
          ]
        }
      ]
    },
    {
      "image_id": 1,
      "question": [
        {
          "question_id": 0,
          "question_type": "정보",
          "question": "이 곳의 주소는 어떻게 되나요?",
          "question_wordNum": 5,
          "answer": "서울 강서구 마곡중앙6로 85 마곡사이언스파크뷰 204호",
          "answer_wordNum": 6,
          "fact": [
            "여가반상,주소,서울 강서구 마곡중앙6로 85 마곡사이언스파크뷰 204호"
          ]
        },
        {
          "question_id": 1,
          "question_type": "정보",
          "question": "연락처가 어떻게 되나요?",
          "question_wordNum": 3,
          "answer": "0507-1307-2773",
          "answer_wordNum": 1,
          "fact": [
            "여가반상,연락처,0507-1307-2773"
          ]
        },
        {
          "question_id": 2,
          "question_type": "정보",
          "question": "영업시간은 어떻게 되나요?",
          "question_wordNum": 3,
          "answer": "11:00~22:00/22:20",
          "answer_wordNum": 1,
          "fact": [
            "여가반상,영업시간,11:00~22:00/22:20"
          ]
        },
        {
          "question_id": 3,
          "question_type": "정보",
          "question": "휴무일은 어떻게 되나요?",
          "question_wordNum": 3,
          "answer": "매주 일요일",
          "answer_wordNum": 2,
          "fact": [
            "여가반상,휴무일,매주 일요일"
          ]
        }
      ]
    },
    {
      "image_id": 2,
      "question": [
        {
          "question_id": 0,
          "question_type": "정보",
          "question": "이 곳의 대표적인 메뉴는 무엇이 있나요?",
          "question_wordNum": 6,
          "answer": "치쭈보쌈, 모듬생선구이",
          "answer_wordNum": 2,
          "fact": [
            "여가반상,메뉴,치쭈보쌈, 모듬생선구이"
          ]
        },
        {
          "question_id": 1,
          "question_type": "정보",
          "question": "영업시간은 어떻게 되나요?",
          "question_wordNum": 3,
          "answer": "11:00~22:00/22:20",
          "answer_wordNum": 1,
          "fact": [
            "여가반상,영업시간,11:00~22:00/22:20"
          ]
        },
        {
          "question_id": 2,
          "question_type": "정보",
          "question": "연락처가 어떻게 되나요?",
          "question_wordNum": 3,
          "answer": "0507-1307-2773",
          "answer_wordNum": 1,
          "fact": [
            "여가반상,연락처,0507-1307-2773"
          ]
        },
        {
          "question_id": 3,
          "question_type": "정보",
          "question": "이 곳의 주소는 어떻게 되나요?",
          "question_wordNum": 5,
          "answer": "서울 강서구 마곡중앙6로 85 마곡사이언스파크뷰 204호",
          "answer_wordNum": 6,
          "fact": [
            "여가반상,주소,서울 강서구 마곡중앙6로 85 마곡사이언스파크뷰 204호"
          ]
        }
      ]
    },
    {
      "image_id": 3,
      "question": [
        {
          "question_id": 0,
          "question_type": "정보",
          "question": "이 곳의 주소는 어떻게 되나요?",
          "question_wordNum": 5,
          "answer": "서울 강서구 마곡중앙6로 85 마곡사이언스파크뷰 204호",
          "answer_wordNum": 6,
          "fact": [
            "여가반상,주소,서울 강서구 마곡중앙6로 85 마곡사이언스파크뷰 204호"
          ]
        },
        {
          "question_id": 1,
          "question_type": "정보",
          "question": "휴무일은 어떻게 되나요?",
          "question_wordNum": 3,
          "answer": "매주 일요일",
          "answer_wordNum": 2,
          "fact": [
            "여가반상,휴무일,매주 일요일"
          ]
        },
        {
          "question_id": 2,
          "question_type": "정보",
          "question": "이 곳의 대표적인 메뉴는 무엇이 있나요?",
          "question_wordNum": 6,
          "answer": "치쭈보쌈, 모듬생선구이",
          "answer_wordNum": 2,
          "fact": [
            "여가반상,메뉴,치쭈보쌈, 모듬생선구이"
          ]
        },
        {
          "question_id": 3,
          "question_type": "관계",
          "question": "이 곳에 인접한 시설이 있나요?",
          "question_wordNum": 5,
          "answer": "발산역 2번 출구, 국보집, GS25",
          "answer_wordNum": 5,
          "fact": [
            "여가반상,인접,발산역 2번 출구, 국보집, GS25"
          ]
        }
      ]
    },
    {
      "image_id": 4,
      "question": [
        {
          "question_id": 0,
          "question_type": "정보",
          "question": "이 곳의 주요 메뉴는 무엇이 있나요?",
          "question_wordNum": 6,
          "answer": "치쭈보쌈, 모듬생선구이",
          "answer_wordNum": 2,
          "fact": [
            "여가반상,메뉴,치쭈보쌈, 모듬생선구이"
          ]
        },
        {
          "question_id": 1,
          "question_type": "탐색",
          "question": "주차시설이 있나요?",
          "question_wordNum": 2,
          "answer": "있음",
          "answer_wordNum": 1,
          "fact": [
            "여가반상,주차시설,있음"
          ]
        },
        {
          "question_id": 2,
          "question_type": "정보",
          "question": "영업시간은 어떻게 되나요?",
          "question_wordNum": 3,
          "answer": "11:00~22:00/22:20",
          "answer_wordNum": 1,
          "fact": [
            "여가반상,영업시간,11:00~22:00/22:20"
          ]
        },
        {
          "question_id": 3,
          "question_type": "정보",
          "question": "연락처가 어떻게 되나요?",
          "question_wordNum": 3,
          "answer": "0507-1307-2773",
          "answer_wordNum": 1,
          "fact": [
            "여가반상,연락처,0507-1307-2773"
          ]
        }
      ]
    }
  ]
}