{
  "data": {
    "dataset": "2-083-219",
    "POI_id": "561594",
    "travelType": "음식점",
    "place": "이태리숲",
    "area": "서울"
  },
  "imageInfo": [
    {
      "image_id": 0,
      "filename": "561594_0_su_5_이태리숲_1_001.png",
      "mapx": 37.5606312206415,
      "mapy": 126.832720625607,
      "width": 3840,
      "height": 2160,
      "caption_info": [
        "이태리숲(강서구)",
        "간판"
      ]
    },
    {
      "image_id": 1,
      "filename": "561594_0_su_5_이태리숲_1_002.png",
      "mapx": 37.5606312206415,
      "mapy": 126.832720625607,
      "width": 3840,
      "height": 2160,
      "caption_info": [
        "이태리숲(강서구)",
        "간판"
      ]
    },
    {
      "image_id": 2,
      "filename": "561594_0_su_5_이태리숲_1_003.png",
      "mapx": 37.5606312206415,
      "mapy": 126.832720625607,
      "width": 3840,
      "height": 2160,
      "caption_info": [
        "이태리숲(강서구)",
        "사각 테이블"
      ]
    },
    {
      "image_id": 3,
      "filename": "561594_0_su_5_이태리숲_1_004.png",
      "mapx": 37.5606312206415,
      "mapy": 126.832720625607,
      "width": 3840,
      "height": 2160,
      "caption_info": [
        "이태리숲(강서구)",
        "메뉴판 "
      ]
    },
    {
      "image_id": 4,
      "filename": "561594_0_su_5_이태리숲_1_005.png",
      "mapx": 37.5606312206415,
      "mapy": 126.832720625607,
      "width": 3840,
      "height": 2160,
      "caption_info": [
        "이태리숲(강서구)",
        "피자 "
      ]
    }
  ],
  "annotations": [
    {
      "image_id": 0,
      "question": [
        {
          "question_id": 0,
          "question_type": "정보",
          "question": "휴무일은 어떻게 되나요?",
          "question_wordNum": 3,
          "answer": "매주 월요일",
          "answer_wordNum": 2,
          "fact": [
            "이태리숲,휴무일,매주 월요일"
          ]
        },
        {
          "question_id": 1,
          "question_type": "정보",
          "question": "이 곳의 주소를 알 수 있나요?",
          "question_wordNum": 6,
          "answer": "서울 강서구 마곡중앙6로 45",
          "answer_wordNum": 4,
          "fact": [
            "이태리숲,주소,서울 강서구 마곡중앙6로 45"
          ]
        },
        {
          "question_id": 2,
          "question_type": "정보",
          "question": "이 곳의 메뉴를 알 수 있나요?",
          "question_wordNum": 6,
          "answer": "치오피노국물파스타, 새우로제파스타",
          "answer_wordNum": 2,
          "fact": [
            "이태리숲,메뉴,치오피노국물파스타, 새우로제파스타"
          ]
        },
        {
          "question_id": 3,
          "question_type": "정보",
          "question": "영업시간은 어떻게 되나요?",
          "question_wordNum": 3,
          "answer": "11:00~20:00/21:00",
          "answer_wordNum": 1,
          "fact": [
            "이태리숲,영업시간,11:00~20:00/21:00"
          ]
        }
      ]
    },
    {
      "image_id": 1,
      "question": [
        {
          "question_id": 0,
          "question_type": "정보",
          "question": "연락처를 알 수 있나요?",
          "question_wordNum": 4,
          "answer": "0507-1335-1461",
          "answer_wordNum": 1,
          "fact": [
            "이태리숲,연락처,0507-1335-1461"
          ]
        },
        {
          "question_id": 1,
          "question_type": "탐색",
          "question": "주차시설이 있는지 알 수 있나요?",
          "question_wordNum": 5,
          "answer": "있음",
          "answer_wordNum": 1,
          "fact": [
            "이태리숲,주차시설,있음"
          ]
        },
        {
          "question_id": 2,
          "question_type": "정보",
          "question": "이 곳의 메뉴를 알 수 있나요?",
          "question_wordNum": 6,
          "answer": "치오피노국물파스타, 새우로제파스타",
          "answer_wordNum": 2,
          "fact": [
            "이태리숲,메뉴,치오피노국물파스타, 새우로제파스타"
          ]
        },
        {
          "question_id": 3,
          "question_type": "정보",
          "question": "휴무일을 알 수 있나요?",
          "question_wordNum": 4,
          "answer": "매주 월요일",
          "answer_wordNum": 2,
          "fact": [
            "이태리숲,휴무일,매주 월요일"
          ]
        }
      ]
    },
    {
      "image_id": 2,
      "question": [
        {
          "question_id": 0,
          "question_type": "정보",
          "question": "이 곳의 주소를 알 수 있나요?",
          "question_wordNum": 6,
          "answer": "서울 강서구 마곡중앙6로 45",
          "answer_wordNum": 4,
          "fact": [
            "이태리숲,주소,서울 강서구 마곡중앙6로 45"
          ]
        },
        {
          "question_id": 1,
          "question_type": "정보",
          "question": "이 곳의 메뉴를 알 수 있나요?",
          "question_wordNum": 6,
          "answer": "치오피노국물파스타, 새우로제파스타",
          "answer_wordNum": 2,
          "fact": [
            "이태리숲,메뉴,치오피노국물파스타, 새우로제파스타"
          ]
        },
        {
          "question_id": 2,
          "question_type": "탐색",
          "question": "주차시설이 있는지 알 수 있나요?",
          "question_wordNum": 5,
          "answer": "있음",
          "answer_wordNum": 1,
          "fact": [
            "이태리숲,주차시설,있음"
          ]
        },
        {
          "question_id": 3,
          "question_type": "정보",
          "question": "휴무일을 알 수 있나요?",
          "question_wordNum": 4,
          "answer": "매주 월요일",
          "answer_wordNum": 2,
          "fact": [
            "이태리숲,휴무일,매주 월요일"
          ]
        }
      ]
    },
    {
      "image_id": 3,
      "question": [
        {
          "question_id": 0,
          "question_type": "관계",
          "question": "이 곳에 인접한 시설이 있나요?",
          "question_wordNum": 5,
          "answer": "발산역 9번 출구, 타이투고, 옥소반",
          "answer_wordNum": 5,
          "fact": [
            "이태리숲,인접,발산역 9번 출구, 타이투고, 옥소반"
          ]
        },
        {
          "question_id": 1,
          "question_type": "정보",
          "question": "영업시간을 알 수 있나요?",
          "question_wordNum": 4,
          "answer": "11:00~20:00/21:00",
          "answer_wordNum": 1,
          "fact": [
            "이태리숲,영업시간,11:00~20:00/21:00"
          ]
        },
        {
          "question_id": 2,
          "question_type": "정보",
          "question": "휴무일은 어떻게 되나요?",
          "question_wordNum": 3,
          "answer": "매주 월요일",
          "answer_wordNum": 2,
          "fact": [
            "이태리숲,휴무일,매주 월요일"
          ]
        },
        {
          "question_id": 3,
          "question_type": "정보",
          "question": "연락처가 어떻게 되나요?",
          "question_wordNum": 3,
          "answer": "0507-1335-1461",
          "answer_wordNum": 1,
          "fact": [
            "이태리숲,연락처,0507-1335-1461"
          ]
        }
      ]
    },
    {
      "image_id": 4,
      "question": [
        {
          "question_id": 0,
          "question_type": "정보",
          "question": "휴무일은 어떻게 되나요?",
          "question_wordNum": 3,
          "answer": "매주 월요일",
          "answer_wordNum": 2,
          "fact": [
            "이태리숲,휴무일,매주 월요일"
          ]
        },
        {
          "question_id": 1,
          "question_type": "정보",
          "question": "대표 메뉴가 무엇인가요?",
          "question_wordNum": 3,
          "answer": "치오피노국물파스타, 새우로제파스타",
          "answer_wordNum": 2,
          "fact": [
            "이태리숲,메뉴,치오피노국물파스타, 새우로제파스타"
          ]
        },
        {
          "question_id": 2,
          "question_type": "정보",
          "question": "영업시간을 알 수 있나요?",
          "question_wordNum": 4,
          "answer": "11:00~20:00/21:00",
          "answer_wordNum": 1,
          "fact": [
            "이태리숲,영업시간,11:00~20:00/21:00"
          ]
        },
        {
          "question_id": 3,
          "question_type": "관계",
          "question": "이 곳에 인접한 시설을 알 수 있나요?",
          "question_wordNum": 7,
          "answer": "발산역 9번 출구, 타이투고, 옥소반",
          "answer_wordNum": 5,
          "fact": [
            "이태리숲,인접,발산역 9번 출구, 타이투고, 옥소반"
          ]
        }
      ]
    }
  ]
}