{
  "data": {
    "dataset": "2-083-219",
    "POI_id": "561549",
    "travelType": "음식점",
    "place": "대림국수 마곡점",
    "area": "서울"
  },
  "imageInfo": [
    {
      "image_id": 0,
      "filename": "561549_0_su_5_대림국수 마곡점_1_001.png",
      "mapx": 37.5603375842313,
      "mapy": 126.835089020911,
      "width": 3840,
      "height": 2160,
      "caption_info": [
        "대림국수 마곡점(강서구)",
        "간판"
      ]
    },
    {
      "image_id": 1,
      "filename": "561549_0_su_5_대림국수 마곡점_1_002.png",
      "mapx": 37.5603375842313,
      "mapy": 126.835089020911,
      "width": 3840,
      "height": 2160,
      "caption_info": [
        "대림국수 마곡점(강서구)",
        "간판"
      ]
    },
    {
      "image_id": 2,
      "filename": "561549_0_su_5_대림국수 마곡점_1_003.png",
      "mapx": 37.5603375842313,
      "mapy": 126.835089020911,
      "width": 3840,
      "height": 2160,
      "caption_info": [
        "대림국수 마곡점(강서구)",
        "등받이 의자"
      ]
    },
    {
      "image_id": 3,
      "filename": "561549_0_su_5_대림국수 마곡점_1_004.png",
      "mapx": 37.5603375842313,
      "mapy": 126.835089020911,
      "width": 3840,
      "height": 2160,
      "caption_info": [
        "대림국수 마곡점(강서구)",
        "메뉴판 "
      ]
    },
    {
      "image_id": 4,
      "filename": "561549_0_su_5_대림국수 마곡점_1_005.png",
      "mapx": 37.5603375842313,
      "mapy": 126.835089020911,
      "width": 3840,
      "height": 2160,
      "caption_info": [
        "대림국수 마곡점(강서구)",
        "꼬치 "
      ]
    }
  ],
  "annotations": [
    {
      "image_id": 0,
      "question": [
        {
          "question_id": 0,
          "question_type": "정보",
          "question": "영업시간을 알 수 있나요?",
          "question_wordNum": 4,
          "answer": "11:00/13:00~24:00",
          "answer_wordNum": 1,
          "fact": [
            "대림국수 마곡점,영업시간,11:00/13:00~24:00"
          ]
        },
        {
          "question_id": 1,
          "question_type": "정보",
          "question": "이 곳의 주소는 어떻게 되나요?",
          "question_wordNum": 5,
          "answer": "서울 강서구 마곡중앙6로 69",
          "answer_wordNum": 4,
          "fact": [
            "대림국수 마곡점,주소,서울 강서구 마곡중앙6로 69"
          ]
        },
        {
          "question_id": 2,
          "question_type": "정보",
          "question": "대표 메뉴가 무엇인가요?",
          "question_wordNum": 3,
          "answer": "꼬치국수 온면, 꼬치국수 비빔면",
          "answer_wordNum": 4,
          "fact": [
            "대림국수 마곡점,메뉴,꼬치국수 온면, 꼬치국수 비빔면"
          ]
        },
        {
          "question_id": 3,
          "question_type": "정보",
          "question": "연락처를 알 수 있나요?",
          "question_wordNum": 4,
          "answer": "02-3664-9978",
          "answer_wordNum": 1,
          "fact": [
            "대림국수 마곡점,연락처,02-3664-9978"
          ]
        }
      ]
    },
    {
      "image_id": 1,
      "question": [
        {
          "question_id": 0,
          "question_type": "정보",
          "question": "이 곳의 주소는 어떻게 되나요?",
          "question_wordNum": 5,
          "answer": "서울 강서구 마곡중앙6로 69",
          "answer_wordNum": 4,
          "fact": [
            "대림국수 마곡점,주소,서울 강서구 마곡중앙6로 69"
          ]
        },
        {
          "question_id": 1,
          "question_type": "관계",
          "question": "이 곳에 인접한 시설을 알 수 있나요?",
          "question_wordNum": 7,
          "answer": "발산역 9번 출구, 바텀스업, 파리바게뜨",
          "answer_wordNum": 5,
          "fact": [
            "대림국수 마곡점,인접,발산역 9번 출구, 바텀스업, 파리바게뜨"
          ]
        },
        {
          "question_id": 2,
          "question_type": "정보",
          "question": "휴무일을 알 수 있나요?",
          "question_wordNum": 4,
          "answer": "알수없음",
          "answer_wordNum": 1,
          "fact": [
            "대림국수 마곡점,휴무일,알수없음"
          ]
        },
        {
          "question_id": 3,
          "question_type": "탐색",
          "question": "주차시설이 있는지 알 수 있나요?",
          "question_wordNum": 5,
          "answer": "있음",
          "answer_wordNum": 1,
          "fact": [
            "대림국수 마곡점,주차시설,있음"
          ]
        }
      ]
    },
    {
      "image_id": 2,
      "question": [
        {
          "question_id": 0,
          "question_type": "정보",
          "question": "연락처를 알 수 있나요?",
          "question_wordNum": 4,
          "answer": "02-3664-9978",
          "answer_wordNum": 1,
          "fact": [
            "대림국수 마곡점,연락처,02-3664-9978"
          ]
        },
        {
          "question_id": 1,
          "question_type": "정보",
          "question": "대표 메뉴가 무엇인가요?",
          "question_wordNum": 3,
          "answer": "꼬치국수 온면, 꼬치국수 비빔면",
          "answer_wordNum": 4,
          "fact": [
            "대림국수 마곡점,메뉴,꼬치국수 온면, 꼬치국수 비빔면"
          ]
        },
        {
          "question_id": 2,
          "question_type": "탐색",
          "question": "주차시설이 있나요?",
          "question_wordNum": 2,
          "answer": "있음",
          "answer_wordNum": 1,
          "fact": [
            "대림국수 마곡점,주차시설,있음"
          ]
        },
        {
          "question_id": 3,
          "question_type": "정보",
          "question": "이 곳의 주소를 알 수 있나요?",
          "question_wordNum": 6,
          "answer": "서울 강서구 마곡중앙6로 69",
          "answer_wordNum": 4,
          "fact": [
            "대림국수 마곡점,주소,서울 강서구 마곡중앙6로 69"
          ]
        }
      ]
    },
    {
      "image_id": 3,
      "question": [
        {
          "question_id": 0,
          "question_type": "정보",
          "question": "휴무일을 알 수 있나요?",
          "question_wordNum": 4,
          "answer": "알수없음",
          "answer_wordNum": 1,
          "fact": [
            "대림국수 마곡점,휴무일,알수없음"
          ]
        },
        {
          "question_id": 1,
          "question_type": "정보",
          "question": "이 곳의 주소는 어떻게 되나요?",
          "question_wordNum": 5,
          "answer": "서울 강서구 마곡중앙6로 69",
          "answer_wordNum": 4,
          "fact": [
            "대림국수 마곡점,주소,서울 강서구 마곡중앙6로 69"
          ]
        },
        {
          "question_id": 2,
          "question_type": "관계",
          "question": "이 곳에 인접한 시설을 알 수 있나요?",
          "question_wordNum": 7,
          "answer": "발산역 9번 출구, 바텀스업, 파리바게뜨",
          "answer_wordNum": 5,
          "fact": [
            "대림국수 마곡점,인접,발산역 9번 출구, 바텀스업, 파리바게뜨"
          ]
        },
        {
          "question_id": 3,
          "question_type": "정보",
          "question": "연락처를 알 수 있나요?",
          "question_wordNum": 4,
          "answer": "02-3664-9978",
          "answer_wordNum": 1,
          "fact": [
            "대림국수 마곡점,연락처,02-3664-9978"
          ]
        }
      ]
    },
    {
      "image_id": 4,
      "question": [
        {
          "question_id": 0,
          "question_type": "탐색",
          "question": "주차시설이 있나요?",
          "question_wordNum": 2,
          "answer": "있음",
          "answer_wordNum": 1,
          "fact": [
            "대림국수 마곡점,주차시설,있음"
          ]
        },
        {
          "question_id": 1,
          "question_type": "정보",
          "question": "휴무일은 어떻게 되나요?",
          "question_wordNum": 3,
          "answer": "알수없음",
          "answer_wordNum": 1,
          "fact": [
            "대림국수 마곡점,휴무일,알수없음"
          ]
        },
        {
          "question_id": 2,
          "question_type": "관계",
          "question": "이 곳에 인접한 시설이 있나요?",
          "question_wordNum": 5,
          "answer": "발산역 9번 출구, 바텀스업, 파리바게뜨",
          "answer_wordNum": 5,
          "fact": [
            "대림국수 마곡점,인접,발산역 9번 출구, 바텀스업, 파리바게뜨"
          ]
        },
        {
          "question_id": 3,
          "question_type": "정보",
          "question": "연락처를 알 수 있나요?",
          "question_wordNum": 4,
          "answer": "02-3664-9978",
          "answer_wordNum": 1,
          "fact": [
            "대림국수 마곡점,연락처,02-3664-9978"
          ]
        }
      ]
    }
  ]
}