{
  "data": {
    "dataset": "2-083-219",
    "POI_id": "561621",
    "travelType": "음식점",
    "place": "슬로우인샐러드&치폴레 ",
    "area": "서울"
  },
  "imageInfo": [
    {
      "image_id": 0,
      "filename": "561621_0_su_5_슬로우인샐러드&치폴레 _1_001.png",
      "mapx": 37.5676859104888,
      "mapy": 126.82597944995,
      "width": 3840,
      "height": 2160,
      "caption_info": [
        "슬로우인샐러드&치폴레(강서구) ",
        "간판"
      ]
    },
    {
      "image_id": 1,
      "filename": "561621_0_su_5_슬로우인샐러드&치폴레 _1_002.png",
      "mapx": 37.5676859104888,
      "mapy": 126.82597944995,
      "width": 3840,
      "height": 2160,
      "caption_info": [
        "슬로우인샐러드&치폴레(강서구)",
        "간판"
      ]
    },
    {
      "image_id": 2,
      "filename": "561621_0_su_5_슬로우인샐러드&치폴레 _1_003.png",
      "mapx": 37.5676859104888,
      "mapy": 126.82597944995,
      "width": 3840,
      "height": 2160,
      "caption_info": [
        "슬로우인샐러드&치폴레(강서구) ",
        "등받이 의자"
      ]
    },
    {
      "image_id": 3,
      "filename": "561621_0_su_5_슬로우인샐러드&치폴레 _1_004.png",
      "mapx": 37.5676859104888,
      "mapy": 126.82597944995,
      "width": 3840,
      "height": 2160,
      "caption_info": [
        "슬로우인샐러드&치폴레(강서구) ",
        "메뉴판 "
      ]
    },
    {
      "image_id": 4,
      "filename": "561621_0_su_5_슬로우인샐러드&치폴레 _1_005.png",
      "mapx": 37.5676859104888,
      "mapy": 126.82597944995,
      "width": 3840,
      "height": 2160,
      "caption_info": [
        "슬로우인샐러드&치폴레(강서구) ",
        "샐러드 "
      ]
    }
  ],
  "annotations": [
    {
      "image_id": 0,
      "question": [
        {
          "question_id": 0,
          "question_type": "탐색",
          "question": "주차시설이 있는지 알 수 있나요?",
          "question_wordNum": 5,
          "answer": "있음",
          "answer_wordNum": 1,
          "fact": [
            "슬로우인샐러드&치폴레,주차시설,있음"
          ]
        },
        {
          "question_id": 1,
          "question_type": "정보",
          "question": "영업시간을 알 수 있나요?",
          "question_wordNum": 4,
          "answer": "11:00~20:00/21:00",
          "answer_wordNum": 1,
          "fact": [
            "슬로우인샐러드&치폴레,영업시간,11:00~20:00/21:00"
          ]
        },
        {
          "question_id": 2,
          "question_type": "정보",
          "question": "연락처를 알 수 있나요?",
          "question_wordNum": 4,
          "answer": "0507-1402-9795",
          "answer_wordNum": 1,
          "fact": [
            "슬로우인샐러드&치폴레,연락처,0507-1402-9795"
          ]
        },
        {
          "question_id": 3,
          "question_type": "정보",
          "question": "휴무일은 어떻게 되나요?",
          "question_wordNum": 3,
          "answer": "알수없음",
          "answer_wordNum": 1,
          "fact": [
            "슬로우인샐러드&치폴레,휴무일,알수없음"
          ]
        }
      ]
    },
    {
      "image_id": 1,
      "question": [
        {
          "question_id": 0,
          "question_type": "정보",
          "question": "영업시간은 어떻게 되나요?",
          "question_wordNum": 3,
          "answer": "11:00~20:00/21:00",
          "answer_wordNum": 1,
          "fact": [
            "슬로우인샐러드&치폴레,영업시간,11:00~20:00/21:00"
          ]
        },
        {
          "question_id": 1,
          "question_type": "정보",
          "question": "이 곳의 주소는 어떻게 되나요?",
          "question_wordNum": 5,
          "answer": "서울 강서구 마곡서로 152",
          "answer_wordNum": 4,
          "fact": [
            "슬로우인샐러드&치폴레,주소,서울 강서구 마곡서로 152"
          ]
        },
        {
          "question_id": 2,
          "question_type": "관계",
          "question": "이 곳에 인접한 시설이 있나요?",
          "question_wordNum": 5,
          "answer": "마곡나루역 1번 출구, 올리브영, 에머이, 미네뜨",
          "answer_wordNum": 6,
          "fact": [
            "슬로우인샐러드&치폴레,인접,마곡나루역 1번 출구, 올리브영, 에머이, 미네뜨"
          ]
        },
        {
          "question_id": 3,
          "question_type": "정보",
          "question": "이 곳의 메뉴를 알 수 있나요?",
          "question_wordNum": 6,
          "answer": "수비드 닭가슴살 보울, 그릴 비프 치폴레",
          "answer_wordNum": 6,
          "fact": [
            "슬로우인샐러드&치폴레,메뉴,수비드 닭가슴살 보울, 그릴 비프 치폴레"
          ]
        }
      ]
    },
    {
      "image_id": 2,
      "question": [
        {
          "question_id": 0,
          "question_type": "정보",
          "question": "대표 메뉴가 무엇인가요?",
          "question_wordNum": 3,
          "answer": "수비드 닭가슴살 보울, 그릴 비프 치폴레",
          "answer_wordNum": 6,
          "fact": [
            "슬로우인샐러드&치폴레,메뉴,수비드 닭가슴살 보울, 그릴 비프 치폴레"
          ]
        },
        {
          "question_id": 1,
          "question_type": "탐색",
          "question": "주차시설이 있나요?",
          "question_wordNum": 2,
          "answer": "있음",
          "answer_wordNum": 1,
          "fact": [
            "슬로우인샐러드&치폴레,주차시설,있음"
          ]
        },
        {
          "question_id": 2,
          "question_type": "정보",
          "question": "영업시간을 알 수 있나요?",
          "question_wordNum": 4,
          "answer": "11:00~20:00/21:00",
          "answer_wordNum": 1,
          "fact": [
            "슬로우인샐러드&치폴레,영업시간,11:00~20:00/21:00"
          ]
        },
        {
          "question_id": 3,
          "question_type": "관계",
          "question": "이 곳에 인접한 시설이 있나요?",
          "question_wordNum": 5,
          "answer": "마곡나루역 1번 출구, 올리브영, 에머이, 미네뜨",
          "answer_wordNum": 6,
          "fact": [
            "슬로우인샐러드&치폴레,인접,마곡나루역 1번 출구, 올리브영, 에머이, 미네뜨"
          ]
        }
      ]
    },
    {
      "image_id": 3,
      "question": [
        {
          "question_id": 0,
          "question_type": "탐색",
          "question": "주차시설이 있는지 알 수 있나요?",
          "question_wordNum": 5,
          "answer": "있음",
          "answer_wordNum": 1,
          "fact": [
            "슬로우인샐러드&치폴레,주차시설,있음"
          ]
        },
        {
          "question_id": 1,
          "question_type": "정보",
          "question": "영업시간은 어떻게 되나요?",
          "question_wordNum": 3,
          "answer": "11:00~20:00/21:00",
          "answer_wordNum": 1,
          "fact": [
            "슬로우인샐러드&치폴레,영업시간,11:00~20:00/21:00"
          ]
        },
        {
          "question_id": 2,
          "question_type": "관계",
          "question": "이 곳에 인접한 시설이 있나요?",
          "question_wordNum": 5,
          "answer": "마곡나루역 1번 출구, 올리브영, 에머이, 미네뜨",
          "answer_wordNum": 6,
          "fact": [
            "슬로우인샐러드&치폴레,인접,마곡나루역 1번 출구, 올리브영, 에머이, 미네뜨"
          ]
        },
        {
          "question_id": 3,
          "question_type": "정보",
          "question": "휴무일을 알 수 있나요?",
          "question_wordNum": 4,
          "answer": "알수없음",
          "answer_wordNum": 1,
          "fact": [
            "슬로우인샐러드&치폴레,휴무일,알수없음"
          ]
        }
      ]
    },
    {
      "image_id": 4,
      "question": [
        {
          "question_id": 0,
          "question_type": "관계",
          "question": "이 곳에 인접한 시설이 있나요?",
          "question_wordNum": 5,
          "answer": "마곡나루역 1번 출구, 올리브영, 에머이, 미네뜨",
          "answer_wordNum": 6,
          "fact": [
            "슬로우인샐러드&치폴레,인접,마곡나루역 1번 출구, 올리브영, 에머이, 미네뜨"
          ]
        },
        {
          "question_id": 1,
          "question_type": "정보",
          "question": "이 곳의 주소는 어떻게 되나요?",
          "question_wordNum": 5,
          "answer": "서울 강서구 마곡서로 152",
          "answer_wordNum": 4,
          "fact": [
            "슬로우인샐러드&치폴레,주소,서울 강서구 마곡서로 152"
          ]
        },
        {
          "question_id": 2,
          "question_type": "탐색",
          "question": "주차시설이 있는지 알 수 있나요?",
          "question_wordNum": 5,
          "answer": "있음",
          "answer_wordNum": 1,
          "fact": [
            "슬로우인샐러드&치폴레,주차시설,있음"
          ]
        },
        {
          "question_id": 3,
          "question_type": "정보",
          "question": "연락처가 어떻게 되나요?",
          "question_wordNum": 3,
          "answer": "0507-1402-9795",
          "answer_wordNum": 1,
          "fact": [
            "슬로우인샐러드&치폴레,연락처,0507-1402-9795"
          ]
        }
      ]
    }
  ]
}