{
  "data": {
    "dataset": "2-083-219",
    "POI_id": "561689",
    "travelType": "음식점",
    "place": "대게나라 발산점",
    "area": "서울"
  },
  "imageInfo": [
    {
      "image_id": 0,
      "filename": "561689_0_su_5_대게나라 발산점_1_001.png",
      "mapx": 37.5581136160559,
      "mapy": 126.839771765415,
      "width": 3840,
      "height": 2160,
      "caption_info": [
        "대게나라 발산점(내발산동)",
        "간판, 수족관"
      ]
    },
    {
      "image_id": 1,
      "filename": "561689_0_su_5_대게나라 발산점_1_002.png",
      "mapx": 37.5581136160559,
      "mapy": 126.839771765415,
      "width": 3840,
      "height": 2160,
      "caption_info": [
        "대게나라 발산점(내발산동)",
        "나무"
      ]
    },
    {
      "image_id": 2,
      "filename": "561689_0_su_5_대게나라 발산점_1_003.png",
      "mapx": 37.5581136160559,
      "mapy": 126.839771765415,
      "width": 3840,
      "height": 2160,
      "caption_info": [
        "대게나라 발산점(내발산동)",
        "테이블, 등받이 의자"
      ]
    },
    {
      "image_id": 3,
      "filename": "561689_0_su_5_대게나라 발산점_1_004.png",
      "mapx": 37.5581136160559,
      "mapy": 126.839771765415,
      "width": 3840,
      "height": 2160,
      "caption_info": [
        "대게나라 발산점(내발산동)",
        "메뉴판"
      ]
    },
    {
      "image_id": 4,
      "filename": "561689_0_su_5_대게나라 발산점_1_005.png",
      "mapx": 37.5581136160559,
      "mapy": 126.839771765415,
      "width": 3840,
      "height": 2160,
      "caption_info": [
        "대게나라 발산점(내발산동)",
        "킹크랩"
      ]
    }
  ],
  "annotations": [
    {
      "image_id": 0,
      "question": [
        {
          "question_id": 0,
          "question_type": "정보",
          "question": "이 곳의 주요 메뉴는 무엇이 있나요?",
          "question_wordNum": 6,
          "answer": "대게, 킹크랩",
          "answer_wordNum": 2,
          "fact": [
            "대게나라 발산점,메뉴,대게, 킹크랩"
          ]
        },
        {
          "question_id": 1,
          "question_type": "정보",
          "question": "이 곳의 주소를 알 수 있나요?",
          "question_wordNum": 6,
          "answer": "서울 강서구 공항대로 290",
          "answer_wordNum": 4,
          "fact": [
            "대게나라 발산점,주소,서울 강서구 공항대로 290"
          ]
        },
        {
          "question_id": 2,
          "question_type": "정보",
          "question": "연락처가 어떻게 되나요?",
          "question_wordNum": 3,
          "answer": "02-3662-0655",
          "answer_wordNum": 1,
          "fact": [
            "대게나라 발산점,연락처,02-3662-0655"
          ]
        },
        {
          "question_id": 3,
          "question_type": "정보",
          "question": "영업시간을 알 수 있나요?",
          "question_wordNum": 4,
          "answer": "11:30 - 22:00",
          "answer_wordNum": 3,
          "fact": [
            "대게나라 발산점,영업시간,11:30 - 22:00"
          ]
        }
      ]
    },
    {
      "image_id": 1,
      "question": [
        {
          "question_id": 0,
          "question_type": "정보",
          "question": "이 곳의 대표적인 메뉴를 알 수 있나요?",
          "question_wordNum": 7,
          "answer": "대게, 킹크랩",
          "answer_wordNum": 2,
          "fact": [
            "대게나라 발산점,메뉴,대게, 킹크랩"
          ]
        },
        {
          "question_id": 1,
          "question_type": "탐색",
          "question": "주차시설이 있는지 알 수 있나요?",
          "question_wordNum": 5,
          "answer": "있음",
          "answer_wordNum": 1,
          "fact": [
            "대게나라 발산점,주차시설,있음"
          ]
        },
        {
          "question_id": 2,
          "question_type": "관계",
          "question": "이 곳에 인접한 시설이 있나요?",
          "question_wordNum": 5,
          "answer": "발산역 5번 출구, 청산별곡, 마실",
          "answer_wordNum": 5,
          "fact": [
            "대게나라 발산점,인접,발산역 5번 출구, 청산별곡, 마실"
          ]
        },
        {
          "question_id": 3,
          "question_type": "정보",
          "question": "영업시간은 몇시부터 몇시까지로 기재되어 있나요?",
          "question_wordNum": 5,
          "answer": "11:30 - 22:00",
          "answer_wordNum": 3,
          "fact": [
            "대게나라 발산점,영업시간,11:30 - 22:00"
          ]
        }
      ]
    },
    {
      "image_id": 2,
      "question": [
        {
          "question_id": 0,
          "question_type": "관계",
          "question": "이 곳에 인접한 시설을 알 수 있나요?",
          "question_wordNum": 7,
          "answer": "발산역 5번 출구, 청산별곡, 마실",
          "answer_wordNum": 5,
          "fact": [
            "대게나라 발산점,인접,발산역 5번 출구, 청산별곡, 마실"
          ]
        },
        {
          "question_id": 1,
          "question_type": "탐색",
          "question": "주차시설이 있는지 알 수 있나요?",
          "question_wordNum": 5,
          "answer": "있음",
          "answer_wordNum": 1,
          "fact": [
            "대게나라 발산점,주차시설,있음"
          ]
        },
        {
          "question_id": 2,
          "question_type": "정보",
          "question": "이 곳의 주소는 어떻게 되나요?",
          "question_wordNum": 5,
          "answer": "서울 강서구 공항대로 290",
          "answer_wordNum": 4,
          "fact": [
            "대게나라 발산점,주소,서울 강서구 공항대로 290"
          ]
        },
        {
          "question_id": 3,
          "question_type": "정보",
          "question": "연락처를 알 수 있나요?",
          "question_wordNum": 4,
          "answer": "02-3662-0655",
          "answer_wordNum": 1,
          "fact": [
            "대게나라 발산점,연락처,02-3662-0655"
          ]
        }
      ]
    },
    {
      "image_id": 3,
      "question": [
        {
          "question_id": 0,
          "question_type": "정보",
          "question": "이 곳의 주소는 어떻게 되나요?",
          "question_wordNum": 5,
          "answer": "서울 강서구 공항대로 290",
          "answer_wordNum": 4,
          "fact": [
            "대게나라 발산점,주소,서울 강서구 공항대로 290"
          ]
        },
        {
          "question_id": 1,
          "question_type": "정보",
          "question": "이 곳의 대표적인 메뉴는 무엇이 있나요?",
          "question_wordNum": 6,
          "answer": "대게, 킹크랩",
          "answer_wordNum": 2,
          "fact": [
            "대게나라 발산점,메뉴,대게, 킹크랩"
          ]
        },
        {
          "question_id": 2,
          "question_type": "정보",
          "question": "이 곳은 무엇을 전문으로 하나요?",
          "question_wordNum": 5,
          "answer": "대게, 킹크랩, 랍스터",
          "answer_wordNum": 3,
          "fact": [
            "대게나라 발산점,전문,대게, 킹크랩, 랍스터"
          ]
        },
        {
          "question_id": 3,
          "question_type": "정보",
          "question": "휴무일을 알 수 있나요?",
          "question_wordNum": 4,
          "answer": "없음",
          "answer_wordNum": 1,
          "fact": [
            "대게나라 발산점,휴무일,없음"
          ]
        }
      ]
    },
    {
      "image_id": 4,
      "question": [
        {
          "question_id": 0,
          "question_type": "정보",
          "question": "휴무일을 알 수 있나요?",
          "question_wordNum": 4,
          "answer": "없음",
          "answer_wordNum": 1,
          "fact": [
            "대게나라 발산점,휴무일,없음"
          ]
        },
        {
          "question_id": 1,
          "question_type": "정보",
          "question": "연락처가 어떻게 되나요?",
          "question_wordNum": 3,
          "answer": "02-3662-0655",
          "answer_wordNum": 1,
          "fact": [
            "대게나라 발산점,연락처,02-3662-0655"
          ]
        },
        {
          "question_id": 2,
          "question_type": "정보",
          "question": "영업시간은 어떻게 되나요?",
          "question_wordNum": 3,
          "answer": "11:30 - 22:00",
          "answer_wordNum": 3,
          "fact": [
            "대게나라 발산점,영업시간,11:30 - 22:00"
          ]
        },
        {
          "question_id": 3,
          "question_type": "정보",
          "question": "이 곳은 무엇을 전문으로 하나요?",
          "question_wordNum": 5,
          "answer": "대게, 킹크랩, 랍스터",
          "answer_wordNum": 3,
          "fact": [
            "대게나라 발산점,전문,대게, 킹크랩, 랍스터"
          ]
        }
      ]
    }
  ]
}