{
  "data": {
    "dataset": "2-083-219",
    "POI_id": "561731",
    "travelType": "음식점",
    "place": "태양숯불구이 ",
    "area": "서울"
  },
  "imageInfo": [
    {
      "image_id": 0,
      "filename": "561731_0_su_5_태양숯불구이 _1_001.png",
      "mapx": 37.55790895136,
      "mapy": 126.839007580072,
      "width": 3840,
      "height": 2160,
      "caption_info": [
        "태양숯불구이(강서구) ",
        "간판"
      ]
    },
    {
      "image_id": 1,
      "filename": "561731_0_su_5_태양숯불구이 _1_002.png",
      "mapx": 37.55790895136,
      "mapy": 126.839007580072,
      "width": 3840,
      "height": 2160,
      "caption_info": [
        "태양숯불구이(강서구) ",
        "간판"
      ]
    },
    {
      "image_id": 2,
      "filename": "561731_0_su_5_태양숯불구이 _1_003.png",
      "mapx": 37.55790895136,
      "mapy": 126.839007580072,
      "width": 3840,
      "height": 2160,
      "caption_info": [
        "태양숯불구이(강서구) ",
        "원형 테이블 "
      ]
    },
    {
      "image_id": 3,
      "filename": "561731_0_su_5_태양숯불구이 _1_004.png",
      "mapx": 37.55790895136,
      "mapy": 126.839007580072,
      "width": 3840,
      "height": 2160,
      "caption_info": [
        "태양숯불구이(강서구) ",
        "메뉴판 "
      ]
    },
    {
      "image_id": 4,
      "filename": "561731_0_su_5_태양숯불구이 _1_005.png",
      "mapx": 37.55790895136,
      "mapy": 126.839007580072,
      "width": 3840,
      "height": 2160,
      "caption_info": [
        "태양숯불구이(강서구) ",
        "고기"
      ]
    }
  ],
  "annotations": [
    {
      "image_id": 0,
      "question": [
        {
          "question_id": 0,
          "question_type": "관계",
          "question": "이 곳에 인접한 시설을 알 수 있나요?",
          "question_wordNum": 7,
          "answer": "발산역 5번 출구, 카페드아야, 세븐일레븐",
          "answer_wordNum": 5,
          "fact": [
            "태양숯불구이,인접,발산역 5번 출구, 카페드아야, 세븐일레븐"
          ]
        },
        {
          "question_id": 1,
          "question_type": "정보",
          "question": "이 곳의 주소는 어떻게 되나요?",
          "question_wordNum": 5,
          "answer": "서울 강서구 강서로52길 13",
          "answer_wordNum": 4,
          "fact": [
            "태양숯불구이,주소,서울 강서구 강서로52길 13"
          ]
        },
        {
          "question_id": 2,
          "question_type": "탐색",
          "question": "주차시설이 있는지 알 수 있나요?",
          "question_wordNum": 5,
          "answer": "없음",
          "answer_wordNum": 1,
          "fact": [
            "태양숯불구이,주차시설,없음"
          ]
        },
        {
          "question_id": 3,
          "question_type": "정보",
          "question": "휴무일은 어떻게 되나요?",
          "question_wordNum": 3,
          "answer": "알수없음",
          "answer_wordNum": 1,
          "fact": [
            "태양숯불구이,휴무일,알수없음"
          ]
        }
      ]
    },
    {
      "image_id": 1,
      "question": [
        {
          "question_id": 0,
          "question_type": "관계",
          "question": "이 곳에 인접한 시설을 알 수 있나요?",
          "question_wordNum": 7,
          "answer": "발산역 5번 출구, 카페드아야, 세븐일레븐",
          "answer_wordNum": 5,
          "fact": [
            "태양숯불구이,인접,발산역 5번 출구, 카페드아야, 세븐일레븐"
          ]
        },
        {
          "question_id": 1,
          "question_type": "정보",
          "question": "연락처가 어떻게 되나요?",
          "question_wordNum": 3,
          "answer": "02-3662-2595",
          "answer_wordNum": 1,
          "fact": [
            "태양숯불구이,연락처,02-3662-2595"
          ]
        },
        {
          "question_id": 2,
          "question_type": "정보",
          "question": "영업시간은 어떻게 되나요?",
          "question_wordNum": 3,
          "answer": "알수없음",
          "answer_wordNum": 1,
          "fact": [
            "태양숯불구이,영업시간,알수없음"
          ]
        },
        {
          "question_id": 3,
          "question_type": "정보",
          "question": "이 곳의 주소는 어떻게 되나요?",
          "question_wordNum": 5,
          "answer": "서울 강서구 강서로52길 13",
          "answer_wordNum": 4,
          "fact": [
            "태양숯불구이,주소,서울 강서구 강서로52길 13"
          ]
        }
      ]
    },
    {
      "image_id": 2,
      "question": [
        {
          "question_id": 0,
          "question_type": "탐색",
          "question": "주차시설이 있는지 알 수 있나요?",
          "question_wordNum": 5,
          "answer": "없음",
          "answer_wordNum": 1,
          "fact": [
            "태양숯불구이,주차시설,없음"
          ]
        },
        {
          "question_id": 1,
          "question_type": "정보",
          "question": "연락처가 어떻게 되나요?",
          "question_wordNum": 3,
          "answer": "02-3662-2595",
          "answer_wordNum": 1,
          "fact": [
            "태양숯불구이,연락처,02-3662-2595"
          ]
        },
        {
          "question_id": 2,
          "question_type": "정보",
          "question": "영업시간을 알 수 있나요?",
          "question_wordNum": 4,
          "answer": "알수없음",
          "answer_wordNum": 1,
          "fact": [
            "태양숯불구이,영업시간,알수없음"
          ]
        },
        {
          "question_id": 3,
          "question_type": "정보",
          "question": "이 곳의 주소는 어떻게 되나요?",
          "question_wordNum": 5,
          "answer": "서울 강서구 강서로52길 13",
          "answer_wordNum": 4,
          "fact": [
            "태양숯불구이,주소,서울 강서구 강서로52길 13"
          ]
        }
      ]
    },
    {
      "image_id": 3,
      "question": [
        {
          "question_id": 0,
          "question_type": "정보",
          "question": "휴무일은 어떻게 되나요?",
          "question_wordNum": 3,
          "answer": "알수없음",
          "answer_wordNum": 1,
          "fact": [
            "태양숯불구이,휴무일,알수없음"
          ]
        },
        {
          "question_id": 1,
          "question_type": "정보",
          "question": "이 곳의 주소를 알 수 있나요?",
          "question_wordNum": 6,
          "answer": "서울 강서구 강서로52길 13",
          "answer_wordNum": 4,
          "fact": [
            "태양숯불구이,주소,서울 강서구 강서로52길 13"
          ]
        },
        {
          "question_id": 2,
          "question_type": "관계",
          "question": "이 곳에 인접한 시설을 알 수 있나요?",
          "question_wordNum": 7,
          "answer": "발산역 5번 출구, 카페드아야, 세븐일레븐",
          "answer_wordNum": 5,
          "fact": [
            "태양숯불구이,인접,발산역 5번 출구, 카페드아야, 세븐일레븐"
          ]
        },
        {
          "question_id": 3,
          "question_type": "정보",
          "question": "연락처를 알 수 있나요?",
          "question_wordNum": 4,
          "answer": "02-3662-2595",
          "answer_wordNum": 1,
          "fact": [
            "태양숯불구이,연락처,02-3662-2595"
          ]
        }
      ]
    },
    {
      "image_id": 4,
      "question": [
        {
          "question_id": 0,
          "question_type": "정보",
          "question": "대표 메뉴가 무엇인가요?",
          "question_wordNum": 3,
          "answer": "갈비살, 안창살",
          "answer_wordNum": 2,
          "fact": [
            "태양숯불구이,메뉴,갈비살, 안창살"
          ]
        },
        {
          "question_id": 1,
          "question_type": "탐색",
          "question": "주차시설이 있나요?",
          "question_wordNum": 2,
          "answer": "없음",
          "answer_wordNum": 1,
          "fact": [
            "태양숯불구이,주차시설,없음"
          ]
        },
        {
          "question_id": 2,
          "question_type": "정보",
          "question": "이 곳의 주소를 알 수 있나요?",
          "question_wordNum": 6,
          "answer": "서울 강서구 강서로52길 13",
          "answer_wordNum": 4,
          "fact": [
            "태양숯불구이,주소,서울 강서구 강서로52길 13"
          ]
        },
        {
          "question_id": 3,
          "question_type": "정보",
          "question": "휴무일은 어떻게 되나요?",
          "question_wordNum": 3,
          "answer": "알수없음",
          "answer_wordNum": 1,
          "fact": [
            "태양숯불구이,휴무일,알수없음"
          ]
        }
      ]
    }
  ]
}