{
  "data": {
    "dataset": "2-083-219",
    "POI_id": "561642",
    "travelType": "음식점",
    "place": "바인디포 VineDepot ",
    "area": "서울"
  },
  "imageInfo": [
    {
      "image_id": 0,
      "filename": "561642_0_su_5_바인디포 VineDepot _1_001.png",
      "mapx": 37.5593135416408,
      "mapy": 126.83523920295,
      "width": 3840,
      "height": 2160,
      "caption_info": [
        "바인디포 VineDepot(마곡동)",
        "자동문"
      ]
    },
    {
      "image_id": 1,
      "filename": "561642_0_su_5_바인디포 VineDepot _1_002.png",
      "mapx": 37.5593135416408,
      "mapy": 126.83523920295,
      "width": 3840,
      "height": 2160,
      "caption_info": [
        "바인디포 VineDepot(마곡동)",
        "자동문, 간판"
      ]
    },
    {
      "image_id": 2,
      "filename": "561642_0_su_5_바인디포 VineDepot _1_003.png",
      "mapx": 37.5593135416408,
      "mapy": 126.83523920295,
      "width": 3840,
      "height": 2160,
      "caption_info": [
        "바인디포 VineDepot(마곡동)",
        "테이블, 등받이의자"
      ]
    },
    {
      "image_id": 3,
      "filename": "561642_0_su_5_바인디포 VineDepot _1_004.png",
      "mapx": 37.5593135416408,
      "mapy": 126.83523920295,
      "width": 3840,
      "height": 2160,
      "caption_info": [
        "바인디포 VineDepot(마곡동)",
        "메뉴판"
      ]
    },
    {
      "image_id": 4,
      "filename": "561642_0_su_5_바인디포 VineDepot _1_005.png",
      "mapx": 37.5593135416408,
      "mapy": 126.83523920295,
      "width": 3840,
      "height": 2160,
      "caption_info": [
        "바인디포 VineDepot(마곡동)",
        "햄버거"
      ]
    }
  ],
  "annotations": [
    {
      "image_id": 0,
      "question": [
        {
          "question_id": 0,
          "question_type": "탐색",
          "question": "주차시설이 있나요?",
          "question_wordNum": 2,
          "answer": "있음",
          "answer_wordNum": 1,
          "fact": [
            "바인디포 VineDepot,주차시설,있음"
          ]
        },
        {
          "question_id": 1,
          "question_type": "관계",
          "question": "이 곳에 인접한 시설이 있나요?",
          "question_wordNum": 5,
          "answer": "발산역 9번 출구, 카페 커디, 녹지",
          "answer_wordNum": 6,
          "fact": [
            "바인디포 VineDepot,인접,발산역 9번 출구, 카페 커디, 녹지"
          ]
        },
        {
          "question_id": 2,
          "question_type": "정보",
          "question": "휴무일은 어떻게 되나요?",
          "question_wordNum": 3,
          "answer": "매주 화요일",
          "answer_wordNum": 2,
          "fact": [
            "바인디포 VineDepot,휴무일,매주 화요일"
          ]
        },
        {
          "question_id": 3,
          "question_type": "정보",
          "question": "영업시간은 어떻게 되나요?",
          "question_wordNum": 3,
          "answer": "10:00/11:00~22:00",
          "answer_wordNum": 1,
          "fact": [
            "바인디포 VineDepot,영업시간,10:00/11:00~22:00"
          ]
        }
      ]
    },
    {
      "image_id": 1,
      "question": [
        {
          "question_id": 0,
          "question_type": "정보",
          "question": "이 곳의 주소는 어떻게 되나요?",
          "question_wordNum": 5,
          "answer": "서울 강서구 공항대로 247 퀸즈파크9 A동 2층 201호",
          "answer_wordNum": 8,
          "fact": [
            "바인디포 VineDepot,주소,서울 강서구 공항대로 247 퀸즈파크9 A동 2층 201호"
          ]
        },
        {
          "question_id": 1,
          "question_type": "정보",
          "question": "연락처가 어떻게 되나요?",
          "question_wordNum": 3,
          "answer": "0507-1348-8974",
          "answer_wordNum": 1,
          "fact": [
            "바인디포 VineDepot,연락처,0507-1348-8974"
          ]
        },
        {
          "question_id": 2,
          "question_type": "정보",
          "question": "영업시간은 몇시부터 몇시까지로 기재되어 있나요?",
          "question_wordNum": 5,
          "answer": "10:00/11:00~22:00",
          "answer_wordNum": 1,
          "fact": [
            "바인디포 VineDepot,영업시간,10:00/11:00~22:00"
          ]
        },
        {
          "question_id": 3,
          "question_type": "정보",
          "question": "이 곳의 주요 메뉴는 무엇이 있나요?",
          "question_wordNum": 6,
          "answer": "그린 홍합 플래터, 포크 플래터",
          "answer_wordNum": 5,
          "fact": [
            "바인디포 VineDepot,메뉴,그린 홍합 플래터, 포크 플래터"
          ]
        }
      ]
    },
    {
      "image_id": 2,
      "question": [
        {
          "question_id": 0,
          "question_type": "탐색",
          "question": "주차시설이 있나요?",
          "question_wordNum": 2,
          "answer": "있음",
          "answer_wordNum": 1,
          "fact": [
            "바인디포 VineDepot,주차시설,있음"
          ]
        },
        {
          "question_id": 1,
          "question_type": "정보",
          "question": "이 곳의 주소는 어떻게 되나요?",
          "question_wordNum": 5,
          "answer": "서울 강서구 공항대로 247 퀸즈파크9 A동 2층 201호",
          "answer_wordNum": 8,
          "fact": [
            "바인디포 VineDepot,주소,서울 강서구 공항대로 247 퀸즈파크9 A동 2층 201호"
          ]
        },
        {
          "question_id": 2,
          "question_type": "정보",
          "question": "연락처가 어떻게 되나요?",
          "question_wordNum": 3,
          "answer": "0507-1348-8974",
          "answer_wordNum": 1,
          "fact": [
            "바인디포 VineDepot,연락처,0507-1348-8974"
          ]
        },
        {
          "question_id": 3,
          "question_type": "정보",
          "question": "휴무일은 어떻게 되나요?",
          "question_wordNum": 3,
          "answer": "매주 화요일",
          "answer_wordNum": 2,
          "fact": [
            "바인디포 VineDepot,휴무일,매주 화요일"
          ]
        }
      ]
    },
    {
      "image_id": 3,
      "question": [
        {
          "question_id": 0,
          "question_type": "정보",
          "question": "연락처가 어떻게 되나요?",
          "question_wordNum": 3,
          "answer": "0507-1348-8974",
          "answer_wordNum": 1,
          "fact": [
            "바인디포 VineDepot,연락처,0507-1348-8974"
          ]
        },
        {
          "question_id": 1,
          "question_type": "정보",
          "question": "이 곳의 주소는 어떻게 되나요?",
          "question_wordNum": 5,
          "answer": "서울 강서구 공항대로 247 퀸즈파크9 A동 2층 201호",
          "answer_wordNum": 8,
          "fact": [
            "바인디포 VineDepot,주소,서울 강서구 공항대로 247 퀸즈파크9 A동 2층 201호"
          ]
        },
        {
          "question_id": 2,
          "question_type": "관계",
          "question": "이 곳에 인접한 시설이 있나요?",
          "question_wordNum": 5,
          "answer": "발산역 9번 출구, 카페 커디, 녹지",
          "answer_wordNum": 6,
          "fact": [
            "바인디포 VineDepot,인접,발산역 9번 출구, 카페 커디, 녹지"
          ]
        },
        {
          "question_id": 3,
          "question_type": "탐색",
          "question": "주차시설이 있나요?",
          "question_wordNum": 2,
          "answer": "있음",
          "answer_wordNum": 1,
          "fact": [
            "바인디포 VineDepot,주차시설,있음"
          ]
        }
      ]
    },
    {
      "image_id": 4,
      "question": [
        {
          "question_id": 0,
          "question_type": "정보",
          "question": "이 곳의 주요 메뉴는 무엇이 있나요?",
          "question_wordNum": 6,
          "answer": "그린 홍합 플래터, 포크 플래터",
          "answer_wordNum": 5,
          "fact": [
            "바인디포 VineDepot,메뉴,그린 홍합 플래터, 포크 플래터"
          ]
        },
        {
          "question_id": 1,
          "question_type": "정보",
          "question": "휴무일은 어떻게 되나요?",
          "question_wordNum": 3,
          "answer": "매주 화요일",
          "answer_wordNum": 2,
          "fact": [
            "바인디포 VineDepot,휴무일,매주 화요일"
          ]
        },
        {
          "question_id": 2,
          "question_type": "정보",
          "question": "영업시간은 어떻게 되나요?",
          "question_wordNum": 3,
          "answer": "10:00/11:00~22:00",
          "answer_wordNum": 1,
          "fact": [
            "바인디포 VineDepot,영업시간,10:00/11:00~22:00"
          ]
        },
        {
          "question_id": 3,
          "question_type": "정보",
          "question": "연락처가 어떻게 되나요?",
          "question_wordNum": 3,
          "answer": "0507-1348-8974",
          "answer_wordNum": 1,
          "fact": [
            "바인디포 VineDepot,연락처,0507-1348-8974"
          ]
        }
      ]
    }
  ]
}