{
  "data": {
    "dataset": "2-083-219",
    "POI_id": "561706",
    "travelType": "음식점",
    "place": "홍콩반점0410 우장산역점",
    "area": "서울"
  },
  "imageInfo": [
    {
      "image_id": 0,
      "filename": "561706_0_su_5_홍콩반점0410 우장산역점_1_001.png",
      "mapx": 37.5481121971352,
      "mapy": 126.835389697248,
      "width": 3840,
      "height": 2160,
      "caption_info": [
        "홍콩반점0410 우장산역점(내발산동)",
        "간판, 건물"
      ]
    },
    {
      "image_id": 1,
      "filename": "561706_0_su_5_홍콩반점0410 우장산역점_1_002.png",
      "mapx": 37.5481121971352,
      "mapy": 126.835389697248,
      "width": 3840,
      "height": 2160,
      "caption_info": [
        "홍콩반점0410 우장산역점(내발산동)",
        "간판, 건물"
      ]
    },
    {
      "image_id": 2,
      "filename": "561706_0_su_5_홍콩반점0410 우장산역점_1_003.png",
      "mapx": 37.5481121971352,
      "mapy": 126.835389697248,
      "width": 3840,
      "height": 2160,
      "caption_info": [
        "홍콩반점0410 우장산역점(내발산동)",
        "에어컨, 등받이의자, 밥솥"
      ]
    },
    {
      "image_id": 3,
      "filename": "561706_0_su_5_홍콩반점0410 우장산역점_1_004.png",
      "mapx": 37.5481121971352,
      "mapy": 126.835389697248,
      "width": 3840,
      "height": 2160,
      "caption_info": [
        "홍콩반점0410 우장산역점(내발산동)",
        "메뉴판"
      ]
    },
    {
      "image_id": 4,
      "filename": "561706_0_su_5_홍콩반점0410 우장산역점_1_005.png",
      "mapx": 37.5481121971352,
      "mapy": 126.835389697248,
      "width": 3840,
      "height": 2160,
      "caption_info": [
        "홍콩반점0410 우장산역점(내발산동)",
        "짜장면"
      ]
    }
  ],
  "annotations": [
    {
      "image_id": 0,
      "question": [
        {
          "question_id": 0,
          "question_type": "정보",
          "question": "연락처가 어떻게 되나요?",
          "question_wordNum": 3,
          "answer": "0507-1444-0412",
          "answer_wordNum": 1,
          "fact": [
            "홍콩반점0410 우장산역점,연락처,0507-1444-0412"
          ]
        },
        {
          "question_id": 1,
          "question_type": "정보",
          "question": "이 곳의 주요 메뉴를 알 수 있나요?",
          "question_wordNum": 7,
          "answer": "탕수육, 쟁반짜장",
          "answer_wordNum": 2,
          "fact": [
            "홍콩반점0410 우장산역점,메뉴,탕수육, 쟁반짜장"
          ]
        },
        {
          "question_id": 2,
          "question_type": "탐색",
          "question": "주차시설이 있는지 알 수 있나요?",
          "question_wordNum": 5,
          "answer": "있음",
          "answer_wordNum": 1,
          "fact": [
            "홍콩반점0410 우장산역점,주차시설,있음"
          ]
        },
        {
          "question_id": 3,
          "question_type": "정보",
          "question": "영업시간을 알 수 있나요?",
          "question_wordNum": 4,
          "answer": "10:00 - 22:00",
          "answer_wordNum": 3,
          "fact": [
            "홍콩반점0410 우장산역점,영업시간,10:00 - 22:00"
          ]
        }
      ]
    },
    {
      "image_id": 1,
      "question": [
        {
          "question_id": 0,
          "question_type": "정보",
          "question": "영업시간을 알 수 있나요?",
          "question_wordNum": 4,
          "answer": "10:00 - 22:00",
          "answer_wordNum": 3,
          "fact": [
            "홍콩반점0410 우장산역점,영업시간,10:00 - 22:00"
          ]
        },
        {
          "question_id": 1,
          "question_type": "정보",
          "question": "이 곳의 주요 메뉴를 알 수 있나요?",
          "question_wordNum": 7,
          "answer": "탕수육, 쟁반짜장",
          "answer_wordNum": 2,
          "fact": [
            "홍콩반점0410 우장산역점,메뉴,탕수육, 쟁반짜장"
          ]
        },
        {
          "question_id": 2,
          "question_type": "탐색",
          "question": "주차시설이 있나요?",
          "question_wordNum": 2,
          "answer": "있음",
          "answer_wordNum": 1,
          "fact": [
            "홍콩반점0410 우장산역점,주차시설,있음"
          ]
        },
        {
          "question_id": 3,
          "question_type": "정보",
          "question": "휴무일은 어떻게 되나요?",
          "question_wordNum": 3,
          "answer": "없음",
          "answer_wordNum": 1,
          "fact": [
            "홍콩반점0410 우장산역점,휴무일,없음"
          ]
        }
      ]
    },
    {
      "image_id": 2,
      "question": [
        {
          "question_id": 0,
          "question_type": "정보",
          "question": "이 곳의 주요 메뉴는 무엇이 있나요?",
          "question_wordNum": 6,
          "answer": "탕수육, 쟁반짜장",
          "answer_wordNum": 2,
          "fact": [
            "홍콩반점0410 우장산역점,메뉴,탕수육, 쟁반짜장"
          ]
        },
        {
          "question_id": 1,
          "question_type": "정보",
          "question": "영업시간은 어떻게 되나요?",
          "question_wordNum": 3,
          "answer": "10:00 - 22:00",
          "answer_wordNum": 3,
          "fact": [
            "홍콩반점0410 우장산역점,영업시간,10:00 - 22:00"
          ]
        },
        {
          "question_id": 2,
          "question_type": "탐색",
          "question": "주차시설이 있는지 알 수 있나요?",
          "question_wordNum": 5,
          "answer": "있음",
          "answer_wordNum": 1,
          "fact": [
            "홍콩반점0410 우장산역점,주차시설,있음"
          ]
        },
        {
          "question_id": 3,
          "question_type": "정보",
          "question": "주소는 어떻게 되나요?",
          "question_wordNum": 3,
          "answer": "서울 강서구 강서로45길 14",
          "answer_wordNum": 4,
          "fact": [
            "홍콩반점0410 우장산역점,주소,서울 강서구 강서로45길 14"
          ]
        }
      ]
    },
    {
      "image_id": 3,
      "question": [
        {
          "question_id": 0,
          "question_type": "정보",
          "question": "이 곳의 대표적인 메뉴는 무엇이 있나요?",
          "question_wordNum": 6,
          "answer": "탕수육, 쟁반짜장",
          "answer_wordNum": 2,
          "fact": [
            "홍콩반점0410 우장산역점,메뉴,탕수육, 쟁반짜장"
          ]
        },
        {
          "question_id": 1,
          "question_type": "탐색",
          "question": "주차시설이 있는지 알 수 있나요?",
          "question_wordNum": 5,
          "answer": "있음",
          "answer_wordNum": 1,
          "fact": [
            "홍콩반점0410 우장산역점,주차시설,있음"
          ]
        },
        {
          "question_id": 2,
          "question_type": "정보",
          "question": "휴무일은 어떻게 되나요?",
          "question_wordNum": 3,
          "answer": "없음",
          "answer_wordNum": 1,
          "fact": [
            "홍콩반점0410 우장산역점,휴무일,없음"
          ]
        },
        {
          "question_id": 3,
          "question_type": "정보",
          "question": "연락처를 알 수 있나요?",
          "question_wordNum": 4,
          "answer": "0507-1444-0412",
          "answer_wordNum": 1,
          "fact": [
            "홍콩반점0410 우장산역점,연락처,0507-1444-0412"
          ]
        }
      ]
    },
    {
      "image_id": 4,
      "question": [
        {
          "question_id": 0,
          "question_type": "정보",
          "question": "이 곳의 주소는 어떻게 되나요?",
          "question_wordNum": 5,
          "answer": "서울 강서구 강서로45길 14",
          "answer_wordNum": 4,
          "fact": [
            "홍콩반점0410 우장산역점,주소,서울 강서구 강서로45길 14"
          ]
        },
        {
          "question_id": 1,
          "question_type": "관계",
          "question": "이 곳에 인접한 시설이 있나요?",
          "question_wordNum": 5,
          "answer": "우장산역 3번 출구, 떡의나라, 강서수산",
          "answer_wordNum": 5,
          "fact": [
            "홍콩반점0410 우장산역점,인접,우장산역 3번 출구, 떡의나라, 강서수산"
          ]
        },
        {
          "question_id": 2,
          "question_type": "정보",
          "question": "영업시간은 몇시부터 몇시까지로 기재되어 있나요?",
          "question_wordNum": 5,
          "answer": "10:00 - 22:00",
          "answer_wordNum": 3,
          "fact": [
            "홍콩반점0410 우장산역점,영업시간,10:00 - 22:00"
          ]
        },
        {
          "question_id": 3,
          "question_type": "정보",
          "question": "휴무일은 어떻게 되나요?",
          "question_wordNum": 3,
          "answer": "없음",
          "answer_wordNum": 1,
          "fact": [
            "홍콩반점0410 우장산역점,휴무일,없음"
          ]
        }
      ]
    }
  ]
}