{
  "data": {
    "dataset": "2-083-219",
    "POI_id": "561576",
    "travelType": "음식점",
    "place": "선주가 ",
    "area": "서울"
  },
  "imageInfo": [
    {
      "image_id": 0,
      "filename": "561576_0_su_5_선주가 _1_001.png",
      "mapx": 37.5678656599047,
      "mapy": 126.827453357716,
      "width": 3840,
      "height": 2160,
      "caption_info": [
        "선주가(마곡동)",
        "여닫이 문"
      ]
    },
    {
      "image_id": 1,
      "filename": "561576_0_su_5_선주가 _1_002.png",
      "mapx": 37.5678656599047,
      "mapy": 126.827453357716,
      "width": 3840,
      "height": 2160,
      "caption_info": [
        "선주가(마곡동)",
        "건물, 간판"
      ]
    },
    {
      "image_id": 2,
      "filename": "561576_0_su_5_선주가 _1_003.png",
      "mapx": 37.5678656599047,
      "mapy": 126.827453357716,
      "width": 3840,
      "height": 2160,
      "caption_info": [
        "선주가(마곡동)",
        "테이블, 등받이 의자"
      ]
    },
    {
      "image_id": 3,
      "filename": "561576_0_su_5_선주가 _1_004.png",
      "mapx": 37.5678656599047,
      "mapy": 126.827453357716,
      "width": 3840,
      "height": 2160,
      "caption_info": [
        "선주가(마곡동)",
        "메뉴판"
      ]
    },
    {
      "image_id": 4,
      "filename": "561576_0_su_5_선주가 _1_005.png",
      "mapx": 37.5678656599047,
      "mapy": 126.827453357716,
      "width": 3840,
      "height": 2160,
      "caption_info": [
        "선주가(마곡동)",
        "순두부"
      ]
    }
  ],
  "annotations": [
    {
      "image_id": 0,
      "question": [
        {
          "question_id": 0,
          "question_type": "정보",
          "question": "휴무일은 어떻게 되나요?",
          "question_wordNum": 3,
          "answer": "첫째 일요일",
          "answer_wordNum": 2,
          "fact": [
            "선주가,휴무일,첫째 일요일"
          ]
        },
        {
          "question_id": 1,
          "question_type": "정보",
          "question": "영업시간은 어떻게 되나요?",
          "question_wordNum": 3,
          "answer": "17:00~02:00",
          "answer_wordNum": 1,
          "fact": [
            "선주가,영업시간,17:00~02:00"
          ]
        },
        {
          "question_id": 2,
          "question_type": "정보",
          "question": "이 곳의 주요 메뉴는 무엇이 있나요?",
          "question_wordNum": 6,
          "answer": "숙성연어회, 돌문어숙회",
          "answer_wordNum": 2,
          "fact": [
            "선주가,메뉴,숙성연어회, 돌문어숙회"
          ]
        },
        {
          "question_id": 3,
          "question_type": "관계",
          "question": "이 곳에 인접한 시설이 있나요?",
          "question_wordNum": 5,
          "answer": "마곡나루역 2번 출구, 주택, 고드니",
          "answer_wordNum": 5,
          "fact": [
            "선주가,인접,마곡나루역 2번 출구, 주택, 고드니"
          ]
        }
      ]
    },
    {
      "image_id": 1,
      "question": [
        {
          "question_id": 0,
          "question_type": "정보",
          "question": "이 곳의 주요 메뉴는 무엇이 있나요?",
          "question_wordNum": 6,
          "answer": "숙성연어회, 돌문어숙회",
          "answer_wordNum": 2,
          "fact": [
            "선주가,메뉴,숙성연어회, 돌문어숙회"
          ]
        },
        {
          "question_id": 1,
          "question_type": "정보",
          "question": "이 곳의 주소는 어떻게 되나요?",
          "question_wordNum": 5,
          "answer": "서울 강서구 마곡중앙로 161-1 마곡나루역캐슬파크",
          "answer_wordNum": 5,
          "fact": [
            "선주가,주소,서울 강서구 마곡중앙로 161-1 마곡나루역캐슬파크"
          ]
        },
        {
          "question_id": 2,
          "question_type": "정보",
          "question": "연락처가 어떻게 되나요?",
          "question_wordNum": 3,
          "answer": "0507-1430-1579",
          "answer_wordNum": 1,
          "fact": [
            "선주가,연락처,0507-1430-1579"
          ]
        },
        {
          "question_id": 3,
          "question_type": "정보",
          "question": "영업시간은 어떻게 되나요?",
          "question_wordNum": 3,
          "answer": "17:00~02:00",
          "answer_wordNum": 1,
          "fact": [
            "선주가,영업시간,17:00~02:00"
          ]
        }
      ]
    },
    {
      "image_id": 2,
      "question": [
        {
          "question_id": 0,
          "question_type": "정보",
          "question": "휴무일은 어떻게 되나요?",
          "question_wordNum": 3,
          "answer": "첫째 일요일",
          "answer_wordNum": 2,
          "fact": [
            "선주가,휴무일,첫째 일요일"
          ]
        },
        {
          "question_id": 1,
          "question_type": "정보",
          "question": "이 곳의 주소는 어떻게 되나요?",
          "question_wordNum": 5,
          "answer": "서울 강서구 마곡중앙로 161-1 마곡나루역캐슬파크",
          "answer_wordNum": 5,
          "fact": [
            "선주가,주소,서울 강서구 마곡중앙로 161-1 마곡나루역캐슬파크"
          ]
        },
        {
          "question_id": 2,
          "question_type": "정보",
          "question": "영업시간은 어떻게 되나요?",
          "question_wordNum": 3,
          "answer": "17:00~02:00",
          "answer_wordNum": 1,
          "fact": [
            "선주가,영업시간,17:00~02:00"
          ]
        },
        {
          "question_id": 3,
          "question_type": "정보",
          "question": "이 곳의 대표적인 메뉴는 무엇이 있나요?",
          "question_wordNum": 6,
          "answer": "숙성연어회, 돌문어숙회",
          "answer_wordNum": 2,
          "fact": [
            "선주가,메뉴,숙성연어회, 돌문어숙회"
          ]
        }
      ]
    },
    {
      "image_id": 3,
      "question": [
        {
          "question_id": 0,
          "question_type": "탐색",
          "question": "주차시설이 있나요?",
          "question_wordNum": 2,
          "answer": "있음",
          "answer_wordNum": 1,
          "fact": [
            "선주가,주차시설,있음"
          ]
        },
        {
          "question_id": 1,
          "question_type": "정보",
          "question": "연락처가 어떻게 되나요?",
          "question_wordNum": 3,
          "answer": "0507-1430-1579",
          "answer_wordNum": 1,
          "fact": [
            "선주가,연락처,0507-1430-1579"
          ]
        },
        {
          "question_id": 2,
          "question_type": "정보",
          "question": "이 곳의 주소는 어떻게 되나요?",
          "question_wordNum": 5,
          "answer": "서울 강서구 마곡중앙로 161-1 마곡나루역캐슬파크",
          "answer_wordNum": 5,
          "fact": [
            "선주가,주소,서울 강서구 마곡중앙로 161-1 마곡나루역캐슬파크"
          ]
        },
        {
          "question_id": 3,
          "question_type": "관계",
          "question": "이 곳에 인접한 시설이 있나요?",
          "question_wordNum": 5,
          "answer": "마곡나루역 2번 출구, 주택, 고드니",
          "answer_wordNum": 5,
          "fact": [
            "선주가,인접,마곡나루역 2번 출구, 주택, 고드니"
          ]
        }
      ]
    },
    {
      "image_id": 4,
      "question": [
        {
          "question_id": 0,
          "question_type": "정보",
          "question": "연락처가 어떻게 되나요?",
          "question_wordNum": 3,
          "answer": "0507-1430-1579",
          "answer_wordNum": 1,
          "fact": [
            "선주가,연락처,0507-1430-1579"
          ]
        },
        {
          "question_id": 1,
          "question_type": "정보",
          "question": "이 곳의 대표적인 메뉴는 무엇이 있나요?",
          "question_wordNum": 6,
          "answer": "숙성연어회, 돌문어숙회",
          "answer_wordNum": 2,
          "fact": [
            "선주가,메뉴,숙성연어회, 돌문어숙회"
          ]
        },
        {
          "question_id": 2,
          "question_type": "정보",
          "question": "휴무일은 어떻게 되나요?",
          "question_wordNum": 3,
          "answer": "첫째 일요일",
          "answer_wordNum": 2,
          "fact": [
            "선주가,휴무일,첫째 일요일"
          ]
        },
        {
          "question_id": 3,
          "question_type": "정보",
          "question": "이 곳의 주소는 어떻게 되나요?",
          "question_wordNum": 5,
          "answer": "서울 강서구 마곡중앙로 161-1 마곡나루역캐슬파크",
          "answer_wordNum": 5,
          "fact": [
            "선주가,주소,서울 강서구 마곡중앙로 161-1 마곡나루역캐슬파크"
          ]
        }
      ]
    }
  ]
}