{
  "data": {
    "dataset": "2-083-219",
    "POI_id": "561559",
    "travelType": "음식점",
    "place": "더 왓에버",
    "area": "서울"
  },
  "imageInfo": [
    {
      "image_id": 0,
      "filename": "561559_0_su_5_더 왓에버_1_001.png",
      "mapx": 37.5581624385834,
      "mapy": 126.828538356954,
      "width": 3840,
      "height": 2160,
      "caption_info": [
        "더 왓에버(마곡동)",
        "간판"
      ]
    },
    {
      "image_id": 1,
      "filename": "561559_0_su_5_더 왓에버_1_002.png",
      "mapx": 37.5581624385834,
      "mapy": 126.828538356954,
      "width": 3840,
      "height": 2160,
      "caption_info": [
        "더 왓에버(마곡동)",
        "간판"
      ]
    },
    {
      "image_id": 2,
      "filename": "561559_0_su_5_더 왓에버_1_003.png",
      "mapx": 37.5581624385834,
      "mapy": 126.828538356954,
      "width": 3840,
      "height": 2160,
      "caption_info": [
        "더 왓에버(마곡동)",
        "테이블, 등받이 의자"
      ]
    },
    {
      "image_id": 3,
      "filename": "561559_0_su_5_더 왓에버_1_004.png",
      "mapx": 37.5581624385834,
      "mapy": 126.828538356954,
      "width": 3840,
      "height": 2160,
      "caption_info": [
        "더 왓에버(마곡동)",
        "메뉴판"
      ]
    },
    {
      "image_id": 4,
      "filename": "561559_0_su_5_더 왓에버_1_005.png",
      "mapx": 37.5581624385834,
      "mapy": 126.828538356954,
      "width": 3840,
      "height": 2160,
      "caption_info": [
        "더 왓에버(마곡동)",
        "파스타, 감자퀴김"
      ]
    }
  ],
  "annotations": [
    {
      "image_id": 0,
      "question": [
        {
          "question_id": 0,
          "question_type": "정보",
          "question": "대표 메뉴가 무엇인가요?",
          "question_wordNum": 3,
          "answer": "아메리카노, 카페라떼",
          "answer_wordNum": 2,
          "fact": [
            "더 왓에버,메뉴,아메리카노, 카페라떼"
          ]
        },
        {
          "question_id": 1,
          "question_type": "정보",
          "question": "영업시간은 어떻게 되나요?",
          "question_wordNum": 3,
          "answer": "09:00/10:00-22:00/23:00",
          "answer_wordNum": 1,
          "fact": [
            "더 왓에버,영업시간,09:00/10:00-22:00/23:00"
          ]
        },
        {
          "question_id": 2,
          "question_type": "관계",
          "question": "이 곳에 인접한 시설이 있나요?",
          "question_wordNum": 5,
          "answer": "마곡역 5번 출구, 백소정, 드롭탑",
          "answer_wordNum": 5,
          "fact": [
            "더 왓에버,인접,마곡역 5번 출구, 백소정, 드롭탑"
          ]
        },
        {
          "question_id": 3,
          "question_type": "정보",
          "question": "이 곳의 주소를 알 수 있나요?",
          "question_wordNum": 6,
          "answer": "서울 강서구 마곡중앙2로 15 1층 115-119호 테크노타워2",
          "answer_wordNum": 7,
          "fact": [
            "더 왓에버,주소,서울 강서구 마곡중앙2로 15 1층 115-119호 테크노타워2"
          ]
        }
      ]
    },
    {
      "image_id": 1,
      "question": [
        {
          "question_id": 0,
          "question_type": "정보",
          "question": "이 곳의 주소를 알 수 있나요?",
          "question_wordNum": 6,
          "answer": "서울 강서구 마곡중앙2로 15 1층 115-119호 테크노타워2",
          "answer_wordNum": 7,
          "fact": [
            "더 왓에버,주소,서울 강서구 마곡중앙2로 15 1층 115-119호 테크노타워2"
          ]
        },
        {
          "question_id": 1,
          "question_type": "정보",
          "question": "대표 메뉴가 무엇인가요?",
          "question_wordNum": 3,
          "answer": "아메리카노, 카페라떼",
          "answer_wordNum": 2,
          "fact": [
            "더 왓에버,메뉴,아메리카노, 카페라떼"
          ]
        },
        {
          "question_id": 2,
          "question_type": "정보",
          "question": "휴무일을 알 수 있나요?",
          "question_wordNum": 4,
          "answer": "없음",
          "answer_wordNum": 1,
          "fact": [
            "더 왓에버,휴무일,없음"
          ]
        },
        {
          "question_id": 3,
          "question_type": "정보",
          "question": "영업시간을 알 수 있나요?",
          "question_wordNum": 4,
          "answer": "09:00/10:00-22:00/23:00",
          "answer_wordNum": 1,
          "fact": [
            "더 왓에버,영업시간,09:00/10:00-22:00/23:00"
          ]
        }
      ]
    },
    {
      "image_id": 2,
      "question": [
        {
          "question_id": 0,
          "question_type": "정보",
          "question": "연락처가 어떻게 되나요?",
          "question_wordNum": 3,
          "answer": "02-6952-8577",
          "answer_wordNum": 1,
          "fact": [
            "더 왓에버,연락처,02-6952-8577"
          ]
        },
        {
          "question_id": 1,
          "question_type": "정보",
          "question": "영업시간은 어떻게 되나요?",
          "question_wordNum": 3,
          "answer": "09:00/10:00-22:00/23:00",
          "answer_wordNum": 1,
          "fact": [
            "더 왓에버,영업시간,09:00/10:00-22:00/23:00"
          ]
        },
        {
          "question_id": 2,
          "question_type": "정보",
          "question": "휴무일을 알 수 있나요?",
          "question_wordNum": 4,
          "answer": "없음",
          "answer_wordNum": 1,
          "fact": [
            "더 왓에버,휴무일,없음"
          ]
        },
        {
          "question_id": 3,
          "question_type": "정보",
          "question": "이 곳의 메뉴를 알 수 있나요?",
          "question_wordNum": 6,
          "answer": "아메리카노, 카페라떼",
          "answer_wordNum": 2,
          "fact": [
            "더 왓에버,메뉴,아메리카노, 카페라떼"
          ]
        }
      ]
    },
    {
      "image_id": 3,
      "question": [
        {
          "question_id": 0,
          "question_type": "관계",
          "question": "이 곳에 인접한 시설이 있나요?",
          "question_wordNum": 5,
          "answer": "마곡역 5번 출구, 백소정, 드롭탑",
          "answer_wordNum": 5,
          "fact": [
            "더 왓에버,인접,마곡역 5번 출구, 백소정, 드롭탑"
          ]
        },
        {
          "question_id": 1,
          "question_type": "정보",
          "question": "이 곳의 메뉴를 알 수 있나요?",
          "question_wordNum": 6,
          "answer": "아메리카노, 카페라떼",
          "answer_wordNum": 2,
          "fact": [
            "더 왓에버,메뉴,아메리카노, 카페라떼"
          ]
        },
        {
          "question_id": 2,
          "question_type": "정보",
          "question": "연락처를 알 수 있나요?",
          "question_wordNum": 4,
          "answer": "02-6952-8577",
          "answer_wordNum": 1,
          "fact": [
            "더 왓에버,연락처,02-6952-8577"
          ]
        },
        {
          "question_id": 3,
          "question_type": "탐색",
          "question": "주차시설이 있는지 알 수 있나요?",
          "question_wordNum": 5,
          "answer": "있음",
          "answer_wordNum": 1,
          "fact": [
            "더 왓에버,주차시설,있음"
          ]
        }
      ]
    },
    {
      "image_id": 4,
      "question": [
        {
          "question_id": 0,
          "question_type": "정보",
          "question": "영업시간을 알 수 있나요?",
          "question_wordNum": 4,
          "answer": "09:00/10:00-22:00/23:00",
          "answer_wordNum": 1,
          "fact": [
            "더 왓에버,영업시간,09:00/10:00-22:00/23:00"
          ]
        },
        {
          "question_id": 1,
          "question_type": "관계",
          "question": "이 곳에 인접한 시설이 있나요?",
          "question_wordNum": 5,
          "answer": "마곡역 5번 출구, 백소정, 드롭탑",
          "answer_wordNum": 5,
          "fact": [
            "더 왓에버,인접,마곡역 5번 출구, 백소정, 드롭탑"
          ]
        },
        {
          "question_id": 2,
          "question_type": "정보",
          "question": "대표 메뉴가 무엇인가요?",
          "question_wordNum": 3,
          "answer": "아메리카노, 카페라떼",
          "answer_wordNum": 2,
          "fact": [
            "더 왓에버,메뉴,아메리카노, 카페라떼"
          ]
        },
        {
          "question_id": 3,
          "question_type": "정보",
          "question": "휴무일을 알 수 있나요?",
          "question_wordNum": 4,
          "answer": "없음",
          "answer_wordNum": 1,
          "fact": [
            "더 왓에버,휴무일,없음"
          ]
        }
      ]
    }
  ]
}