{
  "data": {
    "dataset": "2-083-219",
    "POI_id": "561823",
    "travelType": "음식점",
    "place": "늘솜",
    "area": "서울"
  },
  "imageInfo": [
    {
      "image_id": 0,
      "filename": "561823_0_su_5_늘솜_5_001.png",
      "mapx": 37.5591760197652,
      "mapy": 126.812168900771,
      "width": 3840,
      "height": 2160,
      "caption_info": [
        "늘솜(강서구)",
        "간판"
      ]
    },
    {
      "image_id": 1,
      "filename": "561823_0_su_5_늘솜_5_002.png",
      "mapx": 37.5591760197652,
      "mapy": 126.812168900771,
      "width": 3840,
      "height": 2160,
      "caption_info": [
        "늘솜(강서구)",
        "간판"
      ]
    },
    {
      "image_id": 2,
      "filename": "561823_0_su_5_늘솜_5_003.png",
      "mapx": 37.5591760197652,
      "mapy": 126.812168900771,
      "width": 3840,
      "height": 2160,
      "caption_info": [
        "늘솜(강서구)",
        "등받이 의자"
      ]
    },
    {
      "image_id": 3,
      "filename": "561823_0_su_5_늘솜_5_004.png",
      "mapx": 37.5591760197652,
      "mapy": 126.812168900771,
      "width": 3840,
      "height": 2160,
      "caption_info": [
        "늘솜(강서구)",
        "입간판 "
      ]
    },
    {
      "image_id": 4,
      "filename": "561823_0_su_5_늘솜_5_005.png",
      "mapx": 37.5591760197652,
      "mapy": 126.812168900771,
      "width": 3840,
      "height": 2160,
      "caption_info": [
        "늘솜(강서구)",
        "계란후라이 "
      ]
    }
  ],
  "annotations": [
    {
      "image_id": 0,
      "question": [
        {
          "question_id": 0,
          "question_type": "정보",
          "question": "이 곳의 주소를 알 수 있나요?",
          "question_wordNum": 6,
          "answer": "서울 강서구 공항대로8길 42",
          "answer_wordNum": 4,
          "fact": [
            "늘솜,주소,서울 강서구 공항대로8길 42"
          ]
        },
        {
          "question_id": 1,
          "question_type": "정보",
          "question": "휴무일을 알 수 있나요?",
          "question_wordNum": 4,
          "answer": "없음",
          "answer_wordNum": 1,
          "fact": [
            "늘솜,휴무일,없음"
          ]
        },
        {
          "question_id": 2,
          "question_type": "관계",
          "question": "이 곳에 인접한 시설이 있나요?",
          "question_wordNum": 5,
          "answer": "송정역 3번 출구, 떡사랑, 디어데이",
          "answer_wordNum": 5,
          "fact": [
            "늘솜,인접,송정역 3번 출구, 떡사랑, 디어데이"
          ]
        },
        {
          "question_id": 3,
          "question_type": "정보",
          "question": "이 곳의 메뉴를 알 수 있나요?",
          "question_wordNum": 6,
          "answer": "팟타이꿍, 팟 카파오 무쌉",
          "answer_wordNum": 4,
          "fact": [
            "늘솜,메뉴,팟타이꿍, 팟 카파오 무쌉"
          ]
        }
      ]
    },
    {
      "image_id": 1,
      "question": [
        {
          "question_id": 0,
          "question_type": "탐색",
          "question": "주차시설이 있는지 알 수 있나요?",
          "question_wordNum": 5,
          "answer": "있음",
          "answer_wordNum": 1,
          "fact": [
            "늘솜,주차시설,있음"
          ]
        },
        {
          "question_id": 1,
          "question_type": "정보",
          "question": "영업시간은 어떻게 되나요?",
          "question_wordNum": 3,
          "answer": "11:30 - 22:30",
          "answer_wordNum": 3,
          "fact": [
            "늘솜,영업시간,11:30 - 22:30"
          ]
        },
        {
          "question_id": 2,
          "question_type": "정보",
          "question": "대표 메뉴가 무엇인가요?",
          "question_wordNum": 3,
          "answer": "팟타이꿍, 팟 카파오 무쌉",
          "answer_wordNum": 4,
          "fact": [
            "늘솜,메뉴,팟타이꿍, 팟 카파오 무쌉"
          ]
        },
        {
          "question_id": 3,
          "question_type": "정보",
          "question": "연락처를 알 수 있나요?",
          "question_wordNum": 4,
          "answer": "0507-1428-0882",
          "answer_wordNum": 1,
          "fact": [
            "늘솜,연락처,0507-1428-0882"
          ]
        }
      ]
    },
    {
      "image_id": 2,
      "question": [
        {
          "question_id": 0,
          "question_type": "정보",
          "question": "휴무일은 어떻게 되나요?",
          "question_wordNum": 3,
          "answer": "없음",
          "answer_wordNum": 1,
          "fact": [
            "늘솜,휴무일,없음"
          ]
        },
        {
          "question_id": 1,
          "question_type": "정보",
          "question": "연락처를 알 수 있나요?",
          "question_wordNum": 4,
          "answer": "0507-1428-0882",
          "answer_wordNum": 1,
          "fact": [
            "늘솜,연락처,0507-1428-0882"
          ]
        },
        {
          "question_id": 2,
          "question_type": "정보",
          "question": "이 곳의 메뉴를 알 수 있나요?",
          "question_wordNum": 6,
          "answer": "팟타이꿍, 팟 카파오 무쌉",
          "answer_wordNum": 4,
          "fact": [
            "늘솜,메뉴,팟타이꿍, 팟 카파오 무쌉"
          ]
        },
        {
          "question_id": 3,
          "question_type": "탐색",
          "question": "주차시설이 있는지 알 수 있나요?",
          "question_wordNum": 5,
          "answer": "있음",
          "answer_wordNum": 1,
          "fact": [
            "늘솜,주차시설,있음"
          ]
        }
      ]
    },
    {
      "image_id": 3,
      "question": [
        {
          "question_id": 0,
          "question_type": "정보",
          "question": "이 곳의 메뉴를 알 수 있나요?",
          "question_wordNum": 6,
          "answer": "팟타이꿍, 팟 카파오 무쌉",
          "answer_wordNum": 4,
          "fact": [
            "늘솜,메뉴,팟타이꿍, 팟 카파오 무쌉"
          ]
        },
        {
          "question_id": 1,
          "question_type": "관계",
          "question": "이 곳에 인접한 시설을 알 수 있나요?",
          "question_wordNum": 7,
          "answer": "송정역 3번 출구, 떡사랑, 디어데이",
          "answer_wordNum": 5,
          "fact": [
            "늘솜,인접,송정역 3번 출구, 떡사랑, 디어데이"
          ]
        },
        {
          "question_id": 2,
          "question_type": "정보",
          "question": "영업시간을 알 수 있나요?",
          "question_wordNum": 4,
          "answer": "11:30 - 22:30",
          "answer_wordNum": 3,
          "fact": [
            "늘솜,영업시간,11:30 - 22:30"
          ]
        },
        {
          "question_id": 3,
          "question_type": "정보",
          "question": "연락처가 어떻게 되나요?",
          "question_wordNum": 3,
          "answer": "0507-1428-0882",
          "answer_wordNum": 1,
          "fact": [
            "늘솜,연락처,0507-1428-0882"
          ]
        }
      ]
    },
    {
      "image_id": 4,
      "question": [
        {
          "question_id": 0,
          "question_type": "정보",
          "question": "이 곳의 메뉴를 알 수 있나요?",
          "question_wordNum": 6,
          "answer": "팟타이꿍, 팟 카파오 무쌉",
          "answer_wordNum": 4,
          "fact": [
            "늘솜,메뉴,팟타이꿍, 팟 카파오 무쌉"
          ]
        },
        {
          "question_id": 1,
          "question_type": "탐색",
          "question": "주차시설이 있나요?",
          "question_wordNum": 2,
          "answer": "있음",
          "answer_wordNum": 1,
          "fact": [
            "늘솜,주차시설,있음"
          ]
        },
        {
          "question_id": 2,
          "question_type": "정보",
          "question": "휴무일은 어떻게 되나요?",
          "question_wordNum": 3,
          "answer": "없음",
          "answer_wordNum": 1,
          "fact": [
            "늘솜,휴무일,없음"
          ]
        },
        {
          "question_id": 3,
          "question_type": "정보",
          "question": "연락처가 어떻게 되나요?",
          "question_wordNum": 3,
          "answer": "0507-1428-0882",
          "answer_wordNum": 1,
          "fact": [
            "늘솜,연락처,0507-1428-0882"
          ]
        }
      ]
    }
  ]
}