{
  "data": {
    "dataset": "2-083-219",
    "POI_id": "561733",
    "travelType": "음식점",
    "place": "설국 ",
    "area": "서울"
  },
  "imageInfo": [
    {
      "image_id": 0,
      "filename": "561733_0_su_5_설국 _2_001.png",
      "mapx": 37.552749451141,
      "mapy": 126.833590180989,
      "width": 3840,
      "height": 2160,
      "caption_info": [
        "설국(강서구) ",
        "간판"
      ]
    },
    {
      "image_id": 1,
      "filename": "561733_0_su_5_설국 _2_002.png",
      "mapx": 37.552749451141,
      "mapy": 126.833590180989,
      "width": 3840,
      "height": 2160,
      "caption_info": [
        "설국(강서구) ",
        "간판"
      ]
    },
    {
      "image_id": 2,
      "filename": "561733_0_su_5_설국 _2_003.png",
      "mapx": 37.552749451141,
      "mapy": 126.833590180989,
      "width": 3840,
      "height": 2160,
      "caption_info": [
        "설국(강서구) ",
        "사각 테이블"
      ]
    },
    {
      "image_id": 3,
      "filename": "561733_0_su_5_설국 _2_004.png",
      "mapx": 37.552749451141,
      "mapy": 126.833590180989,
      "width": 3840,
      "height": 2160,
      "caption_info": [
        "설국(강서구) ",
        "메뉴판 "
      ]
    },
    {
      "image_id": 4,
      "filename": "561733_0_su_5_설국 _2_005.png",
      "mapx": 37.552749451141,
      "mapy": 126.833590180989,
      "width": 3840,
      "height": 2160,
      "caption_info": [
        "설국(강서구) ",
        "죽"
      ]
    }
  ],
  "annotations": [
    {
      "image_id": 0,
      "question": [
        {
          "question_id": 0,
          "question_type": "정보",
          "question": "연락처가 어떻게 되나요?",
          "question_wordNum": 3,
          "answer": "02-2665-5650",
          "answer_wordNum": 1,
          "fact": [
            "설국,연락처,02-2665-5650"
          ]
        },
        {
          "question_id": 1,
          "question_type": "정보",
          "question": "영업시간은 어떻게 되나요?",
          "question_wordNum": 3,
          "answer": "10:00~20:30",
          "answer_wordNum": 1,
          "fact": [
            "설국,영업시간,10:00~20:30"
          ]
        },
        {
          "question_id": 2,
          "question_type": "관계",
          "question": "이 곳에 인접한 시설을 알 수 있나요?",
          "question_wordNum": 7,
          "answer": "우장산역 4번 출구, 충칭마라탕, GS25",
          "answer_wordNum": 5,
          "fact": [
            "설국,인접,우장산역 4번 출구, 충칭마라탕, GS25"
          ]
        },
        {
          "question_id": 3,
          "question_type": "정보",
          "question": "이 곳의 주소는 어떻게 되나요?",
          "question_wordNum": 5,
          "answer": "서울 강서구 강서로47길 45",
          "answer_wordNum": 4,
          "fact": [
            "설국,주소,서울 강서구 강서로47길 45"
          ]
        }
      ]
    },
    {
      "image_id": 1,
      "question": [
        {
          "question_id": 0,
          "question_type": "관계",
          "question": "이 곳에 인접한 시설을 알 수 있나요?",
          "question_wordNum": 7,
          "answer": "우장산역 4번 출구, 충칭마라탕, GS25",
          "answer_wordNum": 5,
          "fact": [
            "설국,인접,우장산역 4번 출구, 충칭마라탕, GS25"
          ]
        },
        {
          "question_id": 1,
          "question_type": "탐색",
          "question": "주차시설이 있나요?",
          "question_wordNum": 2,
          "answer": "있음",
          "answer_wordNum": 1,
          "fact": [
            "설국,주차시설,있음"
          ]
        },
        {
          "question_id": 2,
          "question_type": "정보",
          "question": "영업시간은 어떻게 되나요?",
          "question_wordNum": 3,
          "answer": "10:00~20:30",
          "answer_wordNum": 1,
          "fact": [
            "설국,영업시간,10:00~20:30"
          ]
        },
        {
          "question_id": 3,
          "question_type": "정보",
          "question": "연락처가 어떻게 되나요?",
          "question_wordNum": 3,
          "answer": "02-2665-5650",
          "answer_wordNum": 1,
          "fact": [
            "설국,연락처,02-2665-5650"
          ]
        }
      ]
    },
    {
      "image_id": 2,
      "question": [
        {
          "question_id": 0,
          "question_type": "탐색",
          "question": "주차시설이 있는지 알 수 있나요?",
          "question_wordNum": 5,
          "answer": "있음",
          "answer_wordNum": 1,
          "fact": [
            "설국,주차시설,있음"
          ]
        },
        {
          "question_id": 1,
          "question_type": "정보",
          "question": "휴무일은 어떻게 되나요?",
          "question_wordNum": 3,
          "answer": "매주 일요일",
          "answer_wordNum": 2,
          "fact": [
            "설국,휴무일,매주 일요일"
          ]
        },
        {
          "question_id": 2,
          "question_type": "정보",
          "question": "영업시간은 어떻게 되나요?",
          "question_wordNum": 3,
          "answer": "10:00~20:30",
          "answer_wordNum": 1,
          "fact": [
            "설국,영업시간,10:00~20:30"
          ]
        },
        {
          "question_id": 3,
          "question_type": "정보",
          "question": "이 곳의 주소는 어떻게 되나요?",
          "question_wordNum": 5,
          "answer": "서울 강서구 강서로47길 45",
          "answer_wordNum": 4,
          "fact": [
            "설국,주소,서울 강서구 강서로47길 45"
          ]
        }
      ]
    },
    {
      "image_id": 3,
      "question": [
        {
          "question_id": 0,
          "question_type": "탐색",
          "question": "주차시설이 있는지 알 수 있나요?",
          "question_wordNum": 5,
          "answer": "있음",
          "answer_wordNum": 1,
          "fact": [
            "설국,주차시설,있음"
          ]
        },
        {
          "question_id": 1,
          "question_type": "정보",
          "question": "연락처를 알 수 있나요?",
          "question_wordNum": 4,
          "answer": "02-2665-5650",
          "answer_wordNum": 1,
          "fact": [
            "설국,연락처,02-2665-5650"
          ]
        },
        {
          "question_id": 2,
          "question_type": "관계",
          "question": "이 곳에 인접한 시설을 알 수 있나요?",
          "question_wordNum": 7,
          "answer": "우장산역 4번 출구, 충칭마라탕, GS25",
          "answer_wordNum": 5,
          "fact": [
            "설국,인접,우장산역 4번 출구, 충칭마라탕, GS25"
          ]
        },
        {
          "question_id": 3,
          "question_type": "정보",
          "question": "영업시간을 알 수 있나요?",
          "question_wordNum": 4,
          "answer": "10:00~20:30",
          "answer_wordNum": 1,
          "fact": [
            "설국,영업시간,10:00~20:30"
          ]
        }
      ]
    },
    {
      "image_id": 4,
      "question": [
        {
          "question_id": 0,
          "question_type": "정보",
          "question": "휴무일을 알 수 있나요?",
          "question_wordNum": 4,
          "answer": "매주 일요일",
          "answer_wordNum": 2,
          "fact": [
            "설국,휴무일,매주 일요일"
          ]
        },
        {
          "question_id": 1,
          "question_type": "탐색",
          "question": "주차시설이 있는지 알 수 있나요?",
          "question_wordNum": 5,
          "answer": "있음",
          "answer_wordNum": 1,
          "fact": [
            "설국,주차시설,있음"
          ]
        },
        {
          "question_id": 2,
          "question_type": "정보",
          "question": "이 곳의 주소는 어떻게 되나요?",
          "question_wordNum": 5,
          "answer": "서울 강서구 강서로47길 45",
          "answer_wordNum": 4,
          "fact": [
            "설국,주소,서울 강서구 강서로47길 45"
          ]
        },
        {
          "question_id": 3,
          "question_type": "정보",
          "question": "연락처를 알 수 있나요?",
          "question_wordNum": 4,
          "answer": "02-2665-5650",
          "answer_wordNum": 1,
          "fact": [
            "설국,연락처,02-2665-5650"
          ]
        }
      ]
    }
  ]
}