{
  "data": {
    "dataset": "2-083-219",
    "POI_id": "561357",
    "travelType": "음식점",
    "place": "카메야라멘",
    "area": "서울"
  },
  "imageInfo": [
    {
      "image_id": 0,
      "filename": "561357_0_su_5_카메야라멘_1_001.png",
      "mapx": 37.5695196463689,
      "mapy": 126.841148570087,
      "width": 3840,
      "height": 2160,
      "caption_info": [
        "카메야라멘(가양동)",
        "간판"
      ]
    },
    {
      "image_id": 1,
      "filename": "561357_0_su_5_카메야라멘_1_002.png",
      "mapx": 37.5695196463689,
      "mapy": 126.841148570087,
      "width": 3840,
      "height": 2160,
      "caption_info": [
        "카메야라멘(가양동)",
        "간판"
      ]
    },
    {
      "image_id": 2,
      "filename": "561357_0_su_5_카메야라멘_1_003.png",
      "mapx": 37.5695196463689,
      "mapy": 126.841148570087,
      "width": 3840,
      "height": 2160,
      "caption_info": [
        "카메야라멘(가양동)",
        "테이블, 등받이의자"
      ]
    },
    {
      "image_id": 3,
      "filename": "561357_0_su_5_카메야라멘_1_004.png",
      "mapx": 37.5695196463689,
      "mapy": 126.841148570087,
      "width": 3840,
      "height": 2160,
      "caption_info": [
        "카메야라멘(가양동)",
        "메뉴판"
      ]
    },
    {
      "image_id": 4,
      "filename": "561357_0_su_5_카메야라멘_1_005.png",
      "mapx": 37.5695196463689,
      "mapy": 126.841148570087,
      "width": 3840,
      "height": 2160,
      "caption_info": [
        "카메야라멘(가양동)",
        "라멘, 숟가락"
      ]
    }
  ],
  "annotations": [
    {
      "image_id": 0,
      "question": [
        {
          "question_id": 0,
          "question_type": "탐색",
          "question": "주차시설이 있나요?",
          "question_wordNum": 2,
          "answer": "없음",
          "answer_wordNum": 1,
          "fact": [
            "카메야라멘,주차시설,없음"
          ]
        },
        {
          "question_id": 1,
          "question_type": "정보",
          "question": "영업시간은 어떻게 되나요?",
          "question_wordNum": 3,
          "answer": "11:00~21:00",
          "answer_wordNum": 1,
          "fact": [
            "카메야라멘,영업시간,11:00~21:00"
          ]
        },
        {
          "question_id": 2,
          "question_type": "관계",
          "question": "이 곳에 인접한 시설이 있나요?",
          "question_wordNum": 5,
          "answer": "양천향교역 2번 출구, 대박집, 정가네",
          "answer_wordNum": 5,
          "fact": [
            "카메야라멘,인접,양천향교역 2번 출구, 대박집, 정가네"
          ]
        },
        {
          "question_id": 3,
          "question_type": "정보",
          "question": "이 곳의 주소는 어떻게 되나요?",
          "question_wordNum": 5,
          "answer": "서울 강서구 강서로 489-4 2층",
          "answer_wordNum": 5,
          "fact": [
            "카메야라멘,주소,서울 강서구 강서로 489-4 2층"
          ]
        }
      ]
    },
    {
      "image_id": 1,
      "question": [
        {
          "question_id": 0,
          "question_type": "정보",
          "question": "연락처가 어떻게 되나요?",
          "question_wordNum": 3,
          "answer": "0507-1403-3412",
          "answer_wordNum": 1,
          "fact": [
            "카메야라멘,연락처,0507-1403-3412"
          ]
        },
        {
          "question_id": 1,
          "question_type": "탐색",
          "question": "주차시설이 있나요?",
          "question_wordNum": 2,
          "answer": "없음",
          "answer_wordNum": 1,
          "fact": [
            "카메야라멘,주차시설,없음"
          ]
        },
        {
          "question_id": 2,
          "question_type": "정보",
          "question": "이 곳의 주요 메뉴는 무엇이 있나요?",
          "question_wordNum": 6,
          "answer": "돈코츠라멘, 카라이라멘",
          "answer_wordNum": 2,
          "fact": [
            "카메야라멘,메뉴,돈코츠라멘, 카라이라멘"
          ]
        },
        {
          "question_id": 3,
          "question_type": "정보",
          "question": "휴무일은 어떻게 되나요?",
          "question_wordNum": 3,
          "answer": "매주 토요일",
          "answer_wordNum": 2,
          "fact": [
            "카메야라멘,휴무일,매주 토요일"
          ]
        }
      ]
    },
    {
      "image_id": 2,
      "question": [
        {
          "question_id": 0,
          "question_type": "정보",
          "question": "이 곳의 대표적인 메뉴는 무엇이 있나요?",
          "question_wordNum": 6,
          "answer": "돈코츠라멘, 카라이라멘",
          "answer_wordNum": 2,
          "fact": [
            "카메야라멘,메뉴,돈코츠라멘, 카라이라멘"
          ]
        },
        {
          "question_id": 1,
          "question_type": "정보",
          "question": "영업시간은 어떻게 되나요?",
          "question_wordNum": 3,
          "answer": "11:00~21:00",
          "answer_wordNum": 1,
          "fact": [
            "카메야라멘,영업시간,11:00~21:00"
          ]
        },
        {
          "question_id": 2,
          "question_type": "정보",
          "question": "연락처가 어떻게 되나요?",
          "question_wordNum": 3,
          "answer": "0507-1403-3412",
          "answer_wordNum": 1,
          "fact": [
            "카메야라멘,연락처,0507-1403-3412"
          ]
        },
        {
          "question_id": 3,
          "question_type": "정보",
          "question": "이 곳의 주소는 어떻게 되나요?",
          "question_wordNum": 5,
          "answer": "서울 강서구 강서로 489-4 2층",
          "answer_wordNum": 5,
          "fact": [
            "카메야라멘,주소,서울 강서구 강서로 489-4 2층"
          ]
        }
      ]
    },
    {
      "image_id": 3,
      "question": [
        {
          "question_id": 0,
          "question_type": "관계",
          "question": "이 곳에 인접한 시설이 있나요?",
          "question_wordNum": 5,
          "answer": "양천향교역 2번 출구, 대박집, 정가네",
          "answer_wordNum": 5,
          "fact": [
            "카메야라멘,인접,양천향교역 2번 출구, 대박집, 정가네"
          ]
        },
        {
          "question_id": 1,
          "question_type": "탐색",
          "question": "주차시설이 있나요?",
          "question_wordNum": 2,
          "answer": "없음",
          "answer_wordNum": 1,
          "fact": [
            "카메야라멘,주차시설,없음"
          ]
        },
        {
          "question_id": 2,
          "question_type": "정보",
          "question": "이 곳의 주소는 어떻게 되나요?",
          "question_wordNum": 5,
          "answer": "서울 강서구 강서로 489-4 2층",
          "answer_wordNum": 5,
          "fact": [
            "카메야라멘,주소,서울 강서구 강서로 489-4 2층"
          ]
        },
        {
          "question_id": 3,
          "question_type": "정보",
          "question": "이 곳은 무엇을 전문으로 하나요?",
          "question_wordNum": 5,
          "answer": "일본식라멘, 덮밥",
          "answer_wordNum": 2,
          "fact": [
            "카메야라멘,전문,일본식라멘, 덮밥"
          ]
        }
      ]
    },
    {
      "image_id": 4,
      "question": [
        {
          "question_id": 0,
          "question_type": "정보",
          "question": "이 곳의 주요 메뉴는 무엇이 있나요?",
          "question_wordNum": 6,
          "answer": "돈코츠라멘, 카라이라멘",
          "answer_wordNum": 2,
          "fact": [
            "카메야라멘,메뉴,돈코츠라멘, 카라이라멘"
          ]
        },
        {
          "question_id": 1,
          "question_type": "탐색",
          "question": "주차시설이 있나요?",
          "question_wordNum": 2,
          "answer": "없음",
          "answer_wordNum": 1,
          "fact": [
            "카메야라멘,주차시설,없음"
          ]
        },
        {
          "question_id": 2,
          "question_type": "관계",
          "question": "이 곳에 인접한 시설이 있나요?",
          "question_wordNum": 5,
          "answer": "양천향교역 2번 출구, 대박집, 정가네",
          "answer_wordNum": 5,
          "fact": [
            "카메야라멘,인접,양천향교역 2번 출구, 대박집, 정가네"
          ]
        },
        {
          "question_id": 3,
          "question_type": "정보",
          "question": "이 곳은 무엇을 사용하나요?",
          "question_wordNum": 4,
          "answer": "냉장 생면",
          "answer_wordNum": 2,
          "fact": [
            "카메야라멘,사용,냉장 생면"
          ]
        }
      ]
    }
  ]
}