{
  "data": {
    "dataset": "2-083-219",
    "POI_id": "561450",
    "travelType": "음식점",
    "place": "고반식당 마곡점",
    "area": "서울"
  },
  "imageInfo": [
    {
      "image_id": 0,
      "filename": "561450_0_su_5_고반식당 마곡점_1_001.png",
      "mapx": 37.5604628413112,
      "mapy": 126.83439426731,
      "width": 3840,
      "height": 2160,
      "caption_info": [
        "고반식당 마곡점(마곡동)",
        "간판"
      ]
    },
    {
      "image_id": 1,
      "filename": "561450_0_su_5_고반식당 마곡점_1_002.png",
      "mapx": 37.5604628413112,
      "mapy": 126.83439426731,
      "width": 3840,
      "height": 2160,
      "caption_info": [
        "고반식당 마곡점(마곡동)",
        "간판"
      ]
    },
    {
      "image_id": 2,
      "filename": "561450_0_su_5_고반식당 마곡점_1_003.png",
      "mapx": 37.5604628413112,
      "mapy": 126.83439426731,
      "width": 3840,
      "height": 2160,
      "caption_info": [
        "고반식당 마곡점(마곡동)",
        "테이블, 의자"
      ]
    },
    {
      "image_id": 3,
      "filename": "561450_0_su_5_고반식당 마곡점_1_004.png",
      "mapx": 37.5604628413112,
      "mapy": 126.83439426731,
      "width": 3840,
      "height": 2160,
      "caption_info": [
        "고반식당 마곡점(마곡동)",
        "메뉴판"
      ]
    },
    {
      "image_id": 4,
      "filename": "561450_0_su_5_고반식당 마곡점_1_005.png",
      "mapx": 37.5604628413112,
      "mapy": 126.83439426731,
      "width": 3840,
      "height": 2160,
      "caption_info": [
        "고반식당 마곡점(마곡동)",
        "삼겹살구이"
      ]
    }
  ],
  "annotations": [
    {
      "image_id": 0,
      "question": [
        {
          "question_id": 0,
          "question_type": "정보",
          "question": "이 곳의 주소는 어떻게 되나요?",
          "question_wordNum": 5,
          "answer": "서울 강서구 마곡중앙6로 63 테크노타워1차 2층",
          "answer_wordNum": 6,
          "fact": [
            "고반식당 마곡점,주소,서울 강서구 마곡중앙6로 63 테크노타워1차 2층"
          ]
        },
        {
          "question_id": 1,
          "question_type": "정보",
          "question": "이 곳의 주요 메뉴는 무엇이 있나요?",
          "question_wordNum": 6,
          "answer": "숙성 생삼겹살, 돈치맛살",
          "answer_wordNum": 3,
          "fact": [
            "고반식당 마곡점,메뉴,숙성 생삼겹살, 돈치맛살"
          ]
        },
        {
          "question_id": 2,
          "question_type": "탐색",
          "question": "주차시설이 있나요?",
          "question_wordNum": 2,
          "answer": "있음",
          "answer_wordNum": 1,
          "fact": [
            "고반식당 마곡점,주차시설,있음"
          ]
        },
        {
          "question_id": 3,
          "question_type": "정보",
          "question": "연락처가 어떻게 되나요?",
          "question_wordNum": 3,
          "answer": "0507-1329-1857",
          "answer_wordNum": 1,
          "fact": [
            "고반식당 마곡점,연락처,0507-1329-1857"
          ]
        }
      ]
    },
    {
      "image_id": 1,
      "question": [
        {
          "question_id": 0,
          "question_type": "정보",
          "question": "휴무일은 어떻게 되나요?",
          "question_wordNum": 3,
          "answer": "매주 일요일",
          "answer_wordNum": 2,
          "fact": [
            "고반식당 마곡점,휴무일,매주 일요일"
          ]
        },
        {
          "question_id": 1,
          "question_type": "정보",
          "question": "연락처가 어떻게 되나요?",
          "question_wordNum": 3,
          "answer": "0507-1329-1857",
          "answer_wordNum": 1,
          "fact": [
            "고반식당 마곡점,연락처,0507-1329-1857"
          ]
        },
        {
          "question_id": 2,
          "question_type": "탐색",
          "question": "주차시설이 있나요?",
          "question_wordNum": 2,
          "answer": "있음",
          "answer_wordNum": 1,
          "fact": [
            "고반식당 마곡점,주차시설,있음"
          ]
        },
        {
          "question_id": 3,
          "question_type": "정보",
          "question": "이 곳의 대표적인 메뉴는 무엇이 있나요?",
          "question_wordNum": 6,
          "answer": "숙성 생삼겹살, 돈치맛살",
          "answer_wordNum": 3,
          "fact": [
            "고반식당 마곡점,메뉴,숙성 생삼겹살, 돈치맛살"
          ]
        }
      ]
    },
    {
      "image_id": 2,
      "question": [
        {
          "question_id": 0,
          "question_type": "정보",
          "question": "영업시간은 어떻게 되나요?",
          "question_wordNum": 3,
          "answer": "11:00/12:00~22:00",
          "answer_wordNum": 1,
          "fact": [
            "고반식당 마곡점,영업시간,11:00/12:00~22:00"
          ]
        },
        {
          "question_id": 1,
          "question_type": "관계",
          "question": "이 곳에 인접한 시설이 있나요?",
          "question_wordNum": 5,
          "answer": "발산역 9번 출구, 동굴, 김치옥",
          "answer_wordNum": 5,
          "fact": [
            "고반식당 마곡점,인접,발산역 9번 출구, 동굴, 김치옥"
          ]
        },
        {
          "question_id": 2,
          "question_type": "탐색",
          "question": "주차시설이 있나요?",
          "question_wordNum": 2,
          "answer": "있음",
          "answer_wordNum": 1,
          "fact": [
            "고반식당 마곡점,주차시설,있음"
          ]
        },
        {
          "question_id": 3,
          "question_type": "정보",
          "question": "이 곳의 주소는 어떻게 되나요?",
          "question_wordNum": 5,
          "answer": "서울 강서구 마곡중앙6로 63 테크노타워1차 2층",
          "answer_wordNum": 6,
          "fact": [
            "고반식당 마곡점,주소,서울 강서구 마곡중앙6로 63 테크노타워1차 2층"
          ]
        }
      ]
    },
    {
      "image_id": 3,
      "question": [
        {
          "question_id": 0,
          "question_type": "정보",
          "question": "연락처가 어떻게 되나요?",
          "question_wordNum": 3,
          "answer": "0507-1329-1857",
          "answer_wordNum": 1,
          "fact": [
            "고반식당 마곡점,연락처,0507-1329-1857"
          ]
        },
        {
          "question_id": 1,
          "question_type": "정보",
          "question": "이 곳의 주소는 어떻게 되나요?",
          "question_wordNum": 5,
          "answer": "서울 강서구 마곡중앙6로 63 테크노타워1차 2층",
          "answer_wordNum": 6,
          "fact": [
            "고반식당 마곡점,주소,서울 강서구 마곡중앙6로 63 테크노타워1차 2층"
          ]
        },
        {
          "question_id": 2,
          "question_type": "관계",
          "question": "이 곳에 인접한 시설이 있나요?",
          "question_wordNum": 5,
          "answer": "발산역 9번 출구, 동굴, 김치옥",
          "answer_wordNum": 5,
          "fact": [
            "고반식당 마곡점,인접,발산역 9번 출구, 동굴, 김치옥"
          ]
        },
        {
          "question_id": 3,
          "question_type": "정보",
          "question": "영업시간은 어떻게 되나요?",
          "question_wordNum": 3,
          "answer": "11:00/12:00~22:00",
          "answer_wordNum": 1,
          "fact": [
            "고반식당 마곡점,영업시간,11:00/12:00~22:00"
          ]
        }
      ]
    },
    {
      "image_id": 4,
      "question": [
        {
          "question_id": 0,
          "question_type": "정보",
          "question": "연락처가 어떻게 되나요?",
          "question_wordNum": 3,
          "answer": "0507-1329-1857",
          "answer_wordNum": 1,
          "fact": [
            "고반식당 마곡점,연락처,0507-1329-1857"
          ]
        },
        {
          "question_id": 1,
          "question_type": "정보",
          "question": "이 곳의 대표적인 메뉴는 무엇이 있나요?",
          "question_wordNum": 6,
          "answer": "숙성 생삼겹살, 돈치맛살",
          "answer_wordNum": 3,
          "fact": [
            "고반식당 마곡점,메뉴,숙성 생삼겹살, 돈치맛살"
          ]
        },
        {
          "question_id": 2,
          "question_type": "정보",
          "question": "휴무일은 어떻게 되나요?",
          "question_wordNum": 3,
          "answer": "매주 일요일",
          "answer_wordNum": 2,
          "fact": [
            "고반식당 마곡점,휴무일,매주 일요일"
          ]
        },
        {
          "question_id": 3,
          "question_type": "관계",
          "question": "이 곳에 인접한 시설이 있나요?",
          "question_wordNum": 5,
          "answer": "발산역 9번 출구, 동굴, 김치옥",
          "answer_wordNum": 5,
          "fact": [
            "고반식당 마곡점,인접,발산역 9번 출구, 동굴, 김치옥"
          ]
        }
      ]
    }
  ]
}