{
  "data": {
    "dataset": "2-083-219",
    "POI_id": "561743",
    "travelType": "음식점",
    "place": "빵블리 내 아침을 부탁해 ",
    "area": "서울"
  },
  "imageInfo": [
    {
      "image_id": 0,
      "filename": "561743_0_su_5_빵블리 내 아침을 부탁해 _1_001.png",
      "mapx": 37.5563410207384,
      "mapy": 126.837221210297,
      "width": 3840,
      "height": 2160,
      "caption_info": [
        "빵블리 내 아침을 부탁해(내발산동)",
        "간판"
      ]
    },
    {
      "image_id": 1,
      "filename": "561743_0_su_5_빵블리 내 아침을 부탁해 _1_002.png",
      "mapx": 37.5563410207384,
      "mapy": 126.837221210297,
      "width": 3840,
      "height": 2160,
      "caption_info": [
        "빵블리 내 아침을 부탁해(내발산동)",
        "간판"
      ]
    },
    {
      "image_id": 2,
      "filename": "561743_0_su_5_빵블리 내 아침을 부탁해 _1_003.png",
      "mapx": 37.5563410207384,
      "mapy": 126.837221210297,
      "width": 3840,
      "height": 2160,
      "caption_info": [
        "빵블리 내 아침을 부탁해(내발산동)",
        "빵"
      ]
    },
    {
      "image_id": 3,
      "filename": "561743_0_su_5_빵블리 내 아침을 부탁해 _1_004.png",
      "mapx": 37.5563410207384,
      "mapy": 126.837221210297,
      "width": 3840,
      "height": 2160,
      "caption_info": [
        "빵블리 내 아침을 부탁해(내발산동)",
        "메뉴판"
      ]
    },
    {
      "image_id": 4,
      "filename": "561743_0_su_5_빵블리 내 아침을 부탁해 _1_005.png",
      "mapx": 37.5563410207384,
      "mapy": 126.837221210297,
      "width": 3840,
      "height": 2160,
      "caption_info": [
        "빵블리 내 아침을 부탁해(내발산동)",
        "빵, 음료"
      ]
    }
  ],
  "annotations": [
    {
      "image_id": 0,
      "question": [
        {
          "question_id": 0,
          "question_type": "정보",
          "question": "이 곳의 대표적인 메뉴는 무엇이 있나요?",
          "question_wordNum": 6,
          "answer": "프렌치토스트, 찍먹생크림",
          "answer_wordNum": 2,
          "fact": [
            "빵블리 내 아침을 부탁해,메뉴,프렌치토스트, 찍먹생크림"
          ]
        },
        {
          "question_id": 1,
          "question_type": "정보",
          "question": "휴무일은 어떻게 되나요?",
          "question_wordNum": 3,
          "answer": "알수없음",
          "answer_wordNum": 1,
          "fact": [
            "빵블리 내 아침을 부탁해,휴무일,알수없음"
          ]
        },
        {
          "question_id": 2,
          "question_type": "탐색",
          "question": "주차시설이 있나요?",
          "question_wordNum": 2,
          "answer": "없음",
          "answer_wordNum": 1,
          "fact": [
            "빵블리 내 아침을 부탁해,주차시설,없음"
          ]
        },
        {
          "question_id": 3,
          "question_type": "정보",
          "question": "주소는 어떻게 되나요?",
          "question_wordNum": 3,
          "answer": "서울 강서구 강서로 341",
          "answer_wordNum": 4,
          "fact": [
            "빵블리 내 아침을 부탁해,주소,서울 강서구 강서로 341"
          ]
        }
      ]
    },
    {
      "image_id": 1,
      "question": [
        {
          "question_id": 0,
          "question_type": "관계",
          "question": "이 곳에 인접한 시설이 있나요?",
          "question_wordNum": 5,
          "answer": "발산역 7번 출구, 개나리식당, 한촌설렁탕",
          "answer_wordNum": 5,
          "fact": [
            "빵블리 내 아침을 부탁해,인접,발산역 7번 출구, 개나리식당, 한촌설렁탕"
          ]
        },
        {
          "question_id": 1,
          "question_type": "정보",
          "question": "연락처를 알 수 있나요?",
          "question_wordNum": 4,
          "answer": "0507-1493-7045",
          "answer_wordNum": 1,
          "fact": [
            "빵블리 내 아침을 부탁해,연락처,0507-1493-7045"
          ]
        },
        {
          "question_id": 2,
          "question_type": "탐색",
          "question": "주차시설이 있나요?",
          "question_wordNum": 2,
          "answer": "없음",
          "answer_wordNum": 1,
          "fact": [
            "빵블리 내 아침을 부탁해,주차시설,없음"
          ]
        },
        {
          "question_id": 3,
          "question_type": "정보",
          "question": "휴무일은 어떻게 되나요?",
          "question_wordNum": 3,
          "answer": "알수없음",
          "answer_wordNum": 1,
          "fact": [
            "빵블리 내 아침을 부탁해,휴무일,알수없음"
          ]
        }
      ]
    },
    {
      "image_id": 2,
      "question": [
        {
          "question_id": 0,
          "question_type": "탐색",
          "question": "주차시설이 있는지 알 수 있나요?",
          "question_wordNum": 5,
          "answer": "없음",
          "answer_wordNum": 1,
          "fact": [
            "빵블리 내 아침을 부탁해,주차시설,없음"
          ]
        },
        {
          "question_id": 1,
          "question_type": "정보",
          "question": "이 곳의 주소를 알 수 있나요?",
          "question_wordNum": 6,
          "answer": "서울 강서구 강서로 341",
          "answer_wordNum": 4,
          "fact": [
            "빵블리 내 아침을 부탁해,주소,서울 강서구 강서로 341"
          ]
        },
        {
          "question_id": 2,
          "question_type": "정보",
          "question": "휴무일을 알 수 있나요?",
          "question_wordNum": 4,
          "answer": "알수없음",
          "answer_wordNum": 1,
          "fact": [
            "빵블리 내 아침을 부탁해,휴무일,알수없음"
          ]
        },
        {
          "question_id": 3,
          "question_type": "정보",
          "question": "연락처를 알 수 있나요?",
          "question_wordNum": 4,
          "answer": "0507-1493-7045",
          "answer_wordNum": 1,
          "fact": [
            "빵블리 내 아침을 부탁해,연락처,0507-1493-7045"
          ]
        }
      ]
    },
    {
      "image_id": 3,
      "question": [
        {
          "question_id": 0,
          "question_type": "정보",
          "question": "영업시간은 몇시부터 몇시까지로 기재되어 있나요?",
          "question_wordNum": 5,
          "answer": "00:00~24:00",
          "answer_wordNum": 1,
          "fact": [
            "빵블리 내 아침을 부탁해,영업시간,00:00~24:00"
          ]
        },
        {
          "question_id": 1,
          "question_type": "정보",
          "question": "이 곳의 주소는 어떻게 되나요?",
          "question_wordNum": 5,
          "answer": "서울 강서구 강서로 341",
          "answer_wordNum": 4,
          "fact": [
            "빵블리 내 아침을 부탁해,주소,서울 강서구 강서로 341"
          ]
        },
        {
          "question_id": 2,
          "question_type": "정보",
          "question": "이 곳의 주요 메뉴를 알 수 있나요?",
          "question_wordNum": 7,
          "answer": "프렌치토스트, 찍먹생크림",
          "answer_wordNum": 2,
          "fact": [
            "빵블리 내 아침을 부탁해,메뉴,프렌치토스트, 찍먹생크림"
          ]
        },
        {
          "question_id": 3,
          "question_type": "정보",
          "question": "인접한 시설이 있나요?",
          "question_wordNum": 3,
          "answer": "발산역 7번 출구, 개나리식당, 한촌설렁탕",
          "answer_wordNum": 5,
          "fact": [
            "빵블리 내 아침을 부탁해,인접,발산역 7번 출구, 개나리식당, 한촌설렁탕"
          ]
        }
      ]
    },
    {
      "image_id": 4,
      "question": [
        {
          "question_id": 0,
          "question_type": "탐색",
          "question": "주차시설이 있는지 알 수 있나요?",
          "question_wordNum": 5,
          "answer": "없음",
          "answer_wordNum": 1,
          "fact": [
            "빵블리 내 아침을 부탁해,주차시설,없음"
          ]
        },
        {
          "question_id": 1,
          "question_type": "정보",
          "question": "이 곳의 주요 메뉴를 알 수 있나요?",
          "question_wordNum": 7,
          "answer": "프렌치토스트, 찍먹생크림",
          "answer_wordNum": 2,
          "fact": [
            "빵블리 내 아침을 부탁해,메뉴,프렌치토스트, 찍먹생크림"
          ]
        },
        {
          "question_id": 2,
          "question_type": "정보",
          "question": "이 곳의 주소를 알 수 있나요?",
          "question_wordNum": 6,
          "answer": "서울 강서구 강서로 341",
          "answer_wordNum": 4,
          "fact": [
            "빵블리 내 아침을 부탁해,주소,서울 강서구 강서로 341"
          ]
        },
        {
          "question_id": 3,
          "question_type": "정보",
          "question": "영업시간을 알 수 있나요?",
          "question_wordNum": 4,
          "answer": "00:00~24:00",
          "answer_wordNum": 1,
          "fact": [
            "빵블리 내 아침을 부탁해,영업시간,00:00~24:00"
          ]
        }
      ]
    }
  ]
}