{
  "data": {
    "dataset": "2-083-219",
    "POI_id": "561579",
    "travelType": "음식점",
    "place": "마므레 크로와상 ",
    "area": "서울"
  },
  "imageInfo": [
    {
      "image_id": 0,
      "filename": "561579_0_su_5_마므레 크로와상 _1_001.png",
      "mapx": 37.5596113961056,
      "mapy": 126.837242277605,
      "width": 3840,
      "height": 2160,
      "caption_info": [
        "마므레 크로와상(마곡동)",
        "미닫이문, 실외기"
      ]
    },
    {
      "image_id": 1,
      "filename": "561579_0_su_5_마므레 크로와상 _1_002.png",
      "mapx": 37.5596113961056,
      "mapy": 126.837242277605,
      "width": 3840,
      "height": 2160,
      "caption_info": [
        "마므레 크로와상(마곡동)",
        "간판, 실외기"
      ]
    },
    {
      "image_id": 2,
      "filename": "561579_0_su_5_마므레 크로와상 _1_003.png",
      "mapx": 37.5596113961056,
      "mapy": 126.837242277605,
      "width": 3840,
      "height": 2160,
      "caption_info": [
        "마므레 크로와상(마곡동)",
        "빵"
      ]
    },
    {
      "image_id": 3,
      "filename": "561579_0_su_5_마므레 크로와상 _1_004.png",
      "mapx": 37.5596113961056,
      "mapy": 126.837242277605,
      "width": 3840,
      "height": 2160,
      "caption_info": [
        "마므레 크로와상(마곡동)",
        "메뉴판"
      ]
    },
    {
      "image_id": 4,
      "filename": "561579_0_su_5_마므레 크로와상 _1_005.png",
      "mapx": 37.5596113961056,
      "mapy": 126.837242277605,
      "width": 3840,
      "height": 2160,
      "caption_info": [
        "마므레 크로와상(마곡동)",
        "허니 고르곤졸라 크로와상, 얼그레이 크로와상"
      ]
    }
  ],
  "annotations": [
    {
      "image_id": 0,
      "question": [
        {
          "question_id": 0,
          "question_type": "정보",
          "question": "이 곳의 주요 메뉴는 무엇이 있나요?",
          "question_wordNum": 6,
          "answer": "크로와상, 얼그레이 크로와상",
          "answer_wordNum": 3,
          "fact": [
            "마므레 크로와상,메뉴,크로와상, 얼그레이 크로와상"
          ]
        },
        {
          "question_id": 1,
          "question_type": "탐색",
          "question": "주차시설이 있나요?",
          "question_wordNum": 2,
          "answer": "있음",
          "answer_wordNum": 1,
          "fact": [
            "마므레 크로와상,주차시설,있음"
          ]
        },
        {
          "question_id": 2,
          "question_type": "관계",
          "question": "이 곳에 인접한 시설이 있나요?",
          "question_wordNum": 5,
          "answer": "발산역 1번 출구, 스즈란테이, GS25",
          "answer_wordNum": 5,
          "fact": [
            "마므레 크로와상,인접,발산역 1번 출구, 스즈란테이, GS25"
          ]
        },
        {
          "question_id": 3,
          "question_type": "정보",
          "question": "영업시간을 알 수 있나요?",
          "question_wordNum": 4,
          "answer": "10:30~21:00",
          "answer_wordNum": 1,
          "fact": [
            "마므레 크로와상,영업시간,10:30~21:00"
          ]
        }
      ]
    },
    {
      "image_id": 1,
      "question": [
        {
          "question_id": 0,
          "question_type": "정보",
          "question": "연락처가 어떻게 되나요?",
          "question_wordNum": 3,
          "answer": "알수없음",
          "answer_wordNum": 1,
          "fact": [
            "마므레 크로와상,연락처,알수없음"
          ]
        },
        {
          "question_id": 1,
          "question_type": "정보",
          "question": "이 곳의 대표적인 메뉴는 무엇이 있나요?",
          "question_wordNum": 6,
          "answer": "크로와상, 얼그레이 크로와상",
          "answer_wordNum": 3,
          "fact": [
            "마므레 크로와상,메뉴,크로와상, 얼그레이 크로와상"
          ]
        },
        {
          "question_id": 2,
          "question_type": "정보",
          "question": "영업시간은 몇시부터 몇시까지로 기재되어 있나요?",
          "question_wordNum": 5,
          "answer": "10:30~21:00",
          "answer_wordNum": 1,
          "fact": [
            "마므레 크로와상,영업시간,10:30~21:00"
          ]
        },
        {
          "question_id": 3,
          "question_type": "정보",
          "question": "휴무일은 어떻게 되나요?",
          "question_wordNum": 3,
          "answer": "매주 일요일, 월요일",
          "answer_wordNum": 3,
          "fact": [
            "마므레 크로와상,휴무일,매주 일요일, 월요일"
          ]
        }
      ]
    },
    {
      "image_id": 2,
      "question": [
        {
          "question_id": 0,
          "question_type": "탐색",
          "question": "주차시설이 있는지 알 수 있나요?",
          "question_wordNum": 5,
          "answer": "있음",
          "answer_wordNum": 1,
          "fact": [
            "마므레 크로와상,주차시설,있음"
          ]
        },
        {
          "question_id": 1,
          "question_type": "관계",
          "question": "이 곳에 인접한 시설을 알 수 있나요?",
          "question_wordNum": 7,
          "answer": "발산역 1번 출구, 스즈란테이, GS25",
          "answer_wordNum": 5,
          "fact": [
            "마므레 크로와상,인접,발산역 1번 출구, 스즈란테이, GS25"
          ]
        },
        {
          "question_id": 2,
          "question_type": "정보",
          "question": "휴무일을 알 수 있나요?",
          "question_wordNum": 4,
          "answer": "매주 일요일, 월요일",
          "answer_wordNum": 3,
          "fact": [
            "마므레 크로와상,휴무일,매주 일요일, 월요일"
          ]
        },
        {
          "question_id": 3,
          "question_type": "정보",
          "question": "연락처가 어떻게 되나요?",
          "question_wordNum": 3,
          "answer": "알수없음",
          "answer_wordNum": 1,
          "fact": [
            "마므레 크로와상,연락처,알수없음"
          ]
        }
      ]
    },
    {
      "image_id": 3,
      "question": [
        {
          "question_id": 0,
          "question_type": "관계",
          "question": "이 곳에 인접한 시설을 알 수 있나요?",
          "question_wordNum": 7,
          "answer": "발산역 1번 출구, 스즈란테이, GS25",
          "answer_wordNum": 5,
          "fact": [
            "마므레 크로와상,인접,발산역 1번 출구, 스즈란테이, GS25"
          ]
        },
        {
          "question_id": 1,
          "question_type": "정보",
          "question": "연락처가 어떻게 되나요?",
          "question_wordNum": 3,
          "answer": "알수없음",
          "answer_wordNum": 1,
          "fact": [
            "마므레 크로와상,연락처,알수없음"
          ]
        },
        {
          "question_id": 2,
          "question_type": "정보",
          "question": "이 곳의 주소를 알 수 있나요?",
          "question_wordNum": 6,
          "answer": "서울 강서구 공항대로 269-15",
          "answer_wordNum": 4,
          "fact": [
            "마므레 크로와상,주소,서울 강서구 공항대로 269-15"
          ]
        },
        {
          "question_id": 3,
          "question_type": "정보",
          "question": "영업시간은 어떻게 되나요?",
          "question_wordNum": 3,
          "answer": "10:30~21:00",
          "answer_wordNum": 1,
          "fact": [
            "마므레 크로와상,영업시간,10:30~21:00"
          ]
        }
      ]
    },
    {
      "image_id": 4,
      "question": [
        {
          "question_id": 0,
          "question_type": "탐색",
          "question": "주차시설이 있나요?",
          "question_wordNum": 2,
          "answer": "있음",
          "answer_wordNum": 1,
          "fact": [
            "마므레 크로와상,주차시설,있음"
          ]
        },
        {
          "question_id": 1,
          "question_type": "정보",
          "question": "휴무일을 알 수 있나요?",
          "question_wordNum": 4,
          "answer": "매주 일요일, 월요일",
          "answer_wordNum": 3,
          "fact": [
            "마므레 크로와상,휴무일,매주 일요일, 월요일"
          ]
        },
        {
          "question_id": 2,
          "question_type": "정보",
          "question": "이 곳의 대표적인 메뉴는 무엇이 있나요?",
          "question_wordNum": 6,
          "answer": "크로와상, 얼그레이 크로와상",
          "answer_wordNum": 3,
          "fact": [
            "마므레 크로와상,메뉴,크로와상, 얼그레이 크로와상"
          ]
        },
        {
          "question_id": 3,
          "question_type": "정보",
          "question": "이 곳의 주소를 알 수 있나요?",
          "question_wordNum": 6,
          "answer": "서울 강서구 공항대로 269-15",
          "answer_wordNum": 4,
          "fact": [
            "마므레 크로와상,주소,서울 강서구 공항대로 269-15"
          ]
        }
      ]
    }
  ]
}