{
  "data": {
    "dataset": "2-083-219",
    "POI_id": "561609",
    "travelType": "음식점",
    "place": "신김치생도야지 마곡점",
    "area": "서울"
  },
  "imageInfo": [
    {
      "image_id": 0,
      "filename": "561609_0_su_5_신김치생도야지 마곡점_1_001.png",
      "mapx": 37.5597174210035,
      "mapy": 126.835794591825,
      "width": 3840,
      "height": 2160,
      "caption_info": [
        "신김치생도야지 마곡점(강서구)",
        "간판"
      ]
    },
    {
      "image_id": 1,
      "filename": "561609_0_su_5_신김치생도야지 마곡점_1_002.png",
      "mapx": 37.5597174210035,
      "mapy": 126.835794591825,
      "width": 3840,
      "height": 2160,
      "caption_info": [
        "신김치생도야지 마곡점(강서구)",
        "간판"
      ]
    },
    {
      "image_id": 2,
      "filename": "561609_0_su_5_신김치생도야지 마곡점_1_003.png",
      "mapx": 37.5597174210035,
      "mapy": 126.835794591825,
      "width": 3840,
      "height": 2160,
      "caption_info": [
        "신김치생도야지 마곡점(강서구)",
        "의자 "
      ]
    },
    {
      "image_id": 3,
      "filename": "561609_0_su_5_신김치생도야지 마곡점_1_004.png",
      "mapx": 37.5597174210035,
      "mapy": 126.835794591825,
      "width": 3840,
      "height": 2160,
      "caption_info": [
        "신김치생도야지 마곡점(강서구)",
        "메뉴판 "
      ]
    },
    {
      "image_id": 4,
      "filename": "561609_0_su_5_신김치생도야지 마곡점_1_005.png",
      "mapx": 37.5597174210035,
      "mapy": 126.835794591825,
      "width": 3840,
      "height": 2160,
      "caption_info": [
        "신김치생도야지 마곡점(강서구)",
        "고기"
      ]
    }
  ],
  "annotations": [
    {
      "image_id": 0,
      "question": [
        {
          "question_id": 0,
          "question_type": "정보",
          "question": "휴무일을 알 수 있나요?",
          "question_wordNum": 4,
          "answer": "알수없음",
          "answer_wordNum": 1,
          "fact": [
            "신김치생도야지 마곡점,휴무일,알수없음"
          ]
        },
        {
          "question_id": 1,
          "question_type": "정보",
          "question": "대표 메뉴가 무엇인가요?",
          "question_wordNum": 3,
          "answer": "생삼겹살, 목살",
          "answer_wordNum": 2,
          "fact": [
            "신김치생도야지 마곡점,메뉴,생삼겹살, 목살"
          ]
        },
        {
          "question_id": 2,
          "question_type": "정보",
          "question": "연락처를 알 수 있나요?",
          "question_wordNum": 4,
          "answer": "02-6421-9700",
          "answer_wordNum": 1,
          "fact": [
            "신김치생도야지 마곡점,연락처,02-6421-9700"
          ]
        },
        {
          "question_id": 3,
          "question_type": "정보",
          "question": "영업시간을 알 수 있나요?",
          "question_wordNum": 4,
          "answer": "15:30~24:00",
          "answer_wordNum": 1,
          "fact": [
            "신김치생도야지 마곡점,영업시간,15:30~24:00"
          ]
        }
      ]
    },
    {
      "image_id": 1,
      "question": [
        {
          "question_id": 0,
          "question_type": "정보",
          "question": "연락처가 어떻게 되나요?",
          "question_wordNum": 3,
          "answer": "02-6421-9700",
          "answer_wordNum": 1,
          "fact": [
            "신김치생도야지 마곡점,연락처,02-6421-9700"
          ]
        },
        {
          "question_id": 1,
          "question_type": "정보",
          "question": "이 곳의 주소는 어떻게 되나요?",
          "question_wordNum": 5,
          "answer": "서울 강서구 마곡중앙6로 76-3",
          "answer_wordNum": 4,
          "fact": [
            "신김치생도야지 마곡점,주소,서울 강서구 마곡중앙6로 76-3"
          ]
        },
        {
          "question_id": 2,
          "question_type": "정보",
          "question": "휴무일을 알 수 있나요?",
          "question_wordNum": 4,
          "answer": "알수없음",
          "answer_wordNum": 1,
          "fact": [
            "신김치생도야지 마곡점,휴무일,알수없음"
          ]
        },
        {
          "question_id": 3,
          "question_type": "관계",
          "question": "이 곳에 인접한 시설이 있나요?",
          "question_wordNum": 5,
          "answer": "발산역 9번 출구, CU, 곱창시대",
          "answer_wordNum": 5,
          "fact": [
            "신김치생도야지 마곡점,인접,발산역 9번 출구, CU, 곱창시대"
          ]
        }
      ]
    },
    {
      "image_id": 2,
      "question": [
        {
          "question_id": 0,
          "question_type": "탐색",
          "question": "주차시설이 있나요?",
          "question_wordNum": 2,
          "answer": "있음",
          "answer_wordNum": 1,
          "fact": [
            "신김치생도야지 마곡점,주차시설,있음"
          ]
        },
        {
          "question_id": 1,
          "question_type": "정보",
          "question": "영업시간은 어떻게 되나요?",
          "question_wordNum": 3,
          "answer": "15:30~24:00",
          "answer_wordNum": 1,
          "fact": [
            "신김치생도야지 마곡점,영업시간,15:30~24:00"
          ]
        },
        {
          "question_id": 2,
          "question_type": "정보",
          "question": "이 곳의 주소는 어떻게 되나요?",
          "question_wordNum": 5,
          "answer": "서울 강서구 마곡중앙6로 76-3",
          "answer_wordNum": 4,
          "fact": [
            "신김치생도야지 마곡점,주소,서울 강서구 마곡중앙6로 76-3"
          ]
        },
        {
          "question_id": 3,
          "question_type": "정보",
          "question": "휴무일을 알 수 있나요?",
          "question_wordNum": 4,
          "answer": "알수없음",
          "answer_wordNum": 1,
          "fact": [
            "신김치생도야지 마곡점,휴무일,알수없음"
          ]
        }
      ]
    },
    {
      "image_id": 3,
      "question": [
        {
          "question_id": 0,
          "question_type": "정보",
          "question": "영업시간을 알 수 있나요?",
          "question_wordNum": 4,
          "answer": "15:30~24:00",
          "answer_wordNum": 1,
          "fact": [
            "신김치생도야지 마곡점,영업시간,15:30~24:00"
          ]
        },
        {
          "question_id": 1,
          "question_type": "정보",
          "question": "연락처를 알 수 있나요?",
          "question_wordNum": 4,
          "answer": "02-6421-9700",
          "answer_wordNum": 1,
          "fact": [
            "신김치생도야지 마곡점,연락처,02-6421-9700"
          ]
        },
        {
          "question_id": 2,
          "question_type": "탐색",
          "question": "주차시설이 있나요?",
          "question_wordNum": 2,
          "answer": "있음",
          "answer_wordNum": 1,
          "fact": [
            "신김치생도야지 마곡점,주차시설,있음"
          ]
        },
        {
          "question_id": 3,
          "question_type": "정보",
          "question": "이 곳의 주소는 어떻게 되나요?",
          "question_wordNum": 5,
          "answer": "서울 강서구 마곡중앙6로 76-3",
          "answer_wordNum": 4,
          "fact": [
            "신김치생도야지 마곡점,주소,서울 강서구 마곡중앙6로 76-3"
          ]
        }
      ]
    },
    {
      "image_id": 4,
      "question": [
        {
          "question_id": 0,
          "question_type": "정보",
          "question": "대표 메뉴가 무엇인가요?",
          "question_wordNum": 3,
          "answer": "생삼겹살, 목살",
          "answer_wordNum": 2,
          "fact": [
            "신김치생도야지 마곡점,메뉴,생삼겹살, 목살"
          ]
        },
        {
          "question_id": 1,
          "question_type": "정보",
          "question": "연락처를 알 수 있나요?",
          "question_wordNum": 4,
          "answer": "02-6421-9700",
          "answer_wordNum": 1,
          "fact": [
            "신김치생도야지 마곡점,연락처,02-6421-9700"
          ]
        },
        {
          "question_id": 2,
          "question_type": "탐색",
          "question": "주차시설이 있는지 알 수 있나요?",
          "question_wordNum": 5,
          "answer": "있음",
          "answer_wordNum": 1,
          "fact": [
            "신김치생도야지 마곡점,주차시설,있음"
          ]
        },
        {
          "question_id": 3,
          "question_type": "관계",
          "question": "이 곳에 인접한 시설이 있나요?",
          "question_wordNum": 5,
          "answer": "발산역 9번 출구, CU, 곱창시대",
          "answer_wordNum": 5,
          "fact": [
            "신김치생도야지 마곡점,인접,발산역 9번 출구, CU, 곱창시대"
          ]
        }
      ]
    }
  ]
}