{
  "data": {
    "dataset": "2-083-219",
    "POI_id": "561728",
    "travelType": "음식점",
    "place": "핵밥 발산역점",
    "area": "서울"
  },
  "imageInfo": [
    {
      "image_id": 0,
      "filename": "561728_0_su_5_핵밥 발산역점_1_001.png",
      "mapx": 37.5568874407015,
      "mapy": 126.837392387854,
      "width": 3840,
      "height": 2160,
      "caption_info": [
        "핵밥 발산역점(강서구)",
        "화분, 입간판 "
      ]
    },
    {
      "image_id": 1,
      "filename": "561728_0_su_5_핵밥 발산역점_1_002.png",
      "mapx": 37.5568874407015,
      "mapy": 126.837392387854,
      "width": 3840,
      "height": 2160,
      "caption_info": [
        "핵밥 발산역점(강서구)",
        "간판"
      ]
    },
    {
      "image_id": 2,
      "filename": "561728_0_su_5_핵밥 발산역점_1_003.png",
      "mapx": 37.5568874407015,
      "mapy": 126.837392387854,
      "width": 3840,
      "height": 2160,
      "caption_info": [
        "핵밥 발산역점(강서구)",
        "사각 테이블"
      ]
    },
    {
      "image_id": 3,
      "filename": "561728_0_su_5_핵밥 발산역점_1_004.png",
      "mapx": 37.5568874407015,
      "mapy": 126.837392387854,
      "width": 3840,
      "height": 2160,
      "caption_info": [
        "핵밥 발산역점(강서구)",
        "메뉴판 "
      ]
    },
    {
      "image_id": 4,
      "filename": "561728_0_su_5_핵밥 발산역점_1_005.png",
      "mapx": 37.5568874407015,
      "mapy": 126.837392387854,
      "width": 3840,
      "height": 2160,
      "caption_info": [
        "핵밥 발산역점(강서구)",
        "스테이크덮밥 "
      ]
    }
  ],
  "annotations": [
    {
      "image_id": 0,
      "question": [
        {
          "question_id": 0,
          "question_type": "정보",
          "question": "영업시간을 알 수 있나요?",
          "question_wordNum": 4,
          "answer": "11:00~24:00",
          "answer_wordNum": 1,
          "fact": [
            "핵밥 발산역점,영업시간,11:00~24:00"
          ]
        },
        {
          "question_id": 1,
          "question_type": "정보",
          "question": "이 곳의 주소를 알 수 있나요?",
          "question_wordNum": 6,
          "answer": "서울 강서구 강서로 349",
          "answer_wordNum": 4,
          "fact": [
            "핵밥 발산역점,주소,서울 강서구 강서로 349"
          ]
        },
        {
          "question_id": 2,
          "question_type": "관계",
          "question": "이 곳에 인접한 시설을 알 수 있나요?",
          "question_wordNum": 7,
          "answer": "발산역 7번 출구, 세븐일레븐, 메가커피",
          "answer_wordNum": 5,
          "fact": [
            "핵밥 발산역점,인접,발산역 7번 출구, 세븐일레븐, 메가커피"
          ]
        },
        {
          "question_id": 3,
          "question_type": "정보",
          "question": "대표 메뉴가 무엇인가요?",
          "question_wordNum": 3,
          "answer": "큐브스테이크덮밥, 고기듬뿍덮밥도시락",
          "answer_wordNum": 2,
          "fact": [
            "핵밥 발산역점,메뉴,큐브스테이크덮밥, 고기듬뿍덮밥도시락"
          ]
        }
      ]
    },
    {
      "image_id": 1,
      "question": [
        {
          "question_id": 0,
          "question_type": "정보",
          "question": "영업시간을 알 수 있나요?",
          "question_wordNum": 4,
          "answer": "11:00~24:00",
          "answer_wordNum": 1,
          "fact": [
            "핵밥 발산역점,영업시간,11:00~24:00"
          ]
        },
        {
          "question_id": 1,
          "question_type": "탐색",
          "question": "주차시설이 있나요?",
          "question_wordNum": 2,
          "answer": "없음",
          "answer_wordNum": 1,
          "fact": [
            "핵밥 발산역점,주차시설,없음"
          ]
        },
        {
          "question_id": 2,
          "question_type": "정보",
          "question": "이 곳의 메뉴를 알 수 있나요?",
          "question_wordNum": 6,
          "answer": "큐브스테이크덮밥, 고기듬뿍덮밥도시락",
          "answer_wordNum": 2,
          "fact": [
            "핵밥 발산역점,메뉴,큐브스테이크덮밥, 고기듬뿍덮밥도시락"
          ]
        },
        {
          "question_id": 3,
          "question_type": "정보",
          "question": "연락처를 알 수 있나요?",
          "question_wordNum": 4,
          "answer": "070-4271-8757",
          "answer_wordNum": 1,
          "fact": [
            "핵밥 발산역점,연락처,070-4271-8757"
          ]
        }
      ]
    },
    {
      "image_id": 2,
      "question": [
        {
          "question_id": 0,
          "question_type": "정보",
          "question": "이 곳의 메뉴를 알 수 있나요?",
          "question_wordNum": 6,
          "answer": "큐브스테이크덮밥, 고기듬뿍덮밥도시락",
          "answer_wordNum": 2,
          "fact": [
            "핵밥 발산역점,메뉴,큐브스테이크덮밥, 고기듬뿍덮밥도시락"
          ]
        },
        {
          "question_id": 1,
          "question_type": "정보",
          "question": "이 곳의 주소는 어떻게 되나요?",
          "question_wordNum": 5,
          "answer": "서울 강서구 강서로 349",
          "answer_wordNum": 4,
          "fact": [
            "핵밥 발산역점,주소,서울 강서구 강서로 349"
          ]
        },
        {
          "question_id": 2,
          "question_type": "정보",
          "question": "영업시간을 알 수 있나요?",
          "question_wordNum": 4,
          "answer": "11:00~24:00",
          "answer_wordNum": 1,
          "fact": [
            "핵밥 발산역점,영업시간,11:00~24:00"
          ]
        },
        {
          "question_id": 3,
          "question_type": "정보",
          "question": "휴무일은 어떻게 되나요?",
          "question_wordNum": 3,
          "answer": "알수없음",
          "answer_wordNum": 1,
          "fact": [
            "핵밥 발산역점,휴무일,알수없음"
          ]
        }
      ]
    },
    {
      "image_id": 3,
      "question": [
        {
          "question_id": 0,
          "question_type": "정보",
          "question": "영업시간을 알 수 있나요?",
          "question_wordNum": 4,
          "answer": "11:00~24:00",
          "answer_wordNum": 1,
          "fact": [
            "핵밥 발산역점,영업시간,11:00~24:00"
          ]
        },
        {
          "question_id": 1,
          "question_type": "정보",
          "question": "연락처가 어떻게 되나요?",
          "question_wordNum": 3,
          "answer": "070-4271-8757",
          "answer_wordNum": 1,
          "fact": [
            "핵밥 발산역점,연락처,070-4271-8757"
          ]
        },
        {
          "question_id": 2,
          "question_type": "정보",
          "question": "휴무일을 알 수 있나요?",
          "question_wordNum": 4,
          "answer": "알수없음",
          "answer_wordNum": 1,
          "fact": [
            "핵밥 발산역점,휴무일,알수없음"
          ]
        },
        {
          "question_id": 3,
          "question_type": "탐색",
          "question": "주차시설이 있는지 알 수 있나요?",
          "question_wordNum": 5,
          "answer": "없음",
          "answer_wordNum": 1,
          "fact": [
            "핵밥 발산역점,주차시설,없음"
          ]
        }
      ]
    },
    {
      "image_id": 4,
      "question": [
        {
          "question_id": 0,
          "question_type": "정보",
          "question": "이 곳의 주소를 알 수 있나요?",
          "question_wordNum": 6,
          "answer": "서울 강서구 강서로 349",
          "answer_wordNum": 4,
          "fact": [
            "핵밥 발산역점,주소,서울 강서구 강서로 349"
          ]
        },
        {
          "question_id": 1,
          "question_type": "탐색",
          "question": "주차시설이 있나요?",
          "question_wordNum": 2,
          "answer": "없음",
          "answer_wordNum": 1,
          "fact": [
            "핵밥 발산역점,주차시설,없음"
          ]
        },
        {
          "question_id": 2,
          "question_type": "정보",
          "question": "영업시간을 알 수 있나요?",
          "question_wordNum": 4,
          "answer": "11:00~24:00",
          "answer_wordNum": 1,
          "fact": [
            "핵밥 발산역점,영업시간,11:00~24:00"
          ]
        },
        {
          "question_id": 3,
          "question_type": "정보",
          "question": "대표 메뉴가 무엇인가요?",
          "question_wordNum": 3,
          "answer": "큐브스테이크덮밥, 고기듬뿍덮밥도시락",
          "answer_wordNum": 2,
          "fact": [
            "핵밥 발산역점,메뉴,큐브스테이크덮밥, 고기듬뿍덮밥도시락"
          ]
        }
      ]
    }
  ]
}