{
  "data": {
    "dataset": "2-083-219",
    "POI_id": "561494",
    "travelType": "음식점",
    "place": "발산한우진곱창",
    "area": "서울"
  },
  "imageInfo": [
    {
      "image_id": 0,
      "filename": "561494_0_su_5_발산한우진곱창_1_001.png",
      "mapx": 37.561058561996,
      "mapy": 126.838610552611,
      "width": 3840,
      "height": 2160,
      "caption_info": [
        "발산한우진곱창(마곡동)",
        "간판, 여닫이문"
      ]
    },
    {
      "image_id": 1,
      "filename": "561494_0_su_5_발산한우진곱창_1_002.png",
      "mapx": 37.561058561996,
      "mapy": 126.838610552611,
      "width": 3840,
      "height": 2160,
      "caption_info": [
        "발산한우진곱창(마곡동)",
        "간판, 여닫이문"
      ]
    },
    {
      "image_id": 2,
      "filename": "561494_0_su_5_발산한우진곱창_1_003.png",
      "mapx": 37.561058561996,
      "mapy": 126.838610552611,
      "width": 3840,
      "height": 2160,
      "caption_info": [
        "발산한우진곱창(마곡동)",
        "냉장고, 테이블, 정수기"
      ]
    },
    {
      "image_id": 3,
      "filename": "561494_0_su_5_발산한우진곱창_1_004.png",
      "mapx": 37.561058561996,
      "mapy": 126.838610552611,
      "width": 3840,
      "height": 2160,
      "caption_info": [
        "발산한우진곱창(마곡동)",
        "메뉴판"
      ]
    },
    {
      "image_id": 4,
      "filename": "561494_0_su_5_발산한우진곱창_1_005.png",
      "mapx": 37.561058561996,
      "mapy": 126.838610552611,
      "width": 3840,
      "height": 2160,
      "caption_info": [
        "발산한우진곱창(마곡동)",
        "곱창"
      ]
    }
  ],
  "annotations": [
    {
      "image_id": 0,
      "question": [
        {
          "question_id": 0,
          "question_type": "관계",
          "question": "이 곳에 인접한 시설이 있나요?",
          "question_wordNum": 5,
          "answer": "발산역 2번 출구, 빽다방, 세븐일레븐",
          "answer_wordNum": 5,
          "fact": [
            "발산한우진곱창,인접,발산역 2번 출구, 빽다방, 세븐일레븐"
          ]
        },
        {
          "question_id": 1,
          "question_type": "정보",
          "question": "영업시간은 어떻게 되나요?",
          "question_wordNum": 3,
          "answer": "11:30/15:00~22:00",
          "answer_wordNum": 1,
          "fact": [
            "발산한우진곱창,영업시간,11:30/15:00~22:00"
          ]
        },
        {
          "question_id": 2,
          "question_type": "정보",
          "question": "휴무일은 어떻게 되나요?",
          "question_wordNum": 3,
          "answer": "매주 일요일",
          "answer_wordNum": 2,
          "fact": [
            "발산한우진곱창,휴무일,매주 일요일"
          ]
        },
        {
          "question_id": 3,
          "question_type": "정보",
          "question": "연락처가 어떻게 되나요?",
          "question_wordNum": 3,
          "answer": "02-2668-7776",
          "answer_wordNum": 1,
          "fact": [
            "발산한우진곱창,연락처,02-2668-7776"
          ]
        }
      ]
    },
    {
      "image_id": 1,
      "question": [
        {
          "question_id": 0,
          "question_type": "정보",
          "question": "이 곳의 주소는 어떻게 되나요?",
          "question_wordNum": 5,
          "answer": "서울 강서구 강서로 395 1층 109 110호",
          "answer_wordNum": 7,
          "fact": [
            "발산한우진곱창,주소,서울 강서구 강서로 395 1층 109 110호"
          ]
        },
        {
          "question_id": 1,
          "question_type": "탐색",
          "question": "주차시설이 있나요?",
          "question_wordNum": 2,
          "answer": "있음",
          "answer_wordNum": 1,
          "fact": [
            "발산한우진곱창,주차시설,있음"
          ]
        },
        {
          "question_id": 2,
          "question_type": "정보",
          "question": "영업시간은 어떻게 되나요?",
          "question_wordNum": 3,
          "answer": "11:30/15:00~22:00",
          "answer_wordNum": 1,
          "fact": [
            "발산한우진곱창,영업시간,11:30/15:00~22:00"
          ]
        },
        {
          "question_id": 3,
          "question_type": "정보",
          "question": "연락처가 어떻게 되나요?",
          "question_wordNum": 3,
          "answer": "02-2668-7776",
          "answer_wordNum": 1,
          "fact": [
            "발산한우진곱창,연락처,02-2668-7776"
          ]
        }
      ]
    },
    {
      "image_id": 2,
      "question": [
        {
          "question_id": 0,
          "question_type": "정보",
          "question": "이 곳의 주요 메뉴는 무엇이 있나요?",
          "question_wordNum": 6,
          "answer": "한우소곱창, 곱해장국",
          "answer_wordNum": 2,
          "fact": [
            "발산한우진곱창,메뉴,한우소곱창, 곱해장국"
          ]
        },
        {
          "question_id": 1,
          "question_type": "탐색",
          "question": "주차시설이 있나요?",
          "question_wordNum": 2,
          "answer": "있음",
          "answer_wordNum": 1,
          "fact": [
            "발산한우진곱창,주차시설,있음"
          ]
        },
        {
          "question_id": 2,
          "question_type": "관계",
          "question": "이 곳에 인접한 시설이 있나요?",
          "question_wordNum": 5,
          "answer": "발산역 2번 출구, 빽다방, 세븐일레븐",
          "answer_wordNum": 5,
          "fact": [
            "발산한우진곱창,인접,발산역 2번 출구, 빽다방, 세븐일레븐"
          ]
        },
        {
          "question_id": 3,
          "question_type": "정보",
          "question": "이 곳의 주소는 어떻게 되나요?",
          "question_wordNum": 5,
          "answer": "서울 강서구 강서로 395 1층 109 110호",
          "answer_wordNum": 7,
          "fact": [
            "발산한우진곱창,주소,서울 강서구 강서로 395 1층 109 110호"
          ]
        }
      ]
    },
    {
      "image_id": 3,
      "question": [
        {
          "question_id": 0,
          "question_type": "정보",
          "question": "이 곳의 주요 메뉴는 무엇이 있나요?",
          "question_wordNum": 6,
          "answer": "한우소곱창, 곱해장국",
          "answer_wordNum": 2,
          "fact": [
            "발산한우진곱창,메뉴,한우소곱창, 곱해장국"
          ]
        },
        {
          "question_id": 1,
          "question_type": "정보",
          "question": "연락처가 어떻게 되나요?",
          "question_wordNum": 3,
          "answer": "02-2668-7776",
          "answer_wordNum": 1,
          "fact": [
            "발산한우진곱창,연락처,02-2668-7776"
          ]
        },
        {
          "question_id": 2,
          "question_type": "정보",
          "question": "영업시간은 어떻게 되나요?",
          "question_wordNum": 3,
          "answer": "11:30/15:00~22:00",
          "answer_wordNum": 1,
          "fact": [
            "발산한우진곱창,영업시간,11:30/15:00~22:00"
          ]
        },
        {
          "question_id": 3,
          "question_type": "정보",
          "question": "휴무일은 어떻게 되나요?",
          "question_wordNum": 3,
          "answer": "매주 일요일",
          "answer_wordNum": 2,
          "fact": [
            "발산한우진곱창,휴무일,매주 일요일"
          ]
        }
      ]
    },
    {
      "image_id": 4,
      "question": [
        {
          "question_id": 0,
          "question_type": "정보",
          "question": "휴무일은 어떻게 되나요?",
          "question_wordNum": 3,
          "answer": "매주 일요일",
          "answer_wordNum": 2,
          "fact": [
            "발산한우진곱창,휴무일,매주 일요일"
          ]
        },
        {
          "question_id": 1,
          "question_type": "정보",
          "question": "이 곳의 주소는 어떻게 되나요?",
          "question_wordNum": 5,
          "answer": "서울 강서구 강서로 395 1층 109 110호",
          "answer_wordNum": 7,
          "fact": [
            "발산한우진곱창,주소,서울 강서구 강서로 395 1층 109 110호"
          ]
        },
        {
          "question_id": 2,
          "question_type": "정보",
          "question": "이 곳의 주요 메뉴는 무엇이 있나요?",
          "question_wordNum": 6,
          "answer": "한우소곱창, 곱해장국",
          "answer_wordNum": 2,
          "fact": [
            "발산한우진곱창,메뉴,한우소곱창, 곱해장국"
          ]
        },
        {
          "question_id": 3,
          "question_type": "관계",
          "question": "이 곳에 인접한 시설이 있나요?",
          "question_wordNum": 5,
          "answer": "발산역 2번 출구, 빽다방, 세븐일레븐",
          "answer_wordNum": 5,
          "fact": [
            "발산한우진곱창,인접,발산역 2번 출구, 빽다방, 세븐일레븐"
          ]
        }
      ]
    }
  ]
}