{
  "data": {
    "dataset": "2-083-219",
    "POI_id": "561439",
    "travelType": "음식점",
    "place": "월송순대국감자탕",
    "area": "서울"
  },
  "imageInfo": [
    {
      "image_id": 0,
      "filename": "561439_0_su_5_월송순대국감자탕_1_001.png",
      "mapx": 37.5673934896137,
      "mapy": 126.842366496235,
      "width": 3840,
      "height": 2160,
      "caption_info": [
        "월송순대국감자탕(가양동)",
        "간판"
      ]
    },
    {
      "image_id": 1,
      "filename": "561439_0_su_5_월송순대국감자탕_1_002.png",
      "mapx": 37.5673934896137,
      "mapy": 126.842366496235,
      "width": 3840,
      "height": 2160,
      "caption_info": [
        "월송순대국감자탕(가양동)",
        "간판"
      ]
    },
    {
      "image_id": 2,
      "filename": "561439_0_su_5_월송순대국감자탕_1_003.png",
      "mapx": 37.5673934896137,
      "mapy": 126.842366496235,
      "width": 3840,
      "height": 2160,
      "caption_info": [
        "월송순대국감자탕(가양동)",
        "등받이의자, 테이블 "
      ]
    },
    {
      "image_id": 3,
      "filename": "561439_0_su_5_월송순대국감자탕_1_004.png",
      "mapx": 37.5673934896137,
      "mapy": 126.842366496235,
      "width": 3840,
      "height": 2160,
      "caption_info": [
        "월송순대국감자탕(가양동)",
        "메뉴판"
      ]
    },
    {
      "image_id": 4,
      "filename": "561439_0_su_5_월송순대국감자탕_1_005.png",
      "mapx": 37.5673934896137,
      "mapy": 126.842366496235,
      "width": 3840,
      "height": 2160,
      "caption_info": [
        "월송순대국감자탕(가양동)",
        "국밥, 고추, 밥"
      ]
    }
  ],
  "annotations": [
    {
      "image_id": 0,
      "question": [
        {
          "question_id": 0,
          "question_type": "정보",
          "question": "연락처를 알 수 있나요?",
          "question_wordNum": 4,
          "answer": "02-3664-1185",
          "answer_wordNum": 1,
          "fact": [
            "월송순대국감자탕,연락처,02-3664-1185"
          ]
        },
        {
          "question_id": 1,
          "question_type": "정보",
          "question": "휴무일을 알 수 있나요?",
          "question_wordNum": 4,
          "answer": "알수없음",
          "answer_wordNum": 1,
          "fact": [
            "월송순대국감자탕,휴무일,알수없음"
          ]
        },
        {
          "question_id": 2,
          "question_type": "정보",
          "question": "영업시간을 알 수 있나요?",
          "question_wordNum": 4,
          "answer": "알수없음",
          "answer_wordNum": 1,
          "fact": [
            "월송순대국감자탕,영업시간,알수없음"
          ]
        },
        {
          "question_id": 3,
          "question_type": "탐색",
          "question": "주차시설이 있는지 알 수 있나요?",
          "question_wordNum": 5,
          "answer": "있음",
          "answer_wordNum": 1,
          "fact": [
            "월송순대국감자탕,주차시설,있음"
          ]
        }
      ]
    },
    {
      "image_id": 1,
      "question": [
        {
          "question_id": 0,
          "question_type": "탐색",
          "question": "주차시설이 있는지 알 수 있나요?",
          "question_wordNum": 5,
          "answer": "있음",
          "answer_wordNum": 1,
          "fact": [
            "월송순대국감자탕,주차시설,있음"
          ]
        },
        {
          "question_id": 1,
          "question_type": "정보",
          "question": "이 곳의 주요 메뉴를 알 수 있나요?",
          "question_wordNum": 7,
          "answer": "감자탕, 뼈해장국",
          "answer_wordNum": 2,
          "fact": [
            "월송순대국감자탕,메뉴,감자탕, 뼈해장국"
          ]
        },
        {
          "question_id": 2,
          "question_type": "정보",
          "question": "휴무일은 어떻게 되나요?",
          "question_wordNum": 3,
          "answer": "알수없음",
          "answer_wordNum": 1,
          "fact": [
            "월송순대국감자탕,휴무일,알수없음"
          ]
        },
        {
          "question_id": 3,
          "question_type": "정보",
          "question": "영업시간을 알 수 있나요?",
          "question_wordNum": 4,
          "answer": "알수없음",
          "answer_wordNum": 1,
          "fact": [
            "월송순대국감자탕,영업시간,알수없음"
          ]
        }
      ]
    },
    {
      "image_id": 2,
      "question": [
        {
          "question_id": 0,
          "question_type": "정보",
          "question": "이 곳의 주요 메뉴는 무엇이 있나요?",
          "question_wordNum": 6,
          "answer": "감자탕, 뼈해장국",
          "answer_wordNum": 2,
          "fact": [
            "월송순대국감자탕,메뉴,감자탕, 뼈해장국"
          ]
        },
        {
          "question_id": 1,
          "question_type": "탐색",
          "question": "주차시설이 있나요?",
          "question_wordNum": 2,
          "answer": "있음",
          "answer_wordNum": 1,
          "fact": [
            "월송순대국감자탕,주차시설,있음"
          ]
        },
        {
          "question_id": 2,
          "question_type": "관계",
          "question": "이 곳에 인접한 시설을 알 수 있나요?",
          "question_wordNum": 7,
          "answer": "양천향교역 5번 출구, 시온자동차외형복원, 다래정연탄불생고기 향교점",
          "answer_wordNum": 6,
          "fact": [
            "월송순대국감자탕,인접,양천향교역 5번 출구, 시온자동차외형복원, 다래정연탄불생고기 향교점"
          ]
        },
        {
          "question_id": 3,
          "question_type": "정보",
          "question": "이 곳의 주소는 어떻게 되나요?",
          "question_wordNum": 5,
          "answer": "서울 강서구 강서로74길 21",
          "answer_wordNum": 4,
          "fact": [
            "월송순대국감자탕,주소,서울 강서구 강서로74길 21"
          ]
        }
      ]
    },
    {
      "image_id": 3,
      "question": [
        {
          "question_id": 0,
          "question_type": "정보",
          "question": "이 곳의 주소는 어떻게 되나요?",
          "question_wordNum": 5,
          "answer": "서울 강서구 강서로74길 21",
          "answer_wordNum": 4,
          "fact": [
            "월송순대국감자탕,주소,서울 강서구 강서로74길 21"
          ]
        },
        {
          "question_id": 1,
          "question_type": "정보",
          "question": "이 곳의 주요 메뉴를 알 수 있나요?",
          "question_wordNum": 7,
          "answer": "감자탕, 뼈해장국",
          "answer_wordNum": 2,
          "fact": [
            "월송순대국감자탕,메뉴,감자탕, 뼈해장국"
          ]
        },
        {
          "question_id": 2,
          "question_type": "관계",
          "question": "이 곳에 인접한 시설을 알 수 있나요?",
          "question_wordNum": 7,
          "answer": "양천향교역 5번 출구, 시온자동차외형복원, 다래정연탄불생고기 향교점",
          "answer_wordNum": 6,
          "fact": [
            "월송순대국감자탕,인접,양천향교역 5번 출구, 시온자동차외형복원, 다래정연탄불생고기 향교점"
          ]
        },
        {
          "question_id": 3,
          "question_type": "정보",
          "question": "연락처가 어떻게 되나요?",
          "question_wordNum": 3,
          "answer": "02-3664-1185",
          "answer_wordNum": 1,
          "fact": [
            "월송순대국감자탕,연락처,02-3664-1185"
          ]
        }
      ]
    },
    {
      "image_id": 4,
      "question": [
        {
          "question_id": 0,
          "question_type": "정보",
          "question": "연락처가 어떻게 되나요?",
          "question_wordNum": 3,
          "answer": "02-3664-1185",
          "answer_wordNum": 1,
          "fact": [
            "월송순대국감자탕,연락처,02-3664-1185"
          ]
        },
        {
          "question_id": 1,
          "question_type": "정보",
          "question": "이 곳의 주요 메뉴는 무엇이 있나요?",
          "question_wordNum": 6,
          "answer": "감자탕, 뼈해장국",
          "answer_wordNum": 2,
          "fact": [
            "월송순대국감자탕,메뉴,감자탕, 뼈해장국"
          ]
        },
        {
          "question_id": 2,
          "question_type": "탐색",
          "question": "주차시설이 있는지 알 수 있나요?",
          "question_wordNum": 5,
          "answer": "있음",
          "answer_wordNum": 1,
          "fact": [
            "월송순대국감자탕,주차시설,있음"
          ]
        },
        {
          "question_id": 3,
          "question_type": "정보",
          "question": "휴무일을 알 수 있나요?",
          "question_wordNum": 4,
          "answer": "알수없음",
          "answer_wordNum": 1,
          "fact": [
            "월송순대국감자탕,휴무일,알수없음"
          ]
        }
      ]
    }
  ]
}