{
  "data": {
    "dataset": "2-083-219",
    "POI_id": "561662",
    "travelType": "음식점",
    "place": "가랑삼계탕 ",
    "area": "서울"
  },
  "imageInfo": [
    {
      "image_id": 0,
      "filename": "561662_0_su_5_가랑삼계탕 _2_001.png",
      "mapx": 37.5605537644679,
      "mapy": 126.833890184435,
      "width": 3840,
      "height": 2160,
      "caption_info": [
        "가랑삼계탕(강서구) ",
        "간판"
      ]
    },
    {
      "image_id": 1,
      "filename": "561662_0_su_5_가랑삼계탕 _2_002.png",
      "mapx": 37.5605537644679,
      "mapy": 126.833890184435,
      "width": 3840,
      "height": 2160,
      "caption_info": [
        "가랑삼계탕(강서구) ",
        "간판"
      ]
    },
    {
      "image_id": 2,
      "filename": "561662_0_su_5_가랑삼계탕 _2_003.png",
      "mapx": 37.5605537644679,
      "mapy": 126.833890184435,
      "width": 3840,
      "height": 2160,
      "caption_info": [
        "가랑삼계탕(강서구) ",
        "등받이 의자"
      ]
    },
    {
      "image_id": 3,
      "filename": "561662_0_su_5_가랑삼계탕 _2_004.png",
      "mapx": 37.5605537644679,
      "mapy": 126.833890184435,
      "width": 3840,
      "height": 2160,
      "caption_info": [
        "가랑삼계탕(강서구) ",
        "메뉴판 "
      ]
    },
    {
      "image_id": 4,
      "filename": "561662_0_su_5_가랑삼계탕 _2_005.png",
      "mapx": 37.5605537644679,
      "mapy": 126.833890184435,
      "width": 3840,
      "height": 2160,
      "caption_info": [
        "가랑삼계탕(강서구) ",
        "삼계탕 "
      ]
    }
  ],
  "annotations": [
    {
      "image_id": 0,
      "question": [
        {
          "question_id": 0,
          "question_type": "정보",
          "question": "이 곳의 주소를 알 수 있나요?",
          "question_wordNum": 6,
          "answer": "서울 강서구 마곡동로 62",
          "answer_wordNum": 4,
          "fact": [
            "가랑삼계탕,주소,서울 강서구 마곡동로 62"
          ]
        },
        {
          "question_id": 1,
          "question_type": "탐색",
          "question": "주차시설이 있나요?",
          "question_wordNum": 2,
          "answer": "있음",
          "answer_wordNum": 1,
          "fact": [
            "가랑삼계탕,주차시설,있음"
          ]
        },
        {
          "question_id": 2,
          "question_type": "관계",
          "question": "이 곳에 인접한 시설이 있나요?",
          "question_wordNum": 5,
          "answer": "발산역 9번 출구, 스타벅스, CU, 지카세",
          "answer_wordNum": 6,
          "fact": [
            "가랑삼계탕,인접,발산역 9번 출구, 스타벅스, CU, 지카세"
          ]
        },
        {
          "question_id": 3,
          "question_type": "정보",
          "question": "연락처가 어떻게 되나요?",
          "question_wordNum": 3,
          "answer": "02-3665-8660",
          "answer_wordNum": 1,
          "fact": [
            "가랑삼계탕,연락처,02-3665-8660"
          ]
        }
      ]
    },
    {
      "image_id": 1,
      "question": [
        {
          "question_id": 0,
          "question_type": "정보",
          "question": "연락처를 알 수 있나요?",
          "question_wordNum": 4,
          "answer": "02-3665-8660",
          "answer_wordNum": 1,
          "fact": [
            "가랑삼계탕,연락처,02-3665-8660"
          ]
        },
        {
          "question_id": 1,
          "question_type": "정보",
          "question": "이 곳의 주소는 어떻게 되나요?",
          "question_wordNum": 5,
          "answer": "서울 강서구 마곡동로 62",
          "answer_wordNum": 4,
          "fact": [
            "가랑삼계탕,주소,서울 강서구 마곡동로 62"
          ]
        },
        {
          "question_id": 2,
          "question_type": "정보",
          "question": "휴무일은 어떻게 되나요?",
          "question_wordNum": 3,
          "answer": "없음",
          "answer_wordNum": 1,
          "fact": [
            "가랑삼계탕,휴무일,없음"
          ]
        },
        {
          "question_id": 3,
          "question_type": "정보",
          "question": "영업시간을 알 수 있나요?",
          "question_wordNum": 4,
          "answer": "10:30~21:00",
          "answer_wordNum": 1,
          "fact": [
            "가랑삼계탕,영업시간,10:30~21:00"
          ]
        }
      ]
    },
    {
      "image_id": 2,
      "question": [
        {
          "question_id": 0,
          "question_type": "관계",
          "question": "이 곳에 인접한 시설을 알 수 있나요?",
          "question_wordNum": 7,
          "answer": "발산역 9번 출구, 스타벅스, CU, 지카세",
          "answer_wordNum": 6,
          "fact": [
            "가랑삼계탕,인접,발산역 9번 출구, 스타벅스, CU, 지카세"
          ]
        },
        {
          "question_id": 1,
          "question_type": "정보",
          "question": "연락처가 어떻게 되나요?",
          "question_wordNum": 3,
          "answer": "02-3665-8660",
          "answer_wordNum": 1,
          "fact": [
            "가랑삼계탕,연락처,02-3665-8660"
          ]
        },
        {
          "question_id": 2,
          "question_type": "정보",
          "question": "이 곳의 메뉴를 알 수 있나요?",
          "question_wordNum": 6,
          "answer": "누룽지삼계탕, 한방삼계탕",
          "answer_wordNum": 2,
          "fact": [
            "가랑삼계탕,메뉴,누룽지삼계탕, 한방삼계탕"
          ]
        },
        {
          "question_id": 3,
          "question_type": "정보",
          "question": "이 곳의 주소를 알 수 있나요?",
          "question_wordNum": 6,
          "answer": "서울 강서구 마곡동로 62",
          "answer_wordNum": 4,
          "fact": [
            "가랑삼계탕,주소,서울 강서구 마곡동로 62"
          ]
        }
      ]
    },
    {
      "image_id": 3,
      "question": [
        {
          "question_id": 0,
          "question_type": "정보",
          "question": "연락처가 어떻게 되나요?",
          "question_wordNum": 3,
          "answer": "02-3665-8660",
          "answer_wordNum": 1,
          "fact": [
            "가랑삼계탕,연락처,02-3665-8660"
          ]
        },
        {
          "question_id": 1,
          "question_type": "관계",
          "question": "이 곳에 인접한 시설을 알 수 있나요?",
          "question_wordNum": 7,
          "answer": "발산역 9번 출구, 스타벅스, CU, 지카세",
          "answer_wordNum": 6,
          "fact": [
            "가랑삼계탕,인접,발산역 9번 출구, 스타벅스, CU, 지카세"
          ]
        },
        {
          "question_id": 2,
          "question_type": "정보",
          "question": "휴무일을 알 수 있나요?",
          "question_wordNum": 4,
          "answer": "없음",
          "answer_wordNum": 1,
          "fact": [
            "가랑삼계탕,휴무일,없음"
          ]
        },
        {
          "question_id": 3,
          "question_type": "정보",
          "question": "이 곳의 주소는 어떻게 되나요?",
          "question_wordNum": 5,
          "answer": "서울 강서구 마곡동로 62",
          "answer_wordNum": 4,
          "fact": [
            "가랑삼계탕,주소,서울 강서구 마곡동로 62"
          ]
        }
      ]
    },
    {
      "image_id": 4,
      "question": [
        {
          "question_id": 0,
          "question_type": "정보",
          "question": "연락처를 알 수 있나요?",
          "question_wordNum": 4,
          "answer": "02-3665-8660",
          "answer_wordNum": 1,
          "fact": [
            "가랑삼계탕,연락처,02-3665-8660"
          ]
        },
        {
          "question_id": 1,
          "question_type": "정보",
          "question": "이 곳의 주소는 어떻게 되나요?",
          "question_wordNum": 5,
          "answer": "서울 강서구 마곡동로 62",
          "answer_wordNum": 4,
          "fact": [
            "가랑삼계탕,주소,서울 강서구 마곡동로 62"
          ]
        },
        {
          "question_id": 2,
          "question_type": "정보",
          "question": "이 곳의 메뉴를 알 수 있나요?",
          "question_wordNum": 6,
          "answer": "누룽지삼계탕, 한방삼계탕",
          "answer_wordNum": 2,
          "fact": [
            "가랑삼계탕,메뉴,누룽지삼계탕, 한방삼계탕"
          ]
        },
        {
          "question_id": 3,
          "question_type": "정보",
          "question": "영업시간을 알 수 있나요?",
          "question_wordNum": 4,
          "answer": "10:30~21:00",
          "answer_wordNum": 1,
          "fact": [
            "가랑삼계탕,영업시간,10:30~21:00"
          ]
        }
      ]
    }
  ]
}