{
  "data": {
    "dataset": "2-083-219",
    "POI_id": "561644",
    "travelType": "음식점",
    "place": "쭌이네생고기",
    "area": "서울"
  },
  "imageInfo": [
    {
      "image_id": 0,
      "filename": "561644_0_su_5_쭌이네생고기_1_001.png",
      "mapx": 37.568851450649,
      "mapy": 126.827338682565,
      "width": 3840,
      "height": 2160,
      "caption_info": [
        "쭌이네생고기(마곡동)",
        "간판"
      ]
    },
    {
      "image_id": 1,
      "filename": "561644_0_su_5_쭌이네생고기_1_002.png",
      "mapx": 37.568851450649,
      "mapy": 126.827338682565,
      "width": 3840,
      "height": 2160,
      "caption_info": [
        "쭌이네생고기(마곡동)",
        "간판"
      ]
    },
    {
      "image_id": 2,
      "filename": "561644_0_su_5_쭌이네생고기_1_003.png",
      "mapx": 37.568851450649,
      "mapy": 126.827338682565,
      "width": 3840,
      "height": 2160,
      "caption_info": [
        "쭌이네생고기(마곡동)",
        "테이블, 의자, 냉장고"
      ]
    },
    {
      "image_id": 3,
      "filename": "561644_0_su_5_쭌이네생고기_1_004.png",
      "mapx": 37.568851450649,
      "mapy": 126.827338682565,
      "width": 3840,
      "height": 2160,
      "caption_info": [
        "쭌이네생고기(마곡동)",
        "메뉴판"
      ]
    },
    {
      "image_id": 4,
      "filename": "561644_0_su_5_쭌이네생고기_1_005.png",
      "mapx": 37.568851450649,
      "mapy": 126.827338682565,
      "width": 3840,
      "height": 2160,
      "caption_info": [
        "쭌이네생고기(마곡동)",
        "고기"
      ]
    }
  ],
  "annotations": [
    {
      "image_id": 0,
      "question": [
        {
          "question_id": 0,
          "question_type": "탐색",
          "question": "주차시설이 있나요?",
          "question_wordNum": 2,
          "answer": "있음",
          "answer_wordNum": 1,
          "fact": [
            "쭌이네생고기,주차시설,있음"
          ]
        },
        {
          "question_id": 1,
          "question_type": "정보",
          "question": "휴무일은 어떻게 되나요?",
          "question_wordNum": 3,
          "answer": "매주 일요일",
          "answer_wordNum": 2,
          "fact": [
            "쭌이네생고기,휴무일,매주 일요일"
          ]
        },
        {
          "question_id": 2,
          "question_type": "정보",
          "question": "연락처가 어떻게 되나요?",
          "question_wordNum": 3,
          "answer": "0507-1352-4263",
          "answer_wordNum": 1,
          "fact": [
            "쭌이네생고기,연락처,0507-1352-4263"
          ]
        },
        {
          "question_id": 3,
          "question_type": "정보",
          "question": "이 곳의 주소는 어떻게 되나요?",
          "question_wordNum": 5,
          "answer": "서울 강서구 마곡중앙로 161-8 두산더랜드파크 D동 1층 101호",
          "answer_wordNum": 8,
          "fact": [
            "쭌이네생고기,주소,서울 강서구 마곡중앙로 161-8 두산더랜드파크 D동 1층 101호"
          ]
        }
      ]
    },
    {
      "image_id": 1,
      "question": [
        {
          "question_id": 0,
          "question_type": "관계",
          "question": "이 곳에 인접한 시설이 있나요?",
          "question_wordNum": 5,
          "answer": "마곡나루역 2번 출구, CU, 컴포즈커피",
          "answer_wordNum": 5,
          "fact": [
            "쭌이네생고기,인접,마곡나루역 2번 출구, CU, 컴포즈커피"
          ]
        },
        {
          "question_id": 1,
          "question_type": "정보",
          "question": "이 곳의 주소는 어떻게 되나요?",
          "question_wordNum": 5,
          "answer": "서울 강서구 마곡중앙로 161-8 두산더랜드파크 D동 1층 101호",
          "answer_wordNum": 8,
          "fact": [
            "쭌이네생고기,주소,서울 강서구 마곡중앙로 161-8 두산더랜드파크 D동 1층 101호"
          ]
        },
        {
          "question_id": 2,
          "question_type": "정보",
          "question": "연락처가 어떻게 되나요?",
          "question_wordNum": 3,
          "answer": "0507-1352-4263",
          "answer_wordNum": 1,
          "fact": [
            "쭌이네생고기,연락처,0507-1352-4263"
          ]
        },
        {
          "question_id": 3,
          "question_type": "정보",
          "question": "영업시간은 어떻게 되나요?",
          "question_wordNum": 3,
          "answer": "15:00~24:00",
          "answer_wordNum": 1,
          "fact": [
            "쭌이네생고기,영업시간,15:00~24:00"
          ]
        }
      ]
    },
    {
      "image_id": 2,
      "question": [
        {
          "question_id": 0,
          "question_type": "정보",
          "question": "휴무일은 어떻게 되나요?",
          "question_wordNum": 3,
          "answer": "매주 일요일",
          "answer_wordNum": 2,
          "fact": [
            "쭌이네생고기,휴무일,매주 일요일"
          ]
        },
        {
          "question_id": 1,
          "question_type": "정보",
          "question": "이 곳의 대표적인 메뉴는 무엇이 있나요?",
          "question_wordNum": 6,
          "answer": "생소갈비살, 삼겹살",
          "answer_wordNum": 2,
          "fact": [
            "쭌이네생고기,메뉴,생소갈비살, 삼겹살"
          ]
        },
        {
          "question_id": 2,
          "question_type": "관계",
          "question": "이 곳에 인접한 시설이 있나요?",
          "question_wordNum": 5,
          "answer": "마곡나루역 2번 출구, CU, 컴포즈커피",
          "answer_wordNum": 5,
          "fact": [
            "쭌이네생고기,인접,마곡나루역 2번 출구, CU, 컴포즈커피"
          ]
        },
        {
          "question_id": 3,
          "question_type": "정보",
          "question": "이 곳의 주소는 어떻게 되나요?",
          "question_wordNum": 5,
          "answer": "서울 강서구 마곡중앙로 161-8 두산더랜드파크 D동 1층 101호",
          "answer_wordNum": 8,
          "fact": [
            "쭌이네생고기,주소,서울 강서구 마곡중앙로 161-8 두산더랜드파크 D동 1층 101호"
          ]
        }
      ]
    },
    {
      "image_id": 3,
      "question": [
        {
          "question_id": 0,
          "question_type": "정보",
          "question": "휴무일은 어떻게 되나요?",
          "question_wordNum": 3,
          "answer": "매주 일요일",
          "answer_wordNum": 2,
          "fact": [
            "쭌이네생고기,휴무일,매주 일요일"
          ]
        },
        {
          "question_id": 1,
          "question_type": "정보",
          "question": "영업시간은 어떻게 되나요?",
          "question_wordNum": 3,
          "answer": "15:00~24:00",
          "answer_wordNum": 1,
          "fact": [
            "쭌이네생고기,영업시간,15:00~24:00"
          ]
        },
        {
          "question_id": 2,
          "question_type": "탐색",
          "question": "주차시설이 있나요?",
          "question_wordNum": 2,
          "answer": "있음",
          "answer_wordNum": 1,
          "fact": [
            "쭌이네생고기,주차시설,있음"
          ]
        },
        {
          "question_id": 3,
          "question_type": "정보",
          "question": "이 곳의 주소는 어떻게 되나요?",
          "question_wordNum": 5,
          "answer": "서울 강서구 마곡중앙로 161-8 두산더랜드파크 D동 1층 101호",
          "answer_wordNum": 8,
          "fact": [
            "쭌이네생고기,주소,서울 강서구 마곡중앙로 161-8 두산더랜드파크 D동 1층 101호"
          ]
        }
      ]
    },
    {
      "image_id": 4,
      "question": [
        {
          "question_id": 0,
          "question_type": "정보",
          "question": "휴무일은 어떻게 되나요?",
          "question_wordNum": 3,
          "answer": "매주 일요일",
          "answer_wordNum": 2,
          "fact": [
            "쭌이네생고기,휴무일,매주 일요일"
          ]
        },
        {
          "question_id": 1,
          "question_type": "정보",
          "question": "영업시간은 몇시부터 몇시까지로 기재되어 있나요?",
          "question_wordNum": 5,
          "answer": "15:00~24:00",
          "answer_wordNum": 1,
          "fact": [
            "쭌이네생고기,영업시간,15:00~24:00"
          ]
        },
        {
          "question_id": 2,
          "question_type": "관계",
          "question": "이 곳에 인접한 시설이 있나요?",
          "question_wordNum": 5,
          "answer": "마곡나루역 2번 출구, CU, 컴포즈커피",
          "answer_wordNum": 5,
          "fact": [
            "쭌이네생고기,인접,마곡나루역 2번 출구, CU, 컴포즈커피"
          ]
        },
        {
          "question_id": 3,
          "question_type": "정보",
          "question": "연락처가 어떻게 되나요?",
          "question_wordNum": 3,
          "answer": "0507-1352-4263",
          "answer_wordNum": 1,
          "fact": [
            "쭌이네생고기,연락처,0507-1352-4263"
          ]
        }
      ]
    }
  ]
}