{
  "data": {
    "dataset": "2-083-219",
    "POI_id": "561807",
    "travelType": "음식점",
    "place": "민스포",
    "area": "서울"
  },
  "imageInfo": [
    {
      "image_id": 0,
      "filename": "561807_0_su_5_민스포_1_001.png",
      "mapx": 37.5639574136029,
      "mapy": 126.812163348377,
      "width": 3840,
      "height": 2160,
      "caption_info": [
        "민스포(강서구)",
        "간판"
      ]
    },
    {
      "image_id": 1,
      "filename": "561807_0_su_5_민스포_1_002.png",
      "mapx": 37.5639574136029,
      "mapy": 126.812163348377,
      "width": 3840,
      "height": 2160,
      "caption_info": [
        "민스포(강서구)",
        "간판"
      ]
    },
    {
      "image_id": 2,
      "filename": "561807_0_su_5_민스포_1_003.png",
      "mapx": 37.5639574136029,
      "mapy": 126.812163348377,
      "width": 3840,
      "height": 2160,
      "caption_info": [
        "민스포(강서구)",
        "사각 테이블"
      ]
    },
    {
      "image_id": 3,
      "filename": "561807_0_su_5_민스포_1_004.png",
      "mapx": 37.5639574136029,
      "mapy": 126.812163348377,
      "width": 3840,
      "height": 2160,
      "caption_info": [
        "민스포(강서구)",
        "베너 "
      ]
    },
    {
      "image_id": 4,
      "filename": "561807_0_su_5_민스포_1_005.png",
      "mapx": 37.5639574136029,
      "mapy": 126.812163348377,
      "width": 3840,
      "height": 2160,
      "caption_info": [
        "민스포(강서구)",
        "젓가락 "
      ]
    }
  ],
  "annotations": [
    {
      "image_id": 0,
      "question": [
        {
          "question_id": 0,
          "question_type": "정보",
          "question": "이 곳의 주소를 알 수 있나요?",
          "question_wordNum": 6,
          "answer": "서울 강서구 방화대로21길 81",
          "answer_wordNum": 4,
          "fact": [
            "민스포,주소,서울 강서구 방화대로21길 81"
          ]
        },
        {
          "question_id": 1,
          "question_type": "탐색",
          "question": "주차시설이 있나요?",
          "question_wordNum": 2,
          "answer": "없음",
          "answer_wordNum": 1,
          "fact": [
            "민스포,주차시설,없음"
          ]
        },
        {
          "question_id": 2,
          "question_type": "정보",
          "question": "대표 메뉴가 무엇인가요?",
          "question_wordNum": 3,
          "answer": "새우튀김, 분보",
          "answer_wordNum": 2,
          "fact": [
            "민스포,메뉴,새우튀김, 분보"
          ]
        },
        {
          "question_id": 3,
          "question_type": "정보",
          "question": "휴무일을 알 수 있나요?",
          "question_wordNum": 4,
          "answer": "없음",
          "answer_wordNum": 1,
          "fact": [
            "민스포,휴무일,없음"
          ]
        }
      ]
    },
    {
      "image_id": 1,
      "question": [
        {
          "question_id": 0,
          "question_type": "정보",
          "question": "휴무일은 어떻게 되나요?",
          "question_wordNum": 3,
          "answer": "없음",
          "answer_wordNum": 1,
          "fact": [
            "민스포,휴무일,없음"
          ]
        },
        {
          "question_id": 1,
          "question_type": "정보",
          "question": "연락처가 어떻게 되나요?",
          "question_wordNum": 3,
          "answer": "0507-1384-6888",
          "answer_wordNum": 1,
          "fact": [
            "민스포,연락처,0507-1384-6888"
          ]
        },
        {
          "question_id": 2,
          "question_type": "탐색",
          "question": "주차시설이 있는지 알 수 있나요?",
          "question_wordNum": 5,
          "answer": "없음",
          "answer_wordNum": 1,
          "fact": [
            "민스포,주차시설,없음"
          ]
        },
        {
          "question_id": 3,
          "question_type": "정보",
          "question": "영업시간을 알 수 있나요?",
          "question_wordNum": 4,
          "answer": "11:00~22:00",
          "answer_wordNum": 1,
          "fact": [
            "민스포,영업시간,11:00~22:00"
          ]
        }
      ]
    },
    {
      "image_id": 2,
      "question": [
        {
          "question_id": 0,
          "question_type": "정보",
          "question": "대표 메뉴가 무엇인가요?",
          "question_wordNum": 3,
          "answer": "새우튀김, 분보",
          "answer_wordNum": 2,
          "fact": [
            "민스포,메뉴,새우튀김, 분보"
          ]
        },
        {
          "question_id": 1,
          "question_type": "정보",
          "question": "이 곳의 주소는 어떻게 되나요?",
          "question_wordNum": 5,
          "answer": "서울 강서구 방화대로21길 81",
          "answer_wordNum": 4,
          "fact": [
            "민스포,주소,서울 강서구 방화대로21길 81"
          ]
        },
        {
          "question_id": 2,
          "question_type": "정보",
          "question": "연락처가 어떻게 되나요?",
          "question_wordNum": 3,
          "answer": "0507-1384-6888",
          "answer_wordNum": 1,
          "fact": [
            "민스포,연락처,0507-1384-6888"
          ]
        },
        {
          "question_id": 3,
          "question_type": "관계",
          "question": "이 곳에 인접한 시설을 알 수 있나요?",
          "question_wordNum": 7,
          "answer": "공항시장역 3번 출구, 도톤보리, 차돌집",
          "answer_wordNum": 5,
          "fact": [
            "민스포,인접,공항시장역 3번 출구, 도톤보리, 차돌집"
          ]
        }
      ]
    },
    {
      "image_id": 3,
      "question": [
        {
          "question_id": 0,
          "question_type": "탐색",
          "question": "주차시설이 있나요?",
          "question_wordNum": 2,
          "answer": "없음",
          "answer_wordNum": 1,
          "fact": [
            "민스포,주차시설,없음"
          ]
        },
        {
          "question_id": 1,
          "question_type": "정보",
          "question": "휴무일을 알 수 있나요?",
          "question_wordNum": 4,
          "answer": "없음",
          "answer_wordNum": 1,
          "fact": [
            "민스포,휴무일,없음"
          ]
        },
        {
          "question_id": 2,
          "question_type": "정보",
          "question": "연락처가 어떻게 되나요?",
          "question_wordNum": 3,
          "answer": "0507-1384-6888",
          "answer_wordNum": 1,
          "fact": [
            "민스포,연락처,0507-1384-6888"
          ]
        },
        {
          "question_id": 3,
          "question_type": "정보",
          "question": "이 곳의 주소는 어떻게 되나요?",
          "question_wordNum": 5,
          "answer": "서울 강서구 방화대로21길 81",
          "answer_wordNum": 4,
          "fact": [
            "민스포,주소,서울 강서구 방화대로21길 81"
          ]
        }
      ]
    },
    {
      "image_id": 4,
      "question": [
        {
          "question_id": 0,
          "question_type": "탐색",
          "question": "주차시설이 있나요?",
          "question_wordNum": 2,
          "answer": "없음",
          "answer_wordNum": 1,
          "fact": [
            "민스포,주차시설,없음"
          ]
        },
        {
          "question_id": 1,
          "question_type": "정보",
          "question": "이 곳의 메뉴를 알 수 있나요?",
          "question_wordNum": 6,
          "answer": "새우튀김, 분보",
          "answer_wordNum": 2,
          "fact": [
            "민스포,메뉴,새우튀김, 분보"
          ]
        },
        {
          "question_id": 2,
          "question_type": "정보",
          "question": "휴무일을 알 수 있나요?",
          "question_wordNum": 4,
          "answer": "없음",
          "answer_wordNum": 1,
          "fact": [
            "민스포,휴무일,없음"
          ]
        },
        {
          "question_id": 3,
          "question_type": "정보",
          "question": "연락처를 알 수 있나요?",
          "question_wordNum": 4,
          "answer": "0507-1384-6888",
          "answer_wordNum": 1,
          "fact": [
            "민스포,연락처,0507-1384-6888"
          ]
        }
      ]
    }
  ]
}