{
  "data": {
    "dataset": "2-083-219",
    "POI_id": "561403",
    "travelType": "음식점",
    "place": "돈뽈 가양점",
    "area": "서울"
  },
  "imageInfo": [
    {
      "image_id": 0,
      "filename": "561403_0_su_5_돈뽈 가양점_1_001.png",
      "mapx": 37.5631717283618,
      "mapy": 126.852934754398,
      "width": 3840,
      "height": 2160,
      "caption_info": [
        "돈뽈 가양점(가양동)",
        "화로구이,의자,음료박스"
      ]
    },
    {
      "image_id": 1,
      "filename": "561403_0_su_5_돈뽈 가양점_1_002.png",
      "mapx": 37.5631717283618,
      "mapy": 126.852934754398,
      "width": 3840,
      "height": 2160,
      "caption_info": [
        "돈뽈 가양점(가양동)",
        "즉석김밥,콩국수"
      ]
    },
    {
      "image_id": 2,
      "filename": "561403_0_su_5_돈뽈 가양점_1_003.png",
      "mapx": 37.5631717283618,
      "mapy": 126.852934754398,
      "width": 3840,
      "height": 2160,
      "caption_info": [
        "돈뽈 가양점(가양동)",
        "탁자,의자,모둠스페셜"
      ]
    },
    {
      "image_id": 3,
      "filename": "561403_0_su_5_돈뽈 가양점_1_004.png",
      "mapx": 37.5631717283618,
      "mapy": 126.852934754398,
      "width": 3840,
      "height": 2160,
      "caption_info": [
        "돈뽈 가양점(가양동)",
        "돈뽈구이,폭탄구이,덜미구이"
      ]
    },
    {
      "image_id": 4,
      "filename": "561403_0_su_5_돈뽈 가양점_1_005.png",
      "mapx": 37.5631717283618,
      "mapy": 126.852934754398,
      "width": 3840,
      "height": 2160,
      "caption_info": [
        "돈뽈 가양점(가양동)",
        "마늘,상추,불판위고기"
      ]
    }
  ],
  "annotations": [
    {
      "image_id": 0,
      "question": [
        {
          "question_id": 0,
          "question_type": "탐색",
          "question": "주차시설이 있는지 알 수 있나요?",
          "question_wordNum": 5,
          "answer": "있음",
          "answer_wordNum": 1,
          "fact": [
            "돈뽈 가양점,주차시설,있음"
          ]
        },
        {
          "question_id": 1,
          "question_type": "관계",
          "question": "이 곳에 인접한 시설을 알 수 있나요?",
          "question_wordNum": 7,
          "answer": "투다리, 가양육회, 가양역 1번 출구",
          "answer_wordNum": 5,
          "fact": [
            "돈뽈 가양점,인접,투다리, 가양육회, 가양역 1번 출구"
          ]
        },
        {
          "question_id": 2,
          "question_type": "정보",
          "question": "휴무일은 어떻게 되나요?",
          "question_wordNum": 3,
          "answer": "알수없음",
          "answer_wordNum": 1,
          "fact": [
            "돈뽈 가양점,휴무일,알수없음"
          ]
        },
        {
          "question_id": 3,
          "question_type": "정보",
          "question": "이 곳의 주소는 어떻게 되나요?",
          "question_wordNum": 5,
          "answer": "서울 강서구 양천로57길 10-11 이스타빌Ⅱ",
          "answer_wordNum": 5,
          "fact": [
            "돈뽈 가양점,주소,서울 강서구 양천로57길 10-11 이스타빌Ⅱ"
          ]
        }
      ]
    },
    {
      "image_id": 1,
      "question": [
        {
          "question_id": 0,
          "question_type": "정보",
          "question": "휴무일은 어떻게 되나요?",
          "question_wordNum": 3,
          "answer": "알수없음",
          "answer_wordNum": 1,
          "fact": [
            "돈뽈 가양점,휴무일,알수없음"
          ]
        },
        {
          "question_id": 1,
          "question_type": "탐색",
          "question": "주차시설이 있는지 알 수 있나요?",
          "question_wordNum": 5,
          "answer": "있음",
          "answer_wordNum": 1,
          "fact": [
            "돈뽈 가양점,주차시설,있음"
          ]
        },
        {
          "question_id": 2,
          "question_type": "정보",
          "question": "연락처가 어떻게 되나요?",
          "question_wordNum": 3,
          "answer": "02-3661-1442",
          "answer_wordNum": 1,
          "fact": [
            "돈뽈 가양점,연락처,02-3661-1442"
          ]
        },
        {
          "question_id": 3,
          "question_type": "관계",
          "question": "이 곳에 인접한 시설이 있나요?",
          "question_wordNum": 5,
          "answer": "투다리, 가양육회, 가양역 1번 출구",
          "answer_wordNum": 5,
          "fact": [
            "돈뽈 가양점,인접,투다리, 가양육회, 가양역 1번 출구"
          ]
        }
      ]
    },
    {
      "image_id": 2,
      "question": [
        {
          "question_id": 0,
          "question_type": "탐색",
          "question": "주차시설이 있나요?",
          "question_wordNum": 2,
          "answer": "있음",
          "answer_wordNum": 1,
          "fact": [
            "돈뽈 가양점,주차시설,있음"
          ]
        },
        {
          "question_id": 1,
          "question_type": "정보",
          "question": "연락처가 어떻게 되나요?",
          "question_wordNum": 3,
          "answer": "02-3661-1442",
          "answer_wordNum": 1,
          "fact": [
            "돈뽈 가양점,연락처,02-3661-1442"
          ]
        },
        {
          "question_id": 2,
          "question_type": "정보",
          "question": "이 곳의 대표적인 메뉴는 무엇이 있나요?",
          "question_wordNum": 6,
          "answer": "돈뽈구이, 폭탄구이",
          "answer_wordNum": 2,
          "fact": [
            "돈뽈 가양점,메뉴,돈뽈구이, 폭탄구이"
          ]
        },
        {
          "question_id": 3,
          "question_type": "정보",
          "question": "이 곳의 주소를 알 수 있나요?",
          "question_wordNum": 6,
          "answer": "서울 강서구 양천로57길 10-11 이스타빌Ⅱ",
          "answer_wordNum": 5,
          "fact": [
            "돈뽈 가양점,주소,서울 강서구 양천로57길 10-11 이스타빌Ⅱ"
          ]
        }
      ]
    },
    {
      "image_id": 3,
      "question": [
        {
          "question_id": 0,
          "question_type": "정보",
          "question": "연락처가 어떻게 되나요?",
          "question_wordNum": 3,
          "answer": "02-3661-1442",
          "answer_wordNum": 1,
          "fact": [
            "돈뽈 가양점,연락처,02-3661-1442"
          ]
        },
        {
          "question_id": 1,
          "question_type": "정보",
          "question": "이 곳의 대표적인 메뉴를 알 수 있나요?",
          "question_wordNum": 7,
          "answer": "돈뽈구이, 폭탄구이",
          "answer_wordNum": 2,
          "fact": [
            "돈뽈 가양점,메뉴,돈뽈구이, 폭탄구이"
          ]
        },
        {
          "question_id": 2,
          "question_type": "정보",
          "question": "휴무일은 어떻게 되나요?",
          "question_wordNum": 3,
          "answer": "알수없음",
          "answer_wordNum": 1,
          "fact": [
            "돈뽈 가양점,휴무일,알수없음"
          ]
        },
        {
          "question_id": 3,
          "question_type": "정보",
          "question": "영업시간은 몇시부터 몇시까지로 기재되어 있나요?",
          "question_wordNum": 5,
          "answer": "알수없음",
          "answer_wordNum": 1,
          "fact": [
            "돈뽈 가양점,영업시간,알수없음"
          ]
        }
      ]
    },
    {
      "image_id": 4,
      "question": [
        {
          "question_id": 0,
          "question_type": "관계",
          "question": "이 곳에 인접한 시설을 알 수 있나요?",
          "question_wordNum": 7,
          "answer": "투다리, 가양육회, 가양역 1번 출구",
          "answer_wordNum": 5,
          "fact": [
            "돈뽈 가양점,인접,투다리, 가양육회, 가양역 1번 출구"
          ]
        },
        {
          "question_id": 1,
          "question_type": "정보",
          "question": "휴무일은 어떻게 되나요?",
          "question_wordNum": 3,
          "answer": "알수없음",
          "answer_wordNum": 1,
          "fact": [
            "돈뽈 가양점,휴무일,알수없음"
          ]
        },
        {
          "question_id": 2,
          "question_type": "정보",
          "question": "연락처를 알 수 있나요?",
          "question_wordNum": 4,
          "answer": "02-3661-1442",
          "answer_wordNum": 1,
          "fact": [
            "돈뽈 가양점,연락처,02-3661-1442"
          ]
        },
        {
          "question_id": 3,
          "question_type": "정보",
          "question": "이 곳의 주소는 어떻게 되나요?",
          "question_wordNum": 5,
          "answer": "서울 강서구 양천로57길 10-11 이스타빌Ⅱ",
          "answer_wordNum": 5,
          "fact": [
            "돈뽈 가양점,주소,서울 강서구 양천로57길 10-11 이스타빌Ⅱ"
          ]
        }
      ]
    }
  ]
}