{
  "data": {
    "dataset": "2-083-219",
    "POI_id": "561648",
    "travelType": "음식점",
    "place": "마곡장 ",
    "area": "서울"
  },
  "imageInfo": [
    {
      "image_id": 0,
      "filename": "561648_0_su_5_마곡장 _1_001.png",
      "mapx": 37.5582829549403,
      "mapy": 126.829009917866,
      "width": 3840,
      "height": 2160,
      "caption_info": [
        "마곡장(마곡동)",
        "실외기, 여닫이문"
      ]
    },
    {
      "image_id": 1,
      "filename": "561648_0_su_5_마곡장 _1_002.png",
      "mapx": 37.5582829549403,
      "mapy": 126.829009917866,
      "width": 3840,
      "height": 2160,
      "caption_info": [
        "마곡장(마곡동)",
        "벤치, 테이블, 간판"
      ]
    },
    {
      "image_id": 2,
      "filename": "561648_0_su_5_마곡장 _1_003.png",
      "mapx": 37.5582829549403,
      "mapy": 126.829009917866,
      "width": 3840,
      "height": 2160,
      "caption_info": [
        "마곡장(마곡동)",
        "테이블, 등받이의자"
      ]
    },
    {
      "image_id": 3,
      "filename": "561648_0_su_5_마곡장 _1_004.png",
      "mapx": 37.5582829549403,
      "mapy": 126.829009917866,
      "width": 3840,
      "height": 2160,
      "caption_info": [
        "마곡장(마곡동)",
        "메뉴판"
      ]
    },
    {
      "image_id": 4,
      "filename": "561648_0_su_5_마곡장 _1_005.png",
      "mapx": 37.5582829549403,
      "mapy": 126.829009917866,
      "width": 3840,
      "height": 2160,
      "caption_info": [
        "마곡장(마곡동)",
        "군만두, 짜장"
      ]
    }
  ],
  "annotations": [
    {
      "image_id": 0,
      "question": [
        {
          "question_id": 0,
          "question_type": "관계",
          "question": "이 곳에 인접한 시설이 있나요?",
          "question_wordNum": 5,
          "answer": "마곡역 4번 출구, 치앙마곡, 백소정",
          "answer_wordNum": 5,
          "fact": [
            "마곡장,인접,마곡역 4번 출구, 치앙마곡, 백소정"
          ]
        },
        {
          "question_id": 1,
          "question_type": "정보",
          "question": "영업시간은 어떻게 되나요?",
          "question_wordNum": 3,
          "answer": "11:30~22:00/24:00",
          "answer_wordNum": 1,
          "fact": [
            "마곡장,영업시간,11:30~22:00/24:00"
          ]
        },
        {
          "question_id": 2,
          "question_type": "정보",
          "question": "연락처가 어떻게 되나요?",
          "question_wordNum": 3,
          "answer": "010-9283-3277",
          "answer_wordNum": 1,
          "fact": [
            "마곡장,연락처,010-9283-3277"
          ]
        },
        {
          "question_id": 3,
          "question_type": "정보",
          "question": "이 곳의 주소는 어떻게 되나요?",
          "question_wordNum": 5,
          "answer": "서울 강서구 마곡중앙4로 22 파인스퀘어 B동 110호",
          "answer_wordNum": 7,
          "fact": [
            "마곡장,주소,서울 강서구 마곡중앙4로 22 파인스퀘어 B동 110호"
          ]
        }
      ]
    },
    {
      "image_id": 1,
      "question": [
        {
          "question_id": 0,
          "question_type": "정보",
          "question": "영업시간은 몇시부터 몇시까지로 기재되어 있나요?",
          "question_wordNum": 5,
          "answer": "11:30~22:00/24:00",
          "answer_wordNum": 1,
          "fact": [
            "마곡장,영업시간,11:30~22:00/24:00"
          ]
        },
        {
          "question_id": 1,
          "question_type": "정보",
          "question": "이 곳의 주소는 어떻게 되나요?",
          "question_wordNum": 5,
          "answer": "서울 강서구 마곡중앙4로 22 파인스퀘어 B동 110호",
          "answer_wordNum": 7,
          "fact": [
            "마곡장,주소,서울 강서구 마곡중앙4로 22 파인스퀘어 B동 110호"
          ]
        },
        {
          "question_id": 2,
          "question_type": "탐색",
          "question": "주차시설이 있나요?",
          "question_wordNum": 2,
          "answer": "있음",
          "answer_wordNum": 1,
          "fact": [
            "마곡장,주차시설,있음"
          ]
        },
        {
          "question_id": 3,
          "question_type": "정보",
          "question": "이 곳의 대표적인 메뉴를 알 수 있나요?",
          "question_wordNum": 7,
          "answer": "칭따오생맥주, 마파두부볶음면",
          "answer_wordNum": 2,
          "fact": [
            "마곡장,메뉴,칭따오생맥주, 마파두부볶음면"
          ]
        }
      ]
    },
    {
      "image_id": 2,
      "question": [
        {
          "question_id": 0,
          "question_type": "정보",
          "question": "이 곳의 대표적인 메뉴는 무엇이 있나요?",
          "question_wordNum": 6,
          "answer": "칭따오생맥주, 마파두부볶음면",
          "answer_wordNum": 2,
          "fact": [
            "마곡장,메뉴,칭따오생맥주, 마파두부볶음면"
          ]
        },
        {
          "question_id": 1,
          "question_type": "탐색",
          "question": "주차시설이 있나요?",
          "question_wordNum": 2,
          "answer": "있음",
          "answer_wordNum": 1,
          "fact": [
            "마곡장,주차시설,있음"
          ]
        },
        {
          "question_id": 2,
          "question_type": "정보",
          "question": "이 곳의 주소는 어떻게 되나요?",
          "question_wordNum": 5,
          "answer": "서울 강서구 마곡중앙4로 22 파인스퀘어 B동 110호",
          "answer_wordNum": 7,
          "fact": [
            "마곡장,주소,서울 강서구 마곡중앙4로 22 파인스퀘어 B동 110호"
          ]
        },
        {
          "question_id": 3,
          "question_type": "정보",
          "question": "영업시간은 어떻게 되나요?",
          "question_wordNum": 3,
          "answer": "11:30~22:00/24:00",
          "answer_wordNum": 1,
          "fact": [
            "마곡장,영업시간,11:30~22:00/24:00"
          ]
        }
      ]
    },
    {
      "image_id": 3,
      "question": [
        {
          "question_id": 0,
          "question_type": "정보",
          "question": "휴무일은 어떻게 되나요?",
          "question_wordNum": 3,
          "answer": "매주 일요일",
          "answer_wordNum": 2,
          "fact": [
            "마곡장,휴무일,매주 일요일"
          ]
        },
        {
          "question_id": 1,
          "question_type": "정보",
          "question": "이 곳의 주소는 어떻게 되나요?",
          "question_wordNum": 5,
          "answer": "서울 강서구 마곡중앙4로 22 파인스퀘어 B동 110호",
          "answer_wordNum": 7,
          "fact": [
            "마곡장,주소,서울 강서구 마곡중앙4로 22 파인스퀘어 B동 110호"
          ]
        },
        {
          "question_id": 2,
          "question_type": "정보",
          "question": "영업시간은 어떻게 되나요?",
          "question_wordNum": 3,
          "answer": "11:30~22:00/24:00",
          "answer_wordNum": 1,
          "fact": [
            "마곡장,영업시간,11:30~22:00/24:00"
          ]
        },
        {
          "question_id": 3,
          "question_type": "정보",
          "question": "이 곳의 대표적인 메뉴는 무엇이 있나요?",
          "question_wordNum": 6,
          "answer": "칭따오생맥주, 마파두부볶음면",
          "answer_wordNum": 2,
          "fact": [
            "마곡장,메뉴,칭따오생맥주, 마파두부볶음면"
          ]
        }
      ]
    },
    {
      "image_id": 4,
      "question": [
        {
          "question_id": 0,
          "question_type": "정보",
          "question": "휴무일은 어떻게 되나요?",
          "question_wordNum": 3,
          "answer": "매주 일요일",
          "answer_wordNum": 2,
          "fact": [
            "마곡장,휴무일,매주 일요일"
          ]
        },
        {
          "question_id": 1,
          "question_type": "탐색",
          "question": "주차시설이 있나요?",
          "question_wordNum": 2,
          "answer": "있음",
          "answer_wordNum": 1,
          "fact": [
            "마곡장,주차시설,있음"
          ]
        },
        {
          "question_id": 2,
          "question_type": "정보",
          "question": "이 곳의 주소는 어떻게 되나요?",
          "question_wordNum": 5,
          "answer": "서울 강서구 마곡중앙4로 22 파인스퀘어 B동 110호",
          "answer_wordNum": 7,
          "fact": [
            "마곡장,주소,서울 강서구 마곡중앙4로 22 파인스퀘어 B동 110호"
          ]
        },
        {
          "question_id": 3,
          "question_type": "정보",
          "question": "연락처가 어떻게 되나요?",
          "question_wordNum": 3,
          "answer": "010-9283-3277",
          "answer_wordNum": 1,
          "fact": [
            "마곡장,연락처,010-9283-3277"
          ]
        }
      ]
    }
  ]
}