{
  "data": {
    "dataset": "2-083-219",
    "POI_id": "561530",
    "travelType": "음식점",
    "place": "양옥주점 ",
    "area": "서울"
  },
  "imageInfo": [
    {
      "image_id": 0,
      "filename": "561530_0_su_5_양옥주점 _1_001.png",
      "mapx": 37.5679745986878,
      "mapy": 126.826720979429,
      "width": 3840,
      "height": 2160,
      "caption_info": [
        "양옥주점(마곡동)",
        "테이블, 등받이의자"
      ]
    },
    {
      "image_id": 1,
      "filename": "561530_0_su_5_양옥주점 _1_002.png",
      "mapx": 37.5679745986878,
      "mapy": 126.826720979429,
      "width": 3840,
      "height": 2160,
      "caption_info": [
        "양옥주점(마곡동)",
        "테이블, 등받이의자, 간판"
      ]
    },
    {
      "image_id": 2,
      "filename": "561530_0_su_5_양옥주점 _1_003.png",
      "mapx": 37.5679745986878,
      "mapy": 126.826720979429,
      "width": 3840,
      "height": 2160,
      "caption_info": [
        "양옥주점(마곡동)",
        "테이블, 등받이의자"
      ]
    },
    {
      "image_id": 3,
      "filename": "561530_0_su_5_양옥주점 _1_004.png",
      "mapx": 37.5679745986878,
      "mapy": 126.826720979429,
      "width": 3840,
      "height": 2160,
      "caption_info": [
        "양옥주점(마곡동)",
        "메뉴판"
      ]
    },
    {
      "image_id": 4,
      "filename": "561530_0_su_5_양옥주점 _1_005.png",
      "mapx": 37.5679745986878,
      "mapy": 126.826720979429,
      "width": 3840,
      "height": 2160,
      "caption_info": [
        "양옥주점(마곡동)",
        "고추유린기"
      ]
    }
  ],
  "annotations": [
    {
      "image_id": 0,
      "question": [
        {
          "question_id": 0,
          "question_type": "관계",
          "question": "이 곳에 인접한 시설이 있나요?",
          "question_wordNum": 5,
          "answer": "마곡나루역 1번 출구, 구름공방, 옥소반",
          "answer_wordNum": 5,
          "fact": [
            "양옥주점,인접,마곡나루역 1번 출구, 구름공방, 옥소반"
          ]
        },
        {
          "question_id": 1,
          "question_type": "정보",
          "question": "이 곳의 주요 메뉴는 무엇이 있나요?",
          "question_wordNum": 6,
          "answer": "어향가지새우, 고추유린기",
          "answer_wordNum": 2,
          "fact": [
            "양옥주점,메뉴,어향가지새우, 고추유린기"
          ]
        },
        {
          "question_id": 2,
          "question_type": "정보",
          "question": "영업시간은 어떻게 되나요?",
          "question_wordNum": 3,
          "answer": "16:00~01:00/02:00",
          "answer_wordNum": 1,
          "fact": [
            "양옥주점,영업시간,16:00~01:00/02:00"
          ]
        },
        {
          "question_id": 3,
          "question_type": "탐색",
          "question": "주차시설이 있나요?",
          "question_wordNum": 2,
          "answer": "있음",
          "answer_wordNum": 1,
          "fact": [
            "양옥주점,주차시설,있음"
          ]
        }
      ]
    },
    {
      "image_id": 1,
      "question": [
        {
          "question_id": 0,
          "question_type": "정보",
          "question": "영업시간은 몇시부터 몇시까지로 기재되어 있나요?",
          "question_wordNum": 5,
          "answer": "16:00~01:00/02:00",
          "answer_wordNum": 1,
          "fact": [
            "양옥주점,영업시간,16:00~01:00/02:00"
          ]
        },
        {
          "question_id": 1,
          "question_type": "정보",
          "question": "연락처가 어떻게 되나요?",
          "question_wordNum": 3,
          "answer": "0507-1310-6683",
          "answer_wordNum": 1,
          "fact": [
            "양옥주점,연락처,0507-1310-6683"
          ]
        },
        {
          "question_id": 2,
          "question_type": "정보",
          "question": "이 곳의 주소는 어떻게 되나요?",
          "question_wordNum": 5,
          "answer": "서울 강서구 마곡중앙로 161-11 힐스테이트에코 111호 112호 양옥주점",
          "answer_wordNum": 8,
          "fact": [
            "양옥주점,주소,서울 강서구 마곡중앙로 161-11 힐스테이트에코 111호 112호 양옥주점"
          ]
        },
        {
          "question_id": 3,
          "question_type": "관계",
          "question": "이 곳에 인접한 시설이 있나요?",
          "question_wordNum": 5,
          "answer": "마곡나루역 1번 출구, 구름공방, 옥소반",
          "answer_wordNum": 5,
          "fact": [
            "양옥주점,인접,마곡나루역 1번 출구, 구름공방, 옥소반"
          ]
        }
      ]
    },
    {
      "image_id": 2,
      "question": [
        {
          "question_id": 0,
          "question_type": "정보",
          "question": "휴무일은 어떻게 되나요?",
          "question_wordNum": 3,
          "answer": "매주 일요일, 월요일",
          "answer_wordNum": 3,
          "fact": [
            "양옥주점,휴무일,매주 일요일, 월요일"
          ]
        },
        {
          "question_id": 1,
          "question_type": "관계",
          "question": "이 곳에 인접한 시설이 있나요?",
          "question_wordNum": 5,
          "answer": "마곡나루역 1번 출구, 구름공방, 옥소반",
          "answer_wordNum": 5,
          "fact": [
            "양옥주점,인접,마곡나루역 1번 출구, 구름공방, 옥소반"
          ]
        },
        {
          "question_id": 2,
          "question_type": "정보",
          "question": "이 곳의 주소는 어떻게 되나요?",
          "question_wordNum": 5,
          "answer": "서울 강서구 마곡중앙로 161-11 힐스테이트에코 111호 112호 양옥주점",
          "answer_wordNum": 8,
          "fact": [
            "양옥주점,주소,서울 강서구 마곡중앙로 161-11 힐스테이트에코 111호 112호 양옥주점"
          ]
        },
        {
          "question_id": 3,
          "question_type": "탐색",
          "question": "주차시설이 있나요?",
          "question_wordNum": 2,
          "answer": "있음",
          "answer_wordNum": 1,
          "fact": [
            "양옥주점,주차시설,있음"
          ]
        }
      ]
    },
    {
      "image_id": 3,
      "question": [
        {
          "question_id": 0,
          "question_type": "정보",
          "question": "이 곳의 주요 메뉴는 무엇이 있나요?",
          "question_wordNum": 6,
          "answer": "어향가지새우, 고추유린기",
          "answer_wordNum": 2,
          "fact": [
            "양옥주점,메뉴,어향가지새우, 고추유린기"
          ]
        },
        {
          "question_id": 1,
          "question_type": "정보",
          "question": "영업시간은 어떻게 되나요?",
          "question_wordNum": 3,
          "answer": "16:00~01:00/02:00",
          "answer_wordNum": 1,
          "fact": [
            "양옥주점,영업시간,16:00~01:00/02:00"
          ]
        },
        {
          "question_id": 2,
          "question_type": "정보",
          "question": "휴무일은 어떻게 되나요?",
          "question_wordNum": 3,
          "answer": "매주 일요일, 월요일",
          "answer_wordNum": 3,
          "fact": [
            "양옥주점,휴무일,매주 일요일, 월요일"
          ]
        },
        {
          "question_id": 3,
          "question_type": "탐색",
          "question": "주차시설이 있나요?",
          "question_wordNum": 2,
          "answer": "있음",
          "answer_wordNum": 1,
          "fact": [
            "양옥주점,주차시설,있음"
          ]
        }
      ]
    },
    {
      "image_id": 4,
      "question": [
        {
          "question_id": 0,
          "question_type": "정보",
          "question": "연락처가 어떻게 되나요?",
          "question_wordNum": 3,
          "answer": "0507-1310-6683",
          "answer_wordNum": 1,
          "fact": [
            "양옥주점,연락처,0507-1310-6683"
          ]
        },
        {
          "question_id": 1,
          "question_type": "정보",
          "question": "이 곳의 주소는 어떻게 되나요?",
          "question_wordNum": 5,
          "answer": "서울 강서구 마곡중앙로 161-11 힐스테이트에코 111호 112호 양옥주점",
          "answer_wordNum": 8,
          "fact": [
            "양옥주점,주소,서울 강서구 마곡중앙로 161-11 힐스테이트에코 111호 112호 양옥주점"
          ]
        },
        {
          "question_id": 2,
          "question_type": "관계",
          "question": "이 곳에 인접한 시설이 있나요?",
          "question_wordNum": 5,
          "answer": "마곡나루역 1번 출구, 구름공방, 옥소반",
          "answer_wordNum": 5,
          "fact": [
            "양옥주점,인접,마곡나루역 1번 출구, 구름공방, 옥소반"
          ]
        },
        {
          "question_id": 3,
          "question_type": "탐색",
          "question": "주차시설이 있나요?",
          "question_wordNum": 2,
          "answer": "있음",
          "answer_wordNum": 1,
          "fact": [
            "양옥주점,주차시설,있음"
          ]
        }
      ]
    }
  ]
}