{
  "data": {
    "dataset": "2-083-219",
    "POI_id": "553165",
    "travelType": "음식점",
    "place": "신의주찹쌀순대 까치산역점",
    "area": "서울"
  },
  "imageInfo": [
    {
      "image_id": 0,
      "filename": "553165_0_su_5_신의주찹쌀순대 까치산역점_1_001.png",
      "mapx": 37.5304320032534,
      "mapy": 126.84658145134,
      "width": 3840,
      "height": 2160,
      "caption_info": [
        "신의주찹쌀순대 까치산역점(화곡동)",
        "간판"
      ]
    },
    {
      "image_id": 1,
      "filename": "553165_0_su_5_신의주찹쌀순대 까치산역점_1_002.png",
      "mapx": 37.5304320032534,
      "mapy": 126.84658145134,
      "width": 3840,
      "height": 2160,
      "caption_info": [
        "신의주찹쌀순대 까치산역점(화곡동)",
        "간판, 계단"
      ]
    },
    {
      "image_id": 2,
      "filename": "553165_0_su_5_신의주찹쌀순대 까치산역점_1_003.png",
      "mapx": 37.5304320032534,
      "mapy": 126.84658145134,
      "width": 3840,
      "height": 2160,
      "caption_info": [
        "신의주찹쌀순대 까치산역점(화곡동)",
        "테이블, 등받이의자"
      ]
    },
    {
      "image_id": 3,
      "filename": "553165_0_su_5_신의주찹쌀순대 까치산역점_1_004.png",
      "mapx": 37.5304320032534,
      "mapy": 126.84658145134,
      "width": 3840,
      "height": 2160,
      "caption_info": [
        "신의주찹쌀순대 까치산역점(화곡동)",
        "메뉴판 "
      ]
    },
    {
      "image_id": 4,
      "filename": "553165_0_su_5_신의주찹쌀순대 까치산역점_1_005.png",
      "mapx": 37.5304320032534,
      "mapy": 126.84658145134,
      "width": 3840,
      "height": 2160,
      "caption_info": [
        "신의주찹쌀순대 까치산역점(화곡동)",
        "순대"
      ]
    }
  ],
  "annotations": [
    {
      "image_id": 0,
      "question": [
        {
          "question_id": 0,
          "question_type": "탐색",
          "question": "주차시설이 있는지 알 수 있나요?",
          "question_wordNum": 5,
          "answer": "있음",
          "answer_wordNum": 1,
          "fact": [
            "신의주찹쌀순대 까치산역점,주차시설,있음"
          ]
        },
        {
          "question_id": 1,
          "question_type": "관계",
          "question": "이 곳에 인접한 시설이 있나요?",
          "question_wordNum": 5,
          "answer": "까치산역 3번 출구, 뉴미앤라엘, 비전미디어",
          "answer_wordNum": 5,
          "fact": [
            "신의주찹쌀순대 까치산역점,인접,까치산역 3번 출구, 뉴미앤라엘, 비전미디어"
          ]
        },
        {
          "question_id": 2,
          "question_type": "정보",
          "question": "이 곳의 대표적인 메뉴를 알 수 있나요?",
          "question_wordNum": 7,
          "answer": "신의주순대국, 뼈해장국",
          "answer_wordNum": 2,
          "fact": [
            "신의주찹쌀순대 까치산역점,메뉴,신의주순대국, 뼈해장국"
          ]
        },
        {
          "question_id": 3,
          "question_type": "정보",
          "question": "이 곳의 주소를 알 수 있나요?",
          "question_wordNum": 6,
          "answer": "서울 강서구 곰달래로 124 청송빌딩",
          "answer_wordNum": 5,
          "fact": [
            "신의주찹쌀순대 까치산역점,주소,서울 강서구 곰달래로 124 청송빌딩"
          ]
        }
      ]
    },
    {
      "image_id": 1,
      "question": [
        {
          "question_id": 0,
          "question_type": "정보",
          "question": "영업시간은 어떻게 되나요?",
          "question_wordNum": 3,
          "answer": "10:00~23:30",
          "answer_wordNum": 1,
          "fact": [
            "신의주찹쌀순대 까치산역점,영업시간,10:00~23:30"
          ]
        },
        {
          "question_id": 1,
          "question_type": "정보",
          "question": "휴무일은 어떻게 되나요?",
          "question_wordNum": 3,
          "answer": "매주 목요일",
          "answer_wordNum": 2,
          "fact": [
            "신의주찹쌀순대 까치산역점,휴무일,매주 목요일"
          ]
        },
        {
          "question_id": 2,
          "question_type": "관계",
          "question": "이 곳에 인접한 시설이 있나요?",
          "question_wordNum": 5,
          "answer": "까치산역 3번 출구, 뉴미앤라엘, 비전미디어",
          "answer_wordNum": 5,
          "fact": [
            "신의주찹쌀순대 까치산역점,인접,까치산역 3번 출구, 뉴미앤라엘, 비전미디어"
          ]
        },
        {
          "question_id": 3,
          "question_type": "정보",
          "question": "연락처가 어떻게 되나요?",
          "question_wordNum": 3,
          "answer": "02-2606-2510",
          "answer_wordNum": 1,
          "fact": [
            "신의주찹쌀순대 까치산역점,연락처,02-2606-2510"
          ]
        }
      ]
    },
    {
      "image_id": 2,
      "question": [
        {
          "question_id": 0,
          "question_type": "관계",
          "question": "이 곳에 인접한 시설이 있나요?",
          "question_wordNum": 5,
          "answer": "까치산역 3번 출구, 뉴미앤라엘, 비전미디어",
          "answer_wordNum": 5,
          "fact": [
            "신의주찹쌀순대 까치산역점,인접,까치산역 3번 출구, 뉴미앤라엘, 비전미디어"
          ]
        },
        {
          "question_id": 1,
          "question_type": "정보",
          "question": "이 곳의 주요 메뉴는 무엇이 있나요?",
          "question_wordNum": 6,
          "answer": "신의주순대국, 뼈해장국",
          "answer_wordNum": 2,
          "fact": [
            "신의주찹쌀순대 까치산역점,메뉴,신의주순대국, 뼈해장국"
          ]
        },
        {
          "question_id": 2,
          "question_type": "정보",
          "question": "휴무일을 알 수 있나요?",
          "question_wordNum": 4,
          "answer": "매주 목요일",
          "answer_wordNum": 2,
          "fact": [
            "신의주찹쌀순대 까치산역점,휴무일,매주 목요일"
          ]
        },
        {
          "question_id": 3,
          "question_type": "정보",
          "question": "영업시간을 알 수 있나요?",
          "question_wordNum": 4,
          "answer": "10:00~23:30",
          "answer_wordNum": 1,
          "fact": [
            "신의주찹쌀순대 까치산역점,영업시간,10:00~23:30"
          ]
        }
      ]
    },
    {
      "image_id": 3,
      "question": [
        {
          "question_id": 0,
          "question_type": "정보",
          "question": "이 곳의 주소는 어떻게 되나요?",
          "question_wordNum": 5,
          "answer": "서울 강서구 곰달래로 124 청송빌딩",
          "answer_wordNum": 5,
          "fact": [
            "신의주찹쌀순대 까치산역점,주소,서울 강서구 곰달래로 124 청송빌딩"
          ]
        },
        {
          "question_id": 1,
          "question_type": "관계",
          "question": "이 곳에 인접한 시설을 알 수 있나요?",
          "question_wordNum": 7,
          "answer": "까치산역 3번 출구, 뉴미앤라엘, 비전미디어",
          "answer_wordNum": 5,
          "fact": [
            "신의주찹쌀순대 까치산역점,인접,까치산역 3번 출구, 뉴미앤라엘, 비전미디어"
          ]
        },
        {
          "question_id": 2,
          "question_type": "정보",
          "question": "이 곳의 주요 메뉴는 무엇이 있나요?",
          "question_wordNum": 6,
          "answer": "신의주순대국, 뼈해장국",
          "answer_wordNum": 2,
          "fact": [
            "신의주찹쌀순대 까치산역점,메뉴,신의주순대국, 뼈해장국"
          ]
        },
        {
          "question_id": 3,
          "question_type": "정보",
          "question": "휴무일을 알 수 있나요?",
          "question_wordNum": 4,
          "answer": "매주 목요일",
          "answer_wordNum": 2,
          "fact": [
            "신의주찹쌀순대 까치산역점,휴무일,매주 목요일"
          ]
        }
      ]
    },
    {
      "image_id": 4,
      "question": [
        {
          "question_id": 0,
          "question_type": "정보",
          "question": "영업시간을 알 수 있나요?",
          "question_wordNum": 4,
          "answer": "10:00~23:30",
          "answer_wordNum": 1,
          "fact": [
            "신의주찹쌀순대 까치산역점,영업시간,10:00~23:30"
          ]
        },
        {
          "question_id": 1,
          "question_type": "정보",
          "question": "이 곳의 주소는 어떻게 되나요?",
          "question_wordNum": 5,
          "answer": "서울 강서구 곰달래로 124 청송빌딩",
          "answer_wordNum": 5,
          "fact": [
            "신의주찹쌀순대 까치산역점,주소,서울 강서구 곰달래로 124 청송빌딩"
          ]
        },
        {
          "question_id": 2,
          "question_type": "정보",
          "question": "이 곳의 대표적인 메뉴는 무엇이 있나요?",
          "question_wordNum": 6,
          "answer": "신의주순대국, 뼈해장국",
          "answer_wordNum": 2,
          "fact": [
            "신의주찹쌀순대 까치산역점,메뉴,신의주순대국, 뼈해장국"
          ]
        },
        {
          "question_id": 3,
          "question_type": "관계",
          "question": "이 곳에 인접한 시설이 있나요?",
          "question_wordNum": 5,
          "answer": "까치산역 3번 출구, 뉴미앤라엘, 비전미디어",
          "answer_wordNum": 5,
          "fact": [
            "신의주찹쌀순대 까치산역점,인접,까치산역 3번 출구, 뉴미앤라엘, 비전미디어"
          ]
        }
      ]
    }
  ]
}