{
  "data": {
    "dataset": "2-083-219",
    "POI_id": "561465",
    "travelType": "음식점",
    "place": "히츠지야 마곡발산점",
    "area": "서울"
  },
  "imageInfo": [
    {
      "image_id": 0,
      "filename": "561465_0_su_5_히츠지야 마곡발산점_1_001.png",
      "mapx": 37.5606177863587,
      "mapy": 126.833159684952,
      "width": 3840,
      "height": 2160,
      "caption_info": [
        "히츠지야 마곡발산점(마곡동)",
        "화분"
      ]
    },
    {
      "image_id": 1,
      "filename": "561465_0_su_5_히츠지야 마곡발산점_1_002.png",
      "mapx": 37.5606177863587,
      "mapy": 126.833159684952,
      "width": 3840,
      "height": 2160,
      "caption_info": [
        "히츠지야 마곡발산점(마곡동)",
        "간판, 자판기, 배너"
      ]
    },
    {
      "image_id": 2,
      "filename": "561465_0_su_5_히츠지야 마곡발산점_1_003.png",
      "mapx": 37.5606177863587,
      "mapy": 126.833159684952,
      "width": 3840,
      "height": 2160,
      "caption_info": [
        "히츠지야 마곡발산점(마곡동)",
        "테이블, 등받이의자"
      ]
    },
    {
      "image_id": 3,
      "filename": "561465_0_su_5_히츠지야 마곡발산점_1_004.png",
      "mapx": 37.5606177863587,
      "mapy": 126.833159684952,
      "width": 3840,
      "height": 2160,
      "caption_info": [
        "히츠지야 마곡발산점(마곡동)",
        "메뉴판"
      ]
    },
    {
      "image_id": 4,
      "filename": "561465_0_su_5_히츠지야 마곡발산점_1_005.png",
      "mapx": 37.5606177863587,
      "mapy": 126.833159684952,
      "width": 3840,
      "height": 2160,
      "caption_info": [
        "히츠지야 마곡발산점(마곡동)",
        "접시"
      ]
    }
  ],
  "annotations": [
    {
      "image_id": 0,
      "question": [
        {
          "question_id": 0,
          "question_type": "탐색",
          "question": "주차시설이 있나요?",
          "question_wordNum": 2,
          "answer": "있음",
          "answer_wordNum": 1,
          "fact": [
            "히츠지야 마곡발산점,주차시설,있음"
          ]
        },
        {
          "question_id": 1,
          "question_type": "정보",
          "question": "이 곳의 주소는 어떻게 되나요?",
          "question_wordNum": 5,
          "answer": "서울 강서구 마곡동로 61 에이스프라자 1층 106호",
          "answer_wordNum": 7,
          "fact": [
            "히츠지야 마곡발산점,주소,서울 강서구 마곡동로 61 에이스프라자 1층 106호"
          ]
        },
        {
          "question_id": 2,
          "question_type": "정보",
          "question": "이 곳의 주요 메뉴는 무엇이 있나요?",
          "question_wordNum": 6,
          "answer": "램 치즈함바그, 프리미엄 램 어깨살",
          "answer_wordNum": 5,
          "fact": [
            "히츠지야 마곡발산점,메뉴,램 치즈함바그, 프리미엄 램 어깨살"
          ]
        },
        {
          "question_id": 3,
          "question_type": "정보",
          "question": "휴무일을 알 수 있나요?",
          "question_wordNum": 4,
          "answer": "알수없음",
          "answer_wordNum": 1,
          "fact": [
            "히츠지야 마곡발산점,휴무일,알수없음"
          ]
        }
      ]
    },
    {
      "image_id": 1,
      "question": [
        {
          "question_id": 0,
          "question_type": "정보",
          "question": "이 곳의 주소는 어떻게 되나요?",
          "question_wordNum": 5,
          "answer": "서울 강서구 마곡동로 61 에이스프라자 1층 106호",
          "answer_wordNum": 7,
          "fact": [
            "히츠지야 마곡발산점,주소,서울 강서구 마곡동로 61 에이스프라자 1층 106호"
          ]
        },
        {
          "question_id": 1,
          "question_type": "정보",
          "question": "이 곳의 주요 메뉴는 무엇이 있나요?",
          "question_wordNum": 6,
          "answer": "램 치즈함바그, 프리미엄 램 어깨살",
          "answer_wordNum": 5,
          "fact": [
            "히츠지야 마곡발산점,메뉴,램 치즈함바그, 프리미엄 램 어깨살"
          ]
        },
        {
          "question_id": 2,
          "question_type": "탐색",
          "question": "주차시설이 있나요?",
          "question_wordNum": 2,
          "answer": "있음",
          "answer_wordNum": 1,
          "fact": [
            "히츠지야 마곡발산점,주차시설,있음"
          ]
        },
        {
          "question_id": 3,
          "question_type": "정보",
          "question": "영업시간은 어떻게 되나요?",
          "question_wordNum": 3,
          "answer": "12:00/15:00~23:30",
          "answer_wordNum": 1,
          "fact": [
            "히츠지야 마곡발산점,영업시간,12:00/15:00~23:30"
          ]
        }
      ]
    },
    {
      "image_id": 2,
      "question": [
        {
          "question_id": 0,
          "question_type": "정보",
          "question": "휴무일을 알 수 있나요?",
          "question_wordNum": 4,
          "answer": "알수없음",
          "answer_wordNum": 1,
          "fact": [
            "히츠지야 마곡발산점,휴무일,알수없음"
          ]
        },
        {
          "question_id": 1,
          "question_type": "정보",
          "question": "연락처가 어떻게 되나요?",
          "question_wordNum": 3,
          "answer": "0507-1316-3221",
          "answer_wordNum": 1,
          "fact": [
            "히츠지야 마곡발산점,연락처,0507-1316-3221"
          ]
        },
        {
          "question_id": 2,
          "question_type": "정보",
          "question": "이 곳의 주소는 어떻게 되나요?",
          "question_wordNum": 5,
          "answer": "서울 강서구 마곡동로 61 에이스프라자 1층 106호",
          "answer_wordNum": 7,
          "fact": [
            "히츠지야 마곡발산점,주소,서울 강서구 마곡동로 61 에이스프라자 1층 106호"
          ]
        },
        {
          "question_id": 3,
          "question_type": "관계",
          "question": "이 곳에 인접한 시설이 있나요?",
          "question_wordNum": 5,
          "answer": "발산역 9번 출구, 꽈페, GS25",
          "answer_wordNum": 5,
          "fact": [
            "히츠지야 마곡발산점,인접,발산역 9번 출구, 꽈페, GS25"
          ]
        }
      ]
    },
    {
      "image_id": 3,
      "question": [
        {
          "question_id": 0,
          "question_type": "정보",
          "question": "영업시간은 어떻게 되나요?",
          "question_wordNum": 3,
          "answer": "12:00/15:00~23:30",
          "answer_wordNum": 1,
          "fact": [
            "히츠지야 마곡발산점,영업시간,12:00/15:00~23:30"
          ]
        },
        {
          "question_id": 1,
          "question_type": "관계",
          "question": "이 곳에 인접한 시설이 있나요?",
          "question_wordNum": 5,
          "answer": "발산역 9번 출구, 꽈페, GS25",
          "answer_wordNum": 5,
          "fact": [
            "히츠지야 마곡발산점,인접,발산역 9번 출구, 꽈페, GS25"
          ]
        },
        {
          "question_id": 2,
          "question_type": "탐색",
          "question": "주차시설이 있나요?",
          "question_wordNum": 2,
          "answer": "있음",
          "answer_wordNum": 1,
          "fact": [
            "히츠지야 마곡발산점,주차시설,있음"
          ]
        },
        {
          "question_id": 3,
          "question_type": "정보",
          "question": "이 곳의 대표적인 메뉴는 무엇이 있나요?",
          "question_wordNum": 6,
          "answer": "램 치즈함바그, 프리미엄 램 어깨살",
          "answer_wordNum": 5,
          "fact": [
            "히츠지야 마곡발산점,메뉴,램 치즈함바그, 프리미엄 램 어깨살"
          ]
        }
      ]
    },
    {
      "image_id": 4,
      "question": [
        {
          "question_id": 0,
          "question_type": "정보",
          "question": "이 곳의 주요 메뉴는 무엇이 있나요?",
          "question_wordNum": 6,
          "answer": "램 치즈함바그, 프리미엄 램 어깨살",
          "answer_wordNum": 5,
          "fact": [
            "히츠지야 마곡발산점,메뉴,램 치즈함바그, 프리미엄 램 어깨살"
          ]
        },
        {
          "question_id": 1,
          "question_type": "정보",
          "question": "이 곳의 주소는 어떻게 되나요?",
          "question_wordNum": 5,
          "answer": "서울 강서구 마곡동로 61 에이스프라자 1층 106호",
          "answer_wordNum": 7,
          "fact": [
            "히츠지야 마곡발산점,주소,서울 강서구 마곡동로 61 에이스프라자 1층 106호"
          ]
        },
        {
          "question_id": 2,
          "question_type": "관계",
          "question": "이 곳에 인접한 시설이 있나요?",
          "question_wordNum": 5,
          "answer": "발산역 9번 출구, 꽈페, GS25",
          "answer_wordNum": 5,
          "fact": [
            "히츠지야 마곡발산점,인접,발산역 9번 출구, 꽈페, GS25"
          ]
        },
        {
          "question_id": 3,
          "question_type": "정보",
          "question": "연락처가 어떻게 되나요?",
          "question_wordNum": 3,
          "answer": "0507-1316-3221",
          "answer_wordNum": 1,
          "fact": [
            "히츠지야 마곡발산점,연락처,0507-1316-3221"
          ]
        }
      ]
    }
  ]
}