{
  "data": {
    "dataset": "2-083-219",
    "POI_id": "561533",
    "travelType": "음식점",
    "place": "금고깃집 발산직영점",
    "area": "서울"
  },
  "imageInfo": [
    {
      "image_id": 0,
      "filename": "561533_0_su_5_금고깃집 발산직영점_1_001.png",
      "mapx": 37.5605729719154,
      "mapy": 126.837593310628,
      "width": 3840,
      "height": 2160,
      "caption_info": [
        "금고깃집 발산직영점(강서구)",
        "간판"
      ]
    },
    {
      "image_id": 1,
      "filename": "561533_0_su_5_금고깃집 발산직영점_1_002.png",
      "mapx": 37.5605729719154,
      "mapy": 126.837593310628,
      "width": 3840,
      "height": 2160,
      "caption_info": [
        "금고깃집 발산직영점(강서구)",
        "간판"
      ]
    },
    {
      "image_id": 2,
      "filename": "561533_0_su_5_금고깃집 발산직영점_1_003.png",
      "mapx": 37.5605729719154,
      "mapy": 126.837593310628,
      "width": 3840,
      "height": 2160,
      "caption_info": [
        "금고깃집 발산직영점(강서구)",
        "냉장고 "
      ]
    },
    {
      "image_id": 3,
      "filename": "561533_0_su_5_금고깃집 발산직영점_1_004.png",
      "mapx": 37.5605729719154,
      "mapy": 126.837593310628,
      "width": 3840,
      "height": 2160,
      "caption_info": [
        "금고깃집 발산직영점(강서구)",
        "메뉴판 "
      ]
    },
    {
      "image_id": 4,
      "filename": "561533_0_su_5_금고깃집 발산직영점_1_005.png",
      "mapx": 37.5605729719154,
      "mapy": 126.837593310628,
      "width": 3840,
      "height": 2160,
      "caption_info": [
        "금고깃집 발산직영점(강서구)",
        "접시 "
      ]
    }
  ],
  "annotations": [
    {
      "image_id": 0,
      "question": [
        {
          "question_id": 0,
          "question_type": "정보",
          "question": "이 곳의 주소는 어떻게 되나요?",
          "question_wordNum": 5,
          "answer": "서울 강서구 마곡중앙8로 90",
          "answer_wordNum": 4,
          "fact": [
            "금고깃집 발산직영점,주소,서울 강서구 마곡중앙8로 90"
          ]
        },
        {
          "question_id": 1,
          "question_type": "관계",
          "question": "이 곳에 인접한 시설이 있나요?",
          "question_wordNum": 5,
          "answer": "발산역 2번 출구, 라무진, 라까사",
          "answer_wordNum": 5,
          "fact": [
            "금고깃집 발산직영점,인접,발산역 2번 출구, 라무진, 라까사"
          ]
        },
        {
          "question_id": 2,
          "question_type": "정보",
          "question": "이 곳의 메뉴를 알 수 있나요?",
          "question_wordNum": 6,
          "answer": "금돼지 본삼겹살, 금돼지 눈꽃특목살",
          "answer_wordNum": 4,
          "fact": [
            "금고깃집 발산직영점,메뉴,금돼지 본삼겹살, 금돼지 눈꽃특목살"
          ]
        },
        {
          "question_id": 3,
          "question_type": "정보",
          "question": "휴무일은 어떻게 되나요?",
          "question_wordNum": 3,
          "answer": "알수없음",
          "answer_wordNum": 1,
          "fact": [
            "금고깃집 발산직영점,휴무일,알수없음"
          ]
        }
      ]
    },
    {
      "image_id": 1,
      "question": [
        {
          "question_id": 0,
          "question_type": "정보",
          "question": "이 곳의 주소는 어떻게 되나요?",
          "question_wordNum": 5,
          "answer": "서울 강서구 마곡중앙8로 90",
          "answer_wordNum": 4,
          "fact": [
            "금고깃집 발산직영점,주소,서울 강서구 마곡중앙8로 90"
          ]
        },
        {
          "question_id": 1,
          "question_type": "관계",
          "question": "이 곳에 인접한 시설이 있나요?",
          "question_wordNum": 5,
          "answer": "발산역 2번 출구, 라무진, 라까사",
          "answer_wordNum": 5,
          "fact": [
            "금고깃집 발산직영점,인접,발산역 2번 출구, 라무진, 라까사"
          ]
        },
        {
          "question_id": 2,
          "question_type": "정보",
          "question": "휴무일을 알 수 있나요?",
          "question_wordNum": 4,
          "answer": "알수없음",
          "answer_wordNum": 1,
          "fact": [
            "금고깃집 발산직영점,휴무일,알수없음"
          ]
        },
        {
          "question_id": 3,
          "question_type": "탐색",
          "question": "주차시설이 있나요?",
          "question_wordNum": 2,
          "answer": "있음",
          "answer_wordNum": 1,
          "fact": [
            "금고깃집 발산직영점,주차시설,있음"
          ]
        }
      ]
    },
    {
      "image_id": 2,
      "question": [
        {
          "question_id": 0,
          "question_type": "탐색",
          "question": "주차시설이 있나요?",
          "question_wordNum": 2,
          "answer": "있음",
          "answer_wordNum": 1,
          "fact": [
            "금고깃집 발산직영점,주차시설,있음"
          ]
        },
        {
          "question_id": 1,
          "question_type": "관계",
          "question": "이 곳에 인접한 시설을 알 수 있나요?",
          "question_wordNum": 7,
          "answer": "발산역 2번 출구, 라무진, 라까사",
          "answer_wordNum": 5,
          "fact": [
            "금고깃집 발산직영점,인접,발산역 2번 출구, 라무진, 라까사"
          ]
        },
        {
          "question_id": 2,
          "question_type": "정보",
          "question": "연락처를 알 수 있나요?",
          "question_wordNum": 4,
          "answer": "0507-1444-8299",
          "answer_wordNum": 1,
          "fact": [
            "금고깃집 발산직영점,연락처,0507-1444-8299"
          ]
        },
        {
          "question_id": 3,
          "question_type": "정보",
          "question": "영업시간을 알 수 있나요?",
          "question_wordNum": 4,
          "answer": "11:00~23:00",
          "answer_wordNum": 1,
          "fact": [
            "금고깃집 발산직영점,영업시간,11:00~23:00"
          ]
        }
      ]
    },
    {
      "image_id": 3,
      "question": [
        {
          "question_id": 0,
          "question_type": "정보",
          "question": "이 곳의 메뉴를 알 수 있나요?",
          "question_wordNum": 6,
          "answer": "금돼지 본삼겹살, 금돼지 눈꽃특목살",
          "answer_wordNum": 4,
          "fact": [
            "금고깃집 발산직영점,메뉴,금돼지 본삼겹살, 금돼지 눈꽃특목살"
          ]
        },
        {
          "question_id": 1,
          "question_type": "탐색",
          "question": "주차시설이 있는지 알 수 있나요?",
          "question_wordNum": 5,
          "answer": "있음",
          "answer_wordNum": 1,
          "fact": [
            "금고깃집 발산직영점,주차시설,있음"
          ]
        },
        {
          "question_id": 2,
          "question_type": "정보",
          "question": "연락처가 어떻게 되나요?",
          "question_wordNum": 3,
          "answer": "0507-1444-8299",
          "answer_wordNum": 1,
          "fact": [
            "금고깃집 발산직영점,연락처,0507-1444-8299"
          ]
        },
        {
          "question_id": 3,
          "question_type": "정보",
          "question": "영업시간은 어떻게 되나요?",
          "question_wordNum": 3,
          "answer": "11:00~23:00",
          "answer_wordNum": 1,
          "fact": [
            "금고깃집 발산직영점,영업시간,11:00~23:00"
          ]
        }
      ]
    },
    {
      "image_id": 4,
      "question": [
        {
          "question_id": 0,
          "question_type": "탐색",
          "question": "주차시설이 있나요?",
          "question_wordNum": 2,
          "answer": "있음",
          "answer_wordNum": 1,
          "fact": [
            "금고깃집 발산직영점,주차시설,있음"
          ]
        },
        {
          "question_id": 1,
          "question_type": "관계",
          "question": "이 곳에 인접한 시설을 알 수 있나요?",
          "question_wordNum": 7,
          "answer": "발산역 2번 출구, 라무진, 라까사",
          "answer_wordNum": 5,
          "fact": [
            "금고깃집 발산직영점,인접,발산역 2번 출구, 라무진, 라까사"
          ]
        },
        {
          "question_id": 2,
          "question_type": "정보",
          "question": "이 곳의 메뉴를 알 수 있나요?",
          "question_wordNum": 6,
          "answer": "금돼지 본삼겹살, 금돼지 눈꽃특목살",
          "answer_wordNum": 4,
          "fact": [
            "금고깃집 발산직영점,메뉴,금돼지 본삼겹살, 금돼지 눈꽃특목살"
          ]
        },
        {
          "question_id": 3,
          "question_type": "정보",
          "question": "영업시간을 알 수 있나요?",
          "question_wordNum": 4,
          "answer": "11:00~23:00",
          "answer_wordNum": 1,
          "fact": [
            "금고깃집 발산직영점,영업시간,11:00~23:00"
          ]
        }
      ]
    }
  ]
}