{
  "data": {
    "dataset": "2-083-219",
    "POI_id": "561791",
    "travelType": "음식점",
    "place": "남도명가",
    "area": "서울"
  },
  "imageInfo": [
    {
      "image_id": 0,
      "filename": "561791_0_su_5_남도명가_8_001.png",
      "mapx": 37.5575082266816,
      "mapy": 126.839764460303,
      "width": 3840,
      "height": 2160,
      "caption_info": [
        "남도명가(내발산동)",
        "간판"
      ]
    },
    {
      "image_id": 1,
      "filename": "561791_0_su_5_남도명가_8_002.png",
      "mapx": 37.5575082266816,
      "mapy": 126.839764460303,
      "width": 3840,
      "height": 2160,
      "caption_info": [
        "남도명가(내발산동)",
        "간판"
      ]
    },
    {
      "image_id": 2,
      "filename": "561791_0_su_5_남도명가_8_003.png",
      "mapx": 37.5575082266816,
      "mapy": 126.839764460303,
      "width": 3840,
      "height": 2160,
      "caption_info": [
        "남도명가(내발산동)",
        "테이블, 등받이 의자"
      ]
    },
    {
      "image_id": 3,
      "filename": "561791_0_su_5_남도명가_8_004.png",
      "mapx": 37.5575082266816,
      "mapy": 126.839764460303,
      "width": 3840,
      "height": 2160,
      "caption_info": [
        "남도명가(내발산동)",
        "메뉴판"
      ]
    },
    {
      "image_id": 4,
      "filename": "561791_0_su_5_남도명가_8_005.png",
      "mapx": 37.5575082266816,
      "mapy": 126.839764460303,
      "width": 3840,
      "height": 2160,
      "caption_info": [
        "남도명가(내발산동)",
        "보리굴비정식"
      ]
    }
  ],
  "annotations": [
    {
      "image_id": 0,
      "question": [
        {
          "question_id": 0,
          "question_type": "정보",
          "question": "이 곳의 주소는 어떻게 되나요?",
          "question_wordNum": 5,
          "answer": "서울 강서구 강서로52길 34",
          "answer_wordNum": 4,
          "fact": [
            "남도명가,주소,서울 강서구 강서로52길 34"
          ]
        },
        {
          "question_id": 1,
          "question_type": "정보",
          "question": "이 곳의 주요 메뉴를 알 수 있나요?",
          "question_wordNum": 7,
          "answer": "보리굴비정식, 코다리조림",
          "answer_wordNum": 2,
          "fact": [
            "남도명가,메뉴,보리굴비정식, 코다리조림"
          ]
        },
        {
          "question_id": 2,
          "question_type": "탐색",
          "question": "주차시설이 있는지 알 수 있나요?",
          "question_wordNum": 5,
          "answer": "있음",
          "answer_wordNum": 1,
          "fact": [
            "남도명가,주차시설,있음"
          ]
        },
        {
          "question_id": 3,
          "question_type": "정보",
          "question": "영업시간을 알 수 있나요?",
          "question_wordNum": 4,
          "answer": "알수없음",
          "answer_wordNum": 1,
          "fact": [
            "남도명가,영업시간,알수없음"
          ]
        }
      ]
    },
    {
      "image_id": 1,
      "question": [
        {
          "question_id": 0,
          "question_type": "탐색",
          "question": "주차시설이 있나요?",
          "question_wordNum": 2,
          "answer": "있음",
          "answer_wordNum": 1,
          "fact": [
            "남도명가,주차시설,있음"
          ]
        },
        {
          "question_id": 1,
          "question_type": "정보",
          "question": "이 곳의 주소를 알 수 있나요?",
          "question_wordNum": 6,
          "answer": "서울 강서구 강서로52길 34",
          "answer_wordNum": 4,
          "fact": [
            "남도명가,주소,서울 강서구 강서로52길 34"
          ]
        },
        {
          "question_id": 2,
          "question_type": "정보",
          "question": "휴무일을 알 수 있나요?",
          "question_wordNum": 4,
          "answer": "알수없음",
          "answer_wordNum": 1,
          "fact": [
            "남도명가,휴무일,알수없음"
          ]
        },
        {
          "question_id": 3,
          "question_type": "정보",
          "question": "연락처를 알 수 있나요?",
          "question_wordNum": 4,
          "answer": "02-3663-3899",
          "answer_wordNum": 1,
          "fact": [
            "남도명가,연락처,02-3663-3899"
          ]
        }
      ]
    },
    {
      "image_id": 2,
      "question": [
        {
          "question_id": 0,
          "question_type": "정보",
          "question": "연락처가 어떻게 되나요?",
          "question_wordNum": 3,
          "answer": "02-3663-3899",
          "answer_wordNum": 1,
          "fact": [
            "남도명가,연락처,02-3663-3899"
          ]
        },
        {
          "question_id": 1,
          "question_type": "정보",
          "question": "영업시간은 몇시부터 몇시까지로 기재되어 있나요?",
          "question_wordNum": 5,
          "answer": "알수없음",
          "answer_wordNum": 1,
          "fact": [
            "남도명가,영업시간,알수없음"
          ]
        },
        {
          "question_id": 2,
          "question_type": "정보",
          "question": "휴무일은 어떻게 되나요?",
          "question_wordNum": 3,
          "answer": "알수없음",
          "answer_wordNum": 1,
          "fact": [
            "남도명가,휴무일,알수없음"
          ]
        },
        {
          "question_id": 3,
          "question_type": "정보",
          "question": "이 곳의 대표적인 메뉴를 알 수 있나요?",
          "question_wordNum": 7,
          "answer": "보리굴비정식, 코다리조림",
          "answer_wordNum": 2,
          "fact": [
            "남도명가,메뉴,보리굴비정식, 코다리조림"
          ]
        }
      ]
    },
    {
      "image_id": 3,
      "question": [
        {
          "question_id": 0,
          "question_type": "탐색",
          "question": "주차시설이 있나요?",
          "question_wordNum": 2,
          "answer": "있음",
          "answer_wordNum": 1,
          "fact": [
            "남도명가,주차시설,있음"
          ]
        },
        {
          "question_id": 1,
          "question_type": "정보",
          "question": "영업시간을 알 수 있나요?",
          "question_wordNum": 4,
          "answer": "알수없음",
          "answer_wordNum": 1,
          "fact": [
            "남도명가,영업시간,알수없음"
          ]
        },
        {
          "question_id": 2,
          "question_type": "정보",
          "question": "연락처가 어떻게 되나요?",
          "question_wordNum": 3,
          "answer": "02-3663-3899",
          "answer_wordNum": 1,
          "fact": [
            "남도명가,연락처,02-3663-3899"
          ]
        },
        {
          "question_id": 3,
          "question_type": "관계",
          "question": "이 곳에 인접한 시설이 있나요?",
          "question_wordNum": 5,
          "answer": "발산역 6번 출구, 장어촌, 당초육",
          "answer_wordNum": 5,
          "fact": [
            "남도명가,인접,발산역 6번 출구, 장어촌, 당초육"
          ]
        }
      ]
    },
    {
      "image_id": 4,
      "question": [
        {
          "question_id": 0,
          "question_type": "정보",
          "question": "이 곳의 주소는 어떻게 되나요?",
          "question_wordNum": 5,
          "answer": "서울 강서구 강서로52길 34",
          "answer_wordNum": 4,
          "fact": [
            "남도명가,주소,서울 강서구 강서로52길 34"
          ]
        },
        {
          "question_id": 1,
          "question_type": "정보",
          "question": "이 곳의 주요 메뉴를 알 수 있나요?",
          "question_wordNum": 7,
          "answer": "보리굴비정식, 코다리조림",
          "answer_wordNum": 2,
          "fact": [
            "남도명가,메뉴,보리굴비정식, 코다리조림"
          ]
        },
        {
          "question_id": 2,
          "question_type": "관계",
          "question": "이 곳에 인접한 시설을 알 수 있나요?",
          "question_wordNum": 7,
          "answer": "발산역 6번 출구, 장어촌, 당초육",
          "answer_wordNum": 5,
          "fact": [
            "남도명가,인접,발산역 6번 출구, 장어촌, 당초육"
          ]
        },
        {
          "question_id": 3,
          "question_type": "정보",
          "question": "휴무일을 알 수 있나요?",
          "question_wordNum": 4,
          "answer": "알수없음",
          "answer_wordNum": 1,
          "fact": [
            "남도명가,휴무일,알수없음"
          ]
        }
      ]
    }
  ]
}