{
  "data": {
    "dataset": "2-083-219",
    "POI_id": "561532",
    "travelType": "음식점",
    "place": "바삭파삭 일식 다이닝",
    "area": "서울"
  },
  "imageInfo": [
    {
      "image_id": 0,
      "filename": "561532_0_su_5_바삭파삭 일식 다이닝_1_001.png",
      "mapx": 37.5673140391214,
      "mapy": 126.827554917518,
      "width": 3840,
      "height": 2160,
      "caption_info": [
        "바삭파삭 일식 다이닝(마곡동)",
        "테이블, 의자, 어닝, 간판"
      ]
    },
    {
      "image_id": 1,
      "filename": "561532_0_su_5_바삭파삭 일식 다이닝_1_002.png",
      "mapx": 37.5673140391214,
      "mapy": 126.827554917518,
      "width": 3840,
      "height": 2160,
      "caption_info": [
        "바삭파삭 일식 다이닝(마곡동)",
        "간판, 어닝"
      ]
    },
    {
      "image_id": 2,
      "filename": "561532_0_su_5_바삭파삭 일식 다이닝_1_003.png",
      "mapx": 37.5673140391214,
      "mapy": 126.827554917518,
      "width": 3840,
      "height": 2160,
      "caption_info": [
        "바삭파삭 일식 다이닝(마곡동)",
        "테이블, 의자"
      ]
    },
    {
      "image_id": 3,
      "filename": "561532_0_su_5_바삭파삭 일식 다이닝_1_004.png",
      "mapx": 37.5673140391214,
      "mapy": 126.827554917518,
      "width": 3840,
      "height": 2160,
      "caption_info": [
        "바삭파삭 일식 다이닝(마곡동)",
        "메뉴판"
      ]
    },
    {
      "image_id": 4,
      "filename": "561532_0_su_5_바삭파삭 일식 다이닝_1_005.png",
      "mapx": 37.5673140391214,
      "mapy": 126.827554917518,
      "width": 3840,
      "height": 2160,
      "caption_info": [
        "바삭파삭 일식 다이닝(마곡동)",
        "텐동, 우동"
      ]
    }
  ],
  "annotations": [
    {
      "image_id": 0,
      "question": [
        {
          "question_id": 0,
          "question_type": "정보",
          "question": "영업시간을 알 수 있나요?",
          "question_wordNum": 4,
          "answer": "11:00-22:00/23:00",
          "answer_wordNum": 1,
          "fact": [
            "바삭파삭 일식 다이닝,영업시간,11:00-22:00/23:00"
          ]
        },
        {
          "question_id": 1,
          "question_type": "관계",
          "question": "이 곳에 인접한 시설을 알 수 있나요?",
          "question_wordNum": 7,
          "answer": "마곡나루역 2번 출구, 투썸플레이스, 파리바게뜨, 봉이밥",
          "answer_wordNum": 6,
          "fact": [
            "바삭파삭 일식 다이닝,인접,마곡나루역 2번 출구, 투썸플레이스, 파리바게뜨, 봉이밥"
          ]
        },
        {
          "question_id": 2,
          "question_type": "탐색",
          "question": "주차시설이 있는지 알 수 있나요?",
          "question_wordNum": 5,
          "answer": "있음",
          "answer_wordNum": 1,
          "fact": [
            "바삭파삭 일식 다이닝,주차시설,있음"
          ]
        },
        {
          "question_id": 3,
          "question_type": "정보",
          "question": "이 곳의 대표적인 메뉴를 알 수 있나요?",
          "question_wordNum": 7,
          "answer": "바삭파삭텐동, 튀김냄비우동",
          "answer_wordNum": 2,
          "fact": [
            "바삭파삭 일식 다이닝,메뉴,바삭파삭텐동, 튀김냄비우동"
          ]
        }
      ]
    },
    {
      "image_id": 1,
      "question": [
        {
          "question_id": 0,
          "question_type": "정보",
          "question": "영업시간은 몇시부터 몇시까지로 기재되어 있나요?",
          "question_wordNum": 5,
          "answer": "11:00-22:00/23:00",
          "answer_wordNum": 1,
          "fact": [
            "바삭파삭 일식 다이닝,영업시간,11:00-22:00/23:00"
          ]
        },
        {
          "question_id": 1,
          "question_type": "관계",
          "question": "이 곳에 인접한 시설을 알 수 있나요?",
          "question_wordNum": 7,
          "answer": "마곡나루역 2번 출구, 투썸플레이스, 파리바게뜨, 봉이밥",
          "answer_wordNum": 6,
          "fact": [
            "바삭파삭 일식 다이닝,인접,마곡나루역 2번 출구, 투썸플레이스, 파리바게뜨, 봉이밥"
          ]
        },
        {
          "question_id": 2,
          "question_type": "정보",
          "question": "연락처를 알 수 있나요?",
          "question_wordNum": 4,
          "answer": "0507-1472-8486",
          "answer_wordNum": 1,
          "fact": [
            "바삭파삭 일식 다이닝,연락처,0507-1472-8486"
          ]
        },
        {
          "question_id": 3,
          "question_type": "탐색",
          "question": "주차시설이 있나요?",
          "question_wordNum": 2,
          "answer": "있음",
          "answer_wordNum": 1,
          "fact": [
            "바삭파삭 일식 다이닝,주차시설,있음"
          ]
        }
      ]
    },
    {
      "image_id": 2,
      "question": [
        {
          "question_id": 0,
          "question_type": "정보",
          "question": "휴무일은 어떻게 되나요?",
          "question_wordNum": 3,
          "answer": "알수없음",
          "answer_wordNum": 1,
          "fact": [
            "바삭파삭 일식 다이닝,휴무일,알수없음"
          ]
        },
        {
          "question_id": 1,
          "question_type": "정보",
          "question": "이 곳의 대표적인 메뉴는 무엇이 있나요?",
          "question_wordNum": 6,
          "answer": "바삭파삭텐동, 튀김냄비우동",
          "answer_wordNum": 2,
          "fact": [
            "바삭파삭 일식 다이닝,메뉴,바삭파삭텐동, 튀김냄비우동"
          ]
        },
        {
          "question_id": 2,
          "question_type": "탐색",
          "question": "주차시설이 있나요?",
          "question_wordNum": 2,
          "answer": "있음",
          "answer_wordNum": 1,
          "fact": [
            "바삭파삭 일식 다이닝,주차시설,있음"
          ]
        },
        {
          "question_id": 3,
          "question_type": "정보",
          "question": "이 곳의 주소를 알 수 있나요?",
          "question_wordNum": 6,
          "answer": "서울 강서구 마곡중앙5로 6 보타닉푸르지오시티 1층 159호",
          "answer_wordNum": 7,
          "fact": [
            "바삭파삭 일식 다이닝,주소,서울 강서구 마곡중앙5로 6 보타닉푸르지오시티  1층 159호"
          ]
        }
      ]
    },
    {
      "image_id": 3,
      "question": [
        {
          "question_id": 0,
          "question_type": "정보",
          "question": "영업시간은 어떻게 되나요?",
          "question_wordNum": 3,
          "answer": "11:00-22:00/23:00",
          "answer_wordNum": 1,
          "fact": [
            "바삭파삭 일식 다이닝,영업시간,11:00-22:00/23:00"
          ]
        },
        {
          "question_id": 1,
          "question_type": "정보",
          "question": "이 곳의 주요 메뉴는 무엇이 있나요?",
          "question_wordNum": 6,
          "answer": "바삭파삭텐동, 튀김냄비우동",
          "answer_wordNum": 2,
          "fact": [
            "바삭파삭 일식 다이닝,메뉴,바삭파삭텐동, 튀김냄비우동"
          ]
        },
        {
          "question_id": 2,
          "question_type": "관계",
          "question": "이 곳에 인접한 시설을 알 수 있나요?",
          "question_wordNum": 7,
          "answer": "마곡나루역 2번 출구, 투썸플레이스, 파리바게뜨, 봉이밥",
          "answer_wordNum": 6,
          "fact": [
            "바삭파삭 일식 다이닝,인접,마곡나루역 2번 출구, 투썸플레이스, 파리바게뜨, 봉이밥"
          ]
        },
        {
          "question_id": 3,
          "question_type": "정보",
          "question": "이 곳의 주소를 알 수 있나요?",
          "question_wordNum": 6,
          "answer": "서울 강서구 마곡중앙5로 6 보타닉푸르지오시티 1층 159호",
          "answer_wordNum": 7,
          "fact": [
            "바삭파삭 일식 다이닝,주소,서울 강서구 마곡중앙5로 6 보타닉푸르지오시티  1층 159호"
          ]
        }
      ]
    },
    {
      "image_id": 4,
      "question": [
        {
          "question_id": 0,
          "question_type": "정보",
          "question": "휴무일은 어떻게 되나요?",
          "question_wordNum": 3,
          "answer": "알수없음",
          "answer_wordNum": 1,
          "fact": [
            "바삭파삭 일식 다이닝,휴무일,알수없음"
          ]
        },
        {
          "question_id": 1,
          "question_type": "탐색",
          "question": "주차시설이 있나요?",
          "question_wordNum": 2,
          "answer": "있음",
          "answer_wordNum": 1,
          "fact": [
            "바삭파삭 일식 다이닝,주차시설,있음"
          ]
        },
        {
          "question_id": 2,
          "question_type": "정보",
          "question": "이 곳의 주요 메뉴를 알 수 있나요?",
          "question_wordNum": 7,
          "answer": "바삭파삭텐동, 튀김냄비우동",
          "answer_wordNum": 2,
          "fact": [
            "바삭파삭 일식 다이닝,메뉴,바삭파삭텐동, 튀김냄비우동"
          ]
        },
        {
          "question_id": 3,
          "question_type": "정보",
          "question": "이 곳의 주소를 알 수 있나요?",
          "question_wordNum": 6,
          "answer": "서울 강서구 마곡중앙5로 6 보타닉푸르지오시티 1층 159호",
          "answer_wordNum": 7,
          "fact": [
            "바삭파삭 일식 다이닝,주소,서울 강서구 마곡중앙5로 6 보타닉푸르지오시티  1층 159호"
          ]
        }
      ]
    }
  ]
}