{
  "data": {
    "dataset": "2-083-219",
    "POI_id": "561496",
    "travelType": "음식점",
    "place": "사위식당 마곡점",
    "area": "서울"
  },
  "imageInfo": [
    {
      "image_id": 0,
      "filename": "561496_0_su_5_사위식당 마곡점_1_001.png",
      "mapx": 37.5596003426585,
      "mapy": 126.832686373319,
      "width": 3840,
      "height": 2160,
      "caption_info": [
        "사위식당 마곡점(마곡동)",
        "간판, 화분"
      ]
    },
    {
      "image_id": 1,
      "filename": "561496_0_su_5_사위식당 마곡점_1_002.png",
      "mapx": 37.5596003426585,
      "mapy": 126.832686373319,
      "width": 3840,
      "height": 2160,
      "caption_info": [
        "사위식당 마곡점(마곡동)",
        "간판"
      ]
    },
    {
      "image_id": 2,
      "filename": "561496_0_su_5_사위식당 마곡점_1_003.png",
      "mapx": 37.5596003426585,
      "mapy": 126.832686373319,
      "width": 3840,
      "height": 2160,
      "caption_info": [
        "사위식당 마곡점(마곡동)",
        "테이블, 등받이의자"
      ]
    },
    {
      "image_id": 3,
      "filename": "561496_0_su_5_사위식당 마곡점_1_004.png",
      "mapx": 37.5596003426585,
      "mapy": 126.832686373319,
      "width": 3840,
      "height": 2160,
      "caption_info": [
        "사위식당 마곡점(마곡동)",
        "메뉴판"
      ]
    },
    {
      "image_id": 4,
      "filename": "561496_0_su_5_사위식당 마곡점_1_005.png",
      "mapx": 37.5596003426585,
      "mapy": 126.832686373319,
      "width": 3840,
      "height": 2160,
      "caption_info": [
        "사위식당 마곡점(마곡동)",
        "고기"
      ]
    }
  ],
  "annotations": [
    {
      "image_id": 0,
      "question": [
        {
          "question_id": 0,
          "question_type": "정보",
          "question": "영업시간은 어떻게 되나요?",
          "question_wordNum": 3,
          "answer": "11:00~22:00",
          "answer_wordNum": 1,
          "fact": [
            "사위식당 마곡점,영업시간,11:00~22:00"
          ]
        },
        {
          "question_id": 1,
          "question_type": "정보",
          "question": "휴무일을 알 수 있나요?",
          "question_wordNum": 4,
          "answer": "알수없음",
          "answer_wordNum": 1,
          "fact": [
            "사위식당 마곡점,휴무일,알수없음"
          ]
        },
        {
          "question_id": 2,
          "question_type": "정보",
          "question": "이 곳의 주요 메뉴는 무엇이 있나요?",
          "question_wordNum": 6,
          "answer": "낙삼새, 동래 부추전",
          "answer_wordNum": 3,
          "fact": [
            "사위식당 마곡점,메뉴,낙삼새, 동래 부추전"
          ]
        },
        {
          "question_id": 3,
          "question_type": "탐색",
          "question": "주차시설이 있나요?",
          "question_wordNum": 2,
          "answer": "있음",
          "answer_wordNum": 1,
          "fact": [
            "사위식당 마곡점,주차시설,있음"
          ]
        }
      ]
    },
    {
      "image_id": 1,
      "question": [
        {
          "question_id": 0,
          "question_type": "탐색",
          "question": "주차시설이 있나요?",
          "question_wordNum": 2,
          "answer": "있음",
          "answer_wordNum": 1,
          "fact": [
            "사위식당 마곡점,주차시설,있음"
          ]
        },
        {
          "question_id": 1,
          "question_type": "정보",
          "question": "휴무일을 알 수 있나요?",
          "question_wordNum": 4,
          "answer": "알수없음",
          "answer_wordNum": 1,
          "fact": [
            "사위식당 마곡점,휴무일,알수없음"
          ]
        },
        {
          "question_id": 2,
          "question_type": "관계",
          "question": "이 곳에 인접한 시설이 있나요?",
          "question_wordNum": 5,
          "answer": "발산역 9번 출구, 커피빈, 육전국밥",
          "answer_wordNum": 5,
          "fact": [
            "사위식당 마곡점,인접,발산역 9번 출구, 커피빈, 육전국밥"
          ]
        },
        {
          "question_id": 3,
          "question_type": "정보",
          "question": "이 곳의 주요 메뉴는 무엇이 있나요?",
          "question_wordNum": 6,
          "answer": "낙삼새, 동래 부추전",
          "answer_wordNum": 3,
          "fact": [
            "사위식당 마곡점,메뉴,낙삼새, 동래 부추전"
          ]
        }
      ]
    },
    {
      "image_id": 2,
      "question": [
        {
          "question_id": 0,
          "question_type": "탐색",
          "question": "주차시설이 있나요?",
          "question_wordNum": 2,
          "answer": "있음",
          "answer_wordNum": 1,
          "fact": [
            "사위식당 마곡점,주차시설,있음"
          ]
        },
        {
          "question_id": 1,
          "question_type": "관계",
          "question": "이 곳에 인접한 시설이 있나요?",
          "question_wordNum": 5,
          "answer": "발산역 9번 출구, 커피빈, 육전국밥",
          "answer_wordNum": 5,
          "fact": [
            "사위식당 마곡점,인접,발산역 9번 출구, 커피빈, 육전국밥"
          ]
        },
        {
          "question_id": 2,
          "question_type": "정보",
          "question": "휴무일을 알 수 있나요?",
          "question_wordNum": 4,
          "answer": "알수없음",
          "answer_wordNum": 1,
          "fact": [
            "사위식당 마곡점,휴무일,알수없음"
          ]
        },
        {
          "question_id": 3,
          "question_type": "정보",
          "question": "영업시간은 어떻게 되나요?",
          "question_wordNum": 3,
          "answer": "11:00~22:00",
          "answer_wordNum": 1,
          "fact": [
            "사위식당 마곡점,영업시간,11:00~22:00"
          ]
        }
      ]
    },
    {
      "image_id": 3,
      "question": [
        {
          "question_id": 0,
          "question_type": "정보",
          "question": "이 곳의 주소는 어떻게 되나요?",
          "question_wordNum": 5,
          "answer": "서울 강서구 공항대로 227 1층 112호",
          "answer_wordNum": 6,
          "fact": [
            "사위식당 마곡점,주소,서울 강서구 공항대로 227 1층 112호"
          ]
        },
        {
          "question_id": 1,
          "question_type": "정보",
          "question": "연락처가 어떻게 되나요?",
          "question_wordNum": 3,
          "answer": "0507-1495-2242",
          "answer_wordNum": 1,
          "fact": [
            "사위식당 마곡점,연락처,0507-1495-2242"
          ]
        },
        {
          "question_id": 2,
          "question_type": "정보",
          "question": "이 곳의 주요 메뉴는 무엇이 있나요?",
          "question_wordNum": 6,
          "answer": "낙삼새, 동래 부추전",
          "answer_wordNum": 3,
          "fact": [
            "사위식당 마곡점,메뉴,낙삼새, 동래 부추전"
          ]
        },
        {
          "question_id": 3,
          "question_type": "정보",
          "question": "영업시간은 어떻게 되나요?",
          "question_wordNum": 3,
          "answer": "11:00~22:00",
          "answer_wordNum": 1,
          "fact": [
            "사위식당 마곡점,영업시간,11:00~22:00"
          ]
        }
      ]
    },
    {
      "image_id": 4,
      "question": [
        {
          "question_id": 0,
          "question_type": "관계",
          "question": "이 곳에 인접한 시설이 있나요?",
          "question_wordNum": 5,
          "answer": "발산역 9번 출구, 커피빈, 육전국밥",
          "answer_wordNum": 5,
          "fact": [
            "사위식당 마곡점,인접,발산역 9번 출구, 커피빈, 육전국밥"
          ]
        },
        {
          "question_id": 1,
          "question_type": "정보",
          "question": "연락처가 어떻게 되나요?",
          "question_wordNum": 3,
          "answer": "0507-1495-2242",
          "answer_wordNum": 1,
          "fact": [
            "사위식당 마곡점,연락처,0507-1495-2242"
          ]
        },
        {
          "question_id": 2,
          "question_type": "정보",
          "question": "이 곳의 주소는 어떻게 되나요?",
          "question_wordNum": 5,
          "answer": "서울 강서구 공항대로 227 1층 112호",
          "answer_wordNum": 6,
          "fact": [
            "사위식당 마곡점,주소,서울 강서구 공항대로 227 1층 112호"
          ]
        },
        {
          "question_id": 3,
          "question_type": "정보",
          "question": "휴무일을 알 수 있나요?",
          "question_wordNum": 4,
          "answer": "알수없음",
          "answer_wordNum": 1,
          "fact": [
            "사위식당 마곡점,휴무일,알수없음"
          ]
        }
      ]
    }
  ]
}