{
  "data": {
    "dataset": "2-083-219",
    "POI_id": "561399",
    "travelType": "음식점",
    "place": "명량",
    "area": "서울"
  },
  "imageInfo": [
    {
      "image_id": 0,
      "filename": "561399_0_su_5_명량_1_001.png",
      "mapx": 37.5657010514328,
      "mapy": 126.84764409296,
      "width": 3840,
      "height": 2160,
      "caption_info": [
        "명량(가양동)",
        "여닫이문, 메뉴판"
      ]
    },
    {
      "image_id": 1,
      "filename": "561399_0_su_5_명량_1_002.png",
      "mapx": 37.5657010514328,
      "mapy": 126.84764409296,
      "width": 3840,
      "height": 2160,
      "caption_info": [
        "명량(가양동)",
        "건물, 간판"
      ]
    },
    {
      "image_id": 2,
      "filename": "561399_0_su_5_명량_1_003.png",
      "mapx": 37.5657010514328,
      "mapy": 126.84764409296,
      "width": 3840,
      "height": 2160,
      "caption_info": [
        "명량(가양동)",
        "테이블, 등받이의자"
      ]
    },
    {
      "image_id": 3,
      "filename": "561399_0_su_5_명량_1_004.png",
      "mapx": 37.5657010514328,
      "mapy": 126.84764409296,
      "width": 3840,
      "height": 2160,
      "caption_info": [
        "명량(가양동)",
        "메뉴판"
      ]
    },
    {
      "image_id": 4,
      "filename": "561399_0_su_5_명량_1_005.png",
      "mapx": 37.5657010514328,
      "mapy": 126.84764409296,
      "width": 3840,
      "height": 2160,
      "caption_info": [
        "명량(가양동)",
        "고추"
      ]
    }
  ],
  "annotations": [
    {
      "image_id": 0,
      "question": [
        {
          "question_id": 0,
          "question_type": "탐색",
          "question": "주차시설이 있나요?",
          "question_wordNum": 2,
          "answer": "낙지덮밥, 대구탕",
          "answer_wordNum": 2,
          "fact": [
            "명량,메뉴,낙지덮밥, 대구탕"
          ]
        },
        {
          "question_id": 1,
          "question_type": "정보",
          "question": "이 곳의 주요 메뉴는 무엇이 있나요?",
          "question_wordNum": 6,
          "answer": "낙지덮밥, 대구탕",
          "answer_wordNum": 2,
          "fact": [
            "명량,메뉴,낙지덮밥, 대구탕"
          ]
        },
        {
          "question_id": 2,
          "question_type": "정보",
          "question": "연락처를 알 수 있나요?",
          "question_wordNum": 4,
          "answer": "02-2638-5848",
          "answer_wordNum": 1,
          "fact": [
            "명량,연락처,02-2638-5848"
          ]
        },
        {
          "question_id": 3,
          "question_type": "정보",
          "question": "이 곳에 인접한 시설이 있나요?",
          "question_wordNum": 5,
          "answer": "올래김밥, 카페게이트, 양천향교역 4번 출구",
          "answer_wordNum": 5,
          "fact": [
            "명량,인접,올래김밥, 카페게이트, 양천향교역 4번 출구"
          ]
        }
      ]
    },
    {
      "image_id": 1,
      "question": [
        {
          "question_id": 0,
          "question_type": "정보",
          "question": "휴무일은 어떻게 되나요?",
          "question_wordNum": 3,
          "answer": "없음",
          "answer_wordNum": 1,
          "fact": [
            "명량,휴무일,없음"
          ]
        },
        {
          "question_id": 1,
          "question_type": "탐색",
          "question": "주차시설이 있나요?",
          "question_wordNum": 2,
          "answer": "있음",
          "answer_wordNum": 1,
          "fact": [
            "명량,주차시설,있음"
          ]
        },
        {
          "question_id": 2,
          "question_type": "정보",
          "question": "연락처가 어떻게 되나요?",
          "question_wordNum": 3,
          "answer": "02-2638-5848",
          "answer_wordNum": 1,
          "fact": [
            "명량,연락처,02-2638-5848"
          ]
        },
        {
          "question_id": 3,
          "question_type": "정보",
          "question": "이 곳에 인접한 시설이 있나요?",
          "question_wordNum": 5,
          "answer": "올래김밥, 카페게이트, 양천향교역 4번 출구",
          "answer_wordNum": 5,
          "fact": [
            "명량,인접,올래김밥, 카페게이트, 양천향교역 4번 출구"
          ]
        }
      ]
    },
    {
      "image_id": 2,
      "question": [
        {
          "question_id": 0,
          "question_type": "탐색",
          "question": "주차시설이 있나요?",
          "question_wordNum": 2,
          "answer": "있음",
          "answer_wordNum": 1,
          "fact": [
            "명량,주차시설,있음"
          ]
        },
        {
          "question_id": 1,
          "question_type": "정보",
          "question": "연락처를 알 수 있나요?",
          "question_wordNum": 4,
          "answer": "02-2638-5848",
          "answer_wordNum": 1,
          "fact": [
            "명량,연락처,02-2638-5848"
          ]
        },
        {
          "question_id": 2,
          "question_type": "정보",
          "question": "영업시간을 알 수 있나요?",
          "question_wordNum": 4,
          "answer": "11:00 - 22:00",
          "answer_wordNum": 3,
          "fact": [
            "명량,영업시간,11:00 - 22:00"
          ]
        },
        {
          "question_id": 3,
          "question_type": "정보",
          "question": "이 곳에 인접한 시설이 있나요?",
          "question_wordNum": 5,
          "answer": "올래김밥, 카페게이트, 양천향교역 4번 출구",
          "answer_wordNum": 5,
          "fact": [
            "명량,인접,올래김밥, 카페게이트, 양천향교역 4번 출구"
          ]
        }
      ]
    },
    {
      "image_id": 3,
      "question": [
        {
          "question_id": 0,
          "question_type": "정보",
          "question": "연락처를 알 수 있나요?",
          "question_wordNum": 4,
          "answer": "02-2638-5848",
          "answer_wordNum": 1,
          "fact": [
            "명량,연락처,02-2638-5848"
          ]
        },
        {
          "question_id": 1,
          "question_type": "정보",
          "question": "휴무일을 알 수 있나요?",
          "question_wordNum": 4,
          "answer": "없음",
          "answer_wordNum": 1,
          "fact": [
            "명량,휴무일,없음"
          ]
        },
        {
          "question_id": 2,
          "question_type": "탐색",
          "question": "주차시설이 있는지 알 수 있나요?",
          "question_wordNum": 5,
          "answer": "있음",
          "answer_wordNum": 1,
          "fact": [
            "명량,주차시설,있음"
          ]
        },
        {
          "question_id": 3,
          "question_type": "정보",
          "question": "이 곳에 인접한 시설이 있나요?",
          "question_wordNum": 5,
          "answer": "올래김밥, 카페게이트, 양천향교역 4번 출구",
          "answer_wordNum": 5,
          "fact": [
            "명량,인접,올래김밥, 카페게이트, 양천향교역 4번 출구"
          ]
        }
      ]
    },
    {
      "image_id": 4,
      "question": [
        {
          "question_id": 0,
          "question_type": "탐색",
          "question": "주차시설이 있는지 알 수 있나요?",
          "question_wordNum": 5,
          "answer": "있음",
          "answer_wordNum": 1,
          "fact": [
            "명량,주차시설,있음"
          ]
        },
        {
          "question_id": 1,
          "question_type": "정보",
          "question": "연락처가 어떻게 되나요?",
          "question_wordNum": 3,
          "answer": "02-2638-5848",
          "answer_wordNum": 1,
          "fact": [
            "명량,연락처,02-2638-5848"
          ]
        },
        {
          "question_id": 2,
          "question_type": "정보",
          "question": "휴무일은 어떻게 되나요?",
          "question_wordNum": 3,
          "answer": "없음",
          "answer_wordNum": 1,
          "fact": [
            "명량,휴무일,없음"
          ]
        },
        {
          "question_id": 3,
          "question_type": "정보",
          "question": "이 곳에 인접한 시설이 있나요?",
          "question_wordNum": 5,
          "answer": "올래김밥, 카페게이트, 양천향교역 4번 출구",
          "answer_wordNum": 5,
          "fact": [
            "명량,인접,올래김밥, 카페게이트, 양천향교역 4번 출구"
          ]
        }
      ]
    }
  ]
}