{
  "data": {
    "dataset": "2-083-219",
    "POI_id": "561748",
    "travelType": "음식점",
    "place": "아벵브레드 ",
    "area": "서울"
  },
  "imageInfo": [
    {
      "image_id": 0,
      "filename": "561748_0_su_5_아벵브레드 _1_001.png",
      "mapx": 37.5572344334833,
      "mapy": 126.843609294059,
      "width": 3840,
      "height": 2160,
      "caption_info": [
        "아벵브레드(강서구) ",
        "간판"
      ]
    },
    {
      "image_id": 1,
      "filename": "561748_0_su_5_아벵브레드 _1_002.png",
      "mapx": 37.5572344334833,
      "mapy": 126.843609294059,
      "width": 3840,
      "height": 2160,
      "caption_info": [
        "아벵브레드(강서구) ",
        "간판"
      ]
    },
    {
      "image_id": 2,
      "filename": "561748_0_su_5_아벵브레드 _1_003.png",
      "mapx": 37.5572344334833,
      "mapy": 126.843609294059,
      "width": 3840,
      "height": 2160,
      "caption_info": [
        "아벵브레드(강서구) ",
        "등받이 의자"
      ]
    },
    {
      "image_id": 3,
      "filename": "561748_0_su_5_아벵브레드 _1_004.png",
      "mapx": 37.5572344334833,
      "mapy": 126.843609294059,
      "width": 3840,
      "height": 2160,
      "caption_info": [
        "아벵브레드(강서구) ",
        "빵 "
      ]
    },
    {
      "image_id": 4,
      "filename": "561748_0_su_5_아벵브레드 _1_005.png",
      "mapx": 37.5572344334833,
      "mapy": 126.843609294059,
      "width": 3840,
      "height": 2160,
      "caption_info": [
        "아벵브레드(강서구) ",
        "빵 "
      ]
    }
  ],
  "annotations": [
    {
      "image_id": 0,
      "question": [
        {
          "question_id": 0,
          "question_type": "정보",
          "question": "휴무일을 알 수 있나요?",
          "question_wordNum": 4,
          "answer": "없음",
          "answer_wordNum": 1,
          "fact": [
            "아벵브레드,휴무일,없음"
          ]
        },
        {
          "question_id": 1,
          "question_type": "정보",
          "question": "영업시간을 알 수 있나요?",
          "question_wordNum": 4,
          "answer": "07:00 - 23:00",
          "answer_wordNum": 3,
          "fact": [
            "아벵브레드,영업시간,07:00 - 23:00"
          ]
        },
        {
          "question_id": 2,
          "question_type": "정보",
          "question": "이 곳의 메뉴를 알 수 있나요?",
          "question_wordNum": 6,
          "answer": "고구마찰빵, 세사미",
          "answer_wordNum": 2,
          "fact": [
            "아벵브레드,메뉴,고구마찰빵, 세사미"
          ]
        },
        {
          "question_id": 3,
          "question_type": "관계",
          "question": "이 곳에 인접한 시설을 알 수 있나요?",
          "question_wordNum": 7,
          "answer": "발산역 5번 출구, 교촌치킨, 노르웨이숲이",
          "answer_wordNum": 5,
          "fact": [
            "아벵브레드,인접,발산역 5번 출구, 교촌치킨, 노르웨이숲이"
          ]
        }
      ]
    },
    {
      "image_id": 1,
      "question": [
        {
          "question_id": 0,
          "question_type": "정보",
          "question": "연락처를 알 수 있나요?",
          "question_wordNum": 4,
          "answer": "02-2658-8849",
          "answer_wordNum": 1,
          "fact": [
            "아벵브레드,연락처,02-2658-8849"
          ]
        },
        {
          "question_id": 1,
          "question_type": "관계",
          "question": "이 곳에 인접한 시설이 있나요?",
          "question_wordNum": 5,
          "answer": "발산역 5번 출구, 교촌치킨, 노르웨이숲이",
          "answer_wordNum": 5,
          "fact": [
            "아벵브레드,인접,발산역 5번 출구, 교촌치킨, 노르웨이숲이"
          ]
        },
        {
          "question_id": 2,
          "question_type": "정보",
          "question": "이 곳의 주소를 알 수 있나요?",
          "question_wordNum": 6,
          "answer": "서울 강서구 공항대로42길 16",
          "answer_wordNum": 4,
          "fact": [
            "아벵브레드,주소,서울 강서구 공항대로42길 16"
          ]
        },
        {
          "question_id": 3,
          "question_type": "정보",
          "question": "영업시간은 어떻게 되나요?",
          "question_wordNum": 3,
          "answer": "07:00 - 23:00",
          "answer_wordNum": 3,
          "fact": [
            "아벵브레드,영업시간,07:00 - 23:00"
          ]
        }
      ]
    },
    {
      "image_id": 2,
      "question": [
        {
          "question_id": 0,
          "question_type": "정보",
          "question": "이 곳의 메뉴를 알 수 있나요?",
          "question_wordNum": 6,
          "answer": "고구마찰빵, 세사미",
          "answer_wordNum": 2,
          "fact": [
            "아벵브레드,메뉴,고구마찰빵, 세사미"
          ]
        },
        {
          "question_id": 1,
          "question_type": "관계",
          "question": "이 곳에 인접한 시설을 알 수 있나요?",
          "question_wordNum": 7,
          "answer": "발산역 5번 출구, 교촌치킨, 노르웨이숲이",
          "answer_wordNum": 5,
          "fact": [
            "아벵브레드,인접,발산역 5번 출구, 교촌치킨, 노르웨이숲이"
          ]
        },
        {
          "question_id": 2,
          "question_type": "정보",
          "question": "이 곳의 주소는 어떻게 되나요?",
          "question_wordNum": 5,
          "answer": "서울 강서구 공항대로42길 16",
          "answer_wordNum": 4,
          "fact": [
            "아벵브레드,주소,서울 강서구 공항대로42길 16"
          ]
        },
        {
          "question_id": 3,
          "question_type": "정보",
          "question": "연락처를 알 수 있나요?",
          "question_wordNum": 4,
          "answer": "02-2658-8849",
          "answer_wordNum": 1,
          "fact": [
            "아벵브레드,연락처,02-2658-8849"
          ]
        }
      ]
    },
    {
      "image_id": 3,
      "question": [
        {
          "question_id": 0,
          "question_type": "정보",
          "question": "이 곳의 주소는 어떻게 되나요?",
          "question_wordNum": 5,
          "answer": "서울 강서구 공항대로42길 16",
          "answer_wordNum": 4,
          "fact": [
            "아벵브레드,주소,서울 강서구 공항대로42길 16"
          ]
        },
        {
          "question_id": 1,
          "question_type": "정보",
          "question": "영업시간은 어떻게 되나요?",
          "question_wordNum": 3,
          "answer": "07:00 - 23:00",
          "answer_wordNum": 3,
          "fact": [
            "아벵브레드,영업시간,07:00 - 23:00"
          ]
        },
        {
          "question_id": 2,
          "question_type": "관계",
          "question": "이 곳에 인접한 시설이 있나요?",
          "question_wordNum": 5,
          "answer": "발산역 5번 출구, 교촌치킨, 노르웨이숲이",
          "answer_wordNum": 5,
          "fact": [
            "아벵브레드,인접,발산역 5번 출구, 교촌치킨, 노르웨이숲이"
          ]
        },
        {
          "question_id": 3,
          "question_type": "탐색",
          "question": "주차시설이 있는지 알 수 있나요?",
          "question_wordNum": 5,
          "answer": "있음",
          "answer_wordNum": 1,
          "fact": [
            "아벵브레드,주차시설,있음"
          ]
        }
      ]
    },
    {
      "image_id": 4,
      "question": [
        {
          "question_id": 0,
          "question_type": "정보",
          "question": "영업시간을 알 수 있나요?",
          "question_wordNum": 4,
          "answer": "07:00 - 23:00",
          "answer_wordNum": 3,
          "fact": [
            "아벵브레드,영업시간,07:00 - 23:00"
          ]
        },
        {
          "question_id": 1,
          "question_type": "관계",
          "question": "이 곳에 인접한 시설을 알 수 있나요?",
          "question_wordNum": 7,
          "answer": "발산역 5번 출구, 교촌치킨, 노르웨이숲이",
          "answer_wordNum": 5,
          "fact": [
            "아벵브레드,인접,발산역 5번 출구, 교촌치킨, 노르웨이숲이"
          ]
        },
        {
          "question_id": 2,
          "question_type": "정보",
          "question": "대표 메뉴가 무엇인가요?",
          "question_wordNum": 3,
          "answer": "고구마찰빵, 세사미",
          "answer_wordNum": 2,
          "fact": [
            "아벵브레드,메뉴,고구마찰빵, 세사미"
          ]
        },
        {
          "question_id": 3,
          "question_type": "정보",
          "question": "휴무일을 알 수 있나요?",
          "question_wordNum": 4,
          "answer": "없음",
          "answer_wordNum": 1,
          "fact": [
            "아벵브레드,휴무일,없음"
          ]
        }
      ]
    }
  ]
}