{
  "data": {
    "dataset": "2-083-219",
    "POI_id": "561765",
    "travelType": "음식점",
    "place": "한솥도시락 우장산화곡고점",
    "area": "서울"
  },
  "imageInfo": [
    {
      "image_id": 0,
      "filename": "561765_0_su_5_한솥도시락 우장산화곡고점_1_001.png",
      "mapx": 37.5480776425205,
      "mapy": 126.834582814344,
      "width": 3840,
      "height": 2160,
      "caption_info": [
        "한솥도시락 우장산화곡고점(강서구)",
        "간판"
      ]
    },
    {
      "image_id": 1,
      "filename": "561765_0_su_5_한솥도시락 우장산화곡고점_1_002.png",
      "mapx": 37.5480776425205,
      "mapy": 126.834582814344,
      "width": 3840,
      "height": 2160,
      "caption_info": [
        "한솥도시락 우장산화곡고점(강서구)",
        "간판"
      ]
    },
    {
      "image_id": 2,
      "filename": "561765_0_su_5_한솥도시락 우장산화곡고점_1_003.png",
      "mapx": 37.5480776425205,
      "mapy": 126.834582814344,
      "width": 3840,
      "height": 2160,
      "caption_info": [
        "한솥도시락 우장산화곡고점(강서구)",
        "메뉴판 "
      ]
    },
    {
      "image_id": 3,
      "filename": "561765_0_su_5_한솥도시락 우장산화곡고점_1_004.png",
      "mapx": 37.5480776425205,
      "mapy": 126.834582814344,
      "width": 3840,
      "height": 2160,
      "caption_info": [
        "한솥도시락 우장산화곡고점(강서구)",
        "메뉴판 "
      ]
    },
    {
      "image_id": 4,
      "filename": "561765_0_su_5_한솥도시락 우장산화곡고점_1_005.png",
      "mapx": 37.5480776425205,
      "mapy": 126.834582814344,
      "width": 3840,
      "height": 2160,
      "caption_info": [
        "한솥도시락 우장산화곡고점(강서구)",
        "숟가락 "
      ]
    }
  ],
  "annotations": [
    {
      "image_id": 0,
      "question": [
        {
          "question_id": 0,
          "question_type": "탐색",
          "question": "주차시설이 있나요?",
          "question_wordNum": 2,
          "answer": "없음",
          "answer_wordNum": 1,
          "fact": [
            "한솥도시락 우장산화곡고점,주차시설,없음"
          ]
        },
        {
          "question_id": 1,
          "question_type": "정보",
          "question": "대표 메뉴가 무엇인가요?",
          "question_wordNum": 3,
          "answer": "잡채 볶음밥, 해바라기 도시락",
          "answer_wordNum": 4,
          "fact": [
            "한솥도시락 우장산화곡고점,메뉴,잡채 볶음밥, 해바라기 도시락"
          ]
        },
        {
          "question_id": 2,
          "question_type": "정보",
          "question": "이 곳의 주소를 알 수 있나요?",
          "question_wordNum": 6,
          "answer": "서울 강서구 강서로45길 28",
          "answer_wordNum": 4,
          "fact": [
            "한솥도시락 우장산화곡고점,주소,서울 강서구 강서로45길 28"
          ]
        },
        {
          "question_id": 3,
          "question_type": "정보",
          "question": "영업시간을 알 수 있나요?",
          "question_wordNum": 4,
          "answer": "09:00~15:00/20:00",
          "answer_wordNum": 1,
          "fact": [
            "한솥도시락 우장산화곡고점,영업시간,09:00~15:00/20:00"
          ]
        }
      ]
    },
    {
      "image_id": 1,
      "question": [
        {
          "question_id": 0,
          "question_type": "탐색",
          "question": "주차시설이 있나요?",
          "question_wordNum": 2,
          "answer": "없음",
          "answer_wordNum": 1,
          "fact": [
            "한솥도시락 우장산화곡고점,주차시설,없음"
          ]
        },
        {
          "question_id": 1,
          "question_type": "정보",
          "question": "이 곳의 주소는 어떻게 되나요?",
          "question_wordNum": 5,
          "answer": "서울 강서구 강서로45길 28",
          "answer_wordNum": 4,
          "fact": [
            "한솥도시락 우장산화곡고점,주소,서울 강서구 강서로45길 28"
          ]
        },
        {
          "question_id": 2,
          "question_type": "정보",
          "question": "이 곳의 메뉴를 알 수 있나요?",
          "question_wordNum": 6,
          "answer": "잡채 볶음밥, 해바라기 도시락",
          "answer_wordNum": 4,
          "fact": [
            "한솥도시락 우장산화곡고점,메뉴,잡채 볶음밥, 해바라기 도시락"
          ]
        },
        {
          "question_id": 3,
          "question_type": "정보",
          "question": "연락처를 알 수 있나요?",
          "question_wordNum": 4,
          "answer": "02-2605-7557",
          "answer_wordNum": 1,
          "fact": [
            "한솥도시락 우장산화곡고점,연락처,02-2605-7557"
          ]
        }
      ]
    },
    {
      "image_id": 2,
      "question": [
        {
          "question_id": 0,
          "question_type": "탐색",
          "question": "주차시설이 있는지 알 수 있나요?",
          "question_wordNum": 5,
          "answer": "없음",
          "answer_wordNum": 1,
          "fact": [
            "한솥도시락 우장산화곡고점,주차시설,없음"
          ]
        },
        {
          "question_id": 1,
          "question_type": "정보",
          "question": "이 곳의 메뉴를 알 수 있나요?",
          "question_wordNum": 6,
          "answer": "잡채 볶음밥, 해바라기 도시락",
          "answer_wordNum": 4,
          "fact": [
            "한솥도시락 우장산화곡고점,메뉴,잡채 볶음밥, 해바라기 도시락"
          ]
        },
        {
          "question_id": 2,
          "question_type": "정보",
          "question": "휴무일을 알 수 있나요?",
          "question_wordNum": 4,
          "answer": "알수없음",
          "answer_wordNum": 1,
          "fact": [
            "한솥도시락 우장산화곡고점,휴무일,알수없음"
          ]
        },
        {
          "question_id": 3,
          "question_type": "정보",
          "question": "이 곳의 주소를 알 수 있나요?",
          "question_wordNum": 6,
          "answer": "서울 강서구 강서로45길 28",
          "answer_wordNum": 4,
          "fact": [
            "한솥도시락 우장산화곡고점,주소,서울 강서구 강서로45길 28"
          ]
        }
      ]
    },
    {
      "image_id": 3,
      "question": [
        {
          "question_id": 0,
          "question_type": "정보",
          "question": "연락처를 알 수 있나요?",
          "question_wordNum": 4,
          "answer": "02-2605-7557",
          "answer_wordNum": 1,
          "fact": [
            "한솥도시락 우장산화곡고점,연락처,02-2605-7557"
          ]
        },
        {
          "question_id": 1,
          "question_type": "정보",
          "question": "휴무일을 알 수 있나요?",
          "question_wordNum": 4,
          "answer": "알수없음",
          "answer_wordNum": 1,
          "fact": [
            "한솥도시락 우장산화곡고점,휴무일,알수없음"
          ]
        },
        {
          "question_id": 2,
          "question_type": "관계",
          "question": "이 곳에 인접한 시설이 있나요?",
          "question_wordNum": 5,
          "answer": "우장산역 3번 출구, 아마스빈, 오즈동물병원",
          "answer_wordNum": 5,
          "fact": [
            "한솥도시락 우장산화곡고점,인접,우장산역 3번 출구, 아마스빈, 오즈동물병원"
          ]
        },
        {
          "question_id": 3,
          "question_type": "정보",
          "question": "이 곳의 주소는 어떻게 되나요?",
          "question_wordNum": 5,
          "answer": "서울 강서구 강서로45길 28",
          "answer_wordNum": 4,
          "fact": [
            "한솥도시락 우장산화곡고점,주소,서울 강서구 강서로45길 28"
          ]
        }
      ]
    },
    {
      "image_id": 4,
      "question": [
        {
          "question_id": 0,
          "question_type": "정보",
          "question": "휴무일은 어떻게 되나요?",
          "question_wordNum": 3,
          "answer": "알수없음",
          "answer_wordNum": 1,
          "fact": [
            "한솥도시락 우장산화곡고점,휴무일,알수없음"
          ]
        },
        {
          "question_id": 1,
          "question_type": "정보",
          "question": "대표 메뉴가 무엇인가요?",
          "question_wordNum": 3,
          "answer": "잡채 볶음밥, 해바라기 도시락",
          "answer_wordNum": 4,
          "fact": [
            "한솥도시락 우장산화곡고점,메뉴,잡채 볶음밥, 해바라기 도시락"
          ]
        },
        {
          "question_id": 2,
          "question_type": "탐색",
          "question": "주차시설이 있는지 알 수 있나요?",
          "question_wordNum": 5,
          "answer": "없음",
          "answer_wordNum": 1,
          "fact": [
            "한솥도시락 우장산화곡고점,주차시설,없음"
          ]
        },
        {
          "question_id": 3,
          "question_type": "관계",
          "question": "이 곳에 인접한 시설이 있나요?",
          "question_wordNum": 5,
          "answer": "우장산역 3번 출구, 아마스빈, 오즈동물병원",
          "answer_wordNum": 5,
          "fact": [
            "한솥도시락 우장산화곡고점,인접,우장산역 3번 출구, 아마스빈, 오즈동물병원"
          ]
        }
      ]
    }
  ]
}