{
  "data": {
    "dataset": "2-083-219",
    "POI_id": "561843",
    "travelType": "음식점",
    "place": "도화루중화요리 ",
    "area": "서울"
  },
  "imageInfo": [
    {
      "image_id": 0,
      "filename": "561843_0_su_5_도화루중화요리 _1_001.png",
      "mapx": 37.5558930116491,
      "mapy": 126.812875876836,
      "width": 3840,
      "height": 2160,
      "caption_info": [
        "도화루중화요리 (강서구)",
        "간판"
      ]
    },
    {
      "image_id": 1,
      "filename": "561843_0_su_5_도화루중화요리 _1_002.png",
      "mapx": 37.5558930116491,
      "mapy": 126.812875876836,
      "width": 3840,
      "height": 2160,
      "caption_info": [
        "도화루중화요리 (강서구)",
        "간판"
      ]
    },
    {
      "image_id": 2,
      "filename": "561843_0_su_5_도화루중화요리 _1_003.png",
      "mapx": 37.5558930116491,
      "mapy": 126.812875876836,
      "width": 3840,
      "height": 2160,
      "caption_info": [
        "도화루중화요리 (강서구)",
        "등받이 의자"
      ]
    },
    {
      "image_id": 3,
      "filename": "561843_0_su_5_도화루중화요리 _1_004.png",
      "mapx": 37.5558930116491,
      "mapy": 126.812875876836,
      "width": 3840,
      "height": 2160,
      "caption_info": [
        "도화루중화요리 (강서구)",
        "메뉴판 "
      ]
    },
    {
      "image_id": 4,
      "filename": "561843_0_su_5_도화루중화요리 _1_005.png",
      "mapx": 37.5558930116491,
      "mapy": 126.812875876836,
      "width": 3840,
      "height": 2160,
      "caption_info": [
        "도화루중화요리 (강서구)",
        "짬뽕 "
      ]
    }
  ],
  "annotations": [
    {
      "image_id": 0,
      "question": [
        {
          "question_id": 0,
          "question_type": "정보",
          "question": "휴무일은 어떻게 되나요?",
          "question_wordNum": 3,
          "answer": "매주 일요일",
          "answer_wordNum": 2,
          "fact": [
            "도화루중화요리,휴무일,매주 일요일"
          ]
        },
        {
          "question_id": 1,
          "question_type": "탐색",
          "question": "주차시설이 있나요?",
          "question_wordNum": 2,
          "answer": "있음",
          "answer_wordNum": 1,
          "fact": [
            "도화루중화요리,주차시설,있음"
          ]
        },
        {
          "question_id": 2,
          "question_type": "정보",
          "question": "이 곳의 주소는 어떻게 되나요?",
          "question_wordNum": 5,
          "answer": "서울 강서구 방화대로7길 59",
          "answer_wordNum": 4,
          "fact": [
            "도화루중화요리,주소,서울 강서구 방화대로7길 59"
          ]
        },
        {
          "question_id": 3,
          "question_type": "정보",
          "question": "이 곳의 메뉴를 알 수 있나요?",
          "question_wordNum": 6,
          "answer": "짜장면, 짬뽕",
          "answer_wordNum": 2,
          "fact": [
            "도화루중화요리,메뉴,짜장면, 짬뽕"
          ]
        }
      ]
    },
    {
      "image_id": 1,
      "question": [
        {
          "question_id": 0,
          "question_type": "정보",
          "question": "휴무일은 어떻게 되나요?",
          "question_wordNum": 3,
          "answer": "매주 일요일",
          "answer_wordNum": 2,
          "fact": [
            "도화루중화요리,휴무일,매주 일요일"
          ]
        },
        {
          "question_id": 1,
          "question_type": "관계",
          "question": "이 곳에 인접한 시설이 있나요?",
          "question_wordNum": 5,
          "answer": "송정역 3번 출구, 까치식당, 세븐일레븐",
          "answer_wordNum": 5,
          "fact": [
            "도화루중화요리,인접,송정역 3번 출구, 까치식당, 세븐일레븐"
          ]
        },
        {
          "question_id": 2,
          "question_type": "정보",
          "question": "이 곳의 주소를 알 수 있나요?",
          "question_wordNum": 6,
          "answer": "서울 강서구 방화대로7길 59",
          "answer_wordNum": 4,
          "fact": [
            "도화루중화요리,주소,서울 강서구 방화대로7길 59"
          ]
        },
        {
          "question_id": 3,
          "question_type": "정보",
          "question": "영업시간을 알 수 있나요?",
          "question_wordNum": 4,
          "answer": "10:30~20:00",
          "answer_wordNum": 1,
          "fact": [
            "도화루중화요리,영업시간,10:30~20:00"
          ]
        }
      ]
    },
    {
      "image_id": 2,
      "question": [
        {
          "question_id": 0,
          "question_type": "정보",
          "question": "이 곳의 주소를 알 수 있나요?",
          "question_wordNum": 6,
          "answer": "서울 강서구 방화대로7길 59",
          "answer_wordNum": 4,
          "fact": [
            "도화루중화요리,주소,서울 강서구 방화대로7길 59"
          ]
        },
        {
          "question_id": 1,
          "question_type": "정보",
          "question": "대표 메뉴가 무엇인가요?",
          "question_wordNum": 3,
          "answer": "짜장면, 짬뽕",
          "answer_wordNum": 2,
          "fact": [
            "도화루중화요리,메뉴,짜장면, 짬뽕"
          ]
        },
        {
          "question_id": 2,
          "question_type": "관계",
          "question": "이 곳에 인접한 시설이 있나요?",
          "question_wordNum": 5,
          "answer": "송정역 3번 출구, 까치식당, 세븐일레븐",
          "answer_wordNum": 5,
          "fact": [
            "도화루중화요리,인접,송정역 3번 출구, 까치식당, 세븐일레븐"
          ]
        },
        {
          "question_id": 3,
          "question_type": "탐색",
          "question": "주차시설이 있는지 알 수 있나요?",
          "question_wordNum": 5,
          "answer": "있음",
          "answer_wordNum": 1,
          "fact": [
            "도화루중화요리,주차시설,있음"
          ]
        }
      ]
    },
    {
      "image_id": 3,
      "question": [
        {
          "question_id": 0,
          "question_type": "정보",
          "question": "이 곳의 주소는 어떻게 되나요?",
          "question_wordNum": 5,
          "answer": "서울 강서구 방화대로7길 59",
          "answer_wordNum": 4,
          "fact": [
            "도화루중화요리,주소,서울 강서구 방화대로7길 59"
          ]
        },
        {
          "question_id": 1,
          "question_type": "정보",
          "question": "이 곳의 메뉴를 알 수 있나요?",
          "question_wordNum": 6,
          "answer": "짜장면, 짬뽕",
          "answer_wordNum": 2,
          "fact": [
            "도화루중화요리,메뉴,짜장면, 짬뽕"
          ]
        },
        {
          "question_id": 2,
          "question_type": "관계",
          "question": "이 곳에 인접한 시설을 알 수 있나요?",
          "question_wordNum": 7,
          "answer": "송정역 3번 출구, 까치식당, 세븐일레븐",
          "answer_wordNum": 5,
          "fact": [
            "도화루중화요리,인접,송정역 3번 출구, 까치식당, 세븐일레븐"
          ]
        },
        {
          "question_id": 3,
          "question_type": "탐색",
          "question": "주차시설이 있는지 알 수 있나요?",
          "question_wordNum": 5,
          "answer": "있음",
          "answer_wordNum": 1,
          "fact": [
            "도화루중화요리,주차시설,있음"
          ]
        }
      ]
    },
    {
      "image_id": 4,
      "question": [
        {
          "question_id": 0,
          "question_type": "탐색",
          "question": "주차시설이 있나요?",
          "question_wordNum": 2,
          "answer": "있음",
          "answer_wordNum": 1,
          "fact": [
            "도화루중화요리,주차시설,있음"
          ]
        },
        {
          "question_id": 1,
          "question_type": "관계",
          "question": "이 곳에 인접한 시설을 알 수 있나요?",
          "question_wordNum": 7,
          "answer": "송정역 3번 출구, 까치식당, 세븐일레븐",
          "answer_wordNum": 5,
          "fact": [
            "도화루중화요리,인접,송정역 3번 출구, 까치식당, 세븐일레븐"
          ]
        },
        {
          "question_id": 2,
          "question_type": "정보",
          "question": "영업시간은 어떻게 되나요?",
          "question_wordNum": 3,
          "answer": "10:30~20:00",
          "answer_wordNum": 1,
          "fact": [
            "도화루중화요리,영업시간,10:30~20:00"
          ]
        },
        {
          "question_id": 3,
          "question_type": "정보",
          "question": "연락처를 알 수 있나요?",
          "question_wordNum": 4,
          "answer": "02-2663-1235",
          "answer_wordNum": 1,
          "fact": [
            "도화루중화요리,연락처,02-2663-1235"
          ]
        }
      ]
    }
  ]
}