{
  "data": {
    "dataset": "2-083-219",
    "POI_id": "561481",
    "travelType": "음식점",
    "place": "비건식당 공간녹음 ",
    "area": "서울"
  },
  "imageInfo": [
    {
      "image_id": 0,
      "filename": "561481_0_su_5_비건식당 공간녹음 _1_001.png",
      "mapx": 37.5596003426585,
      "mapy": 126.832686373319,
      "width": 3840,
      "height": 2160,
      "caption_info": [
        "비건식당 공간녹음(마곡동)",
        "간판, 여닫이 문"
      ]
    },
    {
      "image_id": 1,
      "filename": "561481_0_su_5_비건식당 공간녹음 _1_002.png",
      "mapx": 37.5596003426585,
      "mapy": 126.832686373319,
      "width": 3840,
      "height": 2160,
      "caption_info": [
        "비건식당 공간녹음(마곡동)",
        "건물, 간판"
      ]
    },
    {
      "image_id": 2,
      "filename": "561481_0_su_5_비건식당 공간녹음 _1_003.png",
      "mapx": 37.5596003426585,
      "mapy": 126.832686373319,
      "width": 3840,
      "height": 2160,
      "caption_info": [
        "비건식당 공간녹음(마곡동)",
        "테이블, 등받이 의자"
      ]
    },
    {
      "image_id": 3,
      "filename": "561481_0_su_5_비건식당 공간녹음 _1_004.png",
      "mapx": 37.5596003426585,
      "mapy": 126.832686373319,
      "width": 3840,
      "height": 2160,
      "caption_info": [
        "비건식당 공간녹음(마곡동)",
        "메뉴판"
      ]
    },
    {
      "image_id": 4,
      "filename": "561481_0_su_5_비건식당 공간녹음 _1_005.png",
      "mapx": 37.5596003426585,
      "mapy": 126.832686373319,
      "width": 3840,
      "height": 2160,
      "caption_info": [
        "비건식당 공간녹음(마곡동)",
        "녹음 카레, 후무스 베지보울"
      ]
    }
  ],
  "annotations": [
    {
      "image_id": 0,
      "question": [
        {
          "question_id": 0,
          "question_type": "정보",
          "question": "휴무일은 어떻게 되나요?",
          "question_wordNum": 3,
          "answer": "없음",
          "answer_wordNum": 1,
          "fact": [
            "비건식당 공간녹음,휴무일,없음"
          ]
        },
        {
          "question_id": 1,
          "question_type": "탐색",
          "question": "주차시설이 있나요?",
          "question_wordNum": 2,
          "answer": "있음",
          "answer_wordNum": 1,
          "fact": [
            "비건식당 공간녹음,주차시설,있음"
          ]
        },
        {
          "question_id": 2,
          "question_type": "정보",
          "question": "이 곳의 주소는 어떻게 되나요?",
          "question_wordNum": 5,
          "answer": "서울 강서구 공항대로 227 403호 마곡센트럴타워 1차",
          "answer_wordNum": 7,
          "fact": [
            "비건식당 공간녹음,주소,서울 강서구 공항대로 227 403호 마곡센트럴타워 1차"
          ]
        },
        {
          "question_id": 3,
          "question_type": "정보",
          "question": "이 곳의 주요 메뉴는 무엇이 있나요?",
          "question_wordNum": 6,
          "answer": "녹음 카레, 후무스 베지보울",
          "answer_wordNum": 4,
          "fact": [
            "비건식당 공간녹음,메뉴,녹음 카레, 후무스 베지보울"
          ]
        }
      ]
    },
    {
      "image_id": 1,
      "question": [
        {
          "question_id": 0,
          "question_type": "정보",
          "question": "이 곳의 대표적인 메뉴는 무엇이 있나요?",
          "question_wordNum": 6,
          "answer": "녹음 카레, 후무스 베지보울",
          "answer_wordNum": 4,
          "fact": [
            "비건식당 공간녹음,메뉴,녹음 카레, 후무스 베지보울"
          ]
        },
        {
          "question_id": 1,
          "question_type": "정보",
          "question": "휴무일은 어떻게 되나요?",
          "question_wordNum": 3,
          "answer": "없음",
          "answer_wordNum": 1,
          "fact": [
            "비건식당 공간녹음,휴무일,없음"
          ]
        },
        {
          "question_id": 2,
          "question_type": "정보",
          "question": "이 곳의 주소는 어떻게 되나요?",
          "question_wordNum": 5,
          "answer": "서울 강서구 공항대로 227 403호 마곡센트럴타워 1차",
          "answer_wordNum": 7,
          "fact": [
            "비건식당 공간녹음,주소,서울 강서구 공항대로 227 403호 마곡센트럴타워 1차"
          ]
        },
        {
          "question_id": 3,
          "question_type": "정보",
          "question": "영업시간은 어떻게 되나요?",
          "question_wordNum": 3,
          "answer": "11:30~02:00",
          "answer_wordNum": 1,
          "fact": [
            "비건식당 공간녹음,영업시간,11:30~02:00"
          ]
        }
      ]
    },
    {
      "image_id": 2,
      "question": [
        {
          "question_id": 0,
          "question_type": "정보",
          "question": "연락처가 어떻게 되나요?",
          "question_wordNum": 3,
          "answer": "0507-1327-6998",
          "answer_wordNum": 1,
          "fact": [
            "비건식당 공간녹음,연락처,0507-1327-6998"
          ]
        },
        {
          "question_id": 1,
          "question_type": "탐색",
          "question": "주차시설이 있나요?",
          "question_wordNum": 2,
          "answer": "있음",
          "answer_wordNum": 1,
          "fact": [
            "비건식당 공간녹음,주차시설,있음"
          ]
        },
        {
          "question_id": 2,
          "question_type": "정보",
          "question": "이 곳의 대표적인 메뉴는 무엇이 있나요?",
          "question_wordNum": 6,
          "answer": "녹음 카레, 후무스 베지보울",
          "answer_wordNum": 4,
          "fact": [
            "비건식당 공간녹음,메뉴,녹음 카레, 후무스 베지보울"
          ]
        },
        {
          "question_id": 3,
          "question_type": "정보",
          "question": "영업시간은 어떻게 되나요?",
          "question_wordNum": 3,
          "answer": "11:30~02:00",
          "answer_wordNum": 1,
          "fact": [
            "비건식당 공간녹음,영업시간,11:30~02:00"
          ]
        }
      ]
    },
    {
      "image_id": 3,
      "question": [
        {
          "question_id": 0,
          "question_type": "정보",
          "question": "연락처가 어떻게 되나요?",
          "question_wordNum": 3,
          "answer": "0507-1327-6998",
          "answer_wordNum": 1,
          "fact": [
            "비건식당 공간녹음,연락처,0507-1327-6998"
          ]
        },
        {
          "question_id": 1,
          "question_type": "탐색",
          "question": "주차시설이 있나요?",
          "question_wordNum": 2,
          "answer": "있음",
          "answer_wordNum": 1,
          "fact": [
            "비건식당 공간녹음,주차시설,있음"
          ]
        },
        {
          "question_id": 2,
          "question_type": "정보",
          "question": "영업시간은 몇시부터 몇시까지로 기재되어 있나요?",
          "question_wordNum": 5,
          "answer": "11:30~02:00",
          "answer_wordNum": 1,
          "fact": [
            "비건식당 공간녹음,영업시간,11:30~02:00"
          ]
        },
        {
          "question_id": 3,
          "question_type": "관계",
          "question": "이 곳에 인접한 시설이 있나요?",
          "question_wordNum": 5,
          "answer": "발산역 9번 출구, 마곡, 구워봄",
          "answer_wordNum": 5,
          "fact": [
            "비건식당 공간녹음,인접,발산역 9번 출구, 마곡, 구워봄"
          ]
        }
      ]
    },
    {
      "image_id": 4,
      "question": [
        {
          "question_id": 0,
          "question_type": "관계",
          "question": "이 곳에 인접한 시설이 있나요?",
          "question_wordNum": 5,
          "answer": "발산역 9번 출구, 마곡, 구워봄",
          "answer_wordNum": 5,
          "fact": [
            "비건식당 공간녹음,인접,발산역 9번 출구, 마곡, 구워봄"
          ]
        },
        {
          "question_id": 1,
          "question_type": "탐색",
          "question": "주차시설이 있나요?",
          "question_wordNum": 2,
          "answer": "있음",
          "answer_wordNum": 1,
          "fact": [
            "비건식당 공간녹음,주차시설,있음"
          ]
        },
        {
          "question_id": 2,
          "question_type": "정보",
          "question": "연락처가 어떻게 되나요?",
          "question_wordNum": 3,
          "answer": "0507-1327-6998",
          "answer_wordNum": 1,
          "fact": [
            "비건식당 공간녹음,연락처,0507-1327-6998"
          ]
        },
        {
          "question_id": 3,
          "question_type": "정보",
          "question": "이 곳의 주소는 어떻게 되나요?",
          "question_wordNum": 5,
          "answer": "서울 강서구 공항대로 227 403호 마곡센트럴타워 1차",
          "answer_wordNum": 7,
          "fact": [
            "비건식당 공간녹음,주소,서울 강서구 공항대로 227 403호 마곡센트럴타워 1차"
          ]
        }
      ]
    }
  ]
}