{
  "data": {
    "dataset": "2-083-219",
    "POI_id": "561826",
    "travelType": "음식점",
    "place": "디어데이 ",
    "area": "서울"
  },
  "imageInfo": [
    {
      "image_id": 0,
      "filename": "561826_0_su_5_디어데이 _1_001.png",
      "mapx": 37.5590708736121,
      "mapy": 126.812168938357,
      "width": 3840,
      "height": 2160,
      "caption_info": [
        "디어데이(강서구)",
        "간판"
      ]
    },
    {
      "image_id": 1,
      "filename": "561826_0_su_5_디어데이 _1_002.png",
      "mapx": 37.5590708736121,
      "mapy": 126.812168938357,
      "width": 3840,
      "height": 2160,
      "caption_info": [
        "디어데이(강서구)",
        "간판"
      ]
    },
    {
      "image_id": 2,
      "filename": "561826_0_su_5_디어데이 _1_003.png",
      "mapx": 37.5590708736121,
      "mapy": 126.812168938357,
      "width": 3840,
      "height": 2160,
      "caption_info": [
        "디어데이(강서구)",
        "쇼케이스 "
      ]
    },
    {
      "image_id": 3,
      "filename": "561826_0_su_5_디어데이 _1_004.png",
      "mapx": 37.5590708736121,
      "mapy": 126.812168938357,
      "width": 3840,
      "height": 2160,
      "caption_info": [
        "디어데이(강서구)",
        "메뉴판 "
      ]
    },
    {
      "image_id": 4,
      "filename": "561826_0_su_5_디어데이 _1_005.png",
      "mapx": 37.5590708736121,
      "mapy": 126.812168938357,
      "width": 3840,
      "height": 2160,
      "caption_info": [
        "디어데이(강서구) ",
        "포크, 음료수 "
      ]
    }
  ],
  "annotations": [
    {
      "image_id": 0,
      "question": [
        {
          "question_id": 0,
          "question_type": "탐색",
          "question": "주차시설이 있나요?",
          "question_wordNum": 2,
          "answer": "있음",
          "answer_wordNum": 1,
          "fact": [
            "디어데이,주차시설,있음"
          ]
        },
        {
          "question_id": 1,
          "question_type": "관계",
          "question": "이 곳에 인접한 시설이 있나요?",
          "question_wordNum": 5,
          "answer": "송정역 3번 출구, 늘솜, 리키커피숍",
          "answer_wordNum": 5,
          "fact": [
            "디어데이,인접,송정역 3번 출구, 늘솜, 리키커피숍"
          ]
        },
        {
          "question_id": 2,
          "question_type": "정보",
          "question": "휴무일을 알 수 있나요?",
          "question_wordNum": 4,
          "answer": "매주 목요일",
          "answer_wordNum": 2,
          "fact": [
            "디어데이,휴무일,매주 목요일"
          ]
        },
        {
          "question_id": 3,
          "question_type": "정보",
          "question": "대표 메뉴가 무엇인가요?",
          "question_wordNum": 3,
          "answer": "크림라떼, 아메리카노",
          "answer_wordNum": 2,
          "fact": [
            "디어데이,메뉴,크림라떼, 아메리카노"
          ]
        }
      ]
    },
    {
      "image_id": 1,
      "question": [
        {
          "question_id": 0,
          "question_type": "정보",
          "question": "휴무일은 어떻게 되나요?",
          "question_wordNum": 3,
          "answer": "매주 목요일",
          "answer_wordNum": 2,
          "fact": [
            "디어데이,휴무일,매주 목요일"
          ]
        },
        {
          "question_id": 1,
          "question_type": "정보",
          "question": "영업시간을 알 수 있나요?",
          "question_wordNum": 4,
          "answer": "11:00~22:00",
          "answer_wordNum": 1,
          "fact": [
            "디어데이,영업시간,11:00~22:00"
          ]
        },
        {
          "question_id": 2,
          "question_type": "정보",
          "question": "연락처를 알 수 있나요?",
          "question_wordNum": 4,
          "answer": "070-7677-8261",
          "answer_wordNum": 1,
          "fact": [
            "디어데이,연락처,070-7677-8261"
          ]
        },
        {
          "question_id": 3,
          "question_type": "정보",
          "question": "대표 메뉴가 무엇인가요?",
          "question_wordNum": 3,
          "answer": "크림라떼, 아메리카노",
          "answer_wordNum": 2,
          "fact": [
            "디어데이,메뉴,크림라떼, 아메리카노"
          ]
        }
      ]
    },
    {
      "image_id": 2,
      "question": [
        {
          "question_id": 0,
          "question_type": "탐색",
          "question": "주차시설이 있는지 알 수 있나요?",
          "question_wordNum": 5,
          "answer": "있음",
          "answer_wordNum": 1,
          "fact": [
            "디어데이,주차시설,있음"
          ]
        },
        {
          "question_id": 1,
          "question_type": "정보",
          "question": "이 곳의 주소는 어떻게 되나요?",
          "question_wordNum": 5,
          "answer": "서울 강서구 공항대로8길 46",
          "answer_wordNum": 4,
          "fact": [
            "디어데이,주소,서울 강서구 공항대로8길 46"
          ]
        },
        {
          "question_id": 2,
          "question_type": "정보",
          "question": "이 곳의 메뉴를 알 수 있나요?",
          "question_wordNum": 6,
          "answer": "크림라떼, 아메리카노",
          "answer_wordNum": 2,
          "fact": [
            "디어데이,메뉴,크림라떼, 아메리카노"
          ]
        },
        {
          "question_id": 3,
          "question_type": "정보",
          "question": "영업시간은 어떻게 되나요?",
          "question_wordNum": 3,
          "answer": "11:00~22:00",
          "answer_wordNum": 1,
          "fact": [
            "디어데이,영업시간,11:00~22:00"
          ]
        }
      ]
    },
    {
      "image_id": 3,
      "question": [
        {
          "question_id": 0,
          "question_type": "정보",
          "question": "대표 메뉴가 무엇인가요?",
          "question_wordNum": 3,
          "answer": "크림라떼, 아메리카노",
          "answer_wordNum": 2,
          "fact": [
            "디어데이,메뉴,크림라떼, 아메리카노"
          ]
        },
        {
          "question_id": 1,
          "question_type": "탐색",
          "question": "주차시설이 있나요?",
          "question_wordNum": 2,
          "answer": "있음",
          "answer_wordNum": 1,
          "fact": [
            "디어데이,주차시설,있음"
          ]
        },
        {
          "question_id": 2,
          "question_type": "정보",
          "question": "휴무일을 알 수 있나요?",
          "question_wordNum": 4,
          "answer": "매주 목요일",
          "answer_wordNum": 2,
          "fact": [
            "디어데이,휴무일,매주 목요일"
          ]
        },
        {
          "question_id": 3,
          "question_type": "관계",
          "question": "이 곳에 인접한 시설을 알 수 있나요?",
          "question_wordNum": 7,
          "answer": "송정역 3번 출구, 늘솜, 리키커피숍",
          "answer_wordNum": 5,
          "fact": [
            "디어데이,인접,송정역 3번 출구, 늘솜, 리키커피숍"
          ]
        }
      ]
    },
    {
      "image_id": 4,
      "question": [
        {
          "question_id": 0,
          "question_type": "탐색",
          "question": "주차시설이 있나요?",
          "question_wordNum": 2,
          "answer": "있음",
          "answer_wordNum": 1,
          "fact": [
            "디어데이,주차시설,있음"
          ]
        },
        {
          "question_id": 1,
          "question_type": "정보",
          "question": "연락처가 어떻게 되나요?",
          "question_wordNum": 3,
          "answer": "070-7677-8261",
          "answer_wordNum": 1,
          "fact": [
            "디어데이,연락처,070-7677-8261"
          ]
        },
        {
          "question_id": 2,
          "question_type": "관계",
          "question": "이 곳에 인접한 시설을 알 수 있나요?",
          "question_wordNum": 7,
          "answer": "송정역 3번 출구, 늘솜, 리키커피숍",
          "answer_wordNum": 5,
          "fact": [
            "디어데이,인접,송정역 3번 출구, 늘솜, 리키커피숍"
          ]
        },
        {
          "question_id": 3,
          "question_type": "정보",
          "question": "대표 메뉴가 무엇인가요?",
          "question_wordNum": 3,
          "answer": "크림라떼, 아메리카노",
          "answer_wordNum": 2,
          "fact": [
            "디어데이,메뉴,크림라떼, 아메리카노"
          ]
        }
      ]
    }
  ]
}