{
  "data": {
    "dataset": "2-083-219",
    "POI_id": "561739",
    "travelType": "음식점",
    "place": "김가네김밥 내발산점",
    "area": "서울"
  },
  "imageInfo": [
    {
      "image_id": 0,
      "filename": "561739_0_su_5_김가네김밥 내발산점_1_001.png",
      "mapx": 37.5524085692206,
      "mapy": 126.826125317295,
      "width": 3840,
      "height": 2160,
      "caption_info": [
        "김가네김밥 내발산점(내발산동)",
        "등받이의자, 여닫이문"
      ]
    },
    {
      "image_id": 1,
      "filename": "561739_0_su_5_김가네김밥 내발산점_1_002.png",
      "mapx": 37.5524085692206,
      "mapy": 126.826125317295,
      "width": 3840,
      "height": 2160,
      "caption_info": [
        "김가네김밥 내발산점(내발산동)",
        "간판, 여닫이문"
      ]
    },
    {
      "image_id": 2,
      "filename": "561739_0_su_5_김가네김밥 내발산점_1_003.png",
      "mapx": 37.5524085692206,
      "mapy": 126.826125317295,
      "width": 3840,
      "height": 2160,
      "caption_info": [
        "김가네김밥 내발산점(내발산동)",
        "테이블, 등받이의자"
      ]
    },
    {
      "image_id": 3,
      "filename": "561739_0_su_5_김가네김밥 내발산점_1_004.png",
      "mapx": 37.5524085692206,
      "mapy": 126.826125317295,
      "width": 3840,
      "height": 2160,
      "caption_info": [
        "김가네김밥 내발산점(내발산동)",
        "메뉴판"
      ]
    },
    {
      "image_id": 4,
      "filename": "561739_0_su_5_김가네김밥 내발산점_1_005.png",
      "mapx": 37.5524085692206,
      "mapy": 126.826125317295,
      "width": 3840,
      "height": 2160,
      "caption_info": [
        "김가네김밥 내발산점(내발산동)",
        "김밥, 우동, 튀김"
      ]
    }
  ],
  "annotations": [
    {
      "image_id": 0,
      "question": [
        {
          "question_id": 0,
          "question_type": "관계",
          "question": "이 곳에 인접한 시설을 알 수 있나요?",
          "question_wordNum": 7,
          "answer": "마곡역 5번 출구, 리트웨이, 수명산약국",
          "answer_wordNum": 5,
          "fact": [
            "김가네김밥 내발산점,인접,마곡역 5번 출구, 리트웨이, 수명산약국"
          ]
        },
        {
          "question_id": 1,
          "question_type": "정보",
          "question": "영업시간은 어떻게 되나요?",
          "question_wordNum": 3,
          "answer": "09:00~21:00",
          "answer_wordNum": 1,
          "fact": [
            "김가네김밥 내발산점,영업시간,09:00~21:00"
          ]
        },
        {
          "question_id": 2,
          "question_type": "탐색",
          "question": "주차시설이 있나요?",
          "question_wordNum": 2,
          "answer": "있음",
          "answer_wordNum": 1,
          "fact": [
            "김가네김밥 내발산점,주차시설,있음"
          ]
        },
        {
          "question_id": 3,
          "question_type": "정보",
          "question": "이 곳의 대표적인 메뉴를 알 수 있나요?",
          "question_wordNum": 7,
          "answer": "라면, 라볶이",
          "answer_wordNum": 2,
          "fact": [
            "김가네김밥 내발산점,메뉴,라면, 라볶이"
          ]
        }
      ]
    },
    {
      "image_id": 1,
      "question": [
        {
          "question_id": 0,
          "question_type": "관계",
          "question": "이 곳에 인접한 시설을 알 수 있나요?",
          "question_wordNum": 7,
          "answer": "마곡역 5번 출구, 리트웨이, 수명산약국",
          "answer_wordNum": 5,
          "fact": [
            "김가네김밥 내발산점,인접,마곡역 5번 출구, 리트웨이, 수명산약국"
          ]
        },
        {
          "question_id": 1,
          "question_type": "탐색",
          "question": "주차시설이 있나요?",
          "question_wordNum": 2,
          "answer": "있음",
          "answer_wordNum": 1,
          "fact": [
            "김가네김밥 내발산점,주차시설,있음"
          ]
        },
        {
          "question_id": 2,
          "question_type": "정보",
          "question": "이 곳의 주소는 어떻게 되나요?",
          "question_wordNum": 5,
          "answer": "서울 강서구 수명로 72",
          "answer_wordNum": 4,
          "fact": [
            "김가네김밥 내발산점,주소,서울 강서구 수명로 72"
          ]
        },
        {
          "question_id": 3,
          "question_type": "정보",
          "question": "연락처가 어떻게 되나요?",
          "question_wordNum": 3,
          "answer": "02-2667-1255",
          "answer_wordNum": 1,
          "fact": [
            "김가네김밥 내발산점,연락처,02-2667-1255"
          ]
        }
      ]
    },
    {
      "image_id": 2,
      "question": [
        {
          "question_id": 0,
          "question_type": "정보",
          "question": "이 곳의 대표적인 메뉴를 알 수 있나요?",
          "question_wordNum": 7,
          "answer": "라면, 라볶이",
          "answer_wordNum": 2,
          "fact": [
            "김가네김밥 내발산점,메뉴,라면, 라볶이"
          ]
        },
        {
          "question_id": 1,
          "question_type": "정보",
          "question": "영업시간은 몇시부터 몇시까지로 기재되어 있나요?",
          "question_wordNum": 5,
          "answer": "09:00~21:00",
          "answer_wordNum": 1,
          "fact": [
            "김가네김밥 내발산점,영업시간,09:00~21:00"
          ]
        },
        {
          "question_id": 2,
          "question_type": "정보",
          "question": "이 곳의 주소를 알 수 있나요?",
          "question_wordNum": 6,
          "answer": "서울 강서구 수명로 72",
          "answer_wordNum": 4,
          "fact": [
            "김가네김밥 내발산점,주소,서울 강서구 수명로 72"
          ]
        },
        {
          "question_id": 3,
          "question_type": "정보",
          "question": "연락처가 어떻게 되나요?",
          "question_wordNum": 3,
          "answer": "02-2667-1255",
          "answer_wordNum": 1,
          "fact": [
            "김가네김밥 내발산점,연락처,02-2667-1255"
          ]
        }
      ]
    },
    {
      "image_id": 3,
      "question": [
        {
          "question_id": 0,
          "question_type": "관계",
          "question": "이 곳에 인접한 시설을 알 수 있나요?",
          "question_wordNum": 7,
          "answer": "마곡역 5번 출구, 리트웨이, 수명산약국",
          "answer_wordNum": 5,
          "fact": [
            "김가네김밥 내발산점,인접,마곡역 5번 출구, 리트웨이, 수명산약국"
          ]
        },
        {
          "question_id": 1,
          "question_type": "정보",
          "question": "이 곳의 주소는 어떻게 되나요?",
          "question_wordNum": 5,
          "answer": "서울 강서구 수명로 72",
          "answer_wordNum": 4,
          "fact": [
            "김가네김밥 내발산점,주소,서울 강서구 수명로 72"
          ]
        },
        {
          "question_id": 2,
          "question_type": "정보",
          "question": "영업시간은 어떻게 되나요?",
          "question_wordNum": 3,
          "answer": "09:00~21:00",
          "answer_wordNum": 1,
          "fact": [
            "김가네김밥 내발산점,영업시간,09:00~21:00"
          ]
        },
        {
          "question_id": 3,
          "question_type": "정보",
          "question": "휴무일을 알 수 있나요?",
          "question_wordNum": 4,
          "answer": "매주 일요일",
          "answer_wordNum": 2,
          "fact": [
            "김가네김밥 내발산점,휴무일,매주 일요일"
          ]
        }
      ]
    },
    {
      "image_id": 4,
      "question": [
        {
          "question_id": 0,
          "question_type": "정보",
          "question": "이 곳의 주요 메뉴를 알 수 있나요?",
          "question_wordNum": 7,
          "answer": "라면, 라볶이",
          "answer_wordNum": 2,
          "fact": [
            "김가네김밥 내발산점,메뉴,라면, 라볶이"
          ]
        },
        {
          "question_id": 1,
          "question_type": "정보",
          "question": "연락처를 알 수 있나요?",
          "question_wordNum": 4,
          "answer": "02-2667-1255",
          "answer_wordNum": 1,
          "fact": [
            "김가네김밥 내발산점,연락처,02-2667-1255"
          ]
        },
        {
          "question_id": 2,
          "question_type": "탐색",
          "question": "주차시설이 있나요?",
          "question_wordNum": 2,
          "answer": "있음",
          "answer_wordNum": 1,
          "fact": [
            "김가네김밥 내발산점,주차시설,있음"
          ]
        },
        {
          "question_id": 3,
          "question_type": "정보",
          "question": "휴무일을 알 수 있나요?",
          "question_wordNum": 4,
          "answer": "매주 일요일",
          "answer_wordNum": 2,
          "fact": [
            "김가네김밥 내발산점,휴무일,매주 일요일"
          ]
        }
      ]
    }
  ]
}