{
  "data": {
    "dataset": "2-083-219",
    "POI_id": "561693",
    "travelType": "음식점",
    "place": "화곳간",
    "area": "서울"
  },
  "imageInfo": [
    {
      "image_id": 0,
      "filename": "561693_0_su_5_화곳간_1_001.png",
      "mapx": 37.5549227320751,
      "mapy": 126.837395751551,
      "width": 3840,
      "height": 2160,
      "caption_info": [
        "화곳간(내발산동)",
        "간판, 여닫이문"
      ]
    },
    {
      "image_id": 1,
      "filename": "561693_0_su_5_화곳간_1_002.png",
      "mapx": 37.5549227320751,
      "mapy": 126.837395751551,
      "width": 3840,
      "height": 2160,
      "caption_info": [
        "화곳간(내발산동)",
        "간판, 입간판"
      ]
    },
    {
      "image_id": 2,
      "filename": "561693_0_su_5_화곳간_1_003.png",
      "mapx": 37.5549227320751,
      "mapy": 126.837395751551,
      "width": 3840,
      "height": 2160,
      "caption_info": [
        "화곳간(내발산동)",
        "커튼, 화분"
      ]
    },
    {
      "image_id": 3,
      "filename": "561693_0_su_5_화곳간_1_004.png",
      "mapx": 37.5549227320751,
      "mapy": 126.837395751551,
      "width": 3840,
      "height": 2160,
      "caption_info": [
        "화곳간(내발산동)",
        "메뉴판"
      ]
    },
    {
      "image_id": 4,
      "filename": "561693_0_su_5_화곳간_1_005.png",
      "mapx": 37.5549227320751,
      "mapy": 126.837395751551,
      "width": 3840,
      "height": 2160,
      "caption_info": [
        "화곳간(내발산동)",
        "삼겹살"
      ]
    }
  ],
  "annotations": [
    {
      "image_id": 0,
      "question": [
        {
          "question_id": 0,
          "question_type": "정보",
          "question": "영업시간을 알 수 있나요?",
          "question_wordNum": 4,
          "answer": "13:00/16:00~22:00",
          "answer_wordNum": 1,
          "fact": [
            "화곳간,영업시간,13:00/16:00~22:00"
          ]
        },
        {
          "question_id": 1,
          "question_type": "정보",
          "question": "연락처를 알 수 있나요?",
          "question_wordNum": 4,
          "answer": "0507-1337-0016",
          "answer_wordNum": 1,
          "fact": [
            "화곳간,연락처,0507-1337-0016"
          ]
        },
        {
          "question_id": 2,
          "question_type": "정보",
          "question": "이 곳의 주소는 어떻게 되나요?",
          "question_wordNum": 5,
          "answer": "서울 강서구 강서로 328 1층 101호",
          "answer_wordNum": 6,
          "fact": [
            "화곳간,주소,서울 강서구 강서로 328 1층 101호"
          ]
        },
        {
          "question_id": 3,
          "question_type": "정보",
          "question": "이 곳의 메뉴를 알 수 있나요?",
          "question_wordNum": 6,
          "answer": "오크삼겹살만, 오크등갈비만",
          "answer_wordNum": 2,
          "fact": [
            "화곳간,메뉴,오크삼겹살만, 오크등갈비만"
          ]
        }
      ]
    },
    {
      "image_id": 1,
      "question": [
        {
          "question_id": 0,
          "question_type": "관계",
          "question": "이 곳에 인접한 시설을 알 수 있나요?",
          "question_wordNum": 7,
          "answer": "발산역 6번 출구, 모미락, 어리랑",
          "answer_wordNum": 5,
          "fact": [
            "화곳간,인접,발산역 6번 출구, 모미락, 어리랑"
          ]
        },
        {
          "question_id": 1,
          "question_type": "정보",
          "question": "대표 메뉴가 무엇인가요?",
          "question_wordNum": 3,
          "answer": "오크삼겹살만, 오크등갈비만",
          "answer_wordNum": 2,
          "fact": [
            "화곳간,메뉴,오크삼겹살만, 오크등갈비만"
          ]
        },
        {
          "question_id": 2,
          "question_type": "정보",
          "question": "영업시간은 어떻게 되나요?",
          "question_wordNum": 3,
          "answer": "13:00/16:00~22:00",
          "answer_wordNum": 1,
          "fact": [
            "화곳간,영업시간,13:00/16:00~22:00"
          ]
        },
        {
          "question_id": 3,
          "question_type": "정보",
          "question": "휴무일을 알 수 있나요?",
          "question_wordNum": 4,
          "answer": "매주 월요일",
          "answer_wordNum": 2,
          "fact": [
            "화곳간,휴무일,매주 월요일"
          ]
        }
      ]
    },
    {
      "image_id": 2,
      "question": [
        {
          "question_id": 0,
          "question_type": "관계",
          "question": "이 곳에 인접한 시설이 있나요?",
          "question_wordNum": 5,
          "answer": "발산역 6번 출구, 모미락, 어리랑",
          "answer_wordNum": 5,
          "fact": [
            "화곳간,인접,발산역 6번 출구, 모미락, 어리랑"
          ]
        },
        {
          "question_id": 1,
          "question_type": "정보",
          "question": "휴무일을 알 수 있나요?",
          "question_wordNum": 4,
          "answer": "매주 월요일",
          "answer_wordNum": 2,
          "fact": [
            "화곳간,휴무일,매주 월요일"
          ]
        },
        {
          "question_id": 2,
          "question_type": "정보",
          "question": "이 곳의 주소는 어떻게 되나요?",
          "question_wordNum": 5,
          "answer": "서울 강서구 강서로 328 1층 101호",
          "answer_wordNum": 6,
          "fact": [
            "화곳간,주소,서울 강서구 강서로 328 1층 101호"
          ]
        },
        {
          "question_id": 3,
          "question_type": "탐색",
          "question": "주차시설이 있나요?",
          "question_wordNum": 2,
          "answer": "있음",
          "answer_wordNum": 1,
          "fact": [
            "화곳간,주차시설,있음"
          ]
        }
      ]
    },
    {
      "image_id": 3,
      "question": [
        {
          "question_id": 0,
          "question_type": "정보",
          "question": "휴무일은 어떻게 되나요?",
          "question_wordNum": 3,
          "answer": "매주 월요일",
          "answer_wordNum": 2,
          "fact": [
            "화곳간,휴무일,매주 월요일"
          ]
        },
        {
          "question_id": 1,
          "question_type": "정보",
          "question": "대표 메뉴가 무엇인가요?",
          "question_wordNum": 3,
          "answer": "오크삼겹살만, 오크등갈비만",
          "answer_wordNum": 2,
          "fact": [
            "화곳간,메뉴,오크삼겹살만, 오크등갈비만"
          ]
        },
        {
          "question_id": 2,
          "question_type": "정보",
          "question": "이 곳의 주소는 어떻게 되나요?",
          "question_wordNum": 5,
          "answer": "서울 강서구 강서로 328 1층 101호",
          "answer_wordNum": 6,
          "fact": [
            "화곳간,주소,서울 강서구 강서로 328 1층 101호"
          ]
        },
        {
          "question_id": 3,
          "question_type": "탐색",
          "question": "주차시설이 있는지 알 수 있나요?",
          "question_wordNum": 5,
          "answer": "있음",
          "answer_wordNum": 1,
          "fact": [
            "화곳간,주차시설,있음"
          ]
        }
      ]
    },
    {
      "image_id": 4,
      "question": [
        {
          "question_id": 0,
          "question_type": "정보",
          "question": "휴무일을 알 수 있나요?",
          "question_wordNum": 4,
          "answer": "매주 월요일",
          "answer_wordNum": 2,
          "fact": [
            "화곳간,휴무일,매주 월요일"
          ]
        },
        {
          "question_id": 1,
          "question_type": "관계",
          "question": "이 곳에 인접한 시설이 있나요?",
          "question_wordNum": 5,
          "answer": "발산역 6번 출구, 모미락, 어리랑",
          "answer_wordNum": 5,
          "fact": [
            "화곳간,인접,발산역 6번 출구, 모미락, 어리랑"
          ]
        },
        {
          "question_id": 2,
          "question_type": "정보",
          "question": "영업시간을 알 수 있나요?",
          "question_wordNum": 4,
          "answer": "13:00/16:00~22:00",
          "answer_wordNum": 1,
          "fact": [
            "화곳간,영업시간,13:00/16:00~22:00"
          ]
        },
        {
          "question_id": 3,
          "question_type": "정보",
          "question": "대표 메뉴가 무엇인가요?",
          "question_wordNum": 3,
          "answer": "오크삼겹살만, 오크등갈비만",
          "answer_wordNum": 2,
          "fact": [
            "화곳간,메뉴,오크삼겹살만, 오크등갈비만"
          ]
        }
      ]
    }
  ]
}