{
  "data": {
    "dataset": "2-083-219",
    "POI_id": "561453",
    "travelType": "음식점",
    "place": "옥소반 마곡본점",
    "area": "서울"
  },
  "imageInfo": [
    {
      "image_id": 0,
      "filename": "561453_0_su_5_옥소반 마곡본점_1_001.png",
      "mapx": 37.5606312206415,
      "mapy": 126.832720625607,
      "width": 3840,
      "height": 2160,
      "caption_info": [
        "옥소반 마곡본점(강서구)",
        "커튼 "
      ]
    },
    {
      "image_id": 1,
      "filename": "561453_0_su_5_옥소반 마곡본점_1_002.png",
      "mapx": 37.5606312206415,
      "mapy": 126.832720625607,
      "width": 3840,
      "height": 2160,
      "caption_info": [
        "옥소반 마곡본점(강서구)",
        "간판"
      ]
    },
    {
      "image_id": 2,
      "filename": "561453_0_su_5_옥소반 마곡본점_1_003.png",
      "mapx": 37.5606312206415,
      "mapy": 126.832720625607,
      "width": 3840,
      "height": 2160,
      "caption_info": [
        "옥소반 마곡본점(강서구)",
        "등받이 의자"
      ]
    },
    {
      "image_id": 3,
      "filename": "561453_0_su_5_옥소반 마곡본점_1_004.png",
      "mapx": 37.5606312206415,
      "mapy": 126.832720625607,
      "width": 3840,
      "height": 2160,
      "caption_info": [
        "옥소반 마곡본점(강서구)",
        "메뉴판 "
      ]
    },
    {
      "image_id": 4,
      "filename": "561453_0_su_5_옥소반 마곡본점_1_005.png",
      "mapx": 37.5606312206415,
      "mapy": 126.832720625607,
      "width": 3840,
      "height": 2160,
      "caption_info": [
        "옥소반 마곡본점(강서구)",
        "젓가락 "
      ]
    }
  ],
  "annotations": [
    {
      "image_id": 0,
      "question": [
        {
          "question_id": 0,
          "question_type": "정보",
          "question": "연락처를 알 수 있나요?",
          "question_wordNum": 4,
          "answer": "0507-1419-8080",
          "answer_wordNum": 1,
          "fact": [
            "옥소반 마곡본점,연락처,0507-1419-8080"
          ]
        },
        {
          "question_id": 1,
          "question_type": "정보",
          "question": "휴무일을 알 수 있나요?",
          "question_wordNum": 4,
          "answer": "알수없음",
          "answer_wordNum": 1,
          "fact": [
            "옥소반 마곡본점,휴무일,알수없음"
          ]
        },
        {
          "question_id": 2,
          "question_type": "정보",
          "question": "이 곳의 주소를 알 수 있나요?",
          "question_wordNum": 6,
          "answer": "서울 강서구 마곡중앙6로 45",
          "answer_wordNum": 4,
          "fact": [
            "옥소반 마곡본점,주소,서울 강서구 마곡중앙6로 45"
          ]
        },
        {
          "question_id": 3,
          "question_type": "탐색",
          "question": "주차시설이 있나요?",
          "question_wordNum": 2,
          "answer": "있음",
          "answer_wordNum": 1,
          "fact": [
            "옥소반 마곡본점,주차시설,있음"
          ]
        }
      ]
    },
    {
      "image_id": 1,
      "question": [
        {
          "question_id": 0,
          "question_type": "관계",
          "question": "이 곳에 인접한 시설을 알 수 있나요?",
          "question_wordNum": 7,
          "answer": "발산역 9번 출구, 타이투고, 몽슈크레",
          "answer_wordNum": 5,
          "fact": [
            "옥소반 마곡본점,인접,발산역 9번 출구, 타이투고, 몽슈크레"
          ]
        },
        {
          "question_id": 1,
          "question_type": "정보",
          "question": "이 곳의 주소를 알 수 있나요?",
          "question_wordNum": 6,
          "answer": "서울 강서구 마곡중앙6로 45",
          "answer_wordNum": 4,
          "fact": [
            "옥소반 마곡본점,주소,서울 강서구 마곡중앙6로 45"
          ]
        },
        {
          "question_id": 2,
          "question_type": "정보",
          "question": "연락처가 어떻게 되나요?",
          "question_wordNum": 3,
          "answer": "0507-1419-8080",
          "answer_wordNum": 1,
          "fact": [
            "옥소반 마곡본점,연락처,0507-1419-8080"
          ]
        },
        {
          "question_id": 3,
          "question_type": "정보",
          "question": "이 곳의 메뉴를 알 수 있나요?",
          "question_wordNum": 6,
          "answer": "스키야키, 샤브샤브",
          "answer_wordNum": 2,
          "fact": [
            "옥소반 마곡본점,메뉴,스키야키, 샤브샤브"
          ]
        }
      ]
    },
    {
      "image_id": 2,
      "question": [
        {
          "question_id": 0,
          "question_type": "정보",
          "question": "대표 메뉴가 무엇인가요?",
          "question_wordNum": 3,
          "answer": "스키야키, 샤브샤브",
          "answer_wordNum": 2,
          "fact": [
            "옥소반 마곡본점,메뉴,스키야키, 샤브샤브"
          ]
        },
        {
          "question_id": 1,
          "question_type": "정보",
          "question": "휴무일은 어떻게 되나요?",
          "question_wordNum": 3,
          "answer": "알수없음",
          "answer_wordNum": 1,
          "fact": [
            "옥소반 마곡본점,휴무일,알수없음"
          ]
        },
        {
          "question_id": 2,
          "question_type": "관계",
          "question": "이 곳에 인접한 시설이 있나요?",
          "question_wordNum": 5,
          "answer": "발산역 9번 출구, 타이투고, 몽슈크레",
          "answer_wordNum": 5,
          "fact": [
            "옥소반 마곡본점,인접,발산역 9번 출구, 타이투고, 몽슈크레"
          ]
        },
        {
          "question_id": 3,
          "question_type": "정보",
          "question": "연락처를 알 수 있나요?",
          "question_wordNum": 4,
          "answer": "0507-1419-8080",
          "answer_wordNum": 1,
          "fact": [
            "옥소반 마곡본점,연락처,0507-1419-8080"
          ]
        }
      ]
    },
    {
      "image_id": 3,
      "question": [
        {
          "question_id": 0,
          "question_type": "정보",
          "question": "대표 메뉴가 무엇인가요?",
          "question_wordNum": 3,
          "answer": "스키야키, 샤브샤브",
          "answer_wordNum": 2,
          "fact": [
            "옥소반 마곡본점,메뉴,스키야키, 샤브샤브"
          ]
        },
        {
          "question_id": 1,
          "question_type": "정보",
          "question": "휴무일은 어떻게 되나요?",
          "question_wordNum": 3,
          "answer": "알수없음",
          "answer_wordNum": 1,
          "fact": [
            "옥소반 마곡본점,휴무일,알수없음"
          ]
        },
        {
          "question_id": 2,
          "question_type": "정보",
          "question": "영업시간은 어떻게 되나요?",
          "question_wordNum": 3,
          "answer": "11:00~22:30",
          "answer_wordNum": 1,
          "fact": [
            "옥소반 마곡본점,영업시간,11:00~22:30"
          ]
        },
        {
          "question_id": 3,
          "question_type": "정보",
          "question": "이 곳의 주소는 어떻게 되나요?",
          "question_wordNum": 5,
          "answer": "서울 강서구 마곡중앙6로 45",
          "answer_wordNum": 4,
          "fact": [
            "옥소반 마곡본점,주소,서울 강서구 마곡중앙6로 45"
          ]
        }
      ]
    },
    {
      "image_id": 4,
      "question": [
        {
          "question_id": 0,
          "question_type": "탐색",
          "question": "주차시설이 있나요?",
          "question_wordNum": 2,
          "answer": "있음",
          "answer_wordNum": 1,
          "fact": [
            "옥소반 마곡본점,주차시설,있음"
          ]
        },
        {
          "question_id": 1,
          "question_type": "정보",
          "question": "영업시간은 어떻게 되나요?",
          "question_wordNum": 3,
          "answer": "11:00~22:30",
          "answer_wordNum": 1,
          "fact": [
            "옥소반 마곡본점,영업시간,11:00~22:30"
          ]
        },
        {
          "question_id": 2,
          "question_type": "정보",
          "question": "휴무일은 어떻게 되나요?",
          "question_wordNum": 3,
          "answer": "알수없음",
          "answer_wordNum": 1,
          "fact": [
            "옥소반 마곡본점,휴무일,알수없음"
          ]
        },
        {
          "question_id": 3,
          "question_type": "정보",
          "question": "이 곳의 주소를 알 수 있나요?",
          "question_wordNum": 6,
          "answer": "서울 강서구 마곡중앙6로 45",
          "answer_wordNum": 4,
          "fact": [
            "옥소반 마곡본점,주소,서울 강서구 마곡중앙6로 45"
          ]
        }
      ]
    }
  ]
}