{
  "data": {
    "dataset": "2-083-219",
    "POI_id": "561785",
    "travelType": "음식점",
    "place": "크라상점 ",
    "area": "서울"
  },
  "imageInfo": [
    {
      "image_id": 0,
      "filename": "561785_0_su_5_크라상점 _2_001.png",
      "mapx": 37.5480727453667,
      "mapy": 126.834110599783,
      "width": 3840,
      "height": 2160,
      "caption_info": [
        "크라상점(내발산동)",
        "간판"
      ]
    },
    {
      "image_id": 1,
      "filename": "561785_0_su_5_크라상점 _2_002.png",
      "mapx": 37.5480727453667,
      "mapy": 126.834110599783,
      "width": 3840,
      "height": 2160,
      "caption_info": [
        "크라상점(내발산동)",
        "간판, 여닫이문, 배너"
      ]
    },
    {
      "image_id": 2,
      "filename": "561785_0_su_5_크라상점 _2_003.png",
      "mapx": 37.5480727453667,
      "mapy": 126.834110599783,
      "width": 3840,
      "height": 2160,
      "caption_info": [
        "크라상점(내발산동)",
        "카운터, 빵"
      ]
    },
    {
      "image_id": 3,
      "filename": "561785_0_su_5_크라상점 _2_004.png",
      "mapx": 37.5480727453667,
      "mapy": 126.834110599783,
      "width": 3840,
      "height": 2160,
      "caption_info": [
        "크라상점(내발산동)",
        "메뉴판"
      ]
    },
    {
      "image_id": 4,
      "filename": "561785_0_su_5_크라상점 _2_005.png",
      "mapx": 37.5480727453667,
      "mapy": 126.834110599783,
      "width": 3840,
      "height": 2160,
      "caption_info": [
        "크라상점(내발산동)",
        "와플, 크로와상"
      ]
    }
  ],
  "annotations": [
    {
      "image_id": 0,
      "question": [
        {
          "question_id": 0,
          "question_type": "정보",
          "question": "연락처가 어떻게 되나요?",
          "question_wordNum": 3,
          "answer": "010-7522-8949",
          "answer_wordNum": 1,
          "fact": [
            "크라상점,연락처,010-7522-8949"
          ]
        },
        {
          "question_id": 1,
          "question_type": "정보",
          "question": "이 곳의 대표적인 메뉴는 무엇이 있나요?",
          "question_wordNum": 6,
          "answer": "생크림, 햄치즈",
          "answer_wordNum": 2,
          "fact": [
            "크라상점,메뉴,생크림, 햄치즈"
          ]
        },
        {
          "question_id": 2,
          "question_type": "정보",
          "question": "영업시간은 몇시부터 몇시까지로 기재되어 있나요?",
          "question_wordNum": 5,
          "answer": "08:00~22:00",
          "answer_wordNum": 1,
          "fact": [
            "크라상점,영업시간,08:00~22:00"
          ]
        },
        {
          "question_id": 3,
          "question_type": "정보",
          "question": "휴무일은 어떻게 되나요?",
          "question_wordNum": 3,
          "answer": "매주 일요일",
          "answer_wordNum": 2,
          "fact": [
            "크라상점,휴무일,매주 일요일"
          ]
        }
      ]
    },
    {
      "image_id": 1,
      "question": [
        {
          "question_id": 0,
          "question_type": "정보",
          "question": "영업시간은 어떻게 되나요?",
          "question_wordNum": 3,
          "answer": "08:00~22:00",
          "answer_wordNum": 1,
          "fact": [
            "크라상점,영업시간,08:00~22:00"
          ]
        },
        {
          "question_id": 1,
          "question_type": "탐색",
          "question": "주차시설이 있는지 알 수 있나요?",
          "question_wordNum": 5,
          "answer": "없음",
          "answer_wordNum": 1,
          "fact": [
            "크라상점,주차시설,없음"
          ]
        },
        {
          "question_id": 2,
          "question_type": "관계",
          "question": "이 곳에 인접한 시설을 알 수 있나요?",
          "question_wordNum": 7,
          "answer": "우장산역 3번 출구, 우장회관, 아마스빈",
          "answer_wordNum": 5,
          "fact": [
            "크라상점,인접,우장산역 3번 출구, 우장회관, 아마스빈"
          ]
        },
        {
          "question_id": 3,
          "question_type": "정보",
          "question": "이 곳의 주요 메뉴를 알 수 있나요?",
          "question_wordNum": 7,
          "answer": "생크림, 햄치즈",
          "answer_wordNum": 2,
          "fact": [
            "크라상점,메뉴,생크림, 햄치즈"
          ]
        }
      ]
    },
    {
      "image_id": 2,
      "question": [
        {
          "question_id": 0,
          "question_type": "관계",
          "question": "이 곳에 인접한 시설을 알 수 있나요?",
          "question_wordNum": 7,
          "answer": "우장산역 3번 출구, 우장회관, 아마스빈",
          "answer_wordNum": 5,
          "fact": [
            "크라상점,인접,우장산역 3번 출구, 우장회관, 아마스빈"
          ]
        },
        {
          "question_id": 1,
          "question_type": "탐색",
          "question": "주차시설이 있나요?",
          "question_wordNum": 2,
          "answer": "없음",
          "answer_wordNum": 1,
          "fact": [
            "크라상점,주차시설,없음"
          ]
        },
        {
          "question_id": 2,
          "question_type": "정보",
          "question": "휴무일을 알 수 있나요?",
          "question_wordNum": 4,
          "answer": "매주 일요일",
          "answer_wordNum": 2,
          "fact": [
            "크라상점,휴무일,매주 일요일"
          ]
        },
        {
          "question_id": 3,
          "question_type": "정보",
          "question": "연락처가 어떻게 되나요?",
          "question_wordNum": 3,
          "answer": "010-7522-8949",
          "answer_wordNum": 1,
          "fact": [
            "크라상점,연락처,010-7522-8949"
          ]
        }
      ]
    },
    {
      "image_id": 3,
      "question": [
        {
          "question_id": 0,
          "question_type": "정보",
          "question": "이 곳의 주소는 어떻게 되나요?",
          "question_wordNum": 5,
          "answer": "서울 강서구 강서로45길 36",
          "answer_wordNum": 4,
          "fact": [
            "크라상점,주소,서울 강서구 강서로45길 36"
          ]
        },
        {
          "question_id": 1,
          "question_type": "정보",
          "question": "휴무일은 어떻게 되나요?",
          "question_wordNum": 3,
          "answer": "매주 일요일",
          "answer_wordNum": 2,
          "fact": [
            "크라상점,휴무일,매주 일요일"
          ]
        },
        {
          "question_id": 2,
          "question_type": "관계",
          "question": "이 곳에 인접한 시설을 알 수 있나요?",
          "question_wordNum": 7,
          "answer": "우장산역 3번 출구, 우장회관, 아마스빈",
          "answer_wordNum": 5,
          "fact": [
            "크라상점,인접,우장산역 3번 출구, 우장회관, 아마스빈"
          ]
        },
        {
          "question_id": 3,
          "question_type": "정보",
          "question": "이 곳은 무엇을 판매하나요?",
          "question_wordNum": 4,
          "answer": "리얼버터오리지널, 에그베이컨, 생크림, 슈크림, 햄치즈, 앙버터, 후랑크소세지, 아몬드, 메이플, 인절미, 초코생크림",
          "answer_wordNum": 11,
          "fact": [
            "크라상점,판매,리얼버터오리지널, 에그베이컨, 생크림, 슈크림, 햄치즈, 앙버터, 후랑크소세지, 아몬드, 메이플, 인절미, 초코생크림"
          ]
        }
      ]
    },
    {
      "image_id": 4,
      "question": [
        {
          "question_id": 0,
          "question_type": "정보",
          "question": "이 곳은 무엇을 판매하나요?",
          "question_wordNum": 4,
          "answer": "리얼버터오리지널, 에그베이컨, 생크림, 슈크림, 햄치즈, 앙버터, 후랑크소세지, 아몬드, 메이플, 인절미, 초코생크림",
          "answer_wordNum": 11,
          "fact": [
            "크라상점,판매,리얼버터오리지널, 에그베이컨, 생크림, 슈크림, 햄치즈, 앙버터, 후랑크소세지, 아몬드, 메이플, 인절미, 초코생크림"
          ]
        },
        {
          "question_id": 1,
          "question_type": "정보",
          "question": "영업시간은 어떻게 되나요?",
          "question_wordNum": 3,
          "answer": "08:00~22:00",
          "answer_wordNum": 1,
          "fact": [
            "크라상점,영업시간,08:00~22:00"
          ]
        },
        {
          "question_id": 2,
          "question_type": "탐색",
          "question": "주차시설이 있나요?",
          "question_wordNum": 2,
          "answer": "없음",
          "answer_wordNum": 1,
          "fact": [
            "크라상점,주차시설,없음"
          ]
        },
        {
          "question_id": 3,
          "question_type": "정보",
          "question": "이 곳의 주소를 알 수 있나요?",
          "question_wordNum": 6,
          "answer": "서울 강서구 강서로45길 36",
          "answer_wordNum": 4,
          "fact": [
            "크라상점,주소,서울 강서구 강서로45길 36"
          ]
        }
      ]
    }
  ]
}