{
  "data": {
    "dataset": "2-083-219",
    "POI_id": "561582",
    "travelType": "음식점",
    "place": "게장게장게장 마곡본점",
    "area": "서울"
  },
  "imageInfo": [
    {
      "image_id": 0,
      "filename": "561582_0_su_5_게장게장게장 마곡본점_1_001.png",
      "mapx": 37.5596113961056,
      "mapy": 126.837242277605,
      "width": 3840,
      "height": 2160,
      "caption_info": [
        "게장게장게장 마곡본점(마곡동)",
        "간판"
      ]
    },
    {
      "image_id": 1,
      "filename": "561582_0_su_5_게장게장게장 마곡본점_1_002.png",
      "mapx": 37.5596113961056,
      "mapy": 126.837242277605,
      "width": 3840,
      "height": 2160,
      "caption_info": [
        "게장게장게장 마곡본점(마곡동)",
        "건물"
      ]
    },
    {
      "image_id": 2,
      "filename": "561582_0_su_5_게장게장게장 마곡본점_1_003.png",
      "mapx": 37.5596113961056,
      "mapy": 126.837242277605,
      "width": 3840,
      "height": 2160,
      "caption_info": [
        "게장게장게장 마곡본점(마곡동)",
        "테이블, 등받이 의자"
      ]
    },
    {
      "image_id": 3,
      "filename": "561582_0_su_5_게장게장게장 마곡본점_1_004.png",
      "mapx": 37.5596113961056,
      "mapy": 126.837242277605,
      "width": 3840,
      "height": 2160,
      "caption_info": [
        "게장게장게장 마곡본점(마곡동)",
        "메뉴판"
      ]
    },
    {
      "image_id": 4,
      "filename": "561582_0_su_5_게장게장게장 마곡본점_1_005.png",
      "mapx": 37.5596113961056,
      "mapy": 126.837242277605,
      "width": 3840,
      "height": 2160,
      "caption_info": [
        "게장게장게장 마곡본점(마곡동)",
        "간장게장"
      ]
    }
  ],
  "annotations": [
    {
      "image_id": 0,
      "question": [
        {
          "question_id": 0,
          "question_type": "탐색",
          "question": "주차시설이 있나요?",
          "question_wordNum": 2,
          "answer": "있음",
          "answer_wordNum": 1,
          "fact": [
            "게장게장게장 마곡본점,주차시설,있음"
          ]
        },
        {
          "question_id": 1,
          "question_type": "정보",
          "question": "이 곳의 주소는 어떻게 되나요?",
          "question_wordNum": 5,
          "answer": "서울 강서구 공항대로 269-15",
          "answer_wordNum": 4,
          "fact": [
            "게장게장게장 마곡본점,주소,서울 강서구 공항대로 269-15"
          ]
        },
        {
          "question_id": 2,
          "question_type": "정보",
          "question": "연락처를 알 수 있나요?",
          "question_wordNum": 4,
          "answer": "0507-1365-0490",
          "answer_wordNum": 1,
          "fact": [
            "게장게장게장 마곡본점,연락처,0507-1365-0490"
          ]
        },
        {
          "question_id": 3,
          "question_type": "정보",
          "question": "휴무일을 알 수 있나요?",
          "question_wordNum": 4,
          "answer": "매주 월요일",
          "answer_wordNum": 2,
          "fact": [
            "게장게장게장 마곡본점,휴무일,매주 월요일"
          ]
        }
      ]
    },
    {
      "image_id": 1,
      "question": [
        {
          "question_id": 0,
          "question_type": "정보",
          "question": "영업시간을 알 수 있나요?",
          "question_wordNum": 4,
          "answer": "11:30~21:30",
          "answer_wordNum": 1,
          "fact": [
            "게장게장게장 마곡본점,영업시간,11:30~21:30"
          ]
        },
        {
          "question_id": 1,
          "question_type": "정보",
          "question": "이 곳의 주요 메뉴를 알 수 있나요?",
          "question_wordNum": 7,
          "answer": "암꽃게 간장게장 정식, 양념게장 정식",
          "answer_wordNum": 5,
          "fact": [
            "게장게장게장 마곡본점,메뉴,암꽃게 간장게장 정식, 양념게장 정식"
          ]
        },
        {
          "question_id": 2,
          "question_type": "정보",
          "question": "휴무일을 알 수 있나요?",
          "question_wordNum": 4,
          "answer": "매주 월요일",
          "answer_wordNum": 2,
          "fact": [
            "게장게장게장 마곡본점,휴무일,매주 월요일"
          ]
        },
        {
          "question_id": 3,
          "question_type": "정보",
          "question": "연락처를 알 수 있나요?",
          "question_wordNum": 4,
          "answer": "0507-1365-0490",
          "answer_wordNum": 1,
          "fact": [
            "게장게장게장 마곡본점,연락처,0507-1365-0490"
          ]
        }
      ]
    },
    {
      "image_id": 2,
      "question": [
        {
          "question_id": 0,
          "question_type": "정보",
          "question": "이 곳의 대표적인 메뉴는 무엇이 있나요?",
          "question_wordNum": 6,
          "answer": "암꽃게 간장게장 정식, 양념게장 정식",
          "answer_wordNum": 5,
          "fact": [
            "게장게장게장 마곡본점,메뉴,암꽃게 간장게장 정식, 양념게장 정식"
          ]
        },
        {
          "question_id": 1,
          "question_type": "탐색",
          "question": "주차시설이 있나요?",
          "question_wordNum": 2,
          "answer": "있음",
          "answer_wordNum": 1,
          "fact": [
            "게장게장게장 마곡본점,주차시설,있음"
          ]
        },
        {
          "question_id": 2,
          "question_type": "정보",
          "question": "이 곳의 주소는 어떻게 되나요?",
          "question_wordNum": 5,
          "answer": "서울 강서구 공항대로 269-15",
          "answer_wordNum": 4,
          "fact": [
            "게장게장게장 마곡본점,주소,서울 강서구 공항대로 269-15"
          ]
        },
        {
          "question_id": 3,
          "question_type": "정보",
          "question": "영업시간은 몇시부터 몇시까지로 기재되어 있나요?",
          "question_wordNum": 5,
          "answer": "11:30~21:30",
          "answer_wordNum": 1,
          "fact": [
            "게장게장게장 마곡본점,영업시간,11:30~21:30"
          ]
        }
      ]
    },
    {
      "image_id": 3,
      "question": [
        {
          "question_id": 0,
          "question_type": "정보",
          "question": "연락처가 어떻게 되나요?",
          "question_wordNum": 3,
          "answer": "0507-1365-0490",
          "answer_wordNum": 1,
          "fact": [
            "게장게장게장 마곡본점,연락처,0507-1365-0490"
          ]
        },
        {
          "question_id": 1,
          "question_type": "탐색",
          "question": "주차시설이 있나요?",
          "question_wordNum": 2,
          "answer": "있음",
          "answer_wordNum": 1,
          "fact": [
            "게장게장게장 마곡본점,주차시설,있음"
          ]
        },
        {
          "question_id": 2,
          "question_type": "정보",
          "question": "이 곳의 대표적인 메뉴는 무엇이 있나요?",
          "question_wordNum": 6,
          "answer": "암꽃게 간장게장 정식, 양념게장 정식",
          "answer_wordNum": 5,
          "fact": [
            "게장게장게장 마곡본점,메뉴,암꽃게 간장게장 정식, 양념게장 정식"
          ]
        },
        {
          "question_id": 3,
          "question_type": "관계",
          "question": "이 곳에 인접한 시설을 알 수 있나요?",
          "question_wordNum": 7,
          "answer": "발산역 1번 출구, 샐러디, 청년다방",
          "answer_wordNum": 5,
          "fact": [
            "게장게장게장 마곡본점,인접,발산역 1번 출구, 샐러디, 청년다방"
          ]
        }
      ]
    },
    {
      "image_id": 4,
      "question": [
        {
          "question_id": 0,
          "question_type": "정보",
          "question": "휴무일은 어떻게 되나요?",
          "question_wordNum": 3,
          "answer": "매주 월요일",
          "answer_wordNum": 2,
          "fact": [
            "게장게장게장 마곡본점,휴무일,매주 월요일"
          ]
        },
        {
          "question_id": 1,
          "question_type": "정보",
          "question": "영업시간은 어떻게 되나요?",
          "question_wordNum": 3,
          "answer": "11:30~21:30",
          "answer_wordNum": 1,
          "fact": [
            "게장게장게장 마곡본점,영업시간,11:30~21:30"
          ]
        },
        {
          "question_id": 2,
          "question_type": "관계",
          "question": "이 곳에 인접한 시설이 있나요?",
          "question_wordNum": 5,
          "answer": "발산역 1번 출구, 샐러디, 청년다방",
          "answer_wordNum": 5,
          "fact": [
            "게장게장게장 마곡본점,인접,발산역 1번 출구, 샐러디, 청년다방"
          ]
        },
        {
          "question_id": 3,
          "question_type": "정보",
          "question": "이 곳의 주소는 어떻게 되나요?",
          "question_wordNum": 5,
          "answer": "서울 강서구 공항대로 269-15",
          "answer_wordNum": 4,
          "fact": [
            "게장게장게장 마곡본점,주소,서울 강서구 공항대로 269-15"
          ]
        }
      ]
    }
  ]
}