{
  "data": {
    "dataset": "2-083-219",
    "POI_id": "561516",
    "travelType": "음식점",
    "place": "변두리 로바타 ",
    "area": "서울"
  },
  "imageInfo": [
    {
      "image_id": 0,
      "filename": "561516_0_su_5_변두리 로바타 _1_001.png",
      "mapx": 37.559915259194,
      "mapy": 126.8343608462,
      "width": 3840,
      "height": 2160,
      "caption_info": [
        "변두리 로바타(마곡동)",
        "입간판"
      ]
    },
    {
      "image_id": 1,
      "filename": "561516_0_su_5_변두리 로바타 _1_002.png",
      "mapx": 37.559915259194,
      "mapy": 126.8343608462,
      "width": 3840,
      "height": 2160,
      "caption_info": [
        "변두리 로바타(마곡동)",
        "간판"
      ]
    },
    {
      "image_id": 2,
      "filename": "561516_0_su_5_변두리 로바타 _1_003.png",
      "mapx": 37.559915259194,
      "mapy": 126.8343608462,
      "width": 3840,
      "height": 2160,
      "caption_info": [
        "변두리 로바타(마곡동)",
        "냉장고, 테이블, 의자, 화분"
      ]
    },
    {
      "image_id": 3,
      "filename": "561516_0_su_5_변두리 로바타 _1_004.png",
      "mapx": 37.559915259194,
      "mapy": 126.8343608462,
      "width": 3840,
      "height": 2160,
      "caption_info": [
        "변두리 로바타(마곡동)",
        "메뉴판"
      ]
    },
    {
      "image_id": 4,
      "filename": "561516_0_su_5_변두리 로바타 _1_005.png",
      "mapx": 37.559915259194,
      "mapy": 126.8343608462,
      "width": 3840,
      "height": 2160,
      "caption_info": [
        "변두리 로바타(마곡동)",
        "스테이크"
      ]
    }
  ],
  "annotations": [
    {
      "image_id": 0,
      "question": [
        {
          "question_id": 0,
          "question_type": "정보",
          "question": "영업시간은 어떻게 되나요?",
          "question_wordNum": 3,
          "answer": "17:00~24:00",
          "answer_wordNum": 1,
          "fact": [
            "변두리 로바타,영업시간,17:00~24:00"
          ]
        },
        {
          "question_id": 1,
          "question_type": "정보",
          "question": "휴무일은 어떻게 되나요?",
          "question_wordNum": 3,
          "answer": "매주 일요일",
          "answer_wordNum": 2,
          "fact": [
            "변두리 로바타,휴무일,매주 일요일"
          ]
        },
        {
          "question_id": 2,
          "question_type": "정보",
          "question": "이 곳의 주소는 어떻게 되나요?",
          "question_wordNum": 5,
          "answer": "서울 강서구 마곡중앙6로 66",
          "answer_wordNum": 4,
          "fact": [
            "변두리 로바타,주소,서울 강서구 마곡중앙6로 66"
          ]
        },
        {
          "question_id": 3,
          "question_type": "관계",
          "question": "이 곳에 인접한 시설이 있나요?",
          "question_wordNum": 5,
          "answer": "발산역 9번 출구, 퀸즈파크텐, 백소정, 방이옥",
          "answer_wordNum": 6,
          "fact": [
            "변두리 로바타,인접,발산역 9번 출구, 퀸즈파크텐, 백소정, 방이옥"
          ]
        }
      ]
    },
    {
      "image_id": 1,
      "question": [
        {
          "question_id": 0,
          "question_type": "정보",
          "question": "연락처를 알 수 있나요?",
          "question_wordNum": 4,
          "answer": "0507-1369-4376",
          "answer_wordNum": 1,
          "fact": [
            "변두리 로바타,연락처,0507-1369-4376"
          ]
        },
        {
          "question_id": 1,
          "question_type": "정보",
          "question": "이 곳의 주요 메뉴를 알 수 있나요?",
          "question_wordNum": 7,
          "answer": "봉골레술찜, 우니 크림 파스타",
          "answer_wordNum": 4,
          "fact": [
            "변두리 로바타,메뉴,봉골레술찜, 우니 크림 파스타"
          ]
        },
        {
          "question_id": 2,
          "question_type": "정보",
          "question": "영업시간은 몇시부터 몇시까지로 기재되어 있나요?",
          "question_wordNum": 5,
          "answer": "17:00~24:00",
          "answer_wordNum": 1,
          "fact": [
            "변두리 로바타,영업시간,17:00~24:00"
          ]
        },
        {
          "question_id": 3,
          "question_type": "정보",
          "question": "이 곳의 주소를 알 수 있나요?",
          "question_wordNum": 6,
          "answer": "서울 강서구 마곡중앙6로 66",
          "answer_wordNum": 4,
          "fact": [
            "변두리 로바타,주소,서울 강서구 마곡중앙6로 66"
          ]
        }
      ]
    },
    {
      "image_id": 2,
      "question": [
        {
          "question_id": 0,
          "question_type": "정보",
          "question": "영업시간은 어떻게 되나요?",
          "question_wordNum": 3,
          "answer": "17:00~24:00",
          "answer_wordNum": 1,
          "fact": [
            "변두리 로바타,영업시간,17:00~24:00"
          ]
        },
        {
          "question_id": 1,
          "question_type": "정보",
          "question": "연락처를 알 수 있나요?",
          "question_wordNum": 4,
          "answer": "0507-1369-4376",
          "answer_wordNum": 1,
          "fact": [
            "변두리 로바타,연락처,0507-1369-4376"
          ]
        },
        {
          "question_id": 2,
          "question_type": "정보",
          "question": "이 곳의 주요 메뉴는 무엇이 있나요?",
          "question_wordNum": 6,
          "answer": "봉골레술찜, 우니 크림 파스타",
          "answer_wordNum": 4,
          "fact": [
            "변두리 로바타,메뉴,봉골레술찜, 우니 크림 파스타"
          ]
        },
        {
          "question_id": 3,
          "question_type": "정보",
          "question": "휴무일을 알 수 있나요?",
          "question_wordNum": 4,
          "answer": "매주 일요일",
          "answer_wordNum": 2,
          "fact": [
            "변두리 로바타,휴무일,매주 일요일"
          ]
        }
      ]
    },
    {
      "image_id": 3,
      "question": [
        {
          "question_id": 0,
          "question_type": "탐색",
          "question": "주차시설이 있나요?",
          "question_wordNum": 2,
          "answer": "있음",
          "answer_wordNum": 1,
          "fact": [
            "변두리 로바타,주차시설,있음"
          ]
        },
        {
          "question_id": 1,
          "question_type": "관계",
          "question": "이 곳에 인접한 시설을 알 수 있나요?",
          "question_wordNum": 7,
          "answer": "발산역 9번 출구, 퀸즈파크텐, 백소정, 방이옥",
          "answer_wordNum": 6,
          "fact": [
            "변두리 로바타,인접,발산역 9번 출구, 퀸즈파크텐, 백소정, 방이옥"
          ]
        },
        {
          "question_id": 2,
          "question_type": "정보",
          "question": "연락처가 어떻게 되나요?",
          "question_wordNum": 3,
          "answer": "0507-1369-4376",
          "answer_wordNum": 1,
          "fact": [
            "변두리 로바타,연락처,0507-1369-4376"
          ]
        },
        {
          "question_id": 3,
          "question_type": "정보",
          "question": "영업시간을 알 수 있나요?",
          "question_wordNum": 4,
          "answer": "17:00~24:00",
          "answer_wordNum": 1,
          "fact": [
            "변두리 로바타,영업시간,17:00~24:00"
          ]
        }
      ]
    },
    {
      "image_id": 4,
      "question": [
        {
          "question_id": 0,
          "question_type": "관계",
          "question": "이 곳에 인접한 시설이 있나요?",
          "question_wordNum": 5,
          "answer": "발산역 9번 출구, 퀸즈파크텐, 백소정, 방이옥",
          "answer_wordNum": 6,
          "fact": [
            "변두리 로바타,인접,발산역 9번 출구, 퀸즈파크텐, 백소정, 방이옥"
          ]
        },
        {
          "question_id": 1,
          "question_type": "정보",
          "question": "이 곳의 대표적인 메뉴는 무엇이 있나요?",
          "question_wordNum": 6,
          "answer": "봉골레술찜, 우니 크림 파스타",
          "answer_wordNum": 4,
          "fact": [
            "변두리 로바타,메뉴,봉골레술찜, 우니 크림 파스타"
          ]
        },
        {
          "question_id": 2,
          "question_type": "정보",
          "question": "영업시간은 몇시부터 몇시까지로 기재되어 있나요?",
          "question_wordNum": 5,
          "answer": "17:00~24:00",
          "answer_wordNum": 1,
          "fact": [
            "변두리 로바타,영업시간,17:00~24:00"
          ]
        },
        {
          "question_id": 3,
          "question_type": "정보",
          "question": "이 곳의 주소를 알 수 있나요?",
          "question_wordNum": 6,
          "answer": "서울 강서구 마곡중앙6로 66",
          "answer_wordNum": 4,
          "fact": [
            "변두리 로바타,주소,서울 강서구 마곡중앙6로 66"
          ]
        }
      ]
    }
  ]
}