{
  "data": {
    "dataset": "2-083-219",
    "POI_id": "561595",
    "travelType": "음식점",
    "place": "오남매닭갈비 ",
    "area": "서울"
  },
  "imageInfo": [
    {
      "image_id": 0,
      "filename": "561595_0_su_5_오남매닭갈비 _3_001.png",
      "mapx": 37.5673140391214,
      "mapy": 126.827554917518,
      "width": 3840,
      "height": 2160,
      "caption_info": [
        "오남매닭갈비(강서구) ",
        "미닫이문 "
      ]
    },
    {
      "image_id": 1,
      "filename": "561595_0_su_5_오남매닭갈비 _3_002.png",
      "mapx": 37.5673140391214,
      "mapy": 126.827554917518,
      "width": 3840,
      "height": 2160,
      "caption_info": [
        "오남매닭갈비(강서구) ",
        "간판"
      ]
    },
    {
      "image_id": 2,
      "filename": "561595_0_su_5_오남매닭갈비 _3_003.png",
      "mapx": 37.5673140391214,
      "mapy": 126.827554917518,
      "width": 3840,
      "height": 2160,
      "caption_info": [
        "오남매닭갈비(강서구) ",
        "의자"
      ]
    },
    {
      "image_id": 3,
      "filename": "561595_0_su_5_오남매닭갈비 _3_004.png",
      "mapx": 37.5673140391214,
      "mapy": 126.827554917518,
      "width": 3840,
      "height": 2160,
      "caption_info": [
        "오남매닭갈비(강서구) ",
        "메뉴판 "
      ]
    },
    {
      "image_id": 4,
      "filename": "561595_0_su_5_오남매닭갈비 _3_005.png",
      "mapx": 37.5673140391214,
      "mapy": 126.827554917518,
      "width": 3840,
      "height": 2160,
      "caption_info": [
        "오남매닭갈비(강서구) ",
        "닭갈비 "
      ]
    }
  ],
  "annotations": [
    {
      "image_id": 0,
      "question": [
        {
          "question_id": 0,
          "question_type": "정보",
          "question": "이 곳의 메뉴를 알 수 있나요?",
          "question_wordNum": 6,
          "answer": "뼈 없는 닭갈비, 뼈 없는 치즈닭갈비",
          "answer_wordNum": 6,
          "fact": [
            "오남매닭갈비,메뉴,뼈 없는 닭갈비, 뼈 없는 치즈닭갈비"
          ]
        },
        {
          "question_id": 1,
          "question_type": "정보",
          "question": "영업시간을 알 수 있나요?",
          "question_wordNum": 4,
          "answer": "11:30 - 23:00",
          "answer_wordNum": 3,
          "fact": [
            "오남매닭갈비,영업시간,11:30 - 23:00"
          ]
        },
        {
          "question_id": 2,
          "question_type": "정보",
          "question": "연락처를 알 수 있나요?",
          "question_wordNum": 4,
          "answer": "010-8100-3400",
          "answer_wordNum": 1,
          "fact": [
            "오남매닭갈비,연락처,010-8100-3400"
          ]
        },
        {
          "question_id": 3,
          "question_type": "정보",
          "question": "이 곳의 주소는 어떻게 되나요?",
          "question_wordNum": 5,
          "answer": "서울 강서구 마곡중앙5로 6",
          "answer_wordNum": 4,
          "fact": [
            "오남매닭갈비,주소,서울 강서구 마곡중앙5로 6"
          ]
        }
      ]
    },
    {
      "image_id": 1,
      "question": [
        {
          "question_id": 0,
          "question_type": "정보",
          "question": "이 곳의 메뉴를 알 수 있나요?",
          "question_wordNum": 6,
          "answer": "뼈 없는 닭갈비, 뼈 없는 치즈닭갈비",
          "answer_wordNum": 6,
          "fact": [
            "오남매닭갈비,메뉴,뼈 없는 닭갈비, 뼈 없는 치즈닭갈비"
          ]
        },
        {
          "question_id": 1,
          "question_type": "탐색",
          "question": "주차시설이 있는지 알 수 있나요?",
          "question_wordNum": 5,
          "answer": "있음",
          "answer_wordNum": 1,
          "fact": [
            "오남매닭갈비,주차시설,있음"
          ]
        },
        {
          "question_id": 2,
          "question_type": "정보",
          "question": "이 곳의 주소는 어떻게 되나요?",
          "question_wordNum": 5,
          "answer": "서울 강서구 마곡중앙5로 6",
          "answer_wordNum": 4,
          "fact": [
            "오남매닭갈비,주소,서울 강서구 마곡중앙5로 6"
          ]
        },
        {
          "question_id": 3,
          "question_type": "관계",
          "question": "이 곳에 인접한 시설을 알 수 있나요?",
          "question_wordNum": 7,
          "answer": "마곡나루역 1번 출구, 에그, 이디야커피",
          "answer_wordNum": 5,
          "fact": [
            "오남매닭갈비,인접,마곡나루역 1번 출구, 에그, 이디야커피"
          ]
        }
      ]
    },
    {
      "image_id": 2,
      "question": [
        {
          "question_id": 0,
          "question_type": "정보",
          "question": "연락처가 어떻게 되나요?",
          "question_wordNum": 3,
          "answer": "010-8100-3400",
          "answer_wordNum": 1,
          "fact": [
            "오남매닭갈비,연락처,010-8100-3400"
          ]
        },
        {
          "question_id": 1,
          "question_type": "정보",
          "question": "영업시간은 어떻게 되나요?",
          "question_wordNum": 3,
          "answer": "11:30 - 23:00",
          "answer_wordNum": 3,
          "fact": [
            "오남매닭갈비,영업시간,11:30 - 23:00"
          ]
        },
        {
          "question_id": 2,
          "question_type": "정보",
          "question": "이 곳의 주소를 알 수 있나요?",
          "question_wordNum": 6,
          "answer": "서울 강서구 마곡중앙5로 6",
          "answer_wordNum": 4,
          "fact": [
            "오남매닭갈비,주소,서울 강서구 마곡중앙5로 6"
          ]
        },
        {
          "question_id": 3,
          "question_type": "관계",
          "question": "이 곳에 인접한 시설이 있나요?",
          "question_wordNum": 5,
          "answer": "마곡나루역 1번 출구, 에그, 이디야커피",
          "answer_wordNum": 5,
          "fact": [
            "오남매닭갈비,인접,마곡나루역 1번 출구, 에그, 이디야커피"
          ]
        }
      ]
    },
    {
      "image_id": 3,
      "question": [
        {
          "question_id": 0,
          "question_type": "정보",
          "question": "대표 메뉴가 무엇인가요?",
          "question_wordNum": 3,
          "answer": "뼈 없는 닭갈비, 뼈 없는 치즈닭갈비",
          "answer_wordNum": 6,
          "fact": [
            "오남매닭갈비,메뉴,뼈 없는 닭갈비, 뼈 없는 치즈닭갈비"
          ]
        },
        {
          "question_id": 1,
          "question_type": "정보",
          "question": "휴무일을 알 수 있나요?",
          "question_wordNum": 4,
          "answer": "없음",
          "answer_wordNum": 1,
          "fact": [
            "오남매닭갈비,휴무일,없음"
          ]
        },
        {
          "question_id": 2,
          "question_type": "정보",
          "question": "이 곳의 주소를 알 수 있나요?",
          "question_wordNum": 6,
          "answer": "서울 강서구 마곡중앙5로 6",
          "answer_wordNum": 4,
          "fact": [
            "오남매닭갈비,주소,서울 강서구 마곡중앙5로 6"
          ]
        },
        {
          "question_id": 3,
          "question_type": "탐색",
          "question": "주차시설이 있는지 알 수 있나요?",
          "question_wordNum": 5,
          "answer": "있음",
          "answer_wordNum": 1,
          "fact": [
            "오남매닭갈비,주차시설,있음"
          ]
        }
      ]
    },
    {
      "image_id": 4,
      "question": [
        {
          "question_id": 0,
          "question_type": "정보",
          "question": "이 곳의 주소를 알 수 있나요?",
          "question_wordNum": 6,
          "answer": "서울 강서구 마곡중앙5로 6",
          "answer_wordNum": 4,
          "fact": [
            "오남매닭갈비,주소,서울 강서구 마곡중앙5로 6"
          ]
        },
        {
          "question_id": 1,
          "question_type": "관계",
          "question": "이 곳에 인접한 시설이 있나요?",
          "question_wordNum": 5,
          "answer": "마곡나루역 1번 출구, 에그, 이디야커피",
          "answer_wordNum": 5,
          "fact": [
            "오남매닭갈비,인접,마곡나루역 1번 출구, 에그, 이디야커피"
          ]
        },
        {
          "question_id": 2,
          "question_type": "탐색",
          "question": "주차시설이 있나요?",
          "question_wordNum": 2,
          "answer": "있음",
          "answer_wordNum": 1,
          "fact": [
            "오남매닭갈비,주차시설,있음"
          ]
        },
        {
          "question_id": 3,
          "question_type": "정보",
          "question": "대표 메뉴가 무엇인가요?",
          "question_wordNum": 3,
          "answer": "뼈 없는 닭갈비, 뼈 없는 치즈닭갈비",
          "answer_wordNum": 6,
          "fact": [
            "오남매닭갈비,메뉴,뼈 없는 닭갈비, 뼈 없는 치즈닭갈비"
          ]
        }
      ]
    }
  ]
}