{
  "data": {
    "dataset": "2-083-219",
    "POI_id": "553169",
    "travelType": "음식점",
    "place": "사랑방손칼국수 목동점",
    "area": "서울"
  },
  "imageInfo": [
    {
      "image_id": 0,
      "filename": "553169_0_su_5_사랑방손칼국수 목동점_1_001.png",
      "mapx": 37.5300395083047,
      "mapy": 126.862669014704,
      "width": 3840,
      "height": 2160,
      "caption_info": [
        "사랑방손칼국수 목동점(화곡동)",
        "간판, 여닫이문"
      ]
    },
    {
      "image_id": 1,
      "filename": "553169_0_su_5_사랑방손칼국수 목동점_1_002.png",
      "mapx": 37.5300395083047,
      "mapy": 126.862669014704,
      "width": 3840,
      "height": 2160,
      "caption_info": [
        "사랑방손칼국수 목동점(화곡동)",
        "간판"
      ]
    },
    {
      "image_id": 2,
      "filename": "553169_0_su_5_사랑방손칼국수 목동점_1_003.png",
      "mapx": 37.5300395083047,
      "mapy": 126.862669014704,
      "width": 3840,
      "height": 2160,
      "caption_info": [
        "사랑방손칼국수 목동점(화곡동)",
        "좌식테이블 "
      ]
    },
    {
      "image_id": 3,
      "filename": "553169_0_su_5_사랑방손칼국수 목동점_1_004.png",
      "mapx": 37.5300395083047,
      "mapy": 126.862669014704,
      "width": 3840,
      "height": 2160,
      "caption_info": [
        "사랑방손칼국수 목동점(화곡동)",
        "메뉴판 "
      ]
    },
    {
      "image_id": 4,
      "filename": "553169_0_su_5_사랑방손칼국수 목동점_1_005.png",
      "mapx": 37.5300395083047,
      "mapy": 126.862669014704,
      "width": 3840,
      "height": 2160,
      "caption_info": [
        "사랑방손칼국수 목동점(화곡동)",
        "칼국수"
      ]
    }
  ],
  "annotations": [
    {
      "image_id": 0,
      "question": [
        {
          "question_id": 0,
          "question_type": "정보",
          "question": "연락처가 어떻게 되나요?",
          "question_wordNum": 3,
          "answer": "02-2648-1008",
          "answer_wordNum": 1,
          "fact": [
            "사랑방손칼국수 목동점,연락처,02-2648-1008"
          ]
        },
        {
          "question_id": 1,
          "question_type": "정보",
          "question": "이 곳의 대표적인 메뉴는 무엇이 있나요?",
          "question_wordNum": 6,
          "answer": "손칼국수, 팥칼국수",
          "answer_wordNum": 2,
          "fact": [
            "사랑방손칼국수 목동점,메뉴,손칼국수, 팥칼국수"
          ]
        },
        {
          "question_id": 2,
          "question_type": "탐색",
          "question": "주차시설이 있나요?",
          "question_wordNum": 2,
          "answer": "있음",
          "answer_wordNum": 1,
          "fact": [
            "사랑방손칼국수 목동점,주차시설,있음"
          ]
        },
        {
          "question_id": 3,
          "question_type": "관계",
          "question": "이 곳에 인접한 시설을 알 수 있나요?",
          "question_wordNum": 7,
          "answer": "목동역 2번 출구, 알뜰 목화셀프주유소, 목동워시",
          "answer_wordNum": 6,
          "fact": [
            "사랑방손칼국수 목동점,인접,목동역 2번 출구, 알뜰 목화셀프주유소, 목동워시"
          ]
        }
      ]
    },
    {
      "image_id": 1,
      "question": [
        {
          "question_id": 0,
          "question_type": "정보",
          "question": "이 곳의 주소는 어떻게 되나요?",
          "question_wordNum": 5,
          "answer": "서울 강서구 국회대로 249-1",
          "answer_wordNum": 4,
          "fact": [
            "사랑방손칼국수 목동점,주소,서울 강서구 국회대로 249-1"
          ]
        },
        {
          "question_id": 1,
          "question_type": "정보",
          "question": "이 곳의 주요 메뉴는 무엇이 있나요?",
          "question_wordNum": 6,
          "answer": "손칼국수, 팥칼국수",
          "answer_wordNum": 2,
          "fact": [
            "사랑방손칼국수 목동점,메뉴,손칼국수, 팥칼국수"
          ]
        },
        {
          "question_id": 2,
          "question_type": "정보",
          "question": "연락처를 알 수 있나요?",
          "question_wordNum": 4,
          "answer": "02-2648-1008",
          "answer_wordNum": 1,
          "fact": [
            "사랑방손칼국수 목동점,연락처,02-2648-1008"
          ]
        },
        {
          "question_id": 3,
          "question_type": "탐색",
          "question": "주차시설이 있나요?",
          "question_wordNum": 2,
          "answer": "있음",
          "answer_wordNum": 1,
          "fact": [
            "사랑방손칼국수 목동점,주차시설,있음"
          ]
        }
      ]
    },
    {
      "image_id": 2,
      "question": [
        {
          "question_id": 0,
          "question_type": "정보",
          "question": "휴무일은 어떻게 되나요?",
          "question_wordNum": 3,
          "answer": "매주 일요일",
          "answer_wordNum": 2,
          "fact": [
            "사랑방손칼국수 목동점,휴무일,매주 일요일"
          ]
        },
        {
          "question_id": 1,
          "question_type": "정보",
          "question": "연락처가 어떻게 되나요?",
          "question_wordNum": 3,
          "answer": "02-2648-1008",
          "answer_wordNum": 1,
          "fact": [
            "사랑방손칼국수 목동점,연락처,02-2648-1008"
          ]
        },
        {
          "question_id": 2,
          "question_type": "정보",
          "question": "영업시간은 몇시부터 몇시까지로 기재되어 있나요?",
          "question_wordNum": 5,
          "answer": "11:30~15:00",
          "answer_wordNum": 1,
          "fact": [
            "사랑방손칼국수 목동점,영업시간,11:30~15:00"
          ]
        },
        {
          "question_id": 3,
          "question_type": "정보",
          "question": "이 곳의 주요 메뉴를 알 수 있나요?",
          "question_wordNum": 7,
          "answer": "손칼국수, 팥칼국수",
          "answer_wordNum": 2,
          "fact": [
            "사랑방손칼국수 목동점,메뉴,손칼국수, 팥칼국수"
          ]
        }
      ]
    },
    {
      "image_id": 3,
      "question": [
        {
          "question_id": 0,
          "question_type": "정보",
          "question": "이 곳의 주요 메뉴를 알 수 있나요?",
          "question_wordNum": 7,
          "answer": "손칼국수, 팥칼국수",
          "answer_wordNum": 2,
          "fact": [
            "사랑방손칼국수 목동점,메뉴,손칼국수, 팥칼국수"
          ]
        },
        {
          "question_id": 1,
          "question_type": "탐색",
          "question": "주차시설이 있는지 알 수 있나요?",
          "question_wordNum": 5,
          "answer": "있음",
          "answer_wordNum": 1,
          "fact": [
            "사랑방손칼국수 목동점,주차시설,있음"
          ]
        },
        {
          "question_id": 2,
          "question_type": "정보",
          "question": "휴무일을 알 수 있나요?",
          "question_wordNum": 4,
          "answer": "매주 일요일",
          "answer_wordNum": 2,
          "fact": [
            "사랑방손칼국수 목동점,휴무일,매주 일요일"
          ]
        },
        {
          "question_id": 3,
          "question_type": "정보",
          "question": "이 곳의 주소는 어떻게 되나요?",
          "question_wordNum": 5,
          "answer": "서울 강서구 국회대로 249-1",
          "answer_wordNum": 4,
          "fact": [
            "사랑방손칼국수 목동점,주소,서울 강서구 국회대로 249-1"
          ]
        }
      ]
    },
    {
      "image_id": 4,
      "question": [
        {
          "question_id": 0,
          "question_type": "정보",
          "question": "휴무일은 어떻게 되나요?",
          "question_wordNum": 3,
          "answer": "매주 일요일",
          "answer_wordNum": 2,
          "fact": [
            "사랑방손칼국수 목동점,휴무일,매주 일요일"
          ]
        },
        {
          "question_id": 1,
          "question_type": "탐색",
          "question": "주차시설이 있나요?",
          "question_wordNum": 2,
          "answer": "있음",
          "answer_wordNum": 1,
          "fact": [
            "사랑방손칼국수 목동점,주차시설,있음"
          ]
        },
        {
          "question_id": 2,
          "question_type": "정보",
          "question": "연락처를 알 수 있나요?",
          "question_wordNum": 4,
          "answer": "02-2648-1008",
          "answer_wordNum": 1,
          "fact": [
            "사랑방손칼국수 목동점,연락처,02-2648-1008"
          ]
        },
        {
          "question_id": 3,
          "question_type": "정보",
          "question": "영업시간은 어떻게 되나요?",
          "question_wordNum": 3,
          "answer": "11:30~15:00",
          "answer_wordNum": 1,
          "fact": [
            "사랑방손칼국수 목동점,영업시간,11:30~15:00"
          ]
        }
      ]
    }
  ]
}