{
  "data": {
    "dataset": "2-083-219",
    "POI_id": "561629",
    "travelType": "음식점",
    "place": "이차돌 강서한강자이점",
    "area": "서울"
  },
  "imageInfo": [
    {
      "image_id": 0,
      "filename": "561629_0_su_5_이차돌 강서한강자이점_2_001.png",
      "mapx": 37.5657010514328,
      "mapy": 126.84764409296,
      "width": 3840,
      "height": 2160,
      "caption_info": [
        "이차돌 강서한강자이점(강서구)",
        "간판"
      ]
    },
    {
      "image_id": 1,
      "filename": "561629_0_su_5_이차돌 강서한강자이점_2_002.png",
      "mapx": 37.5657010514328,
      "mapy": 126.84764409296,
      "width": 3840,
      "height": 2160,
      "caption_info": [
        "이차돌 강서한강자이점(강서구)",
        "간판"
      ]
    },
    {
      "image_id": 2,
      "filename": "561629_0_su_5_이차돌 강서한강자이점_2_003.png",
      "mapx": 37.5657010514328,
      "mapy": 126.84764409296,
      "width": 3840,
      "height": 2160,
      "caption_info": [
        "이차돌 강서한강자이점(강서구)",
        "전등"
      ]
    },
    {
      "image_id": 3,
      "filename": "561629_0_su_5_이차돌 강서한강자이점_2_004.png",
      "mapx": 37.5657010514328,
      "mapy": 126.84764409296,
      "width": 3840,
      "height": 2160,
      "caption_info": [
        "이차돌 강서한강자이점(강서구)",
        "메뉴판 "
      ]
    },
    {
      "image_id": 4,
      "filename": "561629_0_su_5_이차돌 강서한강자이점_2_005.png",
      "mapx": 37.5657010514328,
      "mapy": 126.84764409296,
      "width": 3840,
      "height": 2160,
      "caption_info": [
        "이차돌 강서한강자이점(강서구)",
        "고기 "
      ]
    }
  ],
  "annotations": [
    {
      "image_id": 0,
      "question": [
        {
          "question_id": 0,
          "question_type": "정보",
          "question": "연락처가 어떻게 되나요?",
          "question_wordNum": 3,
          "answer": "02-2638-5222",
          "answer_wordNum": 1,
          "fact": [
            "이차돌 강서한강자이점,연락처,02-2638-5222"
          ]
        },
        {
          "question_id": 1,
          "question_type": "정보",
          "question": "이 곳의 메뉴를 알 수 있나요?",
          "question_wordNum": 6,
          "answer": "차돌박이, 차돌삼겹",
          "answer_wordNum": 2,
          "fact": [
            "이차돌 강서한강자이점,메뉴,차돌박이, 차돌삼겹"
          ]
        },
        {
          "question_id": 2,
          "question_type": "탐색",
          "question": "주차시설이 있는지 알 수 있나요?",
          "question_wordNum": 5,
          "answer": "있음",
          "answer_wordNum": 1,
          "fact": [
            "이차돌 강서한강자이점,주차시설,있음"
          ]
        },
        {
          "question_id": 3,
          "question_type": "정보",
          "question": "이 곳의 주소를 알 수 있나요?",
          "question_wordNum": 6,
          "answer": "서울 강서구 양천로 401",
          "answer_wordNum": 4,
          "fact": [
            "이차돌 강서한강자이점,주소,서울 강서구 양천로 401"
          ]
        }
      ]
    },
    {
      "image_id": 1,
      "question": [
        {
          "question_id": 0,
          "question_type": "정보",
          "question": "연락처를 알 수 있나요?",
          "question_wordNum": 4,
          "answer": "02-2638-5222",
          "answer_wordNum": 1,
          "fact": [
            "이차돌 강서한강자이점,연락처,02-2638-5222"
          ]
        },
        {
          "question_id": 1,
          "question_type": "정보",
          "question": "이 곳의 주소를 알 수 있나요?",
          "question_wordNum": 6,
          "answer": "서울 강서구 양천로 401",
          "answer_wordNum": 4,
          "fact": [
            "이차돌 강서한강자이점,주소,서울 강서구 양천로 401"
          ]
        },
        {
          "question_id": 2,
          "question_type": "탐색",
          "question": "주차시설이 있나요?",
          "question_wordNum": 2,
          "answer": "있음",
          "answer_wordNum": 1,
          "fact": [
            "이차돌 강서한강자이점,주차시설,있음"
          ]
        },
        {
          "question_id": 3,
          "question_type": "정보",
          "question": "휴무일은 어떻게 되나요?",
          "question_wordNum": 3,
          "answer": "알수없음",
          "answer_wordNum": 1,
          "fact": [
            "이차돌 강서한강자이점,휴무일,알수없음"
          ]
        }
      ]
    },
    {
      "image_id": 2,
      "question": [
        {
          "question_id": 0,
          "question_type": "관계",
          "question": "이 곳에 인접한 시설이 있나요?",
          "question_wordNum": 5,
          "answer": "가양역 1번 출구, CU, 짬뽕만리",
          "answer_wordNum": 5,
          "fact": [
            "이차돌 강서한강자이점,인접,가양역 1번 출구, CU, 짬뽕만리"
          ]
        },
        {
          "question_id": 1,
          "question_type": "정보",
          "question": "영업시간을 알 수 있나요?",
          "question_wordNum": 4,
          "answer": "11:00/11:30/17:30~22:30",
          "answer_wordNum": 1,
          "fact": [
            "이차돌 강서한강자이점,영업시간,11:00/11:30/17:30~22:30"
          ]
        },
        {
          "question_id": 2,
          "question_type": "탐색",
          "question": "주차시설이 있는지 알 수 있나요?",
          "question_wordNum": 5,
          "answer": "있음",
          "answer_wordNum": 1,
          "fact": [
            "이차돌 강서한강자이점,주차시설,있음"
          ]
        },
        {
          "question_id": 3,
          "question_type": "정보",
          "question": "이 곳의 주소는 어떻게 되나요?",
          "question_wordNum": 5,
          "answer": "서울 강서구 양천로 401",
          "answer_wordNum": 4,
          "fact": [
            "이차돌 강서한강자이점,주소,서울 강서구 양천로 401"
          ]
        }
      ]
    },
    {
      "image_id": 3,
      "question": [
        {
          "question_id": 0,
          "question_type": "정보",
          "question": "대표 메뉴가 무엇인가요?",
          "question_wordNum": 3,
          "answer": "차돌박이, 차돌삼겹",
          "answer_wordNum": 2,
          "fact": [
            "이차돌 강서한강자이점,메뉴,차돌박이, 차돌삼겹"
          ]
        },
        {
          "question_id": 1,
          "question_type": "정보",
          "question": "휴무일은 어떻게 되나요?",
          "question_wordNum": 3,
          "answer": "알수없음",
          "answer_wordNum": 1,
          "fact": [
            "이차돌 강서한강자이점,휴무일,알수없음"
          ]
        },
        {
          "question_id": 2,
          "question_type": "관계",
          "question": "이 곳에 인접한 시설을 알 수 있나요?",
          "question_wordNum": 7,
          "answer": "가양역 1번 출구, CU, 짬뽕만리",
          "answer_wordNum": 5,
          "fact": [
            "이차돌 강서한강자이점,인접,가양역 1번 출구, CU, 짬뽕만리"
          ]
        },
        {
          "question_id": 3,
          "question_type": "정보",
          "question": "연락처를 알 수 있나요?",
          "question_wordNum": 4,
          "answer": "02-2638-5222",
          "answer_wordNum": 1,
          "fact": [
            "이차돌 강서한강자이점,연락처,02-2638-5222"
          ]
        }
      ]
    },
    {
      "image_id": 4,
      "question": [
        {
          "question_id": 0,
          "question_type": "정보",
          "question": "대표 메뉴가 무엇인가요?",
          "question_wordNum": 3,
          "answer": "차돌박이, 차돌삼겹",
          "answer_wordNum": 2,
          "fact": [
            "이차돌 강서한강자이점,메뉴,차돌박이, 차돌삼겹"
          ]
        },
        {
          "question_id": 1,
          "question_type": "관계",
          "question": "이 곳에 인접한 시설을 알 수 있나요?",
          "question_wordNum": 7,
          "answer": "가양역 1번 출구, CU, 짬뽕만리",
          "answer_wordNum": 5,
          "fact": [
            "이차돌 강서한강자이점,인접,가양역 1번 출구, CU, 짬뽕만리"
          ]
        },
        {
          "question_id": 2,
          "question_type": "정보",
          "question": "연락처가 어떻게 되나요?",
          "question_wordNum": 3,
          "answer": "02-2638-5222",
          "answer_wordNum": 1,
          "fact": [
            "이차돌 강서한강자이점,연락처,02-2638-5222"
          ]
        },
        {
          "question_id": 3,
          "question_type": "탐색",
          "question": "주차시설이 있는지 알 수 있나요?",
          "question_wordNum": 5,
          "answer": "있음",
          "answer_wordNum": 1,
          "fact": [
            "이차돌 강서한강자이점,주차시설,있음"
          ]
        }
      ]
    }
  ]
}