{
  "data": {
    "dataset": "2-083-219",
    "POI_id": "561405",
    "travelType": "음식점",
    "place": "북촌삼대갈비 향교역점",
    "area": "서울"
  },
  "imageInfo": [
    {
      "image_id": 0,
      "filename": "561405_0_su_5_북촌삼대갈비 향교역점_1_001.png",
      "mapx": 37.5685148129766,
      "mapy": 126.84165226231,
      "width": 3840,
      "height": 2160,
      "caption_info": [
        "북촌삼대갈비 향교역점(가양동)",
        "건물, 간판"
      ]
    },
    {
      "image_id": 1,
      "filename": "561405_0_su_5_북촌삼대갈비 향교역점_1_002.png",
      "mapx": 37.5685148129766,
      "mapy": 126.84165226231,
      "width": 3840,
      "height": 2160,
      "caption_info": [
        "북촌삼대갈비 향교역점(가양동)",
        "간판"
      ]
    },
    {
      "image_id": 2,
      "filename": "561405_0_su_5_북촌삼대갈비 향교역점_1_003.png",
      "mapx": 37.5685148129766,
      "mapy": 126.84165226231,
      "width": 3840,
      "height": 2160,
      "caption_info": [
        "북촌삼대갈비 향교역점(가양동)",
        "테이블, 등받이의자"
      ]
    },
    {
      "image_id": 3,
      "filename": "561405_0_su_5_북촌삼대갈비 향교역점_1_004.png",
      "mapx": 37.5685148129766,
      "mapy": 126.84165226231,
      "width": 3840,
      "height": 2160,
      "caption_info": [
        "북촌삼대갈비 향교역점(가양동)",
        "메뉴판"
      ]
    },
    {
      "image_id": 4,
      "filename": "561405_0_su_5_북촌삼대갈비 향교역점_1_005.png",
      "mapx": 37.5685148129766,
      "mapy": 126.84165226231,
      "width": 3840,
      "height": 2160,
      "caption_info": [
        "북촌삼대갈비 향교역점(가양동)",
        "김치, 수저, 젓가락"
      ]
    }
  ],
  "annotations": [
    {
      "image_id": 0,
      "question": [
        {
          "question_id": 0,
          "question_type": "탐색",
          "question": "주차시설이 있나요?",
          "question_wordNum": 2,
          "answer": "있음",
          "answer_wordNum": 1,
          "fact": [
            "북촌삼대갈비 향교역점,주차시설,있음"
          ]
        },
        {
          "question_id": 1,
          "question_type": "정보",
          "question": "이 곳의 주소는 어떻게 되나요?",
          "question_wordNum": 5,
          "answer": "서울 강서구 양천로 349",
          "answer_wordNum": 4,
          "fact": [
            "북촌삼대갈비 향교역점,주소,서울 강서구 양천로 349"
          ]
        },
        {
          "question_id": 2,
          "question_type": "정보",
          "question": "이 곳의 대표적인 메뉴는 무엇이 있나요?",
          "question_wordNum": 6,
          "answer": "돼지왕갈비, 비빔국수",
          "answer_wordNum": 2,
          "fact": [
            "북촌삼대갈비 향교역점,메뉴,돼지왕갈비, 비빔국수"
          ]
        },
        {
          "question_id": 3,
          "question_type": "관계",
          "question": "이 곳에 인접한 시설이 있나요?",
          "question_wordNum": 5,
          "answer": "양천향교역 4번 출구, 커비 커피, 롤리밥스",
          "answer_wordNum": 6,
          "fact": [
            "북촌삼대갈비 향교역점,인접,양천향교역 4번 출구, 커비 커피, 롤리밥스"
          ]
        }
      ]
    },
    {
      "image_id": 1,
      "question": [
        {
          "question_id": 0,
          "question_type": "정보",
          "question": "이 곳의 주요 메뉴는 무엇이 있나요?",
          "question_wordNum": 6,
          "answer": "돼지왕갈비, 비빔국수",
          "answer_wordNum": 2,
          "fact": [
            "북촌삼대갈비 향교역점,메뉴,돼지왕갈비, 비빔국수"
          ]
        },
        {
          "question_id": 1,
          "question_type": "정보",
          "question": "연락처가 어떻게 되나요?",
          "question_wordNum": 3,
          "answer": "0507-1419-5544",
          "answer_wordNum": 1,
          "fact": [
            "북촌삼대갈비 향교역점,연락처,0507-1419-5544"
          ]
        },
        {
          "question_id": 2,
          "question_type": "정보",
          "question": "영업시간을 알 수 있나요?",
          "question_wordNum": 4,
          "answer": "알수없음",
          "answer_wordNum": 1,
          "fact": [
            "북촌삼대갈비 향교역점,영업시간,알수없음"
          ]
        },
        {
          "question_id": 3,
          "question_type": "탐색",
          "question": "주차시설이 있나요?",
          "question_wordNum": 2,
          "answer": "있음",
          "answer_wordNum": 1,
          "fact": [
            "북촌삼대갈비 향교역점,주차시설,있음"
          ]
        }
      ]
    },
    {
      "image_id": 2,
      "question": [
        {
          "question_id": 0,
          "question_type": "정보",
          "question": "연락처가 어떻게 되나요?",
          "question_wordNum": 3,
          "answer": "0507-1419-5544",
          "answer_wordNum": 1,
          "fact": [
            "북촌삼대갈비 향교역점,연락처,0507-1419-5544"
          ]
        },
        {
          "question_id": 1,
          "question_type": "정보",
          "question": "이 곳의 주소는 어떻게 되나요?",
          "question_wordNum": 5,
          "answer": "서울 강서구 양천로 349",
          "answer_wordNum": 4,
          "fact": [
            "북촌삼대갈비 향교역점,주소,서울 강서구 양천로 349"
          ]
        },
        {
          "question_id": 2,
          "question_type": "관계",
          "question": "이 곳에 인접한 시설이 있나요?",
          "question_wordNum": 5,
          "answer": "양천향교역 4번 출구, 커비 커피, 롤리밥스",
          "answer_wordNum": 6,
          "fact": [
            "북촌삼대갈비 향교역점,인접,양천향교역 4번 출구, 커비 커피, 롤리밥스"
          ]
        },
        {
          "question_id": 3,
          "question_type": "정보",
          "question": "휴무일을 알 수 있나요?",
          "question_wordNum": 4,
          "answer": "알수없음",
          "answer_wordNum": 1,
          "fact": [
            "북촌삼대갈비 향교역점,휴무일,알수없음"
          ]
        }
      ]
    },
    {
      "image_id": 3,
      "question": [
        {
          "question_id": 0,
          "question_type": "정보",
          "question": "이 곳의 대표적인 메뉴는 무엇이 있나요?",
          "question_wordNum": 6,
          "answer": "돼지왕갈비, 비빔국수",
          "answer_wordNum": 2,
          "fact": [
            "북촌삼대갈비 향교역점,메뉴,돼지왕갈비, 비빔국수"
          ]
        },
        {
          "question_id": 1,
          "question_type": "정보",
          "question": "휴무일을 알 수 있나요?",
          "question_wordNum": 4,
          "answer": "알수없음",
          "answer_wordNum": 1,
          "fact": [
            "북촌삼대갈비 향교역점,휴무일,알수없음"
          ]
        },
        {
          "question_id": 2,
          "question_type": "관계",
          "question": "이 곳에 인접한 시설이 있나요?",
          "question_wordNum": 5,
          "answer": "양천향교역 4번 출구, 커비 커피, 롤리밥스",
          "answer_wordNum": 6,
          "fact": [
            "북촌삼대갈비 향교역점,인접,양천향교역 4번 출구, 커비 커피, 롤리밥스"
          ]
        },
        {
          "question_id": 3,
          "question_type": "정보",
          "question": "이 곳의 주소는 어떻게 되나요?",
          "question_wordNum": 5,
          "answer": "서울 강서구 양천로 349",
          "answer_wordNum": 4,
          "fact": [
            "북촌삼대갈비 향교역점,주소,서울 강서구 양천로 349"
          ]
        }
      ]
    },
    {
      "image_id": 4,
      "question": [
        {
          "question_id": 0,
          "question_type": "정보",
          "question": "연락처가 어떻게 되나요?",
          "question_wordNum": 3,
          "answer": "0507-1419-5544",
          "answer_wordNum": 1,
          "fact": [
            "북촌삼대갈비 향교역점,연락처,0507-1419-5544"
          ]
        },
        {
          "question_id": 1,
          "question_type": "정보",
          "question": "이 곳의 주소는 어떻게 되나요?",
          "question_wordNum": 5,
          "answer": "서울 강서구 양천로 349",
          "answer_wordNum": 4,
          "fact": [
            "북촌삼대갈비 향교역점,주소,서울 강서구 양천로 349"
          ]
        },
        {
          "question_id": 2,
          "question_type": "탐색",
          "question": "주차시설이 있나요?",
          "question_wordNum": 2,
          "answer": "있음",
          "answer_wordNum": 1,
          "fact": [
            "북촌삼대갈비 향교역점,주차시설,있음"
          ]
        },
        {
          "question_id": 3,
          "question_type": "정보",
          "question": "이 곳의 대표적인 메뉴는 무엇이 있나요?",
          "question_wordNum": 6,
          "answer": "돼지왕갈비, 비빔국수",
          "answer_wordNum": 2,
          "fact": [
            "북촌삼대갈비 향교역점,메뉴,돼지왕갈비, 비빔국수"
          ]
        }
      ]
    }
  ]
}