{
  "data": {
    "dataset": "2-083-219",
    "POI_id": "561529",
    "travelType": "음식점",
    "place": "포레스트오늘숲 마곡점",
    "area": "서울"
  },
  "imageInfo": [
    {
      "image_id": 0,
      "filename": "561529_0_su_5_포레스트오늘숲 마곡점_1_001.png",
      "mapx": 37.5670117038671,
      "mapy": 126.839731201632,
      "width": 3840,
      "height": 2160,
      "caption_info": [
        "포레스트오늘숲 마곡점(강서구)",
        "간판"
      ]
    },
    {
      "image_id": 1,
      "filename": "561529_0_su_5_포레스트오늘숲 마곡점_1_002.png",
      "mapx": 37.5670117038671,
      "mapy": 126.839731201632,
      "width": 3840,
      "height": 2160,
      "caption_info": [
        "포레스트오늘숲 마곡점(강서구)",
        "간판"
      ]
    },
    {
      "image_id": 2,
      "filename": "561529_0_su_5_포레스트오늘숲 마곡점_1_003.png",
      "mapx": 37.5670117038671,
      "mapy": 126.839731201632,
      "width": 3840,
      "height": 2160,
      "caption_info": [
        "포레스트오늘숲 마곡점(강서구)",
        "등받이 의자"
      ]
    },
    {
      "image_id": 3,
      "filename": "561529_0_su_5_포레스트오늘숲 마곡점_1_004.png",
      "mapx": 37.5670117038671,
      "mapy": 126.839731201632,
      "width": 3840,
      "height": 2160,
      "caption_info": [
        "포레스트오늘숲 마곡점(강서구)",
        "메뉴판 "
      ]
    },
    {
      "image_id": 4,
      "filename": "561529_0_su_5_포레스트오늘숲 마곡점_1_005.png",
      "mapx": 37.5670117038671,
      "mapy": 126.839731201632,
      "width": 3840,
      "height": 2160,
      "caption_info": [
        "포레스트오늘숲 마곡점(강서구)",
        "쌀국수 "
      ]
    }
  ],
  "annotations": [
    {
      "image_id": 0,
      "question": [
        {
          "question_id": 0,
          "question_type": "정보",
          "question": "영업시간은 어떻게 되나요?",
          "question_wordNum": 3,
          "answer": "11:00~21:00",
          "answer_wordNum": 1,
          "fact": [
            "포레스트오늘숲 마곡점,영업시간,11:00~21:00"
          ]
        },
        {
          "question_id": 1,
          "question_type": "정보",
          "question": "이 곳의 주소는 어떻게 되나요?",
          "question_wordNum": 5,
          "answer": "서울 강서구 마곡동로10길 46",
          "answer_wordNum": 4,
          "fact": [
            "포레스트오늘숲 마곡점,주소,서울 강서구 마곡동로10길 46"
          ]
        },
        {
          "question_id": 2,
          "question_type": "정보",
          "question": "연락처가 어떻게 되나요?",
          "question_wordNum": 3,
          "answer": "0507-1356-4017",
          "answer_wordNum": 1,
          "fact": [
            "포레스트오늘숲 마곡점,연락처,0507-1356-4017"
          ]
        },
        {
          "question_id": 3,
          "question_type": "탐색",
          "question": "주차시설이 있는지 알 수 있나요?",
          "question_wordNum": 5,
          "answer": "있음",
          "answer_wordNum": 1,
          "fact": [
            "포레스트오늘숲 마곡점,주차시설,있음"
          ]
        }
      ]
    },
    {
      "image_id": 1,
      "question": [
        {
          "question_id": 0,
          "question_type": "정보",
          "question": "휴무일은 어떻게 되나요?",
          "question_wordNum": 3,
          "answer": "알수없음",
          "answer_wordNum": 1,
          "fact": [
            "포레스트오늘숲 마곡점,휴무일,알수없음"
          ]
        },
        {
          "question_id": 1,
          "question_type": "관계",
          "question": "이 곳에 인접한 시설이 있나요?",
          "question_wordNum": 5,
          "answer": "양천향교역 7번 출구, 이타제면소, 에그드랍, 쭈왕",
          "answer_wordNum": 6,
          "fact": [
            "포레스트오늘숲 마곡점,인접,양천향교역 7번 출구, 이타제면소, 에그드랍, 쭈왕"
          ]
        },
        {
          "question_id": 2,
          "question_type": "정보",
          "question": "영업시간은 어떻게 되나요?",
          "question_wordNum": 3,
          "answer": "11:00~21:00",
          "answer_wordNum": 1,
          "fact": [
            "포레스트오늘숲 마곡점,영업시간,11:00~21:00"
          ]
        },
        {
          "question_id": 3,
          "question_type": "탐색",
          "question": "주차시설이 있는지 알 수 있나요?",
          "question_wordNum": 5,
          "answer": "있음",
          "answer_wordNum": 1,
          "fact": [
            "포레스트오늘숲 마곡점,주차시설,있음"
          ]
        }
      ]
    },
    {
      "image_id": 2,
      "question": [
        {
          "question_id": 0,
          "question_type": "정보",
          "question": "이 곳의 메뉴를 알 수 있나요?",
          "question_wordNum": 6,
          "answer": "왕갈비 쌀국수, 짜조",
          "answer_wordNum": 3,
          "fact": [
            "포레스트오늘숲 마곡점,메뉴,왕갈비 쌀국수, 짜조"
          ]
        },
        {
          "question_id": 1,
          "question_type": "정보",
          "question": "연락처를 알 수 있나요?",
          "question_wordNum": 4,
          "answer": "0507-1356-4017",
          "answer_wordNum": 1,
          "fact": [
            "포레스트오늘숲 마곡점,연락처,0507-1356-4017"
          ]
        },
        {
          "question_id": 2,
          "question_type": "정보",
          "question": "휴무일은 어떻게 되나요?",
          "question_wordNum": 3,
          "answer": "알수없음",
          "answer_wordNum": 1,
          "fact": [
            "포레스트오늘숲 마곡점,휴무일,알수없음"
          ]
        },
        {
          "question_id": 3,
          "question_type": "관계",
          "question": "이 곳에 인접한 시설을 알 수 있나요?",
          "question_wordNum": 7,
          "answer": "양천향교역 7번 출구, 이타제면소, 에그드랍, 쭈왕",
          "answer_wordNum": 6,
          "fact": [
            "포레스트오늘숲 마곡점,인접,양천향교역 7번 출구, 이타제면소, 에그드랍, 쭈왕"
          ]
        }
      ]
    },
    {
      "image_id": 3,
      "question": [
        {
          "question_id": 0,
          "question_type": "정보",
          "question": "연락처가 어떻게 되나요?",
          "question_wordNum": 3,
          "answer": "0507-1356-4017",
          "answer_wordNum": 1,
          "fact": [
            "포레스트오늘숲 마곡점,연락처,0507-1356-4017"
          ]
        },
        {
          "question_id": 1,
          "question_type": "정보",
          "question": "휴무일을 알 수 있나요?",
          "question_wordNum": 4,
          "answer": "알수없음",
          "answer_wordNum": 1,
          "fact": [
            "포레스트오늘숲 마곡점,휴무일,알수없음"
          ]
        },
        {
          "question_id": 2,
          "question_type": "정보",
          "question": "이 곳의 주소를 알 수 있나요?",
          "question_wordNum": 6,
          "answer": "서울 강서구 마곡동로10길 46",
          "answer_wordNum": 4,
          "fact": [
            "포레스트오늘숲 마곡점,주소,서울 강서구 마곡동로10길 46"
          ]
        },
        {
          "question_id": 3,
          "question_type": "정보",
          "question": "영업시간을 알 수 있나요?",
          "question_wordNum": 4,
          "answer": "11:00~21:00",
          "answer_wordNum": 1,
          "fact": [
            "포레스트오늘숲 마곡점,영업시간,11:00~21:00"
          ]
        }
      ]
    },
    {
      "image_id": 4,
      "question": [
        {
          "question_id": 0,
          "question_type": "탐색",
          "question": "주차시설이 있는지 알 수 있나요?",
          "question_wordNum": 5,
          "answer": "있음",
          "answer_wordNum": 1,
          "fact": [
            "포레스트오늘숲 마곡점,주차시설,있음"
          ]
        },
        {
          "question_id": 1,
          "question_type": "관계",
          "question": "이 곳에 인접한 시설이 있나요?",
          "question_wordNum": 5,
          "answer": "양천향교역 7번 출구, 이타제면소, 에그드랍, 쭈왕",
          "answer_wordNum": 6,
          "fact": [
            "포레스트오늘숲 마곡점,인접,양천향교역 7번 출구, 이타제면소, 에그드랍, 쭈왕"
          ]
        },
        {
          "question_id": 2,
          "question_type": "정보",
          "question": "이 곳의 메뉴를 알 수 있나요?",
          "question_wordNum": 6,
          "answer": "왕갈비 쌀국수, 짜조",
          "answer_wordNum": 3,
          "fact": [
            "포레스트오늘숲 마곡점,메뉴,왕갈비 쌀국수, 짜조"
          ]
        },
        {
          "question_id": 3,
          "question_type": "정보",
          "question": "휴무일을 알 수 있나요?",
          "question_wordNum": 4,
          "answer": "알수없음",
          "answer_wordNum": 1,
          "fact": [
            "포레스트오늘숲 마곡점,휴무일,알수없음"
          ]
        }
      ]
    }
  ]
}