{
  "data": {
    "dataset": "2-083-219",
    "POI_id": "561837",
    "travelType": "음식점",
    "place": "노랑통닭 강서공항점",
    "area": "서울"
  },
  "imageInfo": [
    {
      "image_id": 0,
      "filename": "561837_0_su_5_노랑통닭 강서공항점_1_001.png",
      "mapx": 37.5599711372686,
      "mapy": 126.810302150408,
      "width": 3840,
      "height": 2160,
      "caption_info": [
        "노랑통닭 강서공항점(공항동)",
        "간판, 여닫이문"
      ]
    },
    {
      "image_id": 1,
      "filename": "561837_0_su_5_노랑통닭 강서공항점_1_002.png",
      "mapx": 37.5599711372686,
      "mapy": 126.810302150408,
      "width": 3840,
      "height": 2160,
      "caption_info": [
        "노랑통닭 강서공항점(공항동)",
        "간판, 자동차"
      ]
    },
    {
      "image_id": 2,
      "filename": "561837_0_su_5_노랑통닭 강서공항점_1_003.png",
      "mapx": 37.5599711372686,
      "mapy": 126.810302150408,
      "width": 3840,
      "height": 2160,
      "caption_info": [
        "노랑통닭 강서공항점(공항동)",
        "등받이의자, 테이블"
      ]
    },
    {
      "image_id": 3,
      "filename": "561837_0_su_5_노랑통닭 강서공항점_1_004.png",
      "mapx": 37.5599711372686,
      "mapy": 126.810302150408,
      "width": 3840,
      "height": 2160,
      "caption_info": [
        "노랑통닭 강서공항점(공항동)",
        "메뉴판"
      ]
    },
    {
      "image_id": 4,
      "filename": "561837_0_su_5_노랑통닭 강서공항점_1_005.png",
      "mapx": 37.5599711372686,
      "mapy": 126.810302150408,
      "width": 3840,
      "height": 2160,
      "caption_info": [
        "노랑통닭 강서공항점(공항동)",
        "치킨"
      ]
    }
  ],
  "annotations": [
    {
      "image_id": 0,
      "question": [
        {
          "question_id": 0,
          "question_type": "정보",
          "question": "이 곳의 주요 메뉴를 알 수 있나요?",
          "question_wordNum": 7,
          "answer": "맵싸한 고추치킨, 알싸한 마늘치킨",
          "answer_wordNum": 4,
          "fact": [
            "노랑통닭 강서공항점,메뉴,맵싸한 고추치킨, 알싸한 마늘치킨"
          ]
        },
        {
          "question_id": 1,
          "question_type": "관계",
          "question": "이 곳에 인접한 시설을 알 수 있나요?",
          "question_wordNum": 7,
          "answer": "송정역 4번 출구, 세븐일레븐, 송정",
          "answer_wordNum": 5,
          "fact": [
            "노랑통닭 강서공항점,인접,송정역 4번 출구, 세븐일레븐, 송정"
          ]
        },
        {
          "question_id": 2,
          "question_type": "정보",
          "question": "연락처가 어떻게 되나요?",
          "question_wordNum": 3,
          "answer": "02-2666-2292",
          "answer_wordNum": 1,
          "fact": [
            "노랑통닭 강서공항점,연락처,02-2666-2292"
          ]
        },
        {
          "question_id": 3,
          "question_type": "정보",
          "question": "휴무일은 어떻게 되나요?",
          "question_wordNum": 3,
          "answer": "없음",
          "answer_wordNum": 1,
          "fact": [
            "노랑통닭 강서공항점,휴무일,없음"
          ]
        }
      ]
    },
    {
      "image_id": 1,
      "question": [
        {
          "question_id": 0,
          "question_type": "정보",
          "question": "연락처가 어떻게 되나요?",
          "question_wordNum": 3,
          "answer": "02-2666-2292",
          "answer_wordNum": 1,
          "fact": [
            "노랑통닭 강서공항점,연락처,02-2666-2292"
          ]
        },
        {
          "question_id": 1,
          "question_type": "관계",
          "question": "이 곳에 인접한 시설을 알 수 있나요?",
          "question_wordNum": 7,
          "answer": "송정역 4번 출구, 세븐일레븐, 송정",
          "answer_wordNum": 5,
          "fact": [
            "노랑통닭 강서공항점,인접,송정역 4번 출구, 세븐일레븐, 송정"
          ]
        },
        {
          "question_id": 2,
          "question_type": "탐색",
          "question": "주차시설이 있는지 알 수 있나요?",
          "question_wordNum": 5,
          "answer": "있음",
          "answer_wordNum": 1,
          "fact": [
            "노랑통닭 강서공항점,주차시설,있음"
          ]
        },
        {
          "question_id": 3,
          "question_type": "정보",
          "question": "주소는 어떻게 되나요?",
          "question_wordNum": 3,
          "answer": "서울 강서구 송정로 58",
          "answer_wordNum": 4,
          "fact": [
            "노랑통닭 강서공항점,주소,서울 강서구 송정로 58"
          ]
        }
      ]
    },
    {
      "image_id": 2,
      "question": [
        {
          "question_id": 0,
          "question_type": "탐색",
          "question": "주차시설이 있나요?",
          "question_wordNum": 2,
          "answer": "있음",
          "answer_wordNum": 1,
          "fact": [
            "노랑통닭 강서공항점,주차시설,있음"
          ]
        },
        {
          "question_id": 1,
          "question_type": "정보",
          "question": "이 곳의 주요 메뉴는 무엇이 있나요?",
          "question_wordNum": 6,
          "answer": "맵싸한 고추치킨, 알싸한 마늘치킨",
          "answer_wordNum": 4,
          "fact": [
            "노랑통닭 강서공항점,메뉴,맵싸한 고추치킨, 알싸한 마늘치킨"
          ]
        },
        {
          "question_id": 2,
          "question_type": "정보",
          "question": "연락처를 알 수 있나요?",
          "question_wordNum": 4,
          "answer": "02-2666-2292",
          "answer_wordNum": 1,
          "fact": [
            "노랑통닭 강서공항점,연락처,02-2666-2292"
          ]
        },
        {
          "question_id": 3,
          "question_type": "정보",
          "question": "영업시간을 알 수 있나요?",
          "question_wordNum": 4,
          "answer": "12:00 - 03:00",
          "answer_wordNum": 3,
          "fact": [
            "노랑통닭 강서공항점,영업시간,12:00 - 03:00"
          ]
        }
      ]
    },
    {
      "image_id": 3,
      "question": [
        {
          "question_id": 0,
          "question_type": "정보",
          "question": "이 곳의 대표적인 메뉴는 무엇이 있나요?",
          "question_wordNum": 6,
          "answer": "맵싸한 고추치킨, 알싸한 마늘치킨",
          "answer_wordNum": 4,
          "fact": [
            "노랑통닭 강서공항점,메뉴,맵싸한 고추치킨, 알싸한 마늘치킨"
          ]
        },
        {
          "question_id": 1,
          "question_type": "탐색",
          "question": "주차시설이 있는지 알 수 있나요?",
          "question_wordNum": 5,
          "answer": "있음",
          "answer_wordNum": 1,
          "fact": [
            "노랑통닭 강서공항점,주차시설,있음"
          ]
        },
        {
          "question_id": 2,
          "question_type": "정보",
          "question": "휴무일은 어떻게 되나요?",
          "question_wordNum": 3,
          "answer": "없음",
          "answer_wordNum": 1,
          "fact": [
            "노랑통닭 강서공항점,휴무일,없음"
          ]
        },
        {
          "question_id": 3,
          "question_type": "정보",
          "question": "영업시간을 알 수 있나요?",
          "question_wordNum": 4,
          "answer": "12:00 - 03:00",
          "answer_wordNum": 3,
          "fact": [
            "노랑통닭 강서공항점,영업시간,12:00 - 03:00"
          ]
        }
      ]
    },
    {
      "image_id": 4,
      "question": [
        {
          "question_id": 0,
          "question_type": "정보",
          "question": "이 곳의 주소는 어떻게 되나요?",
          "question_wordNum": 5,
          "answer": "서울 강서구 송정로 58",
          "answer_wordNum": 4,
          "fact": [
            "노랑통닭 강서공항점,주소,서울 강서구 송정로 58"
          ]
        },
        {
          "question_id": 1,
          "question_type": "탐색",
          "question": "주차시설이 있나요?",
          "question_wordNum": 2,
          "answer": "있음",
          "answer_wordNum": 1,
          "fact": [
            "노랑통닭 강서공항점,주차시설,있음"
          ]
        },
        {
          "question_id": 2,
          "question_type": "정보",
          "question": "휴무일은 어떻게 되나요?",
          "question_wordNum": 3,
          "answer": "없음",
          "answer_wordNum": 1,
          "fact": [
            "노랑통닭 강서공항점,휴무일,없음"
          ]
        },
        {
          "question_id": 3,
          "question_type": "정보",
          "question": "연락처를 알 수 있나요?",
          "question_wordNum": 4,
          "answer": "02-2666-2292",
          "answer_wordNum": 1,
          "fact": [
            "노랑통닭 강서공항점,연락처,02-2666-2292"
          ]
        }
      ]
    }
  ]
}