{
  "data": {
    "dataset": "2-083-219",
    "POI_id": "561483",
    "travelType": "음식점",
    "place": "더메이드뷔페",
    "area": "서울"
  },
  "imageInfo": [
    {
      "image_id": 0,
      "filename": "561483_0_su_5_더메이드뷔페_1_001.png",
      "mapx": 37.560835635621,
      "mapy": 126.829618546018,
      "width": 3840,
      "height": 2160,
      "caption_info": [
        "더메이드뷔페(마곡동)",
        "간판"
      ]
    },
    {
      "image_id": 1,
      "filename": "561483_0_su_5_더메이드뷔페_1_002.png",
      "mapx": 37.560835635621,
      "mapy": 126.829618546018,
      "width": 3840,
      "height": 2160,
      "caption_info": [
        "더메이드뷔페(마곡동)",
        "간판"
      ]
    },
    {
      "image_id": 2,
      "filename": "561483_0_su_5_더메이드뷔페_1_003.png",
      "mapx": 37.560835635621,
      "mapy": 126.829618546018,
      "width": 3840,
      "height": 2160,
      "caption_info": [
        "더메이드뷔페(마곡동)",
        "간판"
      ]
    },
    {
      "image_id": 3,
      "filename": "561483_0_su_5_더메이드뷔페_1_004.png",
      "mapx": 37.560835635621,
      "mapy": 126.829618546018,
      "width": 3840,
      "height": 2160,
      "caption_info": [
        "더메이드뷔페(마곡동)",
        "메뉴판"
      ]
    },
    {
      "image_id": 4,
      "filename": "561483_0_su_5_더메이드뷔페_1_005.png",
      "mapx": 37.560835635621,
      "mapy": 126.829618546018,
      "width": 3840,
      "height": 2160,
      "caption_info": [
        "더메이드뷔페(마곡동)",
        "케이크, 쿠키, 음료수, 씨리얼"
      ]
    }
  ],
  "annotations": [
    {
      "image_id": 0,
      "question": [
        {
          "question_id": 0,
          "question_type": "탐색",
          "question": "주차시설이 있나요?",
          "question_wordNum": 2,
          "answer": "있음",
          "answer_wordNum": 1,
          "fact": [
            "더메이드뷔페,주차시설,있음"
          ]
        },
        {
          "question_id": 1,
          "question_type": "관계",
          "question": "이 곳에 인접한 시설을 알 수 있나요?",
          "question_wordNum": 7,
          "answer": "마곡역 3번 출구, 돈바우, 마곡식탁",
          "answer_wordNum": 5,
          "fact": [
            "더메이드뷔페,인접,마곡역 3번 출구, 돈바우, 마곡식탁"
          ]
        },
        {
          "question_id": 2,
          "question_type": "정보",
          "question": "이 곳의 대표적인 메뉴를 알 수 있나요?",
          "question_wordNum": 7,
          "answer": "갈비, 연어",
          "answer_wordNum": 2,
          "fact": [
            "더메이드뷔페,메뉴,갈비, 연어"
          ]
        },
        {
          "question_id": 3,
          "question_type": "정보",
          "question": "휴무일을 알 수 있나요?",
          "question_wordNum": 4,
          "answer": "알수없음",
          "answer_wordNum": 1,
          "fact": [
            "더메이드뷔페,휴무일,알수없음"
          ]
        }
      ]
    },
    {
      "image_id": 1,
      "question": [
        {
          "question_id": 0,
          "question_type": "정보",
          "question": "이 곳의 주요 메뉴는 무엇이 있나요?",
          "question_wordNum": 6,
          "answer": "갈비, 연어",
          "answer_wordNum": 2,
          "fact": [
            "더메이드뷔페,메뉴,갈비, 연어"
          ]
        },
        {
          "question_id": 1,
          "question_type": "탐색",
          "question": "주차시설이 있나요?",
          "question_wordNum": 2,
          "answer": "있음",
          "answer_wordNum": 1,
          "fact": [
            "더메이드뷔페,주차시설,있음"
          ]
        },
        {
          "question_id": 2,
          "question_type": "정보",
          "question": "영업시간은 어떻게 되나요?",
          "question_wordNum": 3,
          "answer": "11:30~21:30",
          "answer_wordNum": 1,
          "fact": [
            "더메이드뷔페,영업시간,11:30~21:30"
          ]
        },
        {
          "question_id": 3,
          "question_type": "정보",
          "question": "연락처를 알 수 있나요?",
          "question_wordNum": 4,
          "answer": "0507-1367-7091",
          "answer_wordNum": 1,
          "fact": [
            "더메이드뷔페,연락처,0507-1367-7091"
          ]
        }
      ]
    },
    {
      "image_id": 2,
      "question": [
        {
          "question_id": 0,
          "question_type": "정보",
          "question": "영업시간은 몇시부터 몇시까지로 기재되어 있나요?",
          "question_wordNum": 5,
          "answer": "11:30~21:30",
          "answer_wordNum": 1,
          "fact": [
            "더메이드뷔페,영업시간,11:30~21:30"
          ]
        },
        {
          "question_id": 1,
          "question_type": "정보",
          "question": "이 곳의 주소를 알 수 있나요?",
          "question_wordNum": 6,
          "answer": "서울 강서구 마곡중앙6로 21",
          "answer_wordNum": 4,
          "fact": [
            "더메이드뷔페,주소,서울 강서구 마곡중앙6로 21"
          ]
        },
        {
          "question_id": 2,
          "question_type": "관계",
          "question": "이 곳에 인접한 시설이 있나요?",
          "question_wordNum": 5,
          "answer": "마곡역 3번 출구, 돈바우, 마곡식탁",
          "answer_wordNum": 5,
          "fact": [
            "더메이드뷔페,인접,마곡역 3번 출구, 돈바우, 마곡식탁"
          ]
        },
        {
          "question_id": 3,
          "question_type": "탐색",
          "question": "주차시설이 있나요?",
          "question_wordNum": 2,
          "answer": "있음",
          "answer_wordNum": 1,
          "fact": [
            "더메이드뷔페,주차시설,있음"
          ]
        }
      ]
    },
    {
      "image_id": 3,
      "question": [
        {
          "question_id": 0,
          "question_type": "정보",
          "question": "연락처를 알 수 있나요?",
          "question_wordNum": 4,
          "answer": "0507-1367-7091",
          "answer_wordNum": 1,
          "fact": [
            "더메이드뷔페,연락처,0507-1367-7091"
          ]
        },
        {
          "question_id": 1,
          "question_type": "정보",
          "question": "휴무일을 알 수 있나요?",
          "question_wordNum": 4,
          "answer": "알수없음",
          "answer_wordNum": 1,
          "fact": [
            "더메이드뷔페,휴무일,알수없음"
          ]
        },
        {
          "question_id": 2,
          "question_type": "정보",
          "question": "영업시간을 알 수 있나요?",
          "question_wordNum": 4,
          "answer": "11:30~21:30",
          "answer_wordNum": 1,
          "fact": [
            "더메이드뷔페,영업시간,11:30~21:30"
          ]
        },
        {
          "question_id": 3,
          "question_type": "정보",
          "question": "이 곳의 주소는 어떻게 되나요?",
          "question_wordNum": 5,
          "answer": "서울 강서구 마곡중앙6로 21",
          "answer_wordNum": 4,
          "fact": [
            "더메이드뷔페,주소,서울 강서구 마곡중앙6로 21"
          ]
        }
      ]
    },
    {
      "image_id": 4,
      "question": [
        {
          "question_id": 0,
          "question_type": "정보",
          "question": "이 곳의 대표적인 메뉴를 알 수 있나요?",
          "question_wordNum": 7,
          "answer": "갈비, 연어",
          "answer_wordNum": 2,
          "fact": [
            "더메이드뷔페,메뉴,갈비, 연어"
          ]
        },
        {
          "question_id": 1,
          "question_type": "정보",
          "question": "휴무일을 알 수 있나요?",
          "question_wordNum": 4,
          "answer": "알수없음",
          "answer_wordNum": 1,
          "fact": [
            "더메이드뷔페,휴무일,알수없음"
          ]
        },
        {
          "question_id": 2,
          "question_type": "정보",
          "question": "영업시간을 알 수 있나요?",
          "question_wordNum": 4,
          "answer": "11:30~21:30",
          "answer_wordNum": 1,
          "fact": [
            "더메이드뷔페,영업시간,11:30~21:30"
          ]
        },
        {
          "question_id": 3,
          "question_type": "정보",
          "question": "이 곳의 주소를 알 수 있나요?",
          "question_wordNum": 6,
          "answer": "서울 강서구 마곡중앙6로 21",
          "answer_wordNum": 4,
          "fact": [
            "더메이드뷔페,주소,서울 강서구 마곡중앙6로 21"
          ]
        }
      ]
    }
  ]
}