{
  "data": {
    "dataset": "2-083-219",
    "POI_id": "561419",
    "travelType": "음식점",
    "place": "건대포항막회&물회",
    "area": "서울"
  },
  "imageInfo": [
    {
      "image_id": 0,
      "filename": "561419_0_su_5_건대포항막회&물회_1_001.png",
      "mapx": 37.5657010514328,
      "mapy": 126.84764409296,
      "width": 3840,
      "height": 2160,
      "caption_info": [
        "건대포항막회&물회(가양동)",
        "테이블, 의자"
      ]
    },
    {
      "image_id": 1,
      "filename": "561419_0_su_5_건대포항막회&물회_1_002.png",
      "mapx": 37.5657010514328,
      "mapy": 126.84764409296,
      "width": 3840,
      "height": 2160,
      "caption_info": [
        "건대포항막회&물회(가양동)",
        "건물"
      ]
    },
    {
      "image_id": 2,
      "filename": "561419_0_su_5_건대포항막회&물회_1_003.png",
      "mapx": 37.5657010514328,
      "mapy": 126.84764409296,
      "width": 3840,
      "height": 2160,
      "caption_info": [
        "건대포항막회&물회(가양동)",
        "테이블, 등받이의자"
      ]
    },
    {
      "image_id": 3,
      "filename": "561419_0_su_5_건대포항막회&물회_1_004.png",
      "mapx": 37.5657010514328,
      "mapy": 126.84764409296,
      "width": 3840,
      "height": 2160,
      "caption_info": [
        "건대포항막회&물회(가양동)",
        "메뉴판"
      ]
    },
    {
      "image_id": 4,
      "filename": "561419_0_su_5_건대포항막회&물회_1_005.png",
      "mapx": 37.5657010514328,
      "mapy": 126.84764409296,
      "width": 3840,
      "height": 2160,
      "caption_info": [
        "건대포항막회&물회(가양동)",
        "회덮밥"
      ]
    }
  ],
  "annotations": [
    {
      "image_id": 0,
      "question": [
        {
          "question_id": 0,
          "question_type": "정보",
          "question": "이 곳의 주소는 어떻게 되나요?",
          "question_wordNum": 5,
          "answer": "서울 강서구 양천로 401 A동 1층 104호",
          "answer_wordNum": 7,
          "fact": [
            "건대포항막회&물회,주소,서울 강서구 양천로 401 A동 1층 104호"
          ]
        },
        {
          "question_id": 1,
          "question_type": "정보",
          "question": "연락처가 어떻게 되나요?",
          "question_wordNum": 3,
          "answer": "0507-1498-1576",
          "answer_wordNum": 1,
          "fact": [
            "건대포항막회&물회,연락처,0507-1498-1576"
          ]
        },
        {
          "question_id": 2,
          "question_type": "정보",
          "question": "영업시간은 어떻게 되나요?",
          "question_wordNum": 3,
          "answer": "11:00 - 23:30",
          "answer_wordNum": 3,
          "fact": [
            "건대포항막회&물회,영업시간,11:00 - 23:30"
          ]
        },
        {
          "question_id": 3,
          "question_type": "정보",
          "question": "휴무일은 어떻게 되나요?",
          "question_wordNum": 3,
          "answer": "없음",
          "answer_wordNum": 1,
          "fact": [
            "건대포항막회&물회,휴무일,없음"
          ]
        }
      ]
    },
    {
      "image_id": 1,
      "question": [
        {
          "question_id": 0,
          "question_type": "정보",
          "question": "이 곳의 주소는 어떻게 되나요?",
          "question_wordNum": 5,
          "answer": "서울 강서구 양천로 401 A동 1층 104호",
          "answer_wordNum": 7,
          "fact": [
            "건대포항막회&물회,주소,서울 강서구 양천로 401 A동 1층 104호"
          ]
        },
        {
          "question_id": 1,
          "question_type": "정보",
          "question": "이 곳의 대표적인 메뉴는 무엇이 있나요?",
          "question_wordNum": 6,
          "answer": "광어막회, 막회무침, 물회, 과메기",
          "answer_wordNum": 4,
          "fact": [
            "건대포항막회&물회,메뉴,광어막회, 막회무침, 물회, 과메기"
          ]
        },
        {
          "question_id": 2,
          "question_type": "정보",
          "question": "영업시간은 어떻게 되나요?",
          "question_wordNum": 3,
          "answer": "11:00 - 23:30",
          "answer_wordNum": 3,
          "fact": [
            "건대포항막회&물회,영업시간,11:00 - 23:30"
          ]
        },
        {
          "question_id": 3,
          "question_type": "정보",
          "question": "휴무일은 어떻게 되나요?",
          "question_wordNum": 3,
          "answer": "없음",
          "answer_wordNum": 1,
          "fact": [
            "건대포항막회&물회,휴무일,없음"
          ]
        }
      ]
    },
    {
      "image_id": 2,
      "question": [
        {
          "question_id": 0,
          "question_type": "정보",
          "question": "이 곳의 대표적인 메뉴는 무엇이 있나요?",
          "question_wordNum": 6,
          "answer": "광어막회, 막회무침, 물회, 과메기",
          "answer_wordNum": 4,
          "fact": [
            "건대포항막회&물회,메뉴,광어막회, 막회무침, 물회, 과메기"
          ]
        },
        {
          "question_id": 1,
          "question_type": "정보",
          "question": "휴무일은 어떻게 되나요?",
          "question_wordNum": 3,
          "answer": "없음",
          "answer_wordNum": 1,
          "fact": [
            "건대포항막회&물회,휴무일,없음"
          ]
        },
        {
          "question_id": 2,
          "question_type": "정보",
          "question": "영업시간은 어떻게 되나요?",
          "question_wordNum": 3,
          "answer": "11:00 - 23:30",
          "answer_wordNum": 3,
          "fact": [
            "건대포항막회&물회,영업시간,11:00 - 23:30"
          ]
        },
        {
          "question_id": 3,
          "question_type": "탐색",
          "question": "주차시설이 있나요?",
          "question_wordNum": 2,
          "answer": "있음",
          "answer_wordNum": 1,
          "fact": [
            "건대포항막회&물회,주차시설,있음"
          ]
        }
      ]
    },
    {
      "image_id": 3,
      "question": [
        {
          "question_id": 0,
          "question_type": "정보",
          "question": "휴무일은 어떻게 되나요?",
          "question_wordNum": 3,
          "answer": "없음",
          "answer_wordNum": 1,
          "fact": [
            "건대포항막회&물회,휴무일,없음"
          ]
        },
        {
          "question_id": 1,
          "question_type": "관계",
          "question": "이 곳에 인접한 시설이 있나요?",
          "question_wordNum": 5,
          "answer": "양천향교역 4번 출구, GS25, 북촌손만두",
          "answer_wordNum": 5,
          "fact": [
            "건대포항막회&물회,인접,양천향교역 4번 출구, GS25, 북촌손만두"
          ]
        },
        {
          "question_id": 2,
          "question_type": "정보",
          "question": "연락처가 어떻게 되나요?",
          "question_wordNum": 3,
          "answer": "0507-1498-1576",
          "answer_wordNum": 1,
          "fact": [
            "건대포항막회&물회,연락처,0507-1498-1576"
          ]
        },
        {
          "question_id": 3,
          "question_type": "정보",
          "question": "영업시간은 어떻게 되나요?",
          "question_wordNum": 3,
          "answer": "11:00 - 23:30",
          "answer_wordNum": 3,
          "fact": [
            "건대포항막회&물회,영업시간,11:00 - 23:30"
          ]
        }
      ]
    },
    {
      "image_id": 4,
      "question": [
        {
          "question_id": 0,
          "question_type": "관계",
          "question": "이 곳에 인접한 시설이 있나요?",
          "question_wordNum": 5,
          "answer": "양천향교역 4번 출구, GS25, 북촌손만두",
          "answer_wordNum": 5,
          "fact": [
            "건대포항막회&물회,인접,양천향교역 4번 출구, GS25, 북촌손만두"
          ]
        },
        {
          "question_id": 1,
          "question_type": "정보",
          "question": "휴무일은 어떻게 되나요?",
          "question_wordNum": 3,
          "answer": "없음",
          "answer_wordNum": 1,
          "fact": [
            "건대포항막회&물회,휴무일,없음"
          ]
        },
        {
          "question_id": 2,
          "question_type": "정보",
          "question": "연락처가 어떻게 되나요?",
          "question_wordNum": 3,
          "answer": "0507-1498-1576",
          "answer_wordNum": 1,
          "fact": [
            "건대포항막회&물회,연락처,0507-1498-1576"
          ]
        },
        {
          "question_id": 3,
          "question_type": "정보",
          "question": "이 곳의 대표적인 메뉴는 무엇이 있나요?",
          "question_wordNum": 6,
          "answer": "광어막회, 막회무침, 물회, 과메기",
          "answer_wordNum": 4,
          "fact": [
            "건대포항막회&물회,메뉴,광어막회, 막회무침, 물회, 과메기"
          ]
        }
      ]
    }
  ]
}