{
  "data": {
    "dataset": "2-083-219",
    "POI_id": "561669",
    "travelType": "음식점",
    "place": "우리콩짬뽕순두부",
    "area": "서울"
  },
  "imageInfo": [
    {
      "image_id": 0,
      "filename": "561669_0_su_5_우리콩짬뽕순두부_1_001.png",
      "mapx": 37.5601329915788,
      "mapy": 126.831531874791,
      "width": 3840,
      "height": 2160,
      "caption_info": [
        "우리콩짬뽕순두부(마곡동)",
        "여닫이문, 간판"
      ]
    },
    {
      "image_id": 1,
      "filename": "561669_0_su_5_우리콩짬뽕순두부_1_002.png",
      "mapx": 37.5601329915788,
      "mapy": 126.831531874791,
      "width": 3840,
      "height": 2160,
      "caption_info": [
        "우리콩짬뽕순두부(마곡동)",
        "간판, 여닫이문"
      ]
    },
    {
      "image_id": 2,
      "filename": "561669_0_su_5_우리콩짬뽕순두부_1_003.png",
      "mapx": 37.5601329915788,
      "mapy": 126.831531874791,
      "width": 3840,
      "height": 2160,
      "caption_info": [
        "우리콩짬뽕순두부(마곡동)",
        "테이블, 등받이의자"
      ]
    },
    {
      "image_id": 3,
      "filename": "561669_0_su_5_우리콩짬뽕순두부_1_004.png",
      "mapx": 37.5601329915788,
      "mapy": 126.831531874791,
      "width": 3840,
      "height": 2160,
      "caption_info": [
        "우리콩짬뽕순두부(마곡동)",
        "메뉴판"
      ]
    },
    {
      "image_id": 4,
      "filename": "561669_0_su_5_우리콩짬뽕순두부_1_005.png",
      "mapx": 37.5601329915788,
      "mapy": 126.831531874791,
      "width": 3840,
      "height": 2160,
      "caption_info": [
        "우리콩짬뽕순두부(마곡동)",
        "짬뽕순두부"
      ]
    }
  ],
  "annotations": [
    {
      "image_id": 0,
      "question": [
        {
          "question_id": 0,
          "question_type": "정보",
          "question": "영업시간은 몇시부터 몇시까지로 기재되어 있나요?",
          "question_wordNum": 5,
          "answer": "11:00~15:00/21:00",
          "answer_wordNum": 1,
          "fact": [
            "우리콩짬뽕순두부,영업시간,11:00~15:00/21:00"
          ]
        },
        {
          "question_id": 1,
          "question_type": "정보",
          "question": "이 곳의 주소는 어떻게 되나요?",
          "question_wordNum": 5,
          "answer": "서울 강서구 마곡중앙6로 40",
          "answer_wordNum": 4,
          "fact": [
            "우리콩짬뽕순두부,주소,서울 강서구 마곡중앙6로 40"
          ]
        },
        {
          "question_id": 2,
          "question_type": "관계",
          "question": "이 곳에 인접한 시설이 있나요?",
          "question_wordNum": 5,
          "answer": "마곡역 3번 출구, 투썸플레이스, 자매나주곰탕",
          "answer_wordNum": 5,
          "fact": [
            "우리콩짬뽕순두부,인접,마곡역 3번 출구, 투썸플레이스, 자매나주곰탕"
          ]
        },
        {
          "question_id": 3,
          "question_type": "정보",
          "question": "연락처가 어떻게 되나요?",
          "question_wordNum": 3,
          "answer": "02-6956-9600",
          "answer_wordNum": 1,
          "fact": [
            "우리콩짬뽕순두부,연락처,02-6956-9600"
          ]
        }
      ]
    },
    {
      "image_id": 1,
      "question": [
        {
          "question_id": 0,
          "question_type": "정보",
          "question": "이 곳의 주소는 어떻게 되나요?",
          "question_wordNum": 5,
          "answer": "서울 강서구 마곡중앙6로 40",
          "answer_wordNum": 4,
          "fact": [
            "우리콩짬뽕순두부,주소,서울 강서구 마곡중앙6로 40"
          ]
        },
        {
          "question_id": 1,
          "question_type": "정보",
          "question": "휴무일을 알 수 있나요?",
          "question_wordNum": 4,
          "answer": "알수없음",
          "answer_wordNum": 1,
          "fact": [
            "우리콩짬뽕순두부,휴무일,알수없음"
          ]
        },
        {
          "question_id": 2,
          "question_type": "정보",
          "question": "이 곳의 주요 메뉴는 무엇이 있나요?",
          "question_wordNum": 6,
          "answer": "짬뽕순두부, 초당순두부",
          "answer_wordNum": 2,
          "fact": [
            "우리콩짬뽕순두부,메뉴,짬뽕순두부, 초당순두부"
          ]
        },
        {
          "question_id": 3,
          "question_type": "탐색",
          "question": "주차시설이 있나요?",
          "question_wordNum": 2,
          "answer": "있음",
          "answer_wordNum": 1,
          "fact": [
            "우리콩짬뽕순두부,주차시설,있음"
          ]
        }
      ]
    },
    {
      "image_id": 2,
      "question": [
        {
          "question_id": 0,
          "question_type": "탐색",
          "question": "주차시설이 있나요?",
          "question_wordNum": 2,
          "answer": "있음",
          "answer_wordNum": 1,
          "fact": [
            "우리콩짬뽕순두부,주차시설,있음"
          ]
        },
        {
          "question_id": 1,
          "question_type": "정보",
          "question": "휴무일을 알 수 있나요?",
          "question_wordNum": 4,
          "answer": "알수없음",
          "answer_wordNum": 1,
          "fact": [
            "우리콩짬뽕순두부,휴무일,알수없음"
          ]
        },
        {
          "question_id": 2,
          "question_type": "정보",
          "question": "연락처가 어떻게 되나요?",
          "question_wordNum": 3,
          "answer": "02-6956-9600",
          "answer_wordNum": 1,
          "fact": [
            "우리콩짬뽕순두부,연락처,02-6956-9600"
          ]
        },
        {
          "question_id": 3,
          "question_type": "정보",
          "question": "이 곳의 주소는 어떻게 되나요?",
          "question_wordNum": 5,
          "answer": "서울 강서구 마곡중앙6로 40",
          "answer_wordNum": 4,
          "fact": [
            "우리콩짬뽕순두부,주소,서울 강서구 마곡중앙6로 40"
          ]
        }
      ]
    },
    {
      "image_id": 3,
      "question": [
        {
          "question_id": 0,
          "question_type": "탐색",
          "question": "주차시설이 있나요?",
          "question_wordNum": 2,
          "answer": "있음",
          "answer_wordNum": 1,
          "fact": [
            "우리콩짬뽕순두부,주차시설,있음"
          ]
        },
        {
          "question_id": 1,
          "question_type": "정보",
          "question": "이 곳의 대표적인 메뉴는 무엇이 있나요?",
          "question_wordNum": 6,
          "answer": "짬뽕순두부, 초당순두부",
          "answer_wordNum": 2,
          "fact": [
            "우리콩짬뽕순두부,메뉴,짬뽕순두부, 초당순두부"
          ]
        },
        {
          "question_id": 2,
          "question_type": "관계",
          "question": "이 곳에 인접한 시설이 있나요?",
          "question_wordNum": 5,
          "answer": "마곡역 3번 출구, 투썸플레이스, 자매나주곰탕",
          "answer_wordNum": 5,
          "fact": [
            "우리콩짬뽕순두부,인접,마곡역 3번 출구, 투썸플레이스, 자매나주곰탕"
          ]
        },
        {
          "question_id": 3,
          "question_type": "정보",
          "question": "이 곳의 주소는 어떻게 되나요?",
          "question_wordNum": 5,
          "answer": "서울 강서구 마곡중앙6로 40",
          "answer_wordNum": 4,
          "fact": [
            "우리콩짬뽕순두부,주소,서울 강서구 마곡중앙6로 40"
          ]
        }
      ]
    },
    {
      "image_id": 4,
      "question": [
        {
          "question_id": 0,
          "question_type": "정보",
          "question": "이 곳의 주소는 어떻게 되나요?",
          "question_wordNum": 5,
          "answer": "서울 강서구 마곡중앙6로 40",
          "answer_wordNum": 4,
          "fact": [
            "우리콩짬뽕순두부,주소,서울 강서구 마곡중앙6로 40"
          ]
        },
        {
          "question_id": 1,
          "question_type": "정보",
          "question": "연락처가 어떻게 되나요?",
          "question_wordNum": 3,
          "answer": "02-6956-9600",
          "answer_wordNum": 1,
          "fact": [
            "우리콩짬뽕순두부,연락처,02-6956-9600"
          ]
        },
        {
          "question_id": 2,
          "question_type": "정보",
          "question": "이 곳의 주요 메뉴는 무엇이 있나요?",
          "question_wordNum": 6,
          "answer": "짬뽕순두부, 초당순두부",
          "answer_wordNum": 2,
          "fact": [
            "우리콩짬뽕순두부,메뉴,짬뽕순두부, 초당순두부"
          ]
        },
        {
          "question_id": 3,
          "question_type": "정보",
          "question": "휴무일을 알 수 있나요?",
          "question_wordNum": 4,
          "answer": "알수없음",
          "answer_wordNum": 1,
          "fact": [
            "우리콩짬뽕순두부,휴무일,알수없음"
          ]
        }
      ]
    }
  ]
}