{
  "data": {
    "dataset": "2-083-219",
    "POI_id": "561766",
    "travelType": "음식점",
    "place": "김둘레순대국 수명산점",
    "area": "서울"
  },
  "imageInfo": [
    {
      "image_id": 0,
      "filename": "561766_0_su_5_김둘레순대국 수명산점_1_001.png",
      "mapx": 37.5497727833095,
      "mapy": 126.823146836052,
      "width": 3840,
      "height": 2160,
      "caption_info": [
        "김둘레순대국 수명산점(강서구)",
        "간판"
      ]
    },
    {
      "image_id": 1,
      "filename": "561766_0_su_5_김둘레순대국 수명산점_1_002.png",
      "mapx": 37.5497727833095,
      "mapy": 126.823146836052,
      "width": 3840,
      "height": 2160,
      "caption_info": [
        "김둘레순대국 수명산점(강서구)",
        "간판"
      ]
    },
    {
      "image_id": 2,
      "filename": "561766_0_su_5_김둘레순대국 수명산점_1_003.png",
      "mapx": 37.5497727833095,
      "mapy": 126.823146836052,
      "width": 3840,
      "height": 2160,
      "caption_info": [
        "김둘레순대국 수명산점(강서구)",
        "사각 테이블"
      ]
    },
    {
      "image_id": 3,
      "filename": "561766_0_su_5_김둘레순대국 수명산점_1_004.png",
      "mapx": 37.5497727833095,
      "mapy": 126.823146836052,
      "width": 3840,
      "height": 2160,
      "caption_info": [
        "김둘레순대국 수명산점(강서구)",
        "메뉴판 "
      ]
    },
    {
      "image_id": 4,
      "filename": "561766_0_su_5_김둘레순대국 수명산점_1_005.png",
      "mapx": 37.5497727833095,
      "mapy": 126.823146836052,
      "width": 3840,
      "height": 2160,
      "caption_info": [
        "김둘레순대국 수명산점(강서구)",
        "순대국 "
      ]
    }
  ],
  "annotations": [
    {
      "image_id": 0,
      "question": [
        {
          "question_id": 0,
          "question_type": "관계",
          "question": "이 곳에 인접한 시설을 알 수 있나요?",
          "question_wordNum": 7,
          "answer": "무지달다, 카페루앤비",
          "answer_wordNum": 2,
          "fact": [
            "김둘레순대국 수명산점,인접,무지달다, 카페루앤비"
          ]
        },
        {
          "question_id": 1,
          "question_type": "정보",
          "question": "영업시간을 알 수 있나요?",
          "question_wordNum": 4,
          "answer": "00:00~24:00",
          "answer_wordNum": 1,
          "fact": [
            "김둘레순대국 수명산점,영업시간,00:00~24:00"
          ]
        },
        {
          "question_id": 2,
          "question_type": "정보",
          "question": "휴무일을 알 수 있나요?",
          "question_wordNum": 4,
          "answer": "매주 일요일",
          "answer_wordNum": 2,
          "fact": [
            "김둘레순대국 수명산점,휴무일,매주 일요일"
          ]
        },
        {
          "question_id": 3,
          "question_type": "정보",
          "question": "연락처를 알 수 있나요?",
          "question_wordNum": 4,
          "answer": "02-2667-2235",
          "answer_wordNum": 1,
          "fact": [
            "김둘레순대국 수명산점,연락처,02-2667-2235"
          ]
        }
      ]
    },
    {
      "image_id": 1,
      "question": [
        {
          "question_id": 0,
          "question_type": "정보",
          "question": "연락처가 어떻게 되나요?",
          "question_wordNum": 3,
          "answer": "02-2667-2235",
          "answer_wordNum": 1,
          "fact": [
            "김둘레순대국 수명산점,연락처,02-2667-2235"
          ]
        },
        {
          "question_id": 1,
          "question_type": "정보",
          "question": "이 곳의 메뉴를 알 수 있나요?",
          "question_wordNum": 6,
          "answer": "김둘레순대국, 얼큰이",
          "answer_wordNum": 2,
          "fact": [
            "김둘레순대국 수명산점,메뉴,김둘레순대국, 얼큰이"
          ]
        },
        {
          "question_id": 2,
          "question_type": "정보",
          "question": "휴무일은 어떻게 되나요?",
          "question_wordNum": 3,
          "answer": "매주 일요일",
          "answer_wordNum": 2,
          "fact": [
            "김둘레순대국 수명산점,휴무일,매주 일요일"
          ]
        },
        {
          "question_id": 3,
          "question_type": "정보",
          "question": "영업시간을 알 수 있나요?",
          "question_wordNum": 4,
          "answer": "00:00~24:00",
          "answer_wordNum": 1,
          "fact": [
            "김둘레순대국 수명산점,영업시간,00:00~24:00"
          ]
        }
      ]
    },
    {
      "image_id": 2,
      "question": [
        {
          "question_id": 0,
          "question_type": "탐색",
          "question": "주차시설이 있는지 알 수 있나요?",
          "question_wordNum": 5,
          "answer": "있음",
          "answer_wordNum": 1,
          "fact": [
            "김둘레순대국 수명산점,주차시설,있음"
          ]
        },
        {
          "question_id": 1,
          "question_type": "정보",
          "question": "이 곳의 주소를 알 수 있나요?",
          "question_wordNum": 6,
          "answer": "서울 강서구 수명로 31",
          "answer_wordNum": 4,
          "fact": [
            "김둘레순대국 수명산점,주소,서울 강서구 수명로 31"
          ]
        },
        {
          "question_id": 2,
          "question_type": "정보",
          "question": "연락처를 알 수 있나요?",
          "question_wordNum": 4,
          "answer": "02-2667-2235",
          "answer_wordNum": 1,
          "fact": [
            "김둘레순대국 수명산점,연락처,02-2667-2235"
          ]
        },
        {
          "question_id": 3,
          "question_type": "정보",
          "question": "휴무일은 어떻게 되나요?",
          "question_wordNum": 3,
          "answer": "매주 일요일",
          "answer_wordNum": 2,
          "fact": [
            "김둘레순대국 수명산점,휴무일,매주 일요일"
          ]
        }
      ]
    },
    {
      "image_id": 3,
      "question": [
        {
          "question_id": 0,
          "question_type": "정보",
          "question": "휴무일은 어떻게 되나요?",
          "question_wordNum": 3,
          "answer": "매주 일요일",
          "answer_wordNum": 2,
          "fact": [
            "김둘레순대국 수명산점,휴무일,매주 일요일"
          ]
        },
        {
          "question_id": 1,
          "question_type": "정보",
          "question": "연락처를 알 수 있나요?",
          "question_wordNum": 4,
          "answer": "02-2667-2235",
          "answer_wordNum": 1,
          "fact": [
            "김둘레순대국 수명산점,연락처,02-2667-2235"
          ]
        },
        {
          "question_id": 2,
          "question_type": "관계",
          "question": "이 곳에 인접한 시설이 있나요?",
          "question_wordNum": 5,
          "answer": "무지달다, 카페루앤비",
          "answer_wordNum": 2,
          "fact": [
            "김둘레순대국 수명산점,인접,무지달다, 카페루앤비"
          ]
        },
        {
          "question_id": 3,
          "question_type": "정보",
          "question": "이 곳의 주소를 알 수 있나요?",
          "question_wordNum": 6,
          "answer": "서울 강서구 수명로 31",
          "answer_wordNum": 4,
          "fact": [
            "김둘레순대국 수명산점,주소,서울 강서구 수명로 31"
          ]
        }
      ]
    },
    {
      "image_id": 4,
      "question": [
        {
          "question_id": 0,
          "question_type": "탐색",
          "question": "주차시설이 있나요?",
          "question_wordNum": 2,
          "answer": "있음",
          "answer_wordNum": 1,
          "fact": [
            "김둘레순대국 수명산점,주차시설,있음"
          ]
        },
        {
          "question_id": 1,
          "question_type": "정보",
          "question": "연락처가 어떻게 되나요?",
          "question_wordNum": 3,
          "answer": "02-2667-2235",
          "answer_wordNum": 1,
          "fact": [
            "김둘레순대국 수명산점,연락처,02-2667-2235"
          ]
        },
        {
          "question_id": 2,
          "question_type": "관계",
          "question": "이 곳에 인접한 시설을 알 수 있나요?",
          "question_wordNum": 7,
          "answer": "무지달다, 카페루앤비",
          "answer_wordNum": 2,
          "fact": [
            "김둘레순대국 수명산점,인접,무지달다, 카페루앤비"
          ]
        },
        {
          "question_id": 3,
          "question_type": "정보",
          "question": "휴무일은 어떻게 되나요?",
          "question_wordNum": 3,
          "answer": "매주 일요일",
          "answer_wordNum": 2,
          "fact": [
            "김둘레순대국 수명산점,휴무일,매주 일요일"
          ]
        }
      ]
    }
  ]
}