{
  "data": {
    "dataset": "2-083-219",
    "POI_id": "561619",
    "travelType": "음식점",
    "place": "비비앤디 ",
    "area": "서울"
  },
  "imageInfo": [
    {
      "image_id": 0,
      "filename": "561619_0_su_5_비비앤디 _1_001.png",
      "mapx": 37.5603955888014,
      "mapy": 126.827508501448,
      "width": 3840,
      "height": 2160,
      "caption_info": [
        "비비앤디(강서구) ",
        "간판"
      ]
    },
    {
      "image_id": 1,
      "filename": "561619_0_su_5_비비앤디 _1_002.png",
      "mapx": 37.5603955888014,
      "mapy": 126.827508501448,
      "width": 3840,
      "height": 2160,
      "caption_info": [
        "비비앤디(강서구) ",
        "간판"
      ]
    },
    {
      "image_id": 2,
      "filename": "561619_0_su_5_비비앤디 _1_003.png",
      "mapx": 37.5603955888014,
      "mapy": 126.827508501448,
      "width": 3840,
      "height": 2160,
      "caption_info": [
        "비비앤디(강서구) ",
        "쇼케이스 "
      ]
    },
    {
      "image_id": 3,
      "filename": "561619_0_su_5_비비앤디 _1_004.png",
      "mapx": 37.5603955888014,
      "mapy": 126.827508501448,
      "width": 3840,
      "height": 2160,
      "caption_info": [
        "비비앤디(강서구) ",
        "메뉴판 "
      ]
    },
    {
      "image_id": 4,
      "filename": "561619_0_su_5_비비앤디 _1_005.png",
      "mapx": 37.5603955888014,
      "mapy": 126.827508501448,
      "width": 3840,
      "height": 2160,
      "caption_info": [
        "비비앤디(강서구) ",
        "쇼케이스 "
      ]
    }
  ],
  "annotations": [
    {
      "image_id": 0,
      "question": [
        {
          "question_id": 0,
          "question_type": "정보",
          "question": "연락처를 알 수 있나요?",
          "question_wordNum": 4,
          "answer": "010-2612-7244",
          "answer_wordNum": 1,
          "fact": [
            "비비앤디,연락처,010-2612-7244"
          ]
        },
        {
          "question_id": 1,
          "question_type": "탐색",
          "question": "주차시설이 있나요?",
          "question_wordNum": 2,
          "answer": "있음",
          "answer_wordNum": 1,
          "fact": [
            "비비앤디,주차시설,있음"
          ]
        },
        {
          "question_id": 2,
          "question_type": "정보",
          "question": "대표 메뉴가 무엇인가요?",
          "question_wordNum": 3,
          "answer": "견과류몽땅 르뱅, 상큼톡톡 레몬얼그레이가나슈",
          "answer_wordNum": 4,
          "fact": [
            "비비앤디,메뉴,견과류몽땅 르뱅, 상큼톡톡 레몬얼그레이가나슈"
          ]
        },
        {
          "question_id": 3,
          "question_type": "관계",
          "question": "이 곳에 인접한 시설을 알 수 있나요?",
          "question_wordNum": 7,
          "answer": "마곡역 3번 출구, 더 동네, NH농협은행",
          "answer_wordNum": 6,
          "fact": [
            "비비앤디,인접,마곡역 3번 출구, 더 동네, NH농협은행"
          ]
        }
      ]
    },
    {
      "image_id": 1,
      "question": [
        {
          "question_id": 0,
          "question_type": "정보",
          "question": "연락처를 알 수 있나요?",
          "question_wordNum": 4,
          "answer": "010-2612-7244",
          "answer_wordNum": 1,
          "fact": [
            "비비앤디,연락처,010-2612-7244"
          ]
        },
        {
          "question_id": 1,
          "question_type": "관계",
          "question": "이 곳에 인접한 시설이 있나요?",
          "question_wordNum": 5,
          "answer": "마곡역 3번 출구, 더 동네, NH농협은행",
          "answer_wordNum": 6,
          "fact": [
            "비비앤디,인접,마곡역 3번 출구, 더 동네, NH농협은행"
          ]
        },
        {
          "question_id": 2,
          "question_type": "정보",
          "question": "이 곳의 주소를 알 수 있나요?",
          "question_wordNum": 6,
          "answer": "서울 강서구 마곡중앙로 76",
          "answer_wordNum": 4,
          "fact": [
            "비비앤디,주소,서울 강서구 마곡중앙로 76"
          ]
        },
        {
          "question_id": 3,
          "question_type": "정보",
          "question": "휴무일을 알 수 있나요?",
          "question_wordNum": 4,
          "answer": "매주 목요일, 일요일",
          "answer_wordNum": 3,
          "fact": [
            "비비앤디,휴무일,매주 목요일, 일요일"
          ]
        }
      ]
    },
    {
      "image_id": 2,
      "question": [
        {
          "question_id": 0,
          "question_type": "정보",
          "question": "영업시간을 알 수 있나요?",
          "question_wordNum": 4,
          "answer": "12:00~20:00",
          "answer_wordNum": 1,
          "fact": [
            "비비앤디,영업시간,12:00~20:00"
          ]
        },
        {
          "question_id": 1,
          "question_type": "정보",
          "question": "휴무일은 어떻게 되나요?",
          "question_wordNum": 3,
          "answer": "매주 목요일, 일요일",
          "answer_wordNum": 3,
          "fact": [
            "비비앤디,휴무일,매주 목요일, 일요일"
          ]
        },
        {
          "question_id": 2,
          "question_type": "정보",
          "question": "이 곳의 메뉴를 알 수 있나요?",
          "question_wordNum": 6,
          "answer": "견과류몽땅 르뱅, 상큼톡톡 레몬얼그레이가나슈",
          "answer_wordNum": 4,
          "fact": [
            "비비앤디,메뉴,견과류몽땅 르뱅, 상큼톡톡 레몬얼그레이가나슈"
          ]
        },
        {
          "question_id": 3,
          "question_type": "관계",
          "question": "이 곳에 인접한 시설을 알 수 있나요?",
          "question_wordNum": 7,
          "answer": "마곡역 3번 출구, 더 동네, NH농협은행",
          "answer_wordNum": 6,
          "fact": [
            "비비앤디,인접,마곡역 3번 출구, 더 동네, NH농협은행"
          ]
        }
      ]
    },
    {
      "image_id": 3,
      "question": [
        {
          "question_id": 0,
          "question_type": "정보",
          "question": "이 곳의 주소는 어떻게 되나요?",
          "question_wordNum": 5,
          "answer": "서울 강서구 마곡중앙로 76",
          "answer_wordNum": 4,
          "fact": [
            "비비앤디,주소,서울 강서구 마곡중앙로 76"
          ]
        },
        {
          "question_id": 1,
          "question_type": "정보",
          "question": "대표 메뉴가 무엇인가요?",
          "question_wordNum": 3,
          "answer": "견과류몽땅 르뱅, 상큼톡톡 레몬얼그레이가나슈",
          "answer_wordNum": 4,
          "fact": [
            "비비앤디,메뉴,견과류몽땅 르뱅, 상큼톡톡 레몬얼그레이가나슈"
          ]
        },
        {
          "question_id": 2,
          "question_type": "정보",
          "question": "영업시간은 어떻게 되나요?",
          "question_wordNum": 3,
          "answer": "12:00~20:00",
          "answer_wordNum": 1,
          "fact": [
            "비비앤디,영업시간,12:00~20:00"
          ]
        },
        {
          "question_id": 3,
          "question_type": "탐색",
          "question": "주차시설이 있는지 알 수 있나요?",
          "question_wordNum": 5,
          "answer": "있음",
          "answer_wordNum": 1,
          "fact": [
            "비비앤디,주차시설,있음"
          ]
        }
      ]
    },
    {
      "image_id": 4,
      "question": [
        {
          "question_id": 0,
          "question_type": "정보",
          "question": "영업시간을 알 수 있나요?",
          "question_wordNum": 4,
          "answer": "12:00~20:00",
          "answer_wordNum": 1,
          "fact": [
            "비비앤디,영업시간,12:00~20:00"
          ]
        },
        {
          "question_id": 1,
          "question_type": "관계",
          "question": "이 곳에 인접한 시설이 있나요?",
          "question_wordNum": 5,
          "answer": "마곡역 3번 출구, 더 동네, NH농협은행",
          "answer_wordNum": 6,
          "fact": [
            "비비앤디,인접,마곡역 3번 출구, 더 동네, NH농협은행"
          ]
        },
        {
          "question_id": 2,
          "question_type": "정보",
          "question": "연락처가 어떻게 되나요?",
          "question_wordNum": 3,
          "answer": "010-2612-7244",
          "answer_wordNum": 1,
          "fact": [
            "비비앤디,연락처,010-2612-7244"
          ]
        },
        {
          "question_id": 3,
          "question_type": "정보",
          "question": "이 곳의 주소는 어떻게 되나요?",
          "question_wordNum": 5,
          "answer": "서울 강서구 마곡중앙로 76",
          "answer_wordNum": 4,
          "fact": [
            "비비앤디,주소,서울 강서구 마곡중앙로 76"
          ]
        }
      ]
    }
  ]
}