{
  "data": {
    "dataset": "2-083-219",
    "POI_id": "561712",
    "travelType": "음식점",
    "place": "송화초밥",
    "area": "서울"
  },
  "imageInfo": [
    {
      "image_id": 0,
      "filename": "561712_0_su_5_송화초밥_1_001.png",
      "mapx": 37.5497715747271,
      "mapy": 126.835461642034,
      "width": 3840,
      "height": 2160,
      "caption_info": [
        "송화초밥(강서구)",
        "간판"
      ]
    },
    {
      "image_id": 1,
      "filename": "561712_0_su_5_송화초밥_1_002.png",
      "mapx": 37.5497715747271,
      "mapy": 126.835461642034,
      "width": 3840,
      "height": 2160,
      "caption_info": [
        "송화초밥(강서구)",
        "간판"
      ]
    },
    {
      "image_id": 2,
      "filename": "561712_0_su_5_송화초밥_1_003.png",
      "mapx": 37.5497715747271,
      "mapy": 126.835461642034,
      "width": 3840,
      "height": 2160,
      "caption_info": [
        "송화초밥(강서구)",
        "사각 테이블"
      ]
    },
    {
      "image_id": 3,
      "filename": "561712_0_su_5_송화초밥_1_004.png",
      "mapx": 37.5497715747271,
      "mapy": 126.835461642034,
      "width": 3840,
      "height": 2160,
      "caption_info": [
        "송화초밥(강서구)",
        "메뉴판 "
      ]
    },
    {
      "image_id": 4,
      "filename": "561712_0_su_5_송화초밥_1_005.png",
      "mapx": 37.5497715747271,
      "mapy": 126.835461642034,
      "width": 3840,
      "height": 2160,
      "caption_info": [
        "송화초밥(강서구)",
        "초밥 "
      ]
    }
  ],
  "annotations": [
    {
      "image_id": 0,
      "question": [
        {
          "question_id": 0,
          "question_type": "탐색",
          "question": "주차시설이 있나요?",
          "question_wordNum": 2,
          "answer": "있음",
          "answer_wordNum": 1,
          "fact": [
            "송화초밥,주차시설,있음"
          ]
        },
        {
          "question_id": 1,
          "question_type": "정보",
          "question": "연락처를 알 수 있나요?",
          "question_wordNum": 4,
          "answer": "02-2663-5420",
          "answer_wordNum": 1,
          "fact": [
            "송화초밥,연락처,02-2663-5420"
          ]
        },
        {
          "question_id": 2,
          "question_type": "정보",
          "question": "이 곳의 주소를 알 수 있나요?",
          "question_wordNum": 6,
          "answer": "서울 강서구 강서로45나길 39",
          "answer_wordNum": 4,
          "fact": [
            "송화초밥,주소,서울 강서구 강서로45나길 39"
          ]
        },
        {
          "question_id": 3,
          "question_type": "정보",
          "question": "영업시간은 어떻게 되나요?",
          "question_wordNum": 3,
          "answer": "11:00~22:00",
          "answer_wordNum": 1,
          "fact": [
            "송화초밥,영업시간,11:00~22:00"
          ]
        }
      ]
    },
    {
      "image_id": 1,
      "question": [
        {
          "question_id": 0,
          "question_type": "정보",
          "question": "이 곳의 주소를 알 수 있나요?",
          "question_wordNum": 6,
          "answer": "서울 강서구 강서로45나길 39",
          "answer_wordNum": 4,
          "fact": [
            "송화초밥,주소,서울 강서구 강서로45나길 39"
          ]
        },
        {
          "question_id": 1,
          "question_type": "정보",
          "question": "휴무일을 알 수 있나요?",
          "question_wordNum": 4,
          "answer": "둘째, 넷째 일요일",
          "answer_wordNum": 3,
          "fact": [
            "송화초밥,휴무일,둘째, 넷째 일요일"
          ]
        },
        {
          "question_id": 2,
          "question_type": "관계",
          "question": "이 곳에 인접한 시설을 알 수 있나요?",
          "question_wordNum": 7,
          "answer": "우장산역 4번 출구, 송화프라자, 송화벽화시장, 송화치킨, 백세탕국",
          "answer_wordNum": 7,
          "fact": [
            "송화초밥,인접,우장산역 4번 출구, 송화프라자, 송화벽화시장, 송화치킨, 백세탕국"
          ]
        },
        {
          "question_id": 3,
          "question_type": "정보",
          "question": "영업시간은 어떻게 되나요?",
          "question_wordNum": 3,
          "answer": "11:00~22:00",
          "answer_wordNum": 1,
          "fact": [
            "송화초밥,영업시간,11:00~22:00"
          ]
        }
      ]
    },
    {
      "image_id": 2,
      "question": [
        {
          "question_id": 0,
          "question_type": "정보",
          "question": "영업시간을 알 수 있나요?",
          "question_wordNum": 4,
          "answer": "11:00~22:00",
          "answer_wordNum": 1,
          "fact": [
            "송화초밥,영업시간,11:00~22:00"
          ]
        },
        {
          "question_id": 1,
          "question_type": "정보",
          "question": "이 곳의 주소를 알 수 있나요?",
          "question_wordNum": 6,
          "answer": "서울 강서구 강서로45나길 39",
          "answer_wordNum": 4,
          "fact": [
            "송화초밥,주소,서울 강서구 강서로45나길 39"
          ]
        },
        {
          "question_id": 2,
          "question_type": "관계",
          "question": "이 곳에 인접한 시설이 있나요?",
          "question_wordNum": 5,
          "answer": "우장산역 4번 출구, 송화프라자, 송화벽화시장, 송화치킨, 백세탕국",
          "answer_wordNum": 7,
          "fact": [
            "송화초밥,인접,우장산역 4번 출구, 송화프라자, 송화벽화시장, 송화치킨, 백세탕국"
          ]
        },
        {
          "question_id": 3,
          "question_type": "정보",
          "question": "대표 메뉴가 무엇인가요?",
          "question_wordNum": 3,
          "answer": "광어 회덮밥, 장어 덮밥",
          "answer_wordNum": 4,
          "fact": [
            "송화초밥,메뉴,광어 회덮밥, 장어 덮밥"
          ]
        }
      ]
    },
    {
      "image_id": 3,
      "question": [
        {
          "question_id": 0,
          "question_type": "정보",
          "question": "이 곳의 주소는 어떻게 되나요?",
          "question_wordNum": 5,
          "answer": "서울 강서구 강서로45나길 39",
          "answer_wordNum": 4,
          "fact": [
            "송화초밥,주소,서울 강서구 강서로45나길 39"
          ]
        },
        {
          "question_id": 1,
          "question_type": "정보",
          "question": "휴무일을 알 수 있나요?",
          "question_wordNum": 4,
          "answer": "둘째, 넷째 일요일",
          "answer_wordNum": 3,
          "fact": [
            "송화초밥,휴무일,둘째, 넷째 일요일"
          ]
        },
        {
          "question_id": 2,
          "question_type": "관계",
          "question": "이 곳에 인접한 시설이 있나요?",
          "question_wordNum": 5,
          "answer": "우장산역 4번 출구, 송화프라자, 송화벽화시장, 송화치킨, 백세탕국",
          "answer_wordNum": 7,
          "fact": [
            "송화초밥,인접,우장산역 4번 출구, 송화프라자, 송화벽화시장, 송화치킨, 백세탕국"
          ]
        },
        {
          "question_id": 3,
          "question_type": "정보",
          "question": "영업시간은 어떻게 되나요?",
          "question_wordNum": 3,
          "answer": "11:00~22:00",
          "answer_wordNum": 1,
          "fact": [
            "송화초밥,영업시간,11:00~22:00"
          ]
        }
      ]
    },
    {
      "image_id": 4,
      "question": [
        {
          "question_id": 0,
          "question_type": "정보",
          "question": "이 곳의 주소를 알 수 있나요?",
          "question_wordNum": 6,
          "answer": "서울 강서구 강서로45나길 39",
          "answer_wordNum": 4,
          "fact": [
            "송화초밥,주소,서울 강서구 강서로45나길 39"
          ]
        },
        {
          "question_id": 1,
          "question_type": "정보",
          "question": "연락처가 어떻게 되나요?",
          "question_wordNum": 3,
          "answer": "02-2663-5420",
          "answer_wordNum": 1,
          "fact": [
            "송화초밥,연락처,02-2663-5420"
          ]
        },
        {
          "question_id": 2,
          "question_type": "정보",
          "question": "영업시간을 알 수 있나요?",
          "question_wordNum": 4,
          "answer": "11:00~22:00",
          "answer_wordNum": 1,
          "fact": [
            "송화초밥,영업시간,11:00~22:00"
          ]
        },
        {
          "question_id": 3,
          "question_type": "정보",
          "question": "이 곳의 메뉴를 알 수 있나요?",
          "question_wordNum": 6,
          "answer": "광어 회덮밥, 장어 덮밥",
          "answer_wordNum": 4,
          "fact": [
            "송화초밥,메뉴,광어 회덮밥, 장어 덮밥"
          ]
        }
      ]
    }
  ]
}