{
  "data": {
    "dataset": "2-083-219",
    "POI_id": "561767",
    "travelType": "음식점",
    "place": "싸움의고수 마곡점",
    "area": "서울"
  },
  "imageInfo": [
    {
      "image_id": 0,
      "filename": "561767_0_su_5_싸움의고수 마곡점_1_001.png",
      "mapx": 37.553024265332,
      "mapy": 126.826339474914,
      "width": 3840,
      "height": 2160,
      "caption_info": [
        "싸움의고수 마곡점(내발산동)",
        "간판, 여닫이문"
      ]
    },
    {
      "image_id": 1,
      "filename": "561767_0_su_5_싸움의고수 마곡점_1_002.png",
      "mapx": 37.553024265332,
      "mapy": 126.826339474914,
      "width": 3840,
      "height": 2160,
      "caption_info": [
        "싸움의고수 마곡점(내발산동)",
        "간판, 여닫이문"
      ]
    },
    {
      "image_id": 2,
      "filename": "561767_0_su_5_싸움의고수 마곡점_1_003.png",
      "mapx": 37.553024265332,
      "mapy": 126.826339474914,
      "width": 3840,
      "height": 2160,
      "caption_info": [
        "싸움의고수 마곡점(내발산동)",
        "테이블, 등받이 의자"
      ]
    },
    {
      "image_id": 3,
      "filename": "561767_0_su_5_싸움의고수 마곡점_1_004.png",
      "mapx": 37.553024265332,
      "mapy": 126.826339474914,
      "width": 3840,
      "height": 2160,
      "caption_info": [
        "싸움의고수 마곡점(내발산동)",
        "메뉴판"
      ]
    },
    {
      "image_id": 4,
      "filename": "561767_0_su_5_싸움의고수 마곡점_1_005.png",
      "mapx": 37.553024265332,
      "mapy": 126.826339474914,
      "width": 3840,
      "height": 2160,
      "caption_info": [
        "싸움의고수 마곡점(내발산동)",
        "보쌈"
      ]
    }
  ],
  "annotations": [
    {
      "image_id": 0,
      "question": [
        {
          "question_id": 0,
          "question_type": "정보",
          "question": "영업시간은 몇시부터 몇시까지로 기재되어 있나요?",
          "question_wordNum": 5,
          "answer": "11:00 - 21:30",
          "answer_wordNum": 3,
          "fact": [
            "싸움의고수 마곡점,영업시간,11:00 - 21:30"
          ]
        },
        {
          "question_id": 1,
          "question_type": "정보",
          "question": "연락처가 어떻게 되나요?",
          "question_wordNum": 3,
          "answer": "02-2667-8777",
          "answer_wordNum": 1,
          "fact": [
            "싸움의고수 마곡점,연락처,02-2667-8777"
          ]
        },
        {
          "question_id": 2,
          "question_type": "정보",
          "question": "휴무일은 어떻게 되나요?",
          "question_wordNum": 3,
          "answer": "없음",
          "answer_wordNum": 1,
          "fact": [
            "싸움의고수 마곡점,휴무일,없음"
          ]
        },
        {
          "question_id": 3,
          "question_type": "정보",
          "question": "이 곳의 대표적인 메뉴를 알 수 있나요?",
          "question_wordNum": 7,
          "answer": "보쌈, 마늘족발",
          "answer_wordNum": 2,
          "fact": [
            "싸움의고수 마곡점,메뉴,보쌈, 마늘족발"
          ]
        }
      ]
    },
    {
      "image_id": 1,
      "question": [
        {
          "question_id": 0,
          "question_type": "탐색",
          "question": "주차시설이 있는지 알 수 있나요?",
          "question_wordNum": 5,
          "answer": "없음",
          "answer_wordNum": 1,
          "fact": [
            "싸움의고수 마곡점,주차시설,없음"
          ]
        },
        {
          "question_id": 1,
          "question_type": "관계",
          "question": "이 곳에 인접한 시설이 있나요?",
          "question_wordNum": 5,
          "answer": "마곡역 5번 출구, 더벤티, 배스킨라빈스",
          "answer_wordNum": 5,
          "fact": [
            "싸움의고수 마곡점,인접,마곡역 5번 출구, 더벤티, 배스킨라빈스"
          ]
        },
        {
          "question_id": 2,
          "question_type": "정보",
          "question": "휴무일을 알 수 있나요?",
          "question_wordNum": 4,
          "answer": "없음",
          "answer_wordNum": 1,
          "fact": [
            "싸움의고수 마곡점,휴무일,없음"
          ]
        },
        {
          "question_id": 3,
          "question_type": "정보",
          "question": "연락처를 알 수 있나요?",
          "question_wordNum": 4,
          "answer": "02-2667-8777",
          "answer_wordNum": 1,
          "fact": [
            "싸움의고수 마곡점,연락처,02-2667-8777"
          ]
        }
      ]
    },
    {
      "image_id": 2,
      "question": [
        {
          "question_id": 0,
          "question_type": "정보",
          "question": "이 곳의 대표적인 메뉴를 알 수 있나요?",
          "question_wordNum": 7,
          "answer": "보쌈, 마늘족발",
          "answer_wordNum": 2,
          "fact": [
            "싸움의고수 마곡점,메뉴,보쌈, 마늘족발"
          ]
        },
        {
          "question_id": 1,
          "question_type": "관계",
          "question": "이 곳에 인접한 시설을 알 수 있나요?",
          "question_wordNum": 7,
          "answer": "마곡역 5번 출구, 더벤티, 배스킨라빈스",
          "answer_wordNum": 5,
          "fact": [
            "싸움의고수 마곡점,인접,마곡역 5번 출구, 더벤티, 배스킨라빈스"
          ]
        },
        {
          "question_id": 2,
          "question_type": "탐색",
          "question": "주차시설이 있는지 알 수 있나요?",
          "question_wordNum": 5,
          "answer": "없음",
          "answer_wordNum": 1,
          "fact": [
            "싸움의고수 마곡점,주차시설,없음"
          ]
        },
        {
          "question_id": 3,
          "question_type": "정보",
          "question": "영업시간은 몇시부터 몇시까지로 기재되어 있나요?",
          "question_wordNum": 5,
          "answer": "11:00 - 21:30",
          "answer_wordNum": 3,
          "fact": [
            "싸움의고수 마곡점,영업시간,11:00 - 21:30"
          ]
        }
      ]
    },
    {
      "image_id": 3,
      "question": [
        {
          "question_id": 0,
          "question_type": "정보",
          "question": "이 곳의 주요 메뉴를 알 수 있나요?",
          "question_wordNum": 7,
          "answer": "보쌈, 마늘족발",
          "answer_wordNum": 2,
          "fact": [
            "싸움의고수 마곡점,메뉴,보쌈, 마늘족발"
          ]
        },
        {
          "question_id": 1,
          "question_type": "정보",
          "question": "휴무일을 알 수 있나요?",
          "question_wordNum": 4,
          "answer": "없음",
          "answer_wordNum": 1,
          "fact": [
            "싸움의고수 마곡점,휴무일,없음"
          ]
        },
        {
          "question_id": 2,
          "question_type": "탐색",
          "question": "주차시설이 있나요?",
          "question_wordNum": 2,
          "answer": "없음",
          "answer_wordNum": 1,
          "fact": [
            "싸움의고수 마곡점,주차시설,없음"
          ]
        },
        {
          "question_id": 3,
          "question_type": "정보",
          "question": "이 곳의 주소를 알 수 있나요?",
          "question_wordNum": 6,
          "answer": "서울 강서구 수명로 78",
          "answer_wordNum": 4,
          "fact": [
            "싸움의고수 마곡점,주소,서울 강서구 수명로 78"
          ]
        }
      ]
    },
    {
      "image_id": 4,
      "question": [
        {
          "question_id": 0,
          "question_type": "정보",
          "question": "영업시간은 어떻게 되나요?",
          "question_wordNum": 3,
          "answer": "11:00 - 21:30",
          "answer_wordNum": 3,
          "fact": [
            "싸움의고수 마곡점,영업시간,11:00 - 21:30"
          ]
        },
        {
          "question_id": 1,
          "question_type": "관계",
          "question": "이 곳에 인접한 시설을 알 수 있나요?",
          "question_wordNum": 7,
          "answer": "마곡역 5번 출구, 더벤티, 배스킨라빈스",
          "answer_wordNum": 5,
          "fact": [
            "싸움의고수 마곡점,인접,마곡역 5번 출구, 더벤티, 배스킨라빈스"
          ]
        },
        {
          "question_id": 2,
          "question_type": "정보",
          "question": "이 곳의 주소를 알 수 있나요?",
          "question_wordNum": 6,
          "answer": "서울 강서구 수명로 78",
          "answer_wordNum": 4,
          "fact": [
            "싸움의고수 마곡점,주소,서울 강서구 수명로 78"
          ]
        },
        {
          "question_id": 3,
          "question_type": "정보",
          "question": "연락처를 알 수 있나요?",
          "question_wordNum": 4,
          "answer": "02-2667-8777",
          "answer_wordNum": 1,
          "fact": [
            "싸움의고수 마곡점,연락처,02-2667-8777"
          ]
        }
      ]
    }
  ]
}