{
  "data": {
    "dataset": "2-083-219",
    "POI_id": "561716",
    "travelType": "음식점",
    "place": "서오릉피자 발산점",
    "area": "서울"
  },
  "imageInfo": [
    {
      "image_id": 0,
      "filename": "561716_0_su_5_서오릉피자 발산점_1_001.png",
      "mapx": 37.5570784073479,
      "mapy": 126.83808109977,
      "width": 3840,
      "height": 2160,
      "caption_info": [
        "서오릉피자 발산점(내발산동)",
        "간판"
      ]
    },
    {
      "image_id": 1,
      "filename": "561716_0_su_5_서오릉피자 발산점_1_002.png",
      "mapx": 37.5570784073479,
      "mapy": 126.83808109977,
      "width": 3840,
      "height": 2160,
      "caption_info": [
        "서오릉피자 발산점(내발산동)",
        "건물"
      ]
    },
    {
      "image_id": 2,
      "filename": "561716_0_su_5_서오릉피자 발산점_1_003.png",
      "mapx": 37.5570784073479,
      "mapy": 126.83808109977,
      "width": 3840,
      "height": 2160,
      "caption_info": [
        "서오릉피자 발산점(내발산동)",
        "티비"
      ]
    },
    {
      "image_id": 3,
      "filename": "561716_0_su_5_서오릉피자 발산점_1_004.png",
      "mapx": 37.5570784073479,
      "mapy": 126.83808109977,
      "width": 3840,
      "height": 2160,
      "caption_info": [
        "서오릉피자 발산점(내발산동)",
        "메뉴판"
      ]
    },
    {
      "image_id": 4,
      "filename": "561716_0_su_5_서오릉피자 발산점_1_005.png",
      "mapx": 37.5570784073479,
      "mapy": 126.83808109977,
      "width": 3840,
      "height": 2160,
      "caption_info": [
        "서오릉피자 발산점(내발산동)",
        "피자"
      ]
    }
  ],
  "annotations": [
    {
      "image_id": 0,
      "question": [
        {
          "question_id": 0,
          "question_type": "정보",
          "question": "이 곳의 주소는 어떻게 되나요?",
          "question_wordNum": 5,
          "answer": "서울 강서구 강서로 348",
          "answer_wordNum": 4,
          "fact": [
            "서오릉피자 발산점,주소,서울 강서구 강서로 348"
          ]
        },
        {
          "question_id": 1,
          "question_type": "정보",
          "question": "영업시간은 어떻게 되나요?",
          "question_wordNum": 3,
          "answer": "11:00 - 22:00",
          "answer_wordNum": 3,
          "fact": [
            "서오릉피자 발산점,영업시간,11:00 - 22:00"
          ]
        },
        {
          "question_id": 2,
          "question_type": "정보",
          "question": "이 곳의 대표적인 메뉴는 무엇이 있나요?",
          "question_wordNum": 6,
          "answer": "반반 피자, 12첩 콤비네이션",
          "answer_wordNum": 4,
          "fact": [
            "서오릉피자 발산점,메뉴,반반 피자, 12첩 콤비네이션"
          ]
        },
        {
          "question_id": 3,
          "question_type": "정보",
          "question": "인접한 시설이 있나요?",
          "question_wordNum": 3,
          "answer": "발산역 6번 출구, 우장산힐스테트, 만두마당, 과일프레소",
          "answer_wordNum": 6,
          "fact": [
            "서오릉피자 발산점,인접,발산역 6번 출구, 우장산힐스테트, 만두마당, 과일프레소"
          ]
        }
      ]
    },
    {
      "image_id": 1,
      "question": [
        {
          "question_id": 0,
          "question_type": "정보",
          "question": "이 곳의 주소는 어떻게 되나요?",
          "question_wordNum": 5,
          "answer": "서울 강서구 강서로 348",
          "answer_wordNum": 4,
          "fact": [
            "서오릉피자 발산점,주소,서울 강서구 강서로 348"
          ]
        },
        {
          "question_id": 1,
          "question_type": "정보",
          "question": "휴무일은 어떻게 되나요?",
          "question_wordNum": 3,
          "answer": "없음",
          "answer_wordNum": 1,
          "fact": [
            "서오릉피자 발산점,휴무일,없음"
          ]
        },
        {
          "question_id": 2,
          "question_type": "정보",
          "question": "연락처가 어떻게 되나요?",
          "question_wordNum": 3,
          "answer": "0507-1478-3221",
          "answer_wordNum": 1,
          "fact": [
            "서오릉피자 발산점,연락처,0507-1478-3221"
          ]
        },
        {
          "question_id": 3,
          "question_type": "정보",
          "question": "영업시간을 알 수 있나요?",
          "question_wordNum": 4,
          "answer": "11:00 - 22:00",
          "answer_wordNum": 3,
          "fact": [
            "서오릉피자 발산점,영업시간,11:00 - 22:00"
          ]
        }
      ]
    },
    {
      "image_id": 2,
      "question": [
        {
          "question_id": 0,
          "question_type": "정보",
          "question": "연락처가 어떻게 되나요?",
          "question_wordNum": 3,
          "answer": "0507-1478-3221",
          "answer_wordNum": 1,
          "fact": [
            "서오릉피자 발산점,연락처,0507-1478-3221"
          ]
        },
        {
          "question_id": 1,
          "question_type": "정보",
          "question": "이 곳의 주소를 알 수 있나요?",
          "question_wordNum": 6,
          "answer": "서울 강서구 강서로 348",
          "answer_wordNum": 4,
          "fact": [
            "서오릉피자 발산점,주소,서울 강서구 강서로 348"
          ]
        },
        {
          "question_id": 2,
          "question_type": "정보",
          "question": "이 곳의 대표적인 메뉴는 무엇이 있나요?",
          "question_wordNum": 6,
          "answer": "반반 피자, 12첩 콤비네이션",
          "answer_wordNum": 4,
          "fact": [
            "서오릉피자 발산점,메뉴,반반 피자, 12첩 콤비네이션"
          ]
        },
        {
          "question_id": 3,
          "question_type": "정보",
          "question": "인접한 시설이 있나요?",
          "question_wordNum": 3,
          "answer": "발산역 6번 출구, 우장산힐스테트, 만두마당, 과일프레소",
          "answer_wordNum": 6,
          "fact": [
            "서오릉피자 발산점,인접,발산역 6번 출구, 우장산힐스테트, 만두마당, 과일프레소"
          ]
        }
      ]
    },
    {
      "image_id": 3,
      "question": [
        {
          "question_id": 0,
          "question_type": "정보",
          "question": "영업시간은 몇시부터 몇시까지로 기재되어 있나요?",
          "question_wordNum": 5,
          "answer": "11:00 - 22:00",
          "answer_wordNum": 3,
          "fact": [
            "서오릉피자 발산점,영업시간,11:00 - 22:00"
          ]
        },
        {
          "question_id": 1,
          "question_type": "관계",
          "question": "이 곳에 인접한 시설이 있나요?",
          "question_wordNum": 5,
          "answer": "발산역 6번 출구, 우장산힐스테트, 만두마당, 과일프레소",
          "answer_wordNum": 6,
          "fact": [
            "서오릉피자 발산점,인접,발산역 6번 출구, 우장산힐스테트, 만두마당, 과일프레소"
          ]
        },
        {
          "question_id": 2,
          "question_type": "정보",
          "question": "연락처를 알 수 있나요?",
          "question_wordNum": 4,
          "answer": "0507-1478-3221",
          "answer_wordNum": 1,
          "fact": [
            "서오릉피자 발산점,연락처,0507-1478-3221"
          ]
        },
        {
          "question_id": 3,
          "question_type": "정보",
          "question": "주소는 어떻게 되나요?",
          "question_wordNum": 3,
          "answer": "서울 강서구 강서로 348",
          "answer_wordNum": 4,
          "fact": [
            "서오릉피자 발산점,주소,서울 강서구 강서로 348"
          ]
        }
      ]
    },
    {
      "image_id": 4,
      "question": [
        {
          "question_id": 0,
          "question_type": "정보",
          "question": "영업시간은 몇시부터 몇시까지로 기재되어 있나요?",
          "question_wordNum": 5,
          "answer": "11:00 - 22:00",
          "answer_wordNum": 3,
          "fact": [
            "서오릉피자 발산점,영업시간,11:00 - 22:00"
          ]
        },
        {
          "question_id": 1,
          "question_type": "정보",
          "question": "휴무일을 알 수 있나요?",
          "question_wordNum": 4,
          "answer": "없음",
          "answer_wordNum": 1,
          "fact": [
            "서오릉피자 발산점,휴무일,없음"
          ]
        },
        {
          "question_id": 2,
          "question_type": "탐색",
          "question": "주차시설이 있는지 알 수 있나요?",
          "question_wordNum": 5,
          "answer": "있음",
          "answer_wordNum": 1,
          "fact": [
            "서오릉피자 발산점,주차시설,있음"
          ]
        },
        {
          "question_id": 3,
          "question_type": "정보",
          "question": "주요  메뉴는 무엇이 있나요?",
          "question_wordNum": 5,
          "answer": "반반 피자, 12첩 콤비네이션",
          "answer_wordNum": 4,
          "fact": [
            "서오릉피자 발산점,메뉴,반반 피자, 12첩 콤비네이션"
          ]
        }
      ]
    }
  ]
}