{
  "data": {
    "dataset": "2-083-219",
    "POI_id": "561628",
    "travelType": "음식점",
    "place": "긴자료코 마곡점",
    "area": "서울"
  },
  "imageInfo": [
    {
      "image_id": 0,
      "filename": "561628_0_su_5_긴자료코 마곡점_1_001.png",
      "mapx": 37.5680890965874,
      "mapy": 126.825424095847,
      "width": 3840,
      "height": 2160,
      "caption_info": [
        "긴자료코 마곡점(마곡동)",
        "간판, 음식모형"
      ]
    },
    {
      "image_id": 1,
      "filename": "561628_0_su_5_긴자료코 마곡점_1_002.png",
      "mapx": 37.5680890965874,
      "mapy": 126.825424095847,
      "width": 3840,
      "height": 2160,
      "caption_info": [
        "긴자료코 마곡점(마곡동)",
        "간판, 건물"
      ]
    },
    {
      "image_id": 2,
      "filename": "561628_0_su_5_긴자료코 마곡점_1_003.png",
      "mapx": 37.5680890965874,
      "mapy": 126.825424095847,
      "width": 3840,
      "height": 2160,
      "caption_info": [
        "긴자료코 마곡점(마곡동)",
        "테이블, 등받이 의자"
      ]
    },
    {
      "image_id": 3,
      "filename": "561628_0_su_5_긴자료코 마곡점_1_004.png",
      "mapx": 37.5680890965874,
      "mapy": 126.825424095847,
      "width": 3840,
      "height": 2160,
      "caption_info": [
        "긴자료코 마곡점(마곡동)",
        "메뉴판"
      ]
    },
    {
      "image_id": 4,
      "filename": "561628_0_su_5_긴자료코 마곡점_1_005.png",
      "mapx": 37.5680890965874,
      "mapy": 126.825424095847,
      "width": 3840,
      "height": 2160,
      "caption_info": [
        "긴자료코 마곡점(마곡동)",
        "데미그라스돈까스"
      ]
    }
  ],
  "annotations": [
    {
      "image_id": 0,
      "question": [
        {
          "question_id": 0,
          "question_type": "탐색",
          "question": "주차시설이 있는지 알 수 있나요?",
          "question_wordNum": 5,
          "answer": "있음",
          "answer_wordNum": 1,
          "fact": [
            "긴자료코 마곡점,주차시설,있음"
          ]
        },
        {
          "question_id": 1,
          "question_type": "정보",
          "question": "영업시간을 알 수 있나요?",
          "question_wordNum": 4,
          "answer": "11:00~21:00",
          "answer_wordNum": 1,
          "fact": [
            "긴자료코 마곡점,영업시간,11:00~21:00"
          ]
        },
        {
          "question_id": 2,
          "question_type": "정보",
          "question": "휴무일을 알 수 있나요?",
          "question_wordNum": 4,
          "answer": "매주 토요일",
          "answer_wordNum": 2,
          "fact": [
            "긴자료코 마곡점,휴무일,매주 토요일"
          ]
        },
        {
          "question_id": 3,
          "question_type": "정보",
          "question": "이 곳의 주소를 알 수 있나요?",
          "question_wordNum": 6,
          "answer": "서울 강서구 마곡서로 158",
          "answer_wordNum": 4,
          "fact": [
            "긴자료코 마곡점,주소,서울 강서구 마곡서로 158"
          ]
        }
      ]
    },
    {
      "image_id": 1,
      "question": [
        {
          "question_id": 0,
          "question_type": "관계",
          "question": "이 곳에 인접한 시설을 알 수 있나요?",
          "question_wordNum": 7,
          "answer": "마곡나루역 1번 출구, 몽키마라, 마린셰프",
          "answer_wordNum": 5,
          "fact": [
            "긴자료코 마곡점,인접,마곡나루역 1번 출구, 몽키마라, 마린셰프"
          ]
        },
        {
          "question_id": 1,
          "question_type": "탐색",
          "question": "주차시설이 있나요?",
          "question_wordNum": 2,
          "answer": "있음",
          "answer_wordNum": 1,
          "fact": [
            "긴자료코 마곡점,주차시설,있음"
          ]
        },
        {
          "question_id": 2,
          "question_type": "정보",
          "question": "이 곳의 메뉴를 알 수 있나요?",
          "question_wordNum": 6,
          "answer": "데미그라스돈까스, 사케동",
          "answer_wordNum": 2,
          "fact": [
            "긴자료코 마곡점,메뉴,데미그라스돈까스, 사케동"
          ]
        },
        {
          "question_id": 3,
          "question_type": "정보",
          "question": "영업시간을 알 수 있나요?",
          "question_wordNum": 4,
          "answer": "11:00~21:00",
          "answer_wordNum": 1,
          "fact": [
            "긴자료코 마곡점,영업시간,11:00~21:00"
          ]
        }
      ]
    },
    {
      "image_id": 2,
      "question": [
        {
          "question_id": 0,
          "question_type": "정보",
          "question": "영업시간은 어떻게 되나요?",
          "question_wordNum": 3,
          "answer": "11:00~21:00",
          "answer_wordNum": 1,
          "fact": [
            "긴자료코 마곡점,영업시간,11:00~21:00"
          ]
        },
        {
          "question_id": 1,
          "question_type": "관계",
          "question": "이 곳에 인접한 시설을 알 수 있나요?",
          "question_wordNum": 7,
          "answer": "마곡나루역 1번 출구, 몽키마라, 마린셰프",
          "answer_wordNum": 5,
          "fact": [
            "긴자료코 마곡점,인접,마곡나루역 1번 출구, 몽키마라, 마린셰프"
          ]
        },
        {
          "question_id": 2,
          "question_type": "정보",
          "question": "이 곳의 주소를 알 수 있나요?",
          "question_wordNum": 6,
          "answer": "서울 강서구 마곡서로 158",
          "answer_wordNum": 4,
          "fact": [
            "긴자료코 마곡점,주소,서울 강서구 마곡서로 158"
          ]
        },
        {
          "question_id": 3,
          "question_type": "정보",
          "question": "대표 메뉴가 무엇인가요?",
          "question_wordNum": 3,
          "answer": "데미그라스돈까스, 사케동",
          "answer_wordNum": 2,
          "fact": [
            "긴자료코 마곡점,메뉴,데미그라스돈까스, 사케동"
          ]
        }
      ]
    },
    {
      "image_id": 3,
      "question": [
        {
          "question_id": 0,
          "question_type": "관계",
          "question": "이 곳에 인접한 시설을 알 수 있나요?",
          "question_wordNum": 7,
          "answer": "마곡나루역 1번 출구, 몽키마라, 마린셰프",
          "answer_wordNum": 5,
          "fact": [
            "긴자료코 마곡점,인접,마곡나루역 1번 출구, 몽키마라, 마린셰프"
          ]
        },
        {
          "question_id": 1,
          "question_type": "정보",
          "question": "연락처를 알 수 있나요?",
          "question_wordNum": 4,
          "answer": "02-6465-2282",
          "answer_wordNum": 1,
          "fact": [
            "긴자료코 마곡점,연락처,02-6465-2282"
          ]
        },
        {
          "question_id": 2,
          "question_type": "탐색",
          "question": "주차시설이 있는지 알 수 있나요?",
          "question_wordNum": 5,
          "answer": "있음",
          "answer_wordNum": 1,
          "fact": [
            "긴자료코 마곡점,주차시설,있음"
          ]
        },
        {
          "question_id": 3,
          "question_type": "정보",
          "question": "이 곳의 메뉴를 알 수 있나요?",
          "question_wordNum": 6,
          "answer": "데미그라스돈까스, 사케동",
          "answer_wordNum": 2,
          "fact": [
            "긴자료코 마곡점,메뉴,데미그라스돈까스, 사케동"
          ]
        }
      ]
    },
    {
      "image_id": 4,
      "question": [
        {
          "question_id": 0,
          "question_type": "정보",
          "question": "이 곳의 메뉴를 알 수 있나요?",
          "question_wordNum": 6,
          "answer": "데미그라스돈까스, 사케동",
          "answer_wordNum": 2,
          "fact": [
            "긴자료코 마곡점,메뉴,데미그라스돈까스, 사케동"
          ]
        },
        {
          "question_id": 1,
          "question_type": "탐색",
          "question": "주차시설이 있나요?",
          "question_wordNum": 2,
          "answer": "있음",
          "answer_wordNum": 1,
          "fact": [
            "긴자료코 마곡점,주차시설,있음"
          ]
        },
        {
          "question_id": 2,
          "question_type": "정보",
          "question": "연락처가 어떻게 되나요?",
          "question_wordNum": 3,
          "answer": "02-6465-2282",
          "answer_wordNum": 1,
          "fact": [
            "긴자료코 마곡점,연락처,02-6465-2282"
          ]
        },
        {
          "question_id": 3,
          "question_type": "정보",
          "question": "이 곳의 주소를 알 수 있나요?",
          "question_wordNum": 6,
          "answer": "서울 강서구 마곡서로 158",
          "answer_wordNum": 4,
          "fact": [
            "긴자료코 마곡점,주소,서울 강서구 마곡서로 158"
          ]
        }
      ]
    }
  ]
}