{
  "data": {
    "dataset": "2-083-219",
    "POI_id": "561608",
    "travelType": "음식점",
    "place": "902탭하우스 마곡나루점",
    "area": "서울"
  },
  "imageInfo": [
    {
      "image_id": 0,
      "filename": "561608_0_su_5_902탭하우스 마곡나루점_1_001.png",
      "mapx": 37.568851450649,
      "mapy": 126.827338682565,
      "width": 3840,
      "height": 2160,
      "caption_info": [
        "902탭하우스 마곡나루점(강서구)",
        "간판"
      ]
    },
    {
      "image_id": 1,
      "filename": "561608_0_su_5_902탭하우스 마곡나루점_1_002.png",
      "mapx": 37.568851450649,
      "mapy": 126.827338682565,
      "width": 3840,
      "height": 2160,
      "caption_info": [
        "902탭하우스 마곡나루점(강서구)",
        "간판"
      ]
    },
    {
      "image_id": 2,
      "filename": "561608_0_su_5_902탭하우스 마곡나루점_1_003.png",
      "mapx": 37.568851450649,
      "mapy": 126.827338682565,
      "width": 3840,
      "height": 2160,
      "caption_info": [
        "902탭하우스 마곡나루점(강서구)",
        "에어컨 "
      ]
    },
    {
      "image_id": 3,
      "filename": "561608_0_su_5_902탭하우스 마곡나루점_1_004.png",
      "mapx": 37.568851450649,
      "mapy": 126.827338682565,
      "width": 3840,
      "height": 2160,
      "caption_info": [
        "902탭하우스 마곡나루점(강서구)",
        "메뉴판 "
      ]
    },
    {
      "image_id": 4,
      "filename": "561608_0_su_5_902탭하우스 마곡나루점_1_005.png",
      "mapx": 37.568851450649,
      "mapy": 126.827338682565,
      "width": 3840,
      "height": 2160,
      "caption_info": [
        "902탭하우스 마곡나루점(강서구)",
        "접시"
      ]
    }
  ],
  "annotations": [
    {
      "image_id": 0,
      "question": [
        {
          "question_id": 0,
          "question_type": "정보",
          "question": "영업시간을 알 수 있나요?",
          "question_wordNum": 4,
          "answer": "17:00~24:00/02:00",
          "answer_wordNum": 1,
          "fact": [
            "902탭하우스 마곡나루점,영업시간,17:00~24:00/02:00"
          ]
        },
        {
          "question_id": 1,
          "question_type": "탐색",
          "question": "주차시설이 있는지 알 수 있나요?",
          "question_wordNum": 5,
          "answer": "있음",
          "answer_wordNum": 1,
          "fact": [
            "902탭하우스 마곡나루점,주차시설,있음"
          ]
        },
        {
          "question_id": 2,
          "question_type": "관계",
          "question": "이 곳에 인접한 시설을 알 수 있나요?",
          "question_wordNum": 7,
          "answer": "마곡나루역 2번 출구, 메가커피, 파리바게뜨",
          "answer_wordNum": 5,
          "fact": [
            "902탭하우스 마곡나루점,인접,마곡나루역 2번 출구, 메가커피, 파리바게뜨"
          ]
        },
        {
          "question_id": 3,
          "question_type": "정보",
          "question": "이 곳의 주소는 어떻게 되나요?",
          "question_wordNum": 5,
          "answer": "서울 강서구 마곡중앙로 161-8",
          "answer_wordNum": 4,
          "fact": [
            "902탭하우스 마곡나루점,주소,서울 강서구 마곡중앙로 161-8"
          ]
        }
      ]
    },
    {
      "image_id": 1,
      "question": [
        {
          "question_id": 0,
          "question_type": "정보",
          "question": "이 곳의 메뉴를 알 수 있나요?",
          "question_wordNum": 6,
          "answer": "삼겹비빔국수, 청양베이컨피자",
          "answer_wordNum": 2,
          "fact": [
            "902탭하우스 마곡나루점,메뉴,삼겹비빔국수, 청양베이컨피자"
          ]
        },
        {
          "question_id": 1,
          "question_type": "탐색",
          "question": "주차시설이 있나요?",
          "question_wordNum": 2,
          "answer": "있음",
          "answer_wordNum": 1,
          "fact": [
            "902탭하우스 마곡나루점,주차시설,있음"
          ]
        },
        {
          "question_id": 2,
          "question_type": "정보",
          "question": "이 곳의 주소는 어떻게 되나요?",
          "question_wordNum": 5,
          "answer": "서울 강서구 마곡중앙로 161-8",
          "answer_wordNum": 4,
          "fact": [
            "902탭하우스 마곡나루점,주소,서울 강서구 마곡중앙로 161-8"
          ]
        },
        {
          "question_id": 3,
          "question_type": "정보",
          "question": "연락처를 알 수 있나요?",
          "question_wordNum": 4,
          "answer": "02-6989-8118",
          "answer_wordNum": 1,
          "fact": [
            "902탭하우스 마곡나루점,연락처,02-6989-8118"
          ]
        }
      ]
    },
    {
      "image_id": 2,
      "question": [
        {
          "question_id": 0,
          "question_type": "탐색",
          "question": "주차시설이 있나요?",
          "question_wordNum": 2,
          "answer": "있음",
          "answer_wordNum": 1,
          "fact": [
            "902탭하우스 마곡나루점,주차시설,있음"
          ]
        },
        {
          "question_id": 1,
          "question_type": "정보",
          "question": "이 곳의 주소를 알 수 있나요?",
          "question_wordNum": 6,
          "answer": "서울 강서구 마곡중앙로 161-8",
          "answer_wordNum": 4,
          "fact": [
            "902탭하우스 마곡나루점,주소,서울 강서구 마곡중앙로 161-8"
          ]
        },
        {
          "question_id": 2,
          "question_type": "정보",
          "question": "휴무일은 어떻게 되나요?",
          "question_wordNum": 3,
          "answer": "알수없음",
          "answer_wordNum": 1,
          "fact": [
            "902탭하우스 마곡나루점,휴무일,알수없음"
          ]
        },
        {
          "question_id": 3,
          "question_type": "정보",
          "question": "영업시간을 알 수 있나요?",
          "question_wordNum": 4,
          "answer": "17:00~24:00/02:00",
          "answer_wordNum": 1,
          "fact": [
            "902탭하우스 마곡나루점,영업시간,17:00~24:00/02:00"
          ]
        }
      ]
    },
    {
      "image_id": 3,
      "question": [
        {
          "question_id": 0,
          "question_type": "정보",
          "question": "영업시간을 알 수 있나요?",
          "question_wordNum": 4,
          "answer": "17:00~24:00/02:00",
          "answer_wordNum": 1,
          "fact": [
            "902탭하우스 마곡나루점,영업시간,17:00~24:00/02:00"
          ]
        },
        {
          "question_id": 1,
          "question_type": "관계",
          "question": "이 곳에 인접한 시설을 알 수 있나요?",
          "question_wordNum": 7,
          "answer": "마곡나루역 2번 출구, 메가커피, 파리바게뜨",
          "answer_wordNum": 5,
          "fact": [
            "902탭하우스 마곡나루점,인접,마곡나루역 2번 출구, 메가커피, 파리바게뜨"
          ]
        },
        {
          "question_id": 2,
          "question_type": "탐색",
          "question": "주차시설이 있나요?",
          "question_wordNum": 2,
          "answer": "있음",
          "answer_wordNum": 1,
          "fact": [
            "902탭하우스 마곡나루점,주차시설,있음"
          ]
        },
        {
          "question_id": 3,
          "question_type": "정보",
          "question": "연락처를 알 수 있나요?",
          "question_wordNum": 4,
          "answer": "02-6989-8118",
          "answer_wordNum": 1,
          "fact": [
            "902탭하우스 마곡나루점,연락처,02-6989-8118"
          ]
        }
      ]
    },
    {
      "image_id": 4,
      "question": [
        {
          "question_id": 0,
          "question_type": "정보",
          "question": "연락처를 알 수 있나요?",
          "question_wordNum": 4,
          "answer": "02-6989-8118",
          "answer_wordNum": 1,
          "fact": [
            "902탭하우스 마곡나루점,연락처,02-6989-8118"
          ]
        },
        {
          "question_id": 1,
          "question_type": "정보",
          "question": "영업시간은 어떻게 되나요?",
          "question_wordNum": 3,
          "answer": "17:00~24:00/02:00",
          "answer_wordNum": 1,
          "fact": [
            "902탭하우스 마곡나루점,영업시간,17:00~24:00/02:00"
          ]
        },
        {
          "question_id": 2,
          "question_type": "정보",
          "question": "이 곳의 주소는 어떻게 되나요?",
          "question_wordNum": 5,
          "answer": "서울 강서구 마곡중앙로 161-8",
          "answer_wordNum": 4,
          "fact": [
            "902탭하우스 마곡나루점,주소,서울 강서구 마곡중앙로 161-8"
          ]
        },
        {
          "question_id": 3,
          "question_type": "정보",
          "question": "대표 메뉴가 무엇인가요?",
          "question_wordNum": 3,
          "answer": "삼겹비빔국수, 청양베이컨피자",
          "answer_wordNum": 2,
          "fact": [
            "902탭하우스 마곡나루점,메뉴,삼겹비빔국수, 청양베이컨피자"
          ]
        }
      ]
    }
  ]
}