{
  "data": {
    "dataset": "2-083-219",
    "POI_id": "561805",
    "travelType": "음식점",
    "place": "SKY31 푸드에비뉴 김포공항점",
    "area": "서울"
  },
  "imageInfo": [
    {
      "image_id": 0,
      "filename": "561805_0_su_5_SKY31 푸드에비뉴 김포공항점_1_001.png",
      "mapx": 37.5587841523495,
      "mapy": 126.803355336745,
      "width": 3840,
      "height": 2160,
      "caption_info": [
        "SKY31 푸드에비뉴 김포공항점(공항동)",
        "간판"
      ]
    },
    {
      "image_id": 1,
      "filename": "561805_0_su_5_SKY31 푸드에비뉴 김포공항점_1_002.png",
      "mapx": 37.5587841523495,
      "mapy": 126.803355336745,
      "width": 3840,
      "height": 2160,
      "caption_info": [
        "SKY31 푸드에비뉴 김포공항점(공항동)",
        "주차장"
      ]
    },
    {
      "image_id": 2,
      "filename": "561805_0_su_5_SKY31 푸드에비뉴 김포공항점_1_003.png",
      "mapx": 37.5587841523495,
      "mapy": 126.803355336745,
      "width": 3840,
      "height": 2160,
      "caption_info": [
        "SKY31 푸드에비뉴 김포공항점(공항동)",
        "테이블, 등받이 의자"
      ]
    },
    {
      "image_id": 3,
      "filename": "561805_0_su_5_SKY31 푸드에비뉴 김포공항점_1_004.png",
      "mapx": 37.5587841523495,
      "mapy": 126.803355336745,
      "width": 3840,
      "height": 2160,
      "caption_info": [
        "SKY31 푸드에비뉴 김포공항점(공항동)",
        "메뉴판"
      ]
    },
    {
      "image_id": 4,
      "filename": "561805_0_su_5_SKY31 푸드에비뉴 김포공항점_1_005.png",
      "mapx": 37.5587841523495,
      "mapy": 126.803355336745,
      "width": 3840,
      "height": 2160,
      "caption_info": [
        "SKY31 푸드에비뉴 김포공항점(공항동)",
        "비빔밥"
      ]
    }
  ],
  "annotations": [
    {
      "image_id": 0,
      "question": [
        {
          "question_id": 0,
          "question_type": "관계",
          "question": "이 곳에 인접한 시설을 알 수 있나요?",
          "question_wordNum": 7,
          "answer": "김포공항역 1번 출구, 공차, 던킨",
          "answer_wordNum": 5,
          "fact": [
            "SKY31 푸드에비뉴 김포공항점,인접,김포공항역 1번 출구, 공차, 던킨"
          ]
        },
        {
          "question_id": 1,
          "question_type": "탐색",
          "question": "주차시설이 있는지 알 수 있나요?",
          "question_wordNum": 5,
          "answer": "있음",
          "answer_wordNum": 1,
          "fact": [
            "SKY31 푸드에비뉴 김포공항점,주차시설,있음"
          ]
        },
        {
          "question_id": 2,
          "question_type": "정보",
          "question": "영업시간을 알 수 있나요?",
          "question_wordNum": 4,
          "answer": "06:00 - 20:30",
          "answer_wordNum": 3,
          "fact": [
            "SKY31 푸드에비뉴 김포공항점,영업시간,06:00 - 20:30"
          ]
        },
        {
          "question_id": 3,
          "question_type": "정보",
          "question": "이 곳의 주요 메뉴는 무엇이 있나요?",
          "question_wordNum": 6,
          "answer": "언양 불고기 반상, 해물 순두부찌개",
          "answer_wordNum": 5,
          "fact": [
            "SKY31 푸드에비뉴 김포공항점,메뉴,언양 불고기 반상, 해물 순두부찌개"
          ]
        }
      ]
    },
    {
      "image_id": 1,
      "question": [
        {
          "question_id": 0,
          "question_type": "정보",
          "question": "연락처가 어떻게 되나요?",
          "question_wordNum": 3,
          "answer": "02-2666-9386",
          "answer_wordNum": 1,
          "fact": [
            "SKY31 푸드에비뉴 김포공항점,연락처,02-2666-9386"
          ]
        },
        {
          "question_id": 1,
          "question_type": "정보",
          "question": "휴무일은 어떻게 되나요?",
          "question_wordNum": 3,
          "answer": "없음",
          "answer_wordNum": 1,
          "fact": [
            "SKY31 푸드에비뉴 김포공항점,휴무일,없음"
          ]
        },
        {
          "question_id": 2,
          "question_type": "정보",
          "question": "이 곳의 대표적인 메뉴는 무엇이 있나요?",
          "question_wordNum": 6,
          "answer": "언양 불고기 반상, 해물 순두부찌개",
          "answer_wordNum": 5,
          "fact": [
            "SKY31 푸드에비뉴 김포공항점,메뉴,언양 불고기 반상, 해물 순두부찌개"
          ]
        },
        {
          "question_id": 3,
          "question_type": "정보",
          "question": "영업시간은 몇시부터 몇시까지로 기재되어 있나요?",
          "question_wordNum": 5,
          "answer": "06:00 - 20:30",
          "answer_wordNum": 3,
          "fact": [
            "SKY31 푸드에비뉴 김포공항점,영업시간,06:00 - 20:30"
          ]
        }
      ]
    },
    {
      "image_id": 2,
      "question": [
        {
          "question_id": 0,
          "question_type": "탐색",
          "question": "주차시설이 있는지 알 수 있나요?",
          "question_wordNum": 5,
          "answer": "있음",
          "answer_wordNum": 1,
          "fact": [
            "SKY31 푸드에비뉴 김포공항점,주차시설,있음"
          ]
        },
        {
          "question_id": 1,
          "question_type": "정보",
          "question": "연락처가 어떻게 되나요?",
          "question_wordNum": 3,
          "answer": "02-2666-9386",
          "answer_wordNum": 1,
          "fact": [
            "SKY31 푸드에비뉴 김포공항점,연락처,02-2666-9386"
          ]
        },
        {
          "question_id": 2,
          "question_type": "정보",
          "question": "휴무일을 알 수 있나요?",
          "question_wordNum": 4,
          "answer": "없음",
          "answer_wordNum": 1,
          "fact": [
            "SKY31 푸드에비뉴 김포공항점,휴무일,없음"
          ]
        },
        {
          "question_id": 3,
          "question_type": "관계",
          "question": "이 곳에 인접한 시설이 있나요?",
          "question_wordNum": 5,
          "answer": "김포공항역 1번 출구, 공차, 던킨",
          "answer_wordNum": 5,
          "fact": [
            "SKY31 푸드에비뉴 김포공항점,인접,김포공항역 1번 출구, 공차, 던킨"
          ]
        }
      ]
    },
    {
      "image_id": 3,
      "question": [
        {
          "question_id": 0,
          "question_type": "정보",
          "question": "이 곳의 주요 메뉴는 무엇이 있나요?",
          "question_wordNum": 6,
          "answer": "언양 불고기 반상, 해물 순두부찌개",
          "answer_wordNum": 5,
          "fact": [
            "SKY31 푸드에비뉴 김포공항점,메뉴,언양 불고기 반상, 해물 순두부찌개"
          ]
        },
        {
          "question_id": 1,
          "question_type": "정보",
          "question": "이 곳의 주소는 어떻게 되나요?",
          "question_wordNum": 5,
          "answer": "서울 강서구 하늘길 112",
          "answer_wordNum": 4,
          "fact": [
            "SKY31 푸드에비뉴 김포공항점,주소,서울 강서구 하늘길 112"
          ]
        },
        {
          "question_id": 2,
          "question_type": "관계",
          "question": "이 곳에 인접한 시설이 있나요?",
          "question_wordNum": 5,
          "answer": "김포공항역 1번 출구, 공차, 던킨",
          "answer_wordNum": 5,
          "fact": [
            "SKY31 푸드에비뉴 김포공항점,인접,김포공항역 1번 출구, 공차, 던킨"
          ]
        },
        {
          "question_id": 3,
          "question_type": "정보",
          "question": "연락처를 알 수 있나요?",
          "question_wordNum": 4,
          "answer": "02-2666-9386",
          "answer_wordNum": 1,
          "fact": [
            "SKY31 푸드에비뉴 김포공항점,연락처,02-2666-9386"
          ]
        }
      ]
    },
    {
      "image_id": 4,
      "question": [
        {
          "question_id": 0,
          "question_type": "탐색",
          "question": "주차시설이 있는지 알 수 있나요?",
          "question_wordNum": 5,
          "answer": "있음",
          "answer_wordNum": 1,
          "fact": [
            "SKY31 푸드에비뉴 김포공항점,주차시설,있음"
          ]
        },
        {
          "question_id": 1,
          "question_type": "정보",
          "question": "영업시간을 알 수 있나요?",
          "question_wordNum": 4,
          "answer": "06:00 - 20:30",
          "answer_wordNum": 3,
          "fact": [
            "SKY31 푸드에비뉴 김포공항점,영업시간,06:00 - 20:30"
          ]
        },
        {
          "question_id": 2,
          "question_type": "정보",
          "question": "이 곳의 주소를 알 수 있나요?",
          "question_wordNum": 6,
          "answer": "서울 강서구 하늘길 112",
          "answer_wordNum": 4,
          "fact": [
            "SKY31 푸드에비뉴 김포공항점,주소,서울 강서구 하늘길 112"
          ]
        },
        {
          "question_id": 3,
          "question_type": "정보",
          "question": "휴무일은 어떻게 되나요?",
          "question_wordNum": 3,
          "answer": "없음",
          "answer_wordNum": 1,
          "fact": [
            "SKY31 푸드에비뉴 김포공항점,휴무일,없음"
          ]
        }
      ]
    }
  ]
}