{
  "data": {
    "dataset": "2-083-219",
    "POI_id": "561692",
    "travelType": "음식점",
    "place": "어시장앤포장전문점 우장산역점",
    "area": "서울"
  },
  "imageInfo": [
    {
      "image_id": 0,
      "filename": "561692_0_su_5_어시장앤포장전문점 우장산역점_1_001.png",
      "mapx": 37.5504559270634,
      "mapy": 126.836011933558,
      "width": 3840,
      "height": 2160,
      "caption_info": [
        "어시장앤포장전문점 우장산역점(강서구)",
        "간판"
      ]
    },
    {
      "image_id": 1,
      "filename": "561692_0_su_5_어시장앤포장전문점 우장산역점_1_002.png",
      "mapx": 37.5504559270634,
      "mapy": 126.836011933558,
      "width": 3840,
      "height": 2160,
      "caption_info": [
        "어시장앤포장전문점 우장산역점(강서구)",
        "간판"
      ]
    },
    {
      "image_id": 2,
      "filename": "561692_0_su_5_어시장앤포장전문점 우장산역점_1_003.png",
      "mapx": 37.5504559270634,
      "mapy": 126.836011933558,
      "width": 3840,
      "height": 2160,
      "caption_info": [
        "어시장앤포장전문점 우장산역점(강서구)",
        "사각 테이블"
      ]
    },
    {
      "image_id": 3,
      "filename": "561692_0_su_5_어시장앤포장전문점 우장산역점_1_004.png",
      "mapx": 37.5504559270634,
      "mapy": 126.836011933558,
      "width": 3840,
      "height": 2160,
      "caption_info": [
        "어시장앤포장전문점 우장산역점(강서구)",
        "메뉴판 "
      ]
    },
    {
      "image_id": 4,
      "filename": "561692_0_su_5_어시장앤포장전문점 우장산역점_1_005.png",
      "mapx": 37.5504559270634,
      "mapy": 126.836011933558,
      "width": 3840,
      "height": 2160,
      "caption_info": [
        "어시장앤포장전문점 우장산역점(강서구)",
        "회"
      ]
    }
  ],
  "annotations": [
    {
      "image_id": 0,
      "question": [
        {
          "question_id": 0,
          "question_type": "정보",
          "question": "이 곳의 주소는 어떻게 되나요?",
          "question_wordNum": 5,
          "answer": "서울 강서구 강서로 277",
          "answer_wordNum": 4,
          "fact": [
            "어시장앤포장전문점 우장산역점,주소,서울 강서구 강서로 277"
          ]
        },
        {
          "question_id": 1,
          "question_type": "정보",
          "question": "영업시간은 어떻게 되나요?",
          "question_wordNum": 3,
          "answer": "11:30 - 02:00",
          "answer_wordNum": 3,
          "fact": [
            "어시장앤포장전문점 우장산역점,영업시간,11:30 - 02:00"
          ]
        },
        {
          "question_id": 2,
          "question_type": "관계",
          "question": "이 곳에 인접한 시설을 알 수 있나요?",
          "question_wordNum": 7,
          "answer": "우장산역 4번 출구, 어클락, 강서신협",
          "answer_wordNum": 5,
          "fact": [
            "어시장앤포장전문점 우장산역점,인접,우장산역 4번 출구, 어클락, 강서신협"
          ]
        },
        {
          "question_id": 3,
          "question_type": "정보",
          "question": "휴무일을 알 수 있나요?",
          "question_wordNum": 4,
          "answer": "없음",
          "answer_wordNum": 1,
          "fact": [
            "어시장앤포장전문점 우장산역점,휴무일,없음"
          ]
        }
      ]
    },
    {
      "image_id": 1,
      "question": [
        {
          "question_id": 0,
          "question_type": "정보",
          "question": "대표 메뉴가 무엇인가요?",
          "question_wordNum": 3,
          "answer": "줄돔, 도다리",
          "answer_wordNum": 2,
          "fact": [
            "어시장앤포장전문점 우장산역점,메뉴,줄돔, 도다리"
          ]
        },
        {
          "question_id": 1,
          "question_type": "정보",
          "question": "휴무일을 알 수 있나요?",
          "question_wordNum": 4,
          "answer": "없음",
          "answer_wordNum": 1,
          "fact": [
            "어시장앤포장전문점 우장산역점,휴무일,없음"
          ]
        },
        {
          "question_id": 2,
          "question_type": "탐색",
          "question": "주차시설이 있나요?",
          "question_wordNum": 2,
          "answer": "있음",
          "answer_wordNum": 1,
          "fact": [
            "어시장앤포장전문점 우장산역점,주차시설,있음"
          ]
        },
        {
          "question_id": 3,
          "question_type": "정보",
          "question": "이 곳의 주소는 어떻게 되나요?",
          "question_wordNum": 5,
          "answer": "서울 강서구 강서로 277",
          "answer_wordNum": 4,
          "fact": [
            "어시장앤포장전문점 우장산역점,주소,서울 강서구 강서로 277"
          ]
        }
      ]
    },
    {
      "image_id": 2,
      "question": [
        {
          "question_id": 0,
          "question_type": "정보",
          "question": "이 곳의 주소를 알 수 있나요?",
          "question_wordNum": 6,
          "answer": "서울 강서구 강서로 277",
          "answer_wordNum": 4,
          "fact": [
            "어시장앤포장전문점 우장산역점,주소,서울 강서구 강서로 277"
          ]
        },
        {
          "question_id": 1,
          "question_type": "정보",
          "question": "이 곳의 메뉴를 알 수 있나요?",
          "question_wordNum": 6,
          "answer": "줄돔, 도다리",
          "answer_wordNum": 2,
          "fact": [
            "어시장앤포장전문점 우장산역점,메뉴,줄돔, 도다리"
          ]
        },
        {
          "question_id": 2,
          "question_type": "탐색",
          "question": "주차시설이 있는지 알 수 있나요?",
          "question_wordNum": 5,
          "answer": "있음",
          "answer_wordNum": 1,
          "fact": [
            "어시장앤포장전문점 우장산역점,주차시설,있음"
          ]
        },
        {
          "question_id": 3,
          "question_type": "관계",
          "question": "이 곳에 인접한 시설을 알 수 있나요?",
          "question_wordNum": 7,
          "answer": "우장산역 4번 출구, 어클락, 강서신협",
          "answer_wordNum": 5,
          "fact": [
            "어시장앤포장전문점 우장산역점,인접,우장산역 4번 출구, 어클락, 강서신협"
          ]
        }
      ]
    },
    {
      "image_id": 3,
      "question": [
        {
          "question_id": 0,
          "question_type": "정보",
          "question": "이 곳의 주소는 어떻게 되나요?",
          "question_wordNum": 5,
          "answer": "서울 강서구 강서로 277",
          "answer_wordNum": 4,
          "fact": [
            "어시장앤포장전문점 우장산역점,주소,서울 강서구 강서로 277"
          ]
        },
        {
          "question_id": 1,
          "question_type": "탐색",
          "question": "주차시설이 있는지 알 수 있나요?",
          "question_wordNum": 5,
          "answer": "있음",
          "answer_wordNum": 1,
          "fact": [
            "어시장앤포장전문점 우장산역점,주차시설,있음"
          ]
        },
        {
          "question_id": 2,
          "question_type": "정보",
          "question": "이 곳의 메뉴를 알 수 있나요?",
          "question_wordNum": 6,
          "answer": "줄돔, 도다리",
          "answer_wordNum": 2,
          "fact": [
            "어시장앤포장전문점 우장산역점,메뉴,줄돔, 도다리"
          ]
        },
        {
          "question_id": 3,
          "question_type": "정보",
          "question": "영업시간을 알 수 있나요?",
          "question_wordNum": 4,
          "answer": "11:30 - 02:00",
          "answer_wordNum": 3,
          "fact": [
            "어시장앤포장전문점 우장산역점,영업시간,11:30 - 02:00"
          ]
        }
      ]
    },
    {
      "image_id": 4,
      "question": [
        {
          "question_id": 0,
          "question_type": "탐색",
          "question": "주차시설이 있나요?",
          "question_wordNum": 2,
          "answer": "있음",
          "answer_wordNum": 1,
          "fact": [
            "어시장앤포장전문점 우장산역점,주차시설,있음"
          ]
        },
        {
          "question_id": 1,
          "question_type": "정보",
          "question": "연락처를 알 수 있나요?",
          "question_wordNum": 4,
          "answer": "02-2666-0284",
          "answer_wordNum": 1,
          "fact": [
            "어시장앤포장전문점 우장산역점,연락처,02-2666-0284"
          ]
        },
        {
          "question_id": 2,
          "question_type": "정보",
          "question": "이 곳의 메뉴를 알 수 있나요?",
          "question_wordNum": 6,
          "answer": "줄돔, 도다리",
          "answer_wordNum": 2,
          "fact": [
            "어시장앤포장전문점 우장산역점,메뉴,줄돔, 도다리"
          ]
        },
        {
          "question_id": 3,
          "question_type": "정보",
          "question": "이 곳의 주소는 어떻게 되나요?",
          "question_wordNum": 5,
          "answer": "서울 강서구 강서로 277",
          "answer_wordNum": 4,
          "fact": [
            "어시장앤포장전문점 우장산역점,주소,서울 강서구 강서로 277"
          ]
        }
      ]
    }
  ]
}