{
  "data": {
    "dataset": "2-083-219",
    "POI_id": "561541",
    "travelType": "음식점",
    "place": "파더스 베이글 마곡점",
    "area": "서울"
  },
  "imageInfo": [
    {
      "image_id": 0,
      "filename": "561541_0_su_5_파더스 베이글 마곡점_1_001.png",
      "mapx": 37.5582829549403,
      "mapy": 126.829009917866,
      "width": 3840,
      "height": 2160,
      "caption_info": [
        "파더스 베이글 마곡점(강서구)",
        "간판"
      ]
    },
    {
      "image_id": 1,
      "filename": "561541_0_su_5_파더스 베이글 마곡점_1_002.png",
      "mapx": 37.5582829549403,
      "mapy": 126.829009917866,
      "width": 3840,
      "height": 2160,
      "caption_info": [
        "파더스 베이글 마곡점(강서구)",
        "간판"
      ]
    },
    {
      "image_id": 2,
      "filename": "561541_0_su_5_파더스 베이글 마곡점_1_003.png",
      "mapx": 37.5582829549403,
      "mapy": 126.829009917866,
      "width": 3840,
      "height": 2160,
      "caption_info": [
        "파더스 베이글 마곡점(강서구)",
        "카운터, 쇼케이스 "
      ]
    },
    {
      "image_id": 3,
      "filename": "561541_0_su_5_파더스 베이글 마곡점_1_004.png",
      "mapx": 37.5582829549403,
      "mapy": 126.829009917866,
      "width": 3840,
      "height": 2160,
      "caption_info": [
        "파더스 베이글 마곡점(강서구)",
        "메뉴판 "
      ]
    },
    {
      "image_id": 4,
      "filename": "561541_0_su_5_파더스 베이글 마곡점_1_005.png",
      "mapx": 37.5582829549403,
      "mapy": 126.829009917866,
      "width": 3840,
      "height": 2160,
      "caption_info": [
        "파더스 베이글 마곡점(강서구)",
        "폴란드 베이글 "
      ]
    }
  ],
  "annotations": [
    {
      "image_id": 0,
      "question": [
        {
          "question_id": 0,
          "question_type": "정보",
          "question": "휴무일을 알 수 있나요?",
          "question_wordNum": 4,
          "answer": "매주 월요일",
          "answer_wordNum": 2,
          "fact": [
            "파더스 베이글 마곡점,휴무일,매주 월요일"
          ]
        },
        {
          "question_id": 1,
          "question_type": "정보",
          "question": "대표 메뉴가 무엇인가요?",
          "question_wordNum": 3,
          "answer": "닭가슴살 샌드위치, 무화과잠봉 샌드위치",
          "answer_wordNum": 4,
          "fact": [
            "파더스 베이글 마곡점,메뉴,닭가슴살 샌드위치, 무화과잠봉 샌드위치"
          ]
        },
        {
          "question_id": 2,
          "question_type": "관계",
          "question": "이 곳에 인접한 시설을 알 수 있나요?",
          "question_wordNum": 7,
          "answer": "마곡역 4번 출구, 치앙마곡, 희희잇",
          "answer_wordNum": 5,
          "fact": [
            "파더스 베이글 마곡점,인접,마곡역 4번 출구, 치앙마곡, 희희잇"
          ]
        },
        {
          "question_id": 3,
          "question_type": "정보",
          "question": "연락처를 알 수 있나요?",
          "question_wordNum": 4,
          "answer": "02-2666-5222",
          "answer_wordNum": 1,
          "fact": [
            "파더스 베이글 마곡점,연락처,02-2666-5222"
          ]
        }
      ]
    },
    {
      "image_id": 1,
      "question": [
        {
          "question_id": 0,
          "question_type": "정보",
          "question": "영업시간은 어떻게 되나요?",
          "question_wordNum": 3,
          "answer": "08:30~18:00",
          "answer_wordNum": 1,
          "fact": [
            "파더스 베이글 마곡점,영업시간,08:30~18:00"
          ]
        },
        {
          "question_id": 1,
          "question_type": "관계",
          "question": "이 곳에 인접한 시설을 알 수 있나요?",
          "question_wordNum": 7,
          "answer": "마곡역 4번 출구, 치앙마곡, 희희잇",
          "answer_wordNum": 5,
          "fact": [
            "파더스 베이글 마곡점,인접,마곡역 4번 출구, 치앙마곡, 희희잇"
          ]
        },
        {
          "question_id": 2,
          "question_type": "정보",
          "question": "연락처를 알 수 있나요?",
          "question_wordNum": 4,
          "answer": "02-2666-5222",
          "answer_wordNum": 1,
          "fact": [
            "파더스 베이글 마곡점,연락처,02-2666-5222"
          ]
        },
        {
          "question_id": 3,
          "question_type": "정보",
          "question": "휴무일을 알 수 있나요?",
          "question_wordNum": 4,
          "answer": "매주 월요일",
          "answer_wordNum": 2,
          "fact": [
            "파더스 베이글 마곡점,휴무일,매주 월요일"
          ]
        }
      ]
    },
    {
      "image_id": 2,
      "question": [
        {
          "question_id": 0,
          "question_type": "정보",
          "question": "이 곳의 주소를 알 수 있나요?",
          "question_wordNum": 6,
          "answer": "서울 강서구 마곡중앙4로 22",
          "answer_wordNum": 4,
          "fact": [
            "파더스 베이글 마곡점,주소,서울 강서구 마곡중앙4로 22"
          ]
        },
        {
          "question_id": 1,
          "question_type": "관계",
          "question": "이 곳에 인접한 시설을 알 수 있나요?",
          "question_wordNum": 7,
          "answer": "마곡역 4번 출구, 치앙마곡, 희희잇",
          "answer_wordNum": 5,
          "fact": [
            "파더스 베이글 마곡점,인접,마곡역 4번 출구, 치앙마곡, 희희잇"
          ]
        },
        {
          "question_id": 2,
          "question_type": "정보",
          "question": "휴무일은 어떻게 되나요?",
          "question_wordNum": 3,
          "answer": "매주 월요일",
          "answer_wordNum": 2,
          "fact": [
            "파더스 베이글 마곡점,휴무일,매주 월요일"
          ]
        },
        {
          "question_id": 3,
          "question_type": "정보",
          "question": "이 곳의 메뉴를 알 수 있나요?",
          "question_wordNum": 6,
          "answer": "닭가슴살 샌드위치, 무화과잠봉 샌드위치",
          "answer_wordNum": 4,
          "fact": [
            "파더스 베이글 마곡점,메뉴,닭가슴살 샌드위치, 무화과잠봉 샌드위치"
          ]
        }
      ]
    },
    {
      "image_id": 3,
      "question": [
        {
          "question_id": 0,
          "question_type": "정보",
          "question": "휴무일을 알 수 있나요?",
          "question_wordNum": 4,
          "answer": "매주 월요일",
          "answer_wordNum": 2,
          "fact": [
            "파더스 베이글 마곡점,휴무일,매주 월요일"
          ]
        },
        {
          "question_id": 1,
          "question_type": "관계",
          "question": "이 곳에 인접한 시설을 알 수 있나요?",
          "question_wordNum": 7,
          "answer": "마곡역 4번 출구, 치앙마곡, 희희잇",
          "answer_wordNum": 5,
          "fact": [
            "파더스 베이글 마곡점,인접,마곡역 4번 출구, 치앙마곡, 희희잇"
          ]
        },
        {
          "question_id": 2,
          "question_type": "정보",
          "question": "대표 메뉴가 무엇인가요?",
          "question_wordNum": 3,
          "answer": "닭가슴살 샌드위치, 무화과잠봉 샌드위치",
          "answer_wordNum": 4,
          "fact": [
            "파더스 베이글 마곡점,메뉴,닭가슴살 샌드위치, 무화과잠봉 샌드위치"
          ]
        },
        {
          "question_id": 3,
          "question_type": "정보",
          "question": "영업시간을 알 수 있나요?",
          "question_wordNum": 4,
          "answer": "08:30~18:00",
          "answer_wordNum": 1,
          "fact": [
            "파더스 베이글 마곡점,영업시간,08:30~18:00"
          ]
        }
      ]
    },
    {
      "image_id": 4,
      "question": [
        {
          "question_id": 0,
          "question_type": "정보",
          "question": "영업시간을 알 수 있나요?",
          "question_wordNum": 4,
          "answer": "08:30~18:00",
          "answer_wordNum": 1,
          "fact": [
            "파더스 베이글 마곡점,영업시간,08:30~18:00"
          ]
        },
        {
          "question_id": 1,
          "question_type": "정보",
          "question": "휴무일을 알 수 있나요?",
          "question_wordNum": 4,
          "answer": "매주 월요일",
          "answer_wordNum": 2,
          "fact": [
            "파더스 베이글 마곡점,휴무일,매주 월요일"
          ]
        },
        {
          "question_id": 2,
          "question_type": "정보",
          "question": "연락처를 알 수 있나요?",
          "question_wordNum": 4,
          "answer": "02-2666-5222",
          "answer_wordNum": 1,
          "fact": [
            "파더스 베이글 마곡점,연락처,02-2666-5222"
          ]
        },
        {
          "question_id": 3,
          "question_type": "정보",
          "question": "이 곳의 주소를 알 수 있나요?",
          "question_wordNum": 6,
          "answer": "서울 강서구 마곡중앙4로 22",
          "answer_wordNum": 4,
          "fact": [
            "파더스 베이글 마곡점,주소,서울 강서구 마곡중앙4로 22"
          ]
        }
      ]
    }
  ]
}