{
  "data": {
    "dataset": "2-083-219",
    "POI_id": "561381",
    "travelType": "음식점",
    "place": "다모아꿀돼지",
    "area": "서울"
  },
  "imageInfo": [
    {
      "image_id": 0,
      "filename": "561381_0_su_5_다모아꿀돼지_1_001.png",
      "mapx": 37.567847560788,
      "mapy": 126.842884524704,
      "width": 3840,
      "height": 2160,
      "caption_info": [
        "다모아꿀돼지(가양동)",
        "의자, 탁자, 에어컨"
      ]
    },
    {
      "image_id": 1,
      "filename": "561381_0_su_5_다모아꿀돼지_1_002.png",
      "mapx": 37.567847560788,
      "mapy": 126.842884524704,
      "width": 3840,
      "height": 2160,
      "caption_info": [
        "다모아꿀돼지(가양동)",
        "간판"
      ]
    },
    {
      "image_id": 2,
      "filename": "561381_0_su_5_다모아꿀돼지_1_003.png",
      "mapx": 37.567847560788,
      "mapy": 126.842884524704,
      "width": 3840,
      "height": 2160,
      "caption_info": [
        "다모아꿀돼지(가양동)",
        "식탁, 의자, 부탄가스"
      ]
    },
    {
      "image_id": 3,
      "filename": "561381_0_su_5_다모아꿀돼지_1_004.png",
      "mapx": 37.567847560788,
      "mapy": 126.842884524704,
      "width": 3840,
      "height": 2160,
      "caption_info": [
        "다모아꿀돼지(가양동)",
        "소고기국밥, 불고기, 삼겹살"
      ]
    },
    {
      "image_id": 4,
      "filename": "561381_0_su_5_다모아꿀돼지_1_005.png",
      "mapx": 37.567847560788,
      "mapy": 126.842884524704,
      "width": 3840,
      "height": 2160,
      "caption_info": [
        "다모아꿀돼지(가양동)",
        "불고기"
      ]
    }
  ],
  "annotations": [
    {
      "image_id": 0,
      "question": [
        {
          "question_id": 0,
          "question_type": "정보",
          "question": "이 곳의 주요 메뉴는 무엇이 있나요?",
          "question_wordNum": 6,
          "answer": "설렁탕, 육개장",
          "answer_wordNum": 2,
          "fact": [
            "다모아꿀돼지,메뉴,설렁탕, 육개장"
          ]
        },
        {
          "question_id": 1,
          "question_type": "정보",
          "question": "휴무일을 알 수 있나요?",
          "question_wordNum": 4,
          "answer": "알수없음",
          "answer_wordNum": 1,
          "fact": [
            "다모아꿀돼지,휴무일,알수없음"
          ]
        },
        {
          "question_id": 2,
          "question_type": "정보",
          "question": "연락처가 어떻게 되나요?",
          "question_wordNum": 3,
          "answer": "02-3663-0673",
          "answer_wordNum": 1,
          "fact": [
            "다모아꿀돼지,연락처,02-3663-0673"
          ]
        },
        {
          "question_id": 3,
          "question_type": "정보",
          "question": "영업시간은 몇시부터 몇시까지로 기재되어 있나요?",
          "question_wordNum": 5,
          "answer": "알수없음",
          "answer_wordNum": 1,
          "fact": [
            "다모아꿀돼지,영업시간,알수없음"
          ]
        }
      ]
    },
    {
      "image_id": 1,
      "question": [
        {
          "question_id": 0,
          "question_type": "정보",
          "question": "연락처가 어떻게 되나요?",
          "question_wordNum": 3,
          "answer": "02-3663-0673",
          "answer_wordNum": 1,
          "fact": [
            "다모아꿀돼지,연락처,02-3663-0673"
          ]
        },
        {
          "question_id": 1,
          "question_type": "탐색",
          "question": "주차시설이 있나요?",
          "question_wordNum": 2,
          "answer": "있음",
          "answer_wordNum": 1,
          "fact": [
            "다모아꿀돼지,주차시설,있음"
          ]
        },
        {
          "question_id": 2,
          "question_type": "정보",
          "question": "휴무일을 알 수 있나요?",
          "question_wordNum": 4,
          "answer": "알수없음",
          "answer_wordNum": 1,
          "fact": [
            "다모아꿀돼지,휴무일,알수없음"
          ]
        },
        {
          "question_id": 3,
          "question_type": "정보",
          "question": "이 곳의 주소는 어떻게 되나요?",
          "question_wordNum": 5,
          "answer": "서울 강서구 양천로 361",
          "answer_wordNum": 4,
          "fact": [
            "다모아꿀돼지,주소,서울 강서구 양천로 361"
          ]
        }
      ]
    },
    {
      "image_id": 2,
      "question": [
        {
          "question_id": 0,
          "question_type": "정보",
          "question": "이 곳의 대표적인 메뉴를 알 수 있나요?",
          "question_wordNum": 7,
          "answer": "설렁탕, 육개장",
          "answer_wordNum": 2,
          "fact": [
            "다모아꿀돼지,메뉴,설렁탕, 육개장"
          ]
        },
        {
          "question_id": 1,
          "question_type": "탐색",
          "question": "주차시설이 있나요?",
          "question_wordNum": 2,
          "answer": "있음",
          "answer_wordNum": 1,
          "fact": [
            "다모아꿀돼지,주차시설,있음"
          ]
        },
        {
          "question_id": 2,
          "question_type": "관계",
          "question": "이 곳에 인접한 시설이 있나요?",
          "question_wordNum": 5,
          "answer": "현대자동차, KB국민은행, 양천향교역 4번출구",
          "answer_wordNum": 4,
          "fact": [
            "다모아꿀돼지,인접,현대자동차, KB국민은행, 양천향교역 4번출구"
          ]
        },
        {
          "question_id": 3,
          "question_type": "정보",
          "question": "이 곳의 주소는 어떻게 되나요?",
          "question_wordNum": 5,
          "answer": "서울 강서구 양천로 361",
          "answer_wordNum": 4,
          "fact": [
            "다모아꿀돼지,주소,서울 강서구 양천로 361"
          ]
        }
      ]
    },
    {
      "image_id": 3,
      "question": [
        {
          "question_id": 0,
          "question_type": "관계",
          "question": "이 곳에 인접한 시설이 있나요?",
          "question_wordNum": 5,
          "answer": "현대자동차, KB국민은행, 양천향교역 4번출구",
          "answer_wordNum": 4,
          "fact": [
            "다모아꿀돼지,인접,현대자동차, KB국민은행, 양천향교역 4번출구"
          ]
        },
        {
          "question_id": 1,
          "question_type": "정보",
          "question": "이 곳의 대표적인 메뉴는 무엇이 있나요?",
          "question_wordNum": 6,
          "answer": "설렁탕, 육개장",
          "answer_wordNum": 2,
          "fact": [
            "다모아꿀돼지,메뉴,설렁탕, 육개장"
          ]
        },
        {
          "question_id": 2,
          "question_type": "정보",
          "question": "영업시간은 몇시부터 몇시까지로 기재되어 있나요?",
          "question_wordNum": 5,
          "answer": "알수없음",
          "answer_wordNum": 1,
          "fact": [
            "다모아꿀돼지,영업시간,알수없음"
          ]
        },
        {
          "question_id": 3,
          "question_type": "정보",
          "question": "연락처를 알 수 있나요?",
          "question_wordNum": 4,
          "answer": "02-3663-0673",
          "answer_wordNum": 1,
          "fact": [
            "다모아꿀돼지,연락처,02-3663-0673"
          ]
        }
      ]
    },
    {
      "image_id": 4,
      "question": [
        {
          "question_id": 0,
          "question_type": "정보",
          "question": "휴무일을 알 수 있나요?",
          "question_wordNum": 4,
          "answer": "알수없음",
          "answer_wordNum": 1,
          "fact": [
            "다모아꿀돼지,휴무일,알수없음"
          ]
        },
        {
          "question_id": 1,
          "question_type": "정보",
          "question": "영업시간은 어떻게 되나요?",
          "question_wordNum": 3,
          "answer": "알수없음",
          "answer_wordNum": 1,
          "fact": [
            "다모아꿀돼지,영업시간,알수없음"
          ]
        },
        {
          "question_id": 2,
          "question_type": "정보",
          "question": "이 곳의 주소는 어떻게 되나요?",
          "question_wordNum": 5,
          "answer": "서울 강서구 양천로 361",
          "answer_wordNum": 4,
          "fact": [
            "다모아꿀돼지,주소,서울 강서구 양천로 361"
          ]
        },
        {
          "question_id": 3,
          "question_type": "정보",
          "question": "이 곳의 대표적인 메뉴를 알 수 있나요?",
          "question_wordNum": 7,
          "answer": "설렁탕, 육개장",
          "answer_wordNum": 2,
          "fact": [
            "다모아꿀돼지,메뉴,설렁탕, 육개장"
          ]
        }
      ]
    }
  ]
}