{
  "data": {
    "dataset": "2-083-219",
    "POI_id": "561726",
    "travelType": "음식점",
    "place": "모미락 발산역점",
    "area": "서울"
  },
  "imageInfo": [
    {
      "image_id": 0,
      "filename": "561726_0_su_5_모미락 발산역점_1_001.png",
      "mapx": 37.5549227320751,
      "mapy": 126.837395751551,
      "width": 3840,
      "height": 2160,
      "caption_info": [
        "모미락 발산역점(강서구)",
        "간판"
      ]
    },
    {
      "image_id": 1,
      "filename": "561726_0_su_5_모미락 발산역점_1_002.png",
      "mapx": 37.5549227320751,
      "mapy": 126.837395751551,
      "width": 3840,
      "height": 2160,
      "caption_info": [
        "모미락 발산역점(강서구)",
        "간판"
      ]
    },
    {
      "image_id": 2,
      "filename": "561726_0_su_5_모미락 발산역점_1_003.png",
      "mapx": 37.5549227320751,
      "mapy": 126.837395751551,
      "width": 3840,
      "height": 2160,
      "caption_info": [
        "모미락 발산역점(강서구)",
        "등받이 의자"
      ]
    },
    {
      "image_id": 3,
      "filename": "561726_0_su_5_모미락 발산역점_1_004.png",
      "mapx": 37.5549227320751,
      "mapy": 126.837395751551,
      "width": 3840,
      "height": 2160,
      "caption_info": [
        "모미락 발산역점(강서구)",
        "메뉴판 "
      ]
    },
    {
      "image_id": 4,
      "filename": "561726_0_su_5_모미락 발산역점_1_005.png",
      "mapx": 37.5549227320751,
      "mapy": 126.837395751551,
      "width": 3840,
      "height": 2160,
      "caption_info": [
        "모미락 발산역점(강서구)",
        "떡볶이 "
      ]
    }
  ],
  "annotations": [
    {
      "image_id": 0,
      "question": [
        {
          "question_id": 0,
          "question_type": "정보",
          "question": "연락처가 어떻게 되나요?",
          "question_wordNum": 3,
          "answer": "02-3661-0236",
          "answer_wordNum": 1,
          "fact": [
            "모미락 발산역점,연락처,02-3661-0236"
          ]
        },
        {
          "question_id": 1,
          "question_type": "정보",
          "question": "휴무일은 어떻게 되나요?",
          "question_wordNum": 3,
          "answer": "매주 토요일",
          "answer_wordNum": 2,
          "fact": [
            "모미락 발산역점,휴무일,매주 토요일"
          ]
        },
        {
          "question_id": 2,
          "question_type": "관계",
          "question": "이 곳에 인접한 시설이 있나요?",
          "question_wordNum": 5,
          "answer": "발산역 6번 출구, 화곳간, 어리랑",
          "answer_wordNum": 5,
          "fact": [
            "모미락 발산역점,인접,발산역 6번 출구, 화곳간, 어리랑"
          ]
        },
        {
          "question_id": 3,
          "question_type": "정보",
          "question": "영업시간을 알 수 있나요?",
          "question_wordNum": 4,
          "answer": "10:30~20:30",
          "answer_wordNum": 1,
          "fact": [
            "모미락 발산역점,영업시간,10:30~20:30"
          ]
        }
      ]
    },
    {
      "image_id": 1,
      "question": [
        {
          "question_id": 0,
          "question_type": "정보",
          "question": "영업시간은 어떻게 되나요?",
          "question_wordNum": 3,
          "answer": "10:30~20:30",
          "answer_wordNum": 1,
          "fact": [
            "모미락 발산역점,영업시간,10:30~20:30"
          ]
        },
        {
          "question_id": 1,
          "question_type": "정보",
          "question": "연락처가 어떻게 되나요?",
          "question_wordNum": 3,
          "answer": "02-3661-0236",
          "answer_wordNum": 1,
          "fact": [
            "모미락 발산역점,연락처,02-3661-0236"
          ]
        },
        {
          "question_id": 2,
          "question_type": "탐색",
          "question": "주차시설이 있는지 알 수 있나요?",
          "question_wordNum": 5,
          "answer": "있음",
          "answer_wordNum": 1,
          "fact": [
            "모미락 발산역점,주차시설,있음"
          ]
        },
        {
          "question_id": 3,
          "question_type": "정보",
          "question": "휴무일은 어떻게 되나요?",
          "question_wordNum": 3,
          "answer": "매주 토요일",
          "answer_wordNum": 2,
          "fact": [
            "모미락 발산역점,휴무일,매주 토요일"
          ]
        }
      ]
    },
    {
      "image_id": 2,
      "question": [
        {
          "question_id": 0,
          "question_type": "정보",
          "question": "연락처를 알 수 있나요?",
          "question_wordNum": 4,
          "answer": "02-3661-0236",
          "answer_wordNum": 1,
          "fact": [
            "모미락 발산역점,연락처,02-3661-0236"
          ]
        },
        {
          "question_id": 1,
          "question_type": "관계",
          "question": "이 곳에 인접한 시설이 있나요?",
          "question_wordNum": 5,
          "answer": "발산역 6번 출구, 화곳간, 어리랑",
          "answer_wordNum": 5,
          "fact": [
            "모미락 발산역점,인접,발산역 6번 출구, 화곳간, 어리랑"
          ]
        },
        {
          "question_id": 2,
          "question_type": "탐색",
          "question": "주차시설이 있는지 알 수 있나요?",
          "question_wordNum": 5,
          "answer": "있음",
          "answer_wordNum": 1,
          "fact": [
            "모미락 발산역점,주차시설,있음"
          ]
        },
        {
          "question_id": 3,
          "question_type": "정보",
          "question": "영업시간을 알 수 있나요?",
          "question_wordNum": 4,
          "answer": "10:30~20:30",
          "answer_wordNum": 1,
          "fact": [
            "모미락 발산역점,영업시간,10:30~20:30"
          ]
        }
      ]
    },
    {
      "image_id": 3,
      "question": [
        {
          "question_id": 0,
          "question_type": "정보",
          "question": "이 곳의 주소를 알 수 있나요?",
          "question_wordNum": 6,
          "answer": "서울 강서구 강서로 328",
          "answer_wordNum": 4,
          "fact": [
            "모미락 발산역점,주소,서울 강서구 강서로 328"
          ]
        },
        {
          "question_id": 1,
          "question_type": "정보",
          "question": "영업시간을 알 수 있나요?",
          "question_wordNum": 4,
          "answer": "10:30~20:30",
          "answer_wordNum": 1,
          "fact": [
            "모미락 발산역점,영업시간,10:30~20:30"
          ]
        },
        {
          "question_id": 2,
          "question_type": "관계",
          "question": "이 곳에 인접한 시설이 있나요?",
          "question_wordNum": 5,
          "answer": "발산역 6번 출구, 화곳간, 어리랑",
          "answer_wordNum": 5,
          "fact": [
            "모미락 발산역점,인접,발산역 6번 출구, 화곳간, 어리랑"
          ]
        },
        {
          "question_id": 3,
          "question_type": "정보",
          "question": "연락처가 어떻게 되나요?",
          "question_wordNum": 3,
          "answer": "02-3661-0236",
          "answer_wordNum": 1,
          "fact": [
            "모미락 발산역점,연락처,02-3661-0236"
          ]
        }
      ]
    },
    {
      "image_id": 4,
      "question": [
        {
          "question_id": 0,
          "question_type": "정보",
          "question": "휴무일을 알 수 있나요?",
          "question_wordNum": 4,
          "answer": "매주 토요일",
          "answer_wordNum": 2,
          "fact": [
            "모미락 발산역점,휴무일,매주 토요일"
          ]
        },
        {
          "question_id": 1,
          "question_type": "정보",
          "question": "이 곳의 주소를 알 수 있나요?",
          "question_wordNum": 6,
          "answer": "서울 강서구 강서로 328",
          "answer_wordNum": 4,
          "fact": [
            "모미락 발산역점,주소,서울 강서구 강서로 328"
          ]
        },
        {
          "question_id": 2,
          "question_type": "탐색",
          "question": "주차시설이 있나요?",
          "question_wordNum": 2,
          "answer": "있음",
          "answer_wordNum": 1,
          "fact": [
            "모미락 발산역점,주차시설,있음"
          ]
        },
        {
          "question_id": 3,
          "question_type": "정보",
          "question": "이 곳의 메뉴를 알 수 있나요?",
          "question_wordNum": 6,
          "answer": "모미락국수, 매실비빔국수",
          "answer_wordNum": 2,
          "fact": [
            "모미락 발산역점,메뉴,모미락국수, 매실비빔국수"
          ]
        }
      ]
    }
  ]
}