{
  "data": {
    "dataset": "2-083-219",
    "POI_id": "561681",
    "travelType": "음식점",
    "place": "경상도집",
    "area": "서울"
  },
  "imageInfo": [
    {
      "image_id": 0,
      "filename": "561681_0_su_5_경상도집_2_001.png",
      "mapx": 37.5487701089007,
      "mapy": 126.835780247566,
      "width": 3840,
      "height": 2160,
      "caption_info": [
        "경상도집(내발산동)",
        "간판"
      ]
    },
    {
      "image_id": 1,
      "filename": "561681_0_su_5_경상도집_2_002.png",
      "mapx": 37.5487701089007,
      "mapy": 126.835780247566,
      "width": 3840,
      "height": 2160,
      "caption_info": [
        "경상도집(내발산동)",
        "간판"
      ]
    },
    {
      "image_id": 2,
      "filename": "561681_0_su_5_경상도집_2_003.png",
      "mapx": 37.5487701089007,
      "mapy": 126.835780247566,
      "width": 3840,
      "height": 2160,
      "caption_info": [
        "경상도집(내발산동)",
        "테이블, 등받이의자, 에어컨"
      ]
    },
    {
      "image_id": 3,
      "filename": "561681_0_su_5_경상도집_2_004.png",
      "mapx": 37.5487701089007,
      "mapy": 126.835780247566,
      "width": 3840,
      "height": 2160,
      "caption_info": [
        "경상도집(내발산동)",
        "메뉴판"
      ]
    },
    {
      "image_id": 4,
      "filename": "561681_0_su_5_경상도집_2_005.png",
      "mapx": 37.5487701089007,
      "mapy": 126.835780247566,
      "width": 3840,
      "height": 2160,
      "caption_info": [
        "경상도집(내발산동)",
        "갈비"
      ]
    }
  ],
  "annotations": [
    {
      "image_id": 0,
      "question": [
        {
          "question_id": 0,
          "question_type": "관계",
          "question": "이 곳에 인접한 시설이 있나요?",
          "question_wordNum": 5,
          "answer": "우장산역 4번 출구, 이공손만두, 공차",
          "answer_wordNum": 5,
          "fact": [
            "경상도집,인접,우장산역 4번 출구, 이공손만두, 공차"
          ]
        },
        {
          "question_id": 1,
          "question_type": "정보",
          "question": "영업시간은 몇시부터 몇시까지로 기재되어 있나요?",
          "question_wordNum": 5,
          "answer": "10:30 - 22:30",
          "answer_wordNum": 3,
          "fact": [
            "경상도집,영업시간,10:30 - 22:30"
          ]
        },
        {
          "question_id": 2,
          "question_type": "정보",
          "question": "이 곳의 주소는 어떻게 되나요?",
          "question_wordNum": 5,
          "answer": "서울 강서구 강서로45나길 16",
          "answer_wordNum": 4,
          "fact": [
            "경상도집,주소,서울 강서구 강서로45나길 16"
          ]
        },
        {
          "question_id": 3,
          "question_type": "탐색",
          "question": "주차시설이 있나요?",
          "question_wordNum": 2,
          "answer": "없음",
          "answer_wordNum": 1,
          "fact": [
            "경상도집,주차시설,없음"
          ]
        }
      ]
    },
    {
      "image_id": 1,
      "question": [
        {
          "question_id": 0,
          "question_type": "탐색",
          "question": "주차시설이 있나요?",
          "question_wordNum": 2,
          "answer": "없음",
          "answer_wordNum": 1,
          "fact": [
            "경상도집,주차시설,없음"
          ]
        },
        {
          "question_id": 1,
          "question_type": "관계",
          "question": "이 곳에 인접한 시설이 있나요?",
          "question_wordNum": 5,
          "answer": "우장산역 4번 출구, 이공손만두, 공차",
          "answer_wordNum": 5,
          "fact": [
            "경상도집,인접,우장산역 4번 출구, 이공손만두, 공차"
          ]
        },
        {
          "question_id": 2,
          "question_type": "정보",
          "question": "연락처를 알 수 있나요?",
          "question_wordNum": 4,
          "answer": "알수없음",
          "answer_wordNum": 1,
          "fact": [
            "경상도집,연락처,알수없음"
          ]
        },
        {
          "question_id": 3,
          "question_type": "정보",
          "question": "휴무일은 어떻게 되나요?",
          "question_wordNum": 3,
          "answer": "없음",
          "answer_wordNum": 1,
          "fact": [
            "경상도집,휴무일,없음"
          ]
        }
      ]
    },
    {
      "image_id": 2,
      "question": [
        {
          "question_id": 0,
          "question_type": "정보",
          "question": "휴무일은 어떻게 되나요?",
          "question_wordNum": 3,
          "answer": "없음",
          "answer_wordNum": 1,
          "fact": [
            "경상도집,휴무일,없음"
          ]
        },
        {
          "question_id": 1,
          "question_type": "정보",
          "question": "이 곳의 주요 메뉴는 무엇이 있나요?",
          "question_wordNum": 6,
          "answer": "돼지갈비, 막걸리",
          "answer_wordNum": 2,
          "fact": [
            "경상도집,메뉴,돼지갈비, 막걸리"
          ]
        },
        {
          "question_id": 2,
          "question_type": "정보",
          "question": "영업시간은 어떻게 되나요?",
          "question_wordNum": 3,
          "answer": "10:30 - 22:30",
          "answer_wordNum": 3,
          "fact": [
            "경상도집,영업시간,10:30 - 22:30"
          ]
        },
        {
          "question_id": 3,
          "question_type": "탐색",
          "question": "주차시설이 있나요?",
          "question_wordNum": 2,
          "answer": "없음",
          "answer_wordNum": 1,
          "fact": [
            "경상도집,주차시설,없음"
          ]
        }
      ]
    },
    {
      "image_id": 3,
      "question": [
        {
          "question_id": 0,
          "question_type": "정보",
          "question": "이 곳의 주소는 어떻게 되나요?",
          "question_wordNum": 5,
          "answer": "서울 강서구 강서로45나길 16",
          "answer_wordNum": 4,
          "fact": [
            "경상도집,주소,서울 강서구 강서로45나길 16"
          ]
        },
        {
          "question_id": 1,
          "question_type": "관계",
          "question": "이 곳에 인접한 시설이 있나요?",
          "question_wordNum": 5,
          "answer": "우장산역 4번 출구, 이공손만두, 공차",
          "answer_wordNum": 5,
          "fact": [
            "경상도집,인접,우장산역 4번 출구, 이공손만두, 공차"
          ]
        },
        {
          "question_id": 2,
          "question_type": "탐색",
          "question": "주차시설이 있나요?",
          "question_wordNum": 2,
          "answer": "없음",
          "answer_wordNum": 1,
          "fact": [
            "경상도집,주차시설,없음"
          ]
        },
        {
          "question_id": 3,
          "question_type": "정보",
          "question": "이 곳의 주요 메뉴는 무엇이 있나요?",
          "question_wordNum": 6,
          "answer": "돼지갈비, 막걸리",
          "answer_wordNum": 2,
          "fact": [
            "경상도집,메뉴,돼지갈비, 막걸리"
          ]
        }
      ]
    },
    {
      "image_id": 4,
      "question": [
        {
          "question_id": 0,
          "question_type": "정보",
          "question": "영업시간은 어떻게 되나요?",
          "question_wordNum": 3,
          "answer": "10:30 - 22:30",
          "answer_wordNum": 3,
          "fact": [
            "경상도집,영업시간,10:30 - 22:30"
          ]
        },
        {
          "question_id": 1,
          "question_type": "정보",
          "question": "연락처를 알 수 있나요?",
          "question_wordNum": 4,
          "answer": "알수없음",
          "answer_wordNum": 1,
          "fact": [
            "경상도집,연락처,알수없음"
          ]
        },
        {
          "question_id": 2,
          "question_type": "정보",
          "question": "휴무일은 어떻게 되나요?",
          "question_wordNum": 3,
          "answer": "없음",
          "answer_wordNum": 1,
          "fact": [
            "경상도집,휴무일,없음"
          ]
        },
        {
          "question_id": 3,
          "question_type": "정보",
          "question": "이 곳의 주소는 어떻게 되나요?",
          "question_wordNum": 5,
          "answer": "서울 강서구 강서로45나길 16",
          "answer_wordNum": 4,
          "fact": [
            "경상도집,주소,서울 강서구 강서로45나길 16"
          ]
        }
      ]
    }
  ]
}