{
  "data": {
    "dataset": "2-083-219",
    "POI_id": "561490",
    "travelType": "음식점",
    "place": "카츠온도 ",
    "area": "서울"
  },
  "imageInfo": [
    {
      "image_id": 0,
      "filename": "561490_0_su_5_카츠온도 _1_001.png",
      "mapx": 37.5670117038671,
      "mapy": 126.839731201632,
      "width": 3840,
      "height": 2160,
      "caption_info": [
        "카츠온도(마곡동)",
        "간판, 여닫이문, 실외기, 화분"
      ]
    },
    {
      "image_id": 1,
      "filename": "561490_0_su_5_카츠온도 _1_002.png",
      "mapx": 37.5670117038671,
      "mapy": 126.839731201632,
      "width": 3840,
      "height": 2160,
      "caption_info": [
        "카츠온도(마곡동)",
        "간판, 실외기, 여닫이문"
      ]
    },
    {
      "image_id": 2,
      "filename": "561490_0_su_5_카츠온도 _1_003.png",
      "mapx": 37.5670117038671,
      "mapy": 126.839731201632,
      "width": 3840,
      "height": 2160,
      "caption_info": [
        "카츠온도(마곡동)",
        "냉장고"
      ]
    },
    {
      "image_id": 3,
      "filename": "561490_0_su_5_카츠온도 _1_004.png",
      "mapx": 37.5670117038671,
      "mapy": 126.839731201632,
      "width": 3840,
      "height": 2160,
      "caption_info": [
        "카츠온도(마곡동)",
        "메뉴판"
      ]
    },
    {
      "image_id": 4,
      "filename": "561490_0_su_5_카츠온도 _1_005.png",
      "mapx": 37.5670117038671,
      "mapy": 126.839731201632,
      "width": 3840,
      "height": 2160,
      "caption_info": [
        "카츠온도(마곡동)",
        "돈까스, 밥"
      ]
    }
  ],
  "annotations": [
    {
      "image_id": 0,
      "question": [
        {
          "question_id": 0,
          "question_type": "관계",
          "question": "이 곳에 인접한 시설이 있나요?",
          "question_wordNum": 5,
          "answer": "양천향교역 7번 출구, 에그드랍, 이타제면소",
          "answer_wordNum": 5,
          "fact": [
            "카츠온도,인접,양천향교역 7번 출구, 에그드랍, 이타제면소"
          ]
        },
        {
          "question_id": 1,
          "question_type": "탐색",
          "question": "주차시설이 있나요?",
          "question_wordNum": 2,
          "answer": "있음",
          "answer_wordNum": 1,
          "fact": [
            "카츠온도,주차시설,있음"
          ]
        },
        {
          "question_id": 2,
          "question_type": "정보",
          "question": "영업시간은 어떻게 되나요?",
          "question_wordNum": 3,
          "answer": "11:30~21:00",
          "answer_wordNum": 1,
          "fact": [
            "카츠온도,영업시간,11:30~21:00"
          ]
        },
        {
          "question_id": 3,
          "question_type": "정보",
          "question": "휴무일은 어떻게 되나요?",
          "question_wordNum": 3,
          "answer": "매주 일요일",
          "answer_wordNum": 2,
          "fact": [
            "카츠온도,휴무일,매주 일요일"
          ]
        }
      ]
    },
    {
      "image_id": 1,
      "question": [
        {
          "question_id": 0,
          "question_type": "정보",
          "question": "휴무일은 어떻게 되나요?",
          "question_wordNum": 3,
          "answer": "매주 일요일",
          "answer_wordNum": 2,
          "fact": [
            "카츠온도,휴무일,매주 일요일"
          ]
        },
        {
          "question_id": 1,
          "question_type": "탐색",
          "question": "주차시설이 있나요?",
          "question_wordNum": 2,
          "answer": "있음",
          "answer_wordNum": 1,
          "fact": [
            "카츠온도,주차시설,있음"
          ]
        },
        {
          "question_id": 2,
          "question_type": "정보",
          "question": "영업시간은 몇시부터 몇시까지로 기재되어 있나요?",
          "question_wordNum": 5,
          "answer": "11:30~21:00",
          "answer_wordNum": 1,
          "fact": [
            "카츠온도,영업시간,11:30~21:00"
          ]
        },
        {
          "question_id": 3,
          "question_type": "정보",
          "question": "연락처가 어떻게 되나요?",
          "question_wordNum": 3,
          "answer": "0507-1322-6594",
          "answer_wordNum": 1,
          "fact": [
            "카츠온도,연락처,0507-1322-6594"
          ]
        }
      ]
    },
    {
      "image_id": 2,
      "question": [
        {
          "question_id": 0,
          "question_type": "정보",
          "question": "이 곳의 주소는 어떻게 되나요?",
          "question_wordNum": 5,
          "answer": "서울 강서구 마곡동로10길 46 1층 110호 카츠온도",
          "answer_wordNum": 7,
          "fact": [
            "카츠온도,주소,서울 강서구 마곡동로10길 46 1층 110호 카츠온도"
          ]
        },
        {
          "question_id": 1,
          "question_type": "정보",
          "question": "이 곳의 주요 메뉴는 무엇이 있나요?",
          "question_wordNum": 6,
          "answer": "히레카츠, 믹스카츠",
          "answer_wordNum": 2,
          "fact": [
            "카츠온도,메뉴,히레카츠, 믹스카츠"
          ]
        },
        {
          "question_id": 2,
          "question_type": "정보",
          "question": "연락처가 어떻게 되나요?",
          "question_wordNum": 3,
          "answer": "0507-1322-6594",
          "answer_wordNum": 1,
          "fact": [
            "카츠온도,연락처,0507-1322-6594"
          ]
        },
        {
          "question_id": 3,
          "question_type": "정보",
          "question": "영업시간은 어떻게 되나요?",
          "question_wordNum": 3,
          "answer": "11:30~21:00",
          "answer_wordNum": 1,
          "fact": [
            "카츠온도,영업시간,11:30~21:00"
          ]
        }
      ]
    },
    {
      "image_id": 3,
      "question": [
        {
          "question_id": 0,
          "question_type": "탐색",
          "question": "주차시설이 있나요?",
          "question_wordNum": 2,
          "answer": "있음",
          "answer_wordNum": 1,
          "fact": [
            "카츠온도,주차시설,있음"
          ]
        },
        {
          "question_id": 1,
          "question_type": "관계",
          "question": "이 곳에 인접한 시설이 있나요?",
          "question_wordNum": 5,
          "answer": "양천향교역 7번 출구, 에그드랍, 이타제면소",
          "answer_wordNum": 5,
          "fact": [
            "카츠온도,인접,양천향교역 7번 출구, 에그드랍, 이타제면소"
          ]
        },
        {
          "question_id": 2,
          "question_type": "정보",
          "question": "이 곳의 주소는 어떻게 되나요?",
          "question_wordNum": 5,
          "answer": "서울 강서구 마곡동로10길 46 1층 110호 카츠온도",
          "answer_wordNum": 7,
          "fact": [
            "카츠온도,주소,서울 강서구 마곡동로10길 46 1층 110호 카츠온도"
          ]
        },
        {
          "question_id": 3,
          "question_type": "정보",
          "question": "연락처가 어떻게 되나요?",
          "question_wordNum": 3,
          "answer": "0507-1322-6594",
          "answer_wordNum": 1,
          "fact": [
            "카츠온도,연락처,0507-1322-6594"
          ]
        }
      ]
    },
    {
      "image_id": 4,
      "question": [
        {
          "question_id": 0,
          "question_type": "정보",
          "question": "연락처가 어떻게 되나요?",
          "question_wordNum": 3,
          "answer": "0507-1322-6594",
          "answer_wordNum": 1,
          "fact": [
            "카츠온도,연락처,0507-1322-6594"
          ]
        },
        {
          "question_id": 1,
          "question_type": "정보",
          "question": "영업시간은 어떻게 되나요?",
          "question_wordNum": 3,
          "answer": "11:30~21:00",
          "answer_wordNum": 1,
          "fact": [
            "카츠온도,영업시간,11:30~21:00"
          ]
        },
        {
          "question_id": 2,
          "question_type": "정보",
          "question": "휴무일은 어떻게 되나요?",
          "question_wordNum": 3,
          "answer": "매주 일요일",
          "answer_wordNum": 2,
          "fact": [
            "카츠온도,휴무일,매주 일요일"
          ]
        },
        {
          "question_id": 3,
          "question_type": "탐색",
          "question": "주차시설이 있나요?",
          "question_wordNum": 2,
          "answer": "있음",
          "answer_wordNum": 1,
          "fact": [
            "카츠온도,주차시설,있음"
          ]
        }
      ]
    }
  ]
}