{
  "data": {
    "dataset": "2-083-219",
    "POI_id": "561699",
    "travelType": "음식점",
    "place": "타코까나스따 발산점",
    "area": "서울"
  },
  "imageInfo": [
    {
      "image_id": 0,
      "filename": "561699_0_su_5_타코까나스따 발산점_1_001.png",
      "mapx": 37.554744734563,
      "mapy": 126.838870432278,
      "width": 3840,
      "height": 2160,
      "caption_info": [
        "타코까나스따 발산점(내발산동)",
        "간판, 자전거, 여닫이문"
      ]
    },
    {
      "image_id": 1,
      "filename": "561699_0_su_5_타코까나스따 발산점_1_002.png",
      "mapx": 37.554744734563,
      "mapy": 126.838870432278,
      "width": 3840,
      "height": 2160,
      "caption_info": [
        "타코까나스따 발산점(내발산동)",
        "간판, 자전거, 여닫이문"
      ]
    },
    {
      "image_id": 2,
      "filename": "561699_0_su_5_타코까나스따 발산점_1_003.png",
      "mapx": 37.554744734563,
      "mapy": 126.838870432278,
      "width": 3840,
      "height": 2160,
      "caption_info": [
        "타코까나스따 발산점(내발산동)",
        "등받이의자, 테이블, 에어컨"
      ]
    },
    {
      "image_id": 3,
      "filename": "561699_0_su_5_타코까나스따 발산점_1_004.png",
      "mapx": 37.554744734563,
      "mapy": 126.838870432278,
      "width": 3840,
      "height": 2160,
      "caption_info": [
        "타코까나스따 발산점(내발산동)",
        "메뉴판"
      ]
    },
    {
      "image_id": 4,
      "filename": "561699_0_su_5_타코까나스따 발산점_1_005.png",
      "mapx": 37.554744734563,
      "mapy": 126.838870432278,
      "width": 3840,
      "height": 2160,
      "caption_info": [
        "타코까나스따 발산점(내발산동)",
        "부리또"
      ]
    }
  ],
  "annotations": [
    {
      "image_id": 0,
      "question": [
        {
          "question_id": 0,
          "question_type": "관계",
          "question": "이 곳에 인접한 시설이 있나요?",
          "question_wordNum": 5,
          "answer": "발산역 6번 출구, 오로라, 페리카나",
          "answer_wordNum": 5,
          "fact": [
            "타코까나스따 발산점,인접,발산역 6번 출구, 오로라, 페리카나"
          ]
        },
        {
          "question_id": 1,
          "question_type": "정보",
          "question": "영업시간은 어떻게 되나요?",
          "question_wordNum": 3,
          "answer": "12:00~21:40",
          "answer_wordNum": 1,
          "fact": [
            "타코까나스따 발산점,영업시간,12:00~21:40"
          ]
        },
        {
          "question_id": 2,
          "question_type": "정보",
          "question": "이 곳의 주요 메뉴는 무엇이 있나요?",
          "question_wordNum": 6,
          "answer": "타코, 부리또",
          "answer_wordNum": 2,
          "fact": [
            "타코까나스따 발산점,메뉴,타코, 부리또"
          ]
        },
        {
          "question_id": 3,
          "question_type": "탐색",
          "question": "주차시설이 있나요?",
          "question_wordNum": 2,
          "answer": "있음",
          "answer_wordNum": 1,
          "fact": [
            "타코까나스따 발산점,주차시설,있음"
          ]
        }
      ]
    },
    {
      "image_id": 1,
      "question": [
        {
          "question_id": 0,
          "question_type": "정보",
          "question": "휴무일은 어떻게 되나요?",
          "question_wordNum": 3,
          "answer": "매주 월요일",
          "answer_wordNum": 2,
          "fact": [
            "타코까나스따 발산점,휴무일,매주 월요일"
          ]
        },
        {
          "question_id": 1,
          "question_type": "정보",
          "question": "영업시간은 어떻게 되나요?",
          "question_wordNum": 3,
          "answer": "12:00~21:40",
          "answer_wordNum": 1,
          "fact": [
            "타코까나스따 발산점,영업시간,12:00~21:40"
          ]
        },
        {
          "question_id": 2,
          "question_type": "정보",
          "question": "연락처가 어떻게 되나요?",
          "question_wordNum": 3,
          "answer": "0507-1317-8079",
          "answer_wordNum": 1,
          "fact": [
            "타코까나스따 발산점,연락처,0507-1317-8079"
          ]
        },
        {
          "question_id": 3,
          "question_type": "정보",
          "question": "이 곳의 주소는 어떻게 되나요?",
          "question_wordNum": 5,
          "answer": "서울 강서구 우장산로 13",
          "answer_wordNum": 4,
          "fact": [
            "타코까나스따 발산점,주소,서울 강서구 우장산로 13"
          ]
        }
      ]
    },
    {
      "image_id": 2,
      "question": [
        {
          "question_id": 0,
          "question_type": "정보",
          "question": "이 곳의 주소는 어떻게 되나요?",
          "question_wordNum": 5,
          "answer": "서울 강서구 우장산로 13",
          "answer_wordNum": 4,
          "fact": [
            "타코까나스따 발산점,주소,서울 강서구 우장산로 13"
          ]
        },
        {
          "question_id": 1,
          "question_type": "정보",
          "question": "영업시간은 어떻게 되나요?",
          "question_wordNum": 3,
          "answer": "12:00~21:40",
          "answer_wordNum": 1,
          "fact": [
            "타코까나스따 발산점,영업시간,12:00~21:40"
          ]
        },
        {
          "question_id": 2,
          "question_type": "관계",
          "question": "이 곳에 인접한 시설이 있나요?",
          "question_wordNum": 5,
          "answer": "발산역 6번 출구, 오로라, 페리카나",
          "answer_wordNum": 5,
          "fact": [
            "타코까나스따 발산점,인접,발산역 6번 출구, 오로라, 페리카나"
          ]
        },
        {
          "question_id": 3,
          "question_type": "정보",
          "question": "이 곳의 주요 메뉴는 무엇이 있나요?",
          "question_wordNum": 6,
          "answer": "타코, 부리또",
          "answer_wordNum": 2,
          "fact": [
            "타코까나스따 발산점,메뉴,타코, 부리또"
          ]
        }
      ]
    },
    {
      "image_id": 3,
      "question": [
        {
          "question_id": 0,
          "question_type": "정보",
          "question": "영업시간은 어떻게 되나요?",
          "question_wordNum": 3,
          "answer": "12:00~21:40",
          "answer_wordNum": 1,
          "fact": [
            "타코까나스따 발산점,영업시간,12:00~21:40"
          ]
        },
        {
          "question_id": 1,
          "question_type": "정보",
          "question": "연락처가 어떻게 되나요?",
          "question_wordNum": 3,
          "answer": "0507-1317-8079",
          "answer_wordNum": 1,
          "fact": [
            "타코까나스따 발산점,연락처,0507-1317-8079"
          ]
        },
        {
          "question_id": 2,
          "question_type": "정보",
          "question": "이 곳의 주소는 어떻게 되나요?",
          "question_wordNum": 5,
          "answer": "서울 강서구 우장산로 13",
          "answer_wordNum": 4,
          "fact": [
            "타코까나스따 발산점,주소,서울 강서구 우장산로 13"
          ]
        },
        {
          "question_id": 3,
          "question_type": "정보",
          "question": "이 곳의 주요 메뉴는 무엇이 있나요?",
          "question_wordNum": 6,
          "answer": "타코, 부리또",
          "answer_wordNum": 2,
          "fact": [
            "타코까나스따 발산점,메뉴,타코, 부리또"
          ]
        }
      ]
    },
    {
      "image_id": 4,
      "question": [
        {
          "question_id": 0,
          "question_type": "정보",
          "question": "이 곳의 주소는 어떻게 되나요?",
          "question_wordNum": 5,
          "answer": "서울 강서구 우장산로 13",
          "answer_wordNum": 4,
          "fact": [
            "타코까나스따 발산점,주소,서울 강서구 우장산로 13"
          ]
        },
        {
          "question_id": 1,
          "question_type": "관계",
          "question": "이 곳에 인접한 시설이 있나요?",
          "question_wordNum": 5,
          "answer": "발산역 6번 출구, 오로라, 페리카나",
          "answer_wordNum": 5,
          "fact": [
            "타코까나스따 발산점,인접,발산역 6번 출구, 오로라, 페리카나"
          ]
        },
        {
          "question_id": 2,
          "question_type": "정보",
          "question": "영업시간은 어떻게 되나요?",
          "question_wordNum": 3,
          "answer": "12:00~21:40",
          "answer_wordNum": 1,
          "fact": [
            "타코까나스따 발산점,영업시간,12:00~21:40"
          ]
        },
        {
          "question_id": 3,
          "question_type": "탐색",
          "question": "주차시설이 있나요?",
          "question_wordNum": 2,
          "answer": "있음",
          "answer_wordNum": 1,
          "fact": [
            "타코까나스따 발산점,주차시설,있음"
          ]
        }
      ]
    }
  ]
}