{
  "data": {
    "dataset": "2-083-219",
    "POI_id": "561634",
    "travelType": "음식점",
    "place": "임피아또",
    "area": "서울"
  },
  "imageInfo": [
    {
      "image_id": 0,
      "filename": "561634_0_su_5_임피아또_1_001.png",
      "mapx": 37.5596003426585,
      "mapy": 126.832686373319,
      "width": 3840,
      "height": 2160,
      "caption_info": [
        "임피아또(강서구)",
        "여닫이문 "
      ]
    },
    {
      "image_id": 1,
      "filename": "561634_0_su_5_임피아또_1_002.png",
      "mapx": 37.5596003426585,
      "mapy": 126.832686373319,
      "width": 3840,
      "height": 2160,
      "caption_info": [
        "임피아또(강서구)",
        "간판"
      ]
    },
    {
      "image_id": 2,
      "filename": "561634_0_su_5_임피아또_1_003.png",
      "mapx": 37.5596003426585,
      "mapy": 126.832686373319,
      "width": 3840,
      "height": 2160,
      "caption_info": [
        "임피아또(강서구)",
        "등받이 의자"
      ]
    },
    {
      "image_id": 3,
      "filename": "561634_0_su_5_임피아또_1_004.png",
      "mapx": 37.5596003426585,
      "mapy": 126.832686373319,
      "width": 3840,
      "height": 2160,
      "caption_info": [
        "임피아또(강서구)",
        "메뉴판 "
      ]
    },
    {
      "image_id": 4,
      "filename": "561634_0_su_5_임피아또_1_005.png",
      "mapx": 37.5596003426585,
      "mapy": 126.832686373319,
      "width": 3840,
      "height": 2160,
      "caption_info": [
        "임피아또(강서구)",
        "접시 "
      ]
    }
  ],
  "annotations": [
    {
      "image_id": 0,
      "question": [
        {
          "question_id": 0,
          "question_type": "정보",
          "question": "영업시간을 알 수 있나요?",
          "question_wordNum": 4,
          "answer": "11:30~21:30",
          "answer_wordNum": 1,
          "fact": [
            "임피아또,영업시간,11:30~21:30"
          ]
        },
        {
          "question_id": 1,
          "question_type": "정보",
          "question": "휴무일은 어떻게 되나요?",
          "question_wordNum": 3,
          "answer": "매주 일요일",
          "answer_wordNum": 2,
          "fact": [
            "임피아또,휴무일,매주 일요일"
          ]
        },
        {
          "question_id": 2,
          "question_type": "정보",
          "question": "이 곳의 주소를 알 수 있나요?",
          "question_wordNum": 6,
          "answer": "서울 강서구 공항대로 227",
          "answer_wordNum": 4,
          "fact": [
            "임피아또,주소,서울 강서구 공항대로 227"
          ]
        },
        {
          "question_id": 3,
          "question_type": "관계",
          "question": "이 곳에 인접한 시설을 알 수 있나요?",
          "question_wordNum": 7,
          "answer": "발산역 9번 출구, 구워봄, 램지",
          "answer_wordNum": 5,
          "fact": [
            "임피아또,인접,발산역 9번 출구, 구워봄, 램지"
          ]
        }
      ]
    },
    {
      "image_id": 1,
      "question": [
        {
          "question_id": 0,
          "question_type": "정보",
          "question": "휴무일은 어떻게 되나요?",
          "question_wordNum": 3,
          "answer": "매주 일요일",
          "answer_wordNum": 2,
          "fact": [
            "임피아또,휴무일,매주 일요일"
          ]
        },
        {
          "question_id": 1,
          "question_type": "정보",
          "question": "영업시간은 어떻게 되나요?",
          "question_wordNum": 3,
          "answer": "11:30~21:30",
          "answer_wordNum": 1,
          "fact": [
            "임피아또,영업시간,11:30~21:30"
          ]
        },
        {
          "question_id": 2,
          "question_type": "정보",
          "question": "대표 메뉴가 무엇인가요?",
          "question_wordNum": 3,
          "answer": "새우구이, 부라타 샐러드",
          "answer_wordNum": 3,
          "fact": [
            "임피아또,메뉴,새우구이, 부라타 샐러드"
          ]
        },
        {
          "question_id": 3,
          "question_type": "관계",
          "question": "이 곳에 인접한 시설이 있나요?",
          "question_wordNum": 5,
          "answer": "발산역 9번 출구, 구워봄, 램지",
          "answer_wordNum": 5,
          "fact": [
            "임피아또,인접,발산역 9번 출구, 구워봄, 램지"
          ]
        }
      ]
    },
    {
      "image_id": 2,
      "question": [
        {
          "question_id": 0,
          "question_type": "관계",
          "question": "이 곳에 인접한 시설을 알 수 있나요?",
          "question_wordNum": 7,
          "answer": "발산역 9번 출구, 구워봄, 램지",
          "answer_wordNum": 5,
          "fact": [
            "임피아또,인접,발산역 9번 출구, 구워봄, 램지"
          ]
        },
        {
          "question_id": 1,
          "question_type": "정보",
          "question": "이 곳의 주소는 어떻게 되나요?",
          "question_wordNum": 5,
          "answer": "서울 강서구 공항대로 227",
          "answer_wordNum": 4,
          "fact": [
            "임피아또,주소,서울 강서구 공항대로 227"
          ]
        },
        {
          "question_id": 2,
          "question_type": "정보",
          "question": "대표 메뉴가 무엇인가요?",
          "question_wordNum": 3,
          "answer": "새우구이, 부라타 샐러드",
          "answer_wordNum": 3,
          "fact": [
            "임피아또,메뉴,새우구이, 부라타 샐러드"
          ]
        },
        {
          "question_id": 3,
          "question_type": "정보",
          "question": "영업시간은 어떻게 되나요?",
          "question_wordNum": 3,
          "answer": "11:30~21:30",
          "answer_wordNum": 1,
          "fact": [
            "임피아또,영업시간,11:30~21:30"
          ]
        }
      ]
    },
    {
      "image_id": 3,
      "question": [
        {
          "question_id": 0,
          "question_type": "정보",
          "question": "영업시간은 어떻게 되나요?",
          "question_wordNum": 3,
          "answer": "11:30~21:30",
          "answer_wordNum": 1,
          "fact": [
            "임피아또,영업시간,11:30~21:30"
          ]
        },
        {
          "question_id": 1,
          "question_type": "정보",
          "question": "휴무일을 알 수 있나요?",
          "question_wordNum": 4,
          "answer": "매주 일요일",
          "answer_wordNum": 2,
          "fact": [
            "임피아또,휴무일,매주 일요일"
          ]
        },
        {
          "question_id": 2,
          "question_type": "정보",
          "question": "연락처를 알 수 있나요?",
          "question_wordNum": 4,
          "answer": "0507-1473-8909",
          "answer_wordNum": 1,
          "fact": [
            "임피아또,연락처,0507-1473-8909"
          ]
        },
        {
          "question_id": 3,
          "question_type": "정보",
          "question": "대표 메뉴가 무엇인가요?",
          "question_wordNum": 3,
          "answer": "새우구이, 부라타 샐러드",
          "answer_wordNum": 3,
          "fact": [
            "임피아또,메뉴,새우구이, 부라타 샐러드"
          ]
        }
      ]
    },
    {
      "image_id": 4,
      "question": [
        {
          "question_id": 0,
          "question_type": "정보",
          "question": "연락처를 알 수 있나요?",
          "question_wordNum": 4,
          "answer": "0507-1473-8909",
          "answer_wordNum": 1,
          "fact": [
            "임피아또,연락처,0507-1473-8909"
          ]
        },
        {
          "question_id": 1,
          "question_type": "정보",
          "question": "영업시간은 어떻게 되나요?",
          "question_wordNum": 3,
          "answer": "11:30~21:30",
          "answer_wordNum": 1,
          "fact": [
            "임피아또,영업시간,11:30~21:30"
          ]
        },
        {
          "question_id": 2,
          "question_type": "정보",
          "question": "이 곳의 주소를 알 수 있나요?",
          "question_wordNum": 6,
          "answer": "서울 강서구 공항대로 227",
          "answer_wordNum": 4,
          "fact": [
            "임피아또,주소,서울 강서구 공항대로 227"
          ]
        },
        {
          "question_id": 3,
          "question_type": "관계",
          "question": "이 곳에 인접한 시설을 알 수 있나요?",
          "question_wordNum": 7,
          "answer": "발산역 9번 출구, 구워봄, 램지",
          "answer_wordNum": 5,
          "fact": [
            "임피아또,인접,발산역 9번 출구, 구워봄, 램지"
          ]
        }
      ]
    }
  ]
}