{
  "data": {
    "dataset": "2-083-219",
    "POI_id": "561414",
    "travelType": "음식점",
    "place": "본죽 가양사거리점",
    "area": "서울"
  },
  "imageInfo": [
    {
      "image_id": 0,
      "filename": "561414_0_su_5_본죽 가양사거리점_1_001.png",
      "mapx": 37.5704780061189,
      "mapy": 126.841933133618,
      "width": 3840,
      "height": 2160,
      "caption_info": [
        "본죽 가양사거리점(가양동)",
        "건물, 간판"
      ]
    },
    {
      "image_id": 1,
      "filename": "561414_0_su_5_본죽 가양사거리점_1_002.png",
      "mapx": 37.5704780061189,
      "mapy": 126.841933133618,
      "width": 3840,
      "height": 2160,
      "caption_info": [
        "본죽 가양사거리점(가양동)",
        "건물, 간판"
      ]
    },
    {
      "image_id": 2,
      "filename": "561414_0_su_5_본죽 가양사거리점_1_003.png",
      "mapx": 37.5704780061189,
      "mapy": 126.841933133618,
      "width": 3840,
      "height": 2160,
      "caption_info": [
        "본죽 가양사거리점(가양동)",
        "탁자,의자"
      ]
    },
    {
      "image_id": 3,
      "filename": "561414_0_su_5_본죽 가양사거리점_1_004.png",
      "mapx": 37.5704780061189,
      "mapy": 126.841933133618,
      "width": 3840,
      "height": 2160,
      "caption_info": [
        "본죽 가양사거리점(가양동)",
        "메뉴인쇄물"
      ]
    },
    {
      "image_id": 4,
      "filename": "561414_0_su_5_본죽 가양사거리점_1_005.png",
      "mapx": 37.5704780061189,
      "mapy": 126.841933133618,
      "width": 3840,
      "height": 2160,
      "caption_info": [
        "본죽 가양사거리점(가양동)",
        "죽,숟가락,반찬"
      ]
    }
  ],
  "annotations": [
    {
      "image_id": 0,
      "question": [
        {
          "question_id": 0,
          "question_type": "정보",
          "question": "이 곳의 주소는 어떻게 되나요?",
          "question_wordNum": 5,
          "answer": "서울 강서구 강서로 506 가양골프클럽 1층",
          "answer_wordNum": 6,
          "fact": [
            "본죽 가양사거리점,주소,서울 강서구 강서로 506 가양골프클럽 1층"
          ]
        },
        {
          "question_id": 1,
          "question_type": "정보",
          "question": "영업시간을 알 수 있나요?",
          "question_wordNum": 4,
          "answer": "10:00~19:00/21:00",
          "answer_wordNum": 1,
          "fact": [
            "본죽 가양사거리점,영업시간,10:00~19:00/21:00"
          ]
        },
        {
          "question_id": 2,
          "question_type": "탐색",
          "question": "주차시설이 있는지 알 수 있나요?",
          "question_wordNum": 5,
          "answer": "있음",
          "answer_wordNum": 1,
          "fact": [
            "본죽 가양사거리점,주차시설,있음"
          ]
        },
        {
          "question_id": 3,
          "question_type": "정보",
          "question": "휴무일을 알 수 있나요?",
          "question_wordNum": 4,
          "answer": "알수없음",
          "answer_wordNum": 1,
          "fact": [
            "본죽 가양사거리점,휴무일,알수없음"
          ]
        }
      ]
    },
    {
      "image_id": 1,
      "question": [
        {
          "question_id": 0,
          "question_type": "관계",
          "question": "이 곳에 인접한 시설이 있나요?",
          "question_wordNum": 5,
          "answer": "피자스쿨, CU, 양천향교역 3번 출구",
          "answer_wordNum": 5,
          "fact": [
            "본죽 가양사거리점,인접,피자스쿨, CU, 양천향교역 3번 출구"
          ]
        },
        {
          "question_id": 1,
          "question_type": "정보",
          "question": "연락처를 알 수 있나요?",
          "question_wordNum": 4,
          "answer": "02-2659-6282",
          "answer_wordNum": 1,
          "fact": [
            "본죽 가양사거리점,연락처,02-2659-6282"
          ]
        },
        {
          "question_id": 2,
          "question_type": "정보",
          "question": "휴무일을 알 수 있나요?",
          "question_wordNum": 4,
          "answer": "알수없음",
          "answer_wordNum": 1,
          "fact": [
            "본죽 가양사거리점,휴무일,알수없음"
          ]
        },
        {
          "question_id": 3,
          "question_type": "정보",
          "question": "이 곳의 주요 메뉴를 알 수 있나요?",
          "question_wordNum": 7,
          "answer": "트러플전복죽, 단호박죽",
          "answer_wordNum": 2,
          "fact": [
            "본죽 가양사거리점,메뉴,트러플전복죽, 단호박죽"
          ]
        }
      ]
    },
    {
      "image_id": 2,
      "question": [
        {
          "question_id": 0,
          "question_type": "탐색",
          "question": "주차시설이 있는지 알 수 있나요?",
          "question_wordNum": 5,
          "answer": "있음",
          "answer_wordNum": 1,
          "fact": [
            "본죽 가양사거리점,주차시설,있음"
          ]
        },
        {
          "question_id": 1,
          "question_type": "정보",
          "question": "휴무일을 알 수 있나요?",
          "question_wordNum": 4,
          "answer": "알수없음",
          "answer_wordNum": 1,
          "fact": [
            "본죽 가양사거리점,휴무일,알수없음"
          ]
        },
        {
          "question_id": 2,
          "question_type": "정보",
          "question": "이 곳의 주소를 알 수 있나요?",
          "question_wordNum": 6,
          "answer": "서울 강서구 강서로 506 가양골프클럽 1층",
          "answer_wordNum": 6,
          "fact": [
            "본죽 가양사거리점,주소,서울 강서구 강서로 506 가양골프클럽 1층"
          ]
        },
        {
          "question_id": 3,
          "question_type": "정보",
          "question": "연락처를 알 수 있나요?",
          "question_wordNum": 4,
          "answer": "02-2659-6282",
          "answer_wordNum": 1,
          "fact": [
            "본죽 가양사거리점,연락처,02-2659-6282"
          ]
        }
      ]
    },
    {
      "image_id": 3,
      "question": [
        {
          "question_id": 0,
          "question_type": "탐색",
          "question": "주차시설이 있는지 알 수 있나요?",
          "question_wordNum": 5,
          "answer": "있음",
          "answer_wordNum": 1,
          "fact": [
            "본죽 가양사거리점,주차시설,있음"
          ]
        },
        {
          "question_id": 1,
          "question_type": "정보",
          "question": "이 곳의 대표적인 메뉴는 무엇이 있나요?",
          "question_wordNum": 6,
          "answer": "트러플전복죽, 단호박죽",
          "answer_wordNum": 2,
          "fact": [
            "본죽 가양사거리점,메뉴,트러플전복죽, 단호박죽"
          ]
        },
        {
          "question_id": 2,
          "question_type": "정보",
          "question": "휴무일은 어떻게 되나요?",
          "question_wordNum": 3,
          "answer": "알수없음",
          "answer_wordNum": 1,
          "fact": [
            "본죽 가양사거리점,휴무일,알수없음"
          ]
        },
        {
          "question_id": 3,
          "question_type": "관계",
          "question": "이 곳에 인접한 시설이 있나요?",
          "question_wordNum": 5,
          "answer": "피자스쿨, CU, 양천향교역 3번 출구",
          "answer_wordNum": 5,
          "fact": [
            "본죽 가양사거리점,인접,피자스쿨, CU, 양천향교역 3번 출구"
          ]
        }
      ]
    },
    {
      "image_id": 4,
      "question": [
        {
          "question_id": 0,
          "question_type": "정보",
          "question": "영업시간은 몇시부터 몇시까지로 기재되어 있나요?",
          "question_wordNum": 5,
          "answer": "10:00~19:00/21:00",
          "answer_wordNum": 1,
          "fact": [
            "본죽 가양사거리점,영업시간,10:00~19:00/21:00"
          ]
        },
        {
          "question_id": 1,
          "question_type": "관계",
          "question": "이 곳에 인접한 시설을 알 수 있나요?",
          "question_wordNum": 7,
          "answer": "피자스쿨, CU, 양천향교역 3번 출구",
          "answer_wordNum": 5,
          "fact": [
            "본죽 가양사거리점,인접,피자스쿨, CU, 양천향교역 3번 출구"
          ]
        },
        {
          "question_id": 2,
          "question_type": "정보",
          "question": "이 곳의 대표적인 메뉴를 알 수 있나요?",
          "question_wordNum": 7,
          "answer": "트러플전복죽, 단호박죽",
          "answer_wordNum": 2,
          "fact": [
            "본죽 가양사거리점,메뉴,트러플전복죽, 단호박죽"
          ]
        },
        {
          "question_id": 3,
          "question_type": "정보",
          "question": "연락처를 알 수 있나요?",
          "question_wordNum": 4,
          "answer": "02-2659-6282",
          "answer_wordNum": 1,
          "fact": [
            "본죽 가양사거리점,연락처,02-2659-6282"
          ]
        }
      ]
    }
  ]
}