{
  "data": {
    "dataset": "2-083-219",
    "POI_id": "561444",
    "travelType": "음식점",
    "place": "맘모스돈까스",
    "area": "서울"
  },
  "imageInfo": [
    {
      "image_id": 0,
      "filename": "561444_0_su_5_맘모스돈까스_1_001.png",
      "mapx": 37.5659318377534,
      "mapy": 126.852069204251,
      "width": 3840,
      "height": 2160,
      "caption_info": [
        "맘모스돈까스(가양동)",
        "건물, 간판"
      ]
    },
    {
      "image_id": 1,
      "filename": "561444_0_su_5_맘모스돈까스_1_002.png",
      "mapx": 37.5659318377534,
      "mapy": 126.852069204251,
      "width": 3840,
      "height": 2160,
      "caption_info": [
        "맘모스돈까스(가양동)",
        "건물, 간판"
      ]
    },
    {
      "image_id": 2,
      "filename": "561444_0_su_5_맘모스돈까스_1_003.png",
      "mapx": 37.5659318377534,
      "mapy": 126.852069204251,
      "width": 3840,
      "height": 2160,
      "caption_info": [
        "맘모스돈까스(가양동)",
        "냉장고"
      ]
    },
    {
      "image_id": 3,
      "filename": "561444_0_su_5_맘모스돈까스_1_004.png",
      "mapx": 37.5659318377534,
      "mapy": 126.852069204251,
      "width": 3840,
      "height": 2160,
      "caption_info": [
        "맘모스돈까스(가양동)",
        "메뉴판"
      ]
    },
    {
      "image_id": 4,
      "filename": "561444_0_su_5_맘모스돈까스_1_005.png",
      "mapx": 37.5659318377534,
      "mapy": 126.852069204251,
      "width": 3840,
      "height": 2160,
      "caption_info": [
        "맘모스돈까스(가양동)",
        "돈까스"
      ]
    }
  ],
  "annotations": [
    {
      "image_id": 0,
      "question": [
        {
          "question_id": 0,
          "question_type": "정보",
          "question": "이 곳의 주요 메뉴는 무엇이 있나요?",
          "question_wordNum": 6,
          "answer": "왕돈까스, 생선까스",
          "answer_wordNum": 2,
          "fact": [
            "맘모스돈까스,메뉴,왕돈까스, 생선까스"
          ]
        },
        {
          "question_id": 1,
          "question_type": "탐색",
          "question": "주차시설이 있나요?",
          "question_wordNum": 2,
          "answer": "없음",
          "answer_wordNum": 1,
          "fact": [
            "맘모스돈까스,주차시설,없음"
          ]
        },
        {
          "question_id": 2,
          "question_type": "정보",
          "question": "휴무일은 어떻게 되나요?",
          "question_wordNum": 3,
          "answer": "없음",
          "answer_wordNum": 1,
          "fact": [
            "맘모스돈까스,휴무일,없음"
          ]
        },
        {
          "question_id": 3,
          "question_type": "정보",
          "question": "이 곳에 인접한 시설이 있나요?",
          "question_wordNum": 5,
          "answer": "가양역 1번 출구, 우충아의원, 바비큐보스",
          "answer_wordNum": 5,
          "fact": [
            "맘모스돈까스,인접,가양역 1번 출구, 우충아의원, 바비큐보스"
          ]
        }
      ]
    },
    {
      "image_id": 1,
      "question": [
        {
          "question_id": 0,
          "question_type": "정보",
          "question": "연락처가 어떻게 되나요?",
          "question_wordNum": 3,
          "answer": "02-3661-3898",
          "answer_wordNum": 1,
          "fact": [
            "맘모스돈까스,연락처,02-3661-3898"
          ]
        },
        {
          "question_id": 1,
          "question_type": "정보",
          "question": "이 곳의 대표적인 메뉴를 알 수 있나요?",
          "question_wordNum": 7,
          "answer": "왕돈까스, 생선까스",
          "answer_wordNum": 2,
          "fact": [
            "맘모스돈까스,메뉴,왕돈까스, 생선까스"
          ]
        },
        {
          "question_id": 2,
          "question_type": "탐색",
          "question": "주차시설이 있나요?",
          "question_wordNum": 2,
          "answer": "없음",
          "answer_wordNum": 1,
          "fact": [
            "맘모스돈까스,주차시설,없음"
          ]
        },
        {
          "question_id": 3,
          "question_type": "정보",
          "question": "이 곳에 인접한 시설이 있나요?",
          "question_wordNum": 5,
          "answer": "가양역 1번 출구, 우충아의원, 바비큐보스",
          "answer_wordNum": 5,
          "fact": [
            "맘모스돈까스,인접,가양역 1번 출구, 우충아의원, 바비큐보스"
          ]
        }
      ]
    },
    {
      "image_id": 2,
      "question": [
        {
          "question_id": 0,
          "question_type": "정보",
          "question": "이 곳의 주소를 알 수 있나요?",
          "question_wordNum": 6,
          "answer": "서울 강서구 양천로57길 37 가양4단지 상가 2층",
          "answer_wordNum": 7,
          "fact": [
            "맘모스돈까스,주소,서울 강서구 양천로57길 37 가양4단지 상가 2층"
          ]
        },
        {
          "question_id": 1,
          "question_type": "탐색",
          "question": "주차시설이 있나요?",
          "question_wordNum": 2,
          "answer": "없음",
          "answer_wordNum": 1,
          "fact": [
            "맘모스돈까스,주차시설,없음"
          ]
        },
        {
          "question_id": 2,
          "question_type": "정보",
          "question": "영업시간은 어떻게 되나요?",
          "question_wordNum": 3,
          "answer": "11:00~20:30",
          "answer_wordNum": 1,
          "fact": [
            "맘모스돈까스,영업시간,11:00~20:30"
          ]
        },
        {
          "question_id": 3,
          "question_type": "정보",
          "question": "이 곳에 인접한 시설이 있나요?",
          "question_wordNum": 5,
          "answer": "가양역 1번 출구, 우충아의원, 바비큐보스",
          "answer_wordNum": 5,
          "fact": [
            "맘모스돈까스,인접,가양역 1번 출구, 우충아의원, 바비큐보스"
          ]
        }
      ]
    },
    {
      "image_id": 3,
      "question": [
        {
          "question_id": 0,
          "question_type": "정보",
          "question": "이 곳의 대표적인 메뉴는 무엇이 있나요?",
          "question_wordNum": 6,
          "answer": "왕돈까스, 생선까스",
          "answer_wordNum": 2,
          "fact": [
            "맘모스돈까스,메뉴,왕돈까스, 생선까스"
          ]
        },
        {
          "question_id": 1,
          "question_type": "탐색",
          "question": "주차시설이 있나요?",
          "question_wordNum": 2,
          "answer": "없음",
          "answer_wordNum": 1,
          "fact": [
            "맘모스돈까스,주차시설,없음"
          ]
        },
        {
          "question_id": 2,
          "question_type": "정보",
          "question": "연락처를 알 수 있나요?",
          "question_wordNum": 4,
          "answer": "02-3661-3898",
          "answer_wordNum": 1,
          "fact": [
            "맘모스돈까스,연락처,02-3661-3898"
          ]
        },
        {
          "question_id": 3,
          "question_type": "정보",
          "question": "이 곳에 인접한 시설이 있나요?",
          "question_wordNum": 5,
          "answer": "가양역 1번 출구, 우충아의원, 바비큐보스",
          "answer_wordNum": 5,
          "fact": [
            "맘모스돈까스,인접,가양역 1번 출구, 우충아의원, 바비큐보스"
          ]
        }
      ]
    },
    {
      "image_id": 4,
      "question": [
        {
          "question_id": 0,
          "question_type": "탐색",
          "question": "주차시설이 있나요?",
          "question_wordNum": 2,
          "answer": "없음",
          "answer_wordNum": 1,
          "fact": [
            "맘모스돈까스,주차시설,없음"
          ]
        },
        {
          "question_id": 1,
          "question_type": "정보",
          "question": "연락처를 알 수 있나요?",
          "question_wordNum": 4,
          "answer": "02-3661-3898",
          "answer_wordNum": 1,
          "fact": [
            "맘모스돈까스,연락처,02-3661-3898"
          ]
        },
        {
          "question_id": 2,
          "question_type": "정보",
          "question": "이 곳의 주소는 어떻게 되나요?",
          "question_wordNum": 5,
          "answer": "서울 강서구 양천로57길 37 가양4단지 상가 2층",
          "answer_wordNum": 7,
          "fact": [
            "맘모스돈까스,주소,서울 강서구 양천로57길 37 가양4단지 상가 2층"
          ]
        },
        {
          "question_id": 3,
          "question_type": "정보",
          "question": "이 곳에 인접한 시설이 있나요?",
          "question_wordNum": 5,
          "answer": "가양역 1번 출구, 우충아의원, 바비큐보스",
          "answer_wordNum": 5,
          "fact": [
            "맘모스돈까스,인접,가양역 1번 출구, 우충아의원, 바비큐보스"
          ]
        }
      ]
    }
  ]
}