{
  "data": {
    "dataset": "2-083-219",
    "POI_id": "561801",
    "travelType": "음식점",
    "place": "까치울 ",
    "area": "서울"
  },
  "imageInfo": [
    {
      "image_id": 0,
      "filename": "561801_0_su_5_까치울 _1_001.png",
      "mapx": 37.5470384648468,
      "mapy": 126.821728152732,
      "width": 3840,
      "height": 2160,
      "caption_info": [
        "까치울(강서구) ",
        "간판"
      ]
    },
    {
      "image_id": 1,
      "filename": "561801_0_su_5_까치울 _1_002.png",
      "mapx": 37.5470384648468,
      "mapy": 126.821728152732,
      "width": 3840,
      "height": 2160,
      "caption_info": [
        "까치울(강서구) ",
        "간판"
      ]
    },
    {
      "image_id": 2,
      "filename": "561801_0_su_5_까치울 _1_003.png",
      "mapx": 37.5470384648468,
      "mapy": 126.821728152732,
      "width": 3840,
      "height": 2160,
      "caption_info": [
        "까치울(강서구) ",
        "등받이 의자"
      ]
    },
    {
      "image_id": 3,
      "filename": "561801_0_su_5_까치울 _1_004.png",
      "mapx": 37.5470384648468,
      "mapy": 126.821728152732,
      "width": 3840,
      "height": 2160,
      "caption_info": [
        "까치울(강서구) ",
        "메뉴판 "
      ]
    },
    {
      "image_id": 4,
      "filename": "561801_0_su_5_까치울 _1_005.png",
      "mapx": 37.5470384648468,
      "mapy": 126.821728152732,
      "width": 3840,
      "height": 2160,
      "caption_info": [
        "까치울(강서구) ",
        "숟가락 "
      ]
    }
  ],
  "annotations": [
    {
      "image_id": 0,
      "question": [
        {
          "question_id": 0,
          "question_type": "관계",
          "question": "이 곳에 인접한 시설이 있나요?",
          "question_wordNum": 5,
          "answer": "크레파스, 살구나무집",
          "answer_wordNum": 2,
          "fact": [
            "까치울,인접,크레파스, 살구나무집"
          ]
        },
        {
          "question_id": 1,
          "question_type": "탐색",
          "question": "주차시설이 있나요?",
          "question_wordNum": 2,
          "answer": "있음",
          "answer_wordNum": 1,
          "fact": [
            "까치울,주차시설,있음"
          ]
        },
        {
          "question_id": 2,
          "question_type": "정보",
          "question": "휴무일은 어떻게 되나요?",
          "question_wordNum": 3,
          "answer": "알수없음",
          "answer_wordNum": 1,
          "fact": [
            "까치울,휴무일,알수없음"
          ]
        },
        {
          "question_id": 3,
          "question_type": "정보",
          "question": "이 곳의 주소는 어떻게 되나요?",
          "question_wordNum": 5,
          "answer": "서울 강서구 남부순환로19길 128",
          "answer_wordNum": 4,
          "fact": [
            "까치울,주소,서울 강서구 남부순환로19길 128"
          ]
        }
      ]
    },
    {
      "image_id": 1,
      "question": [
        {
          "question_id": 0,
          "question_type": "탐색",
          "question": "주차시설이 있나요?",
          "question_wordNum": 2,
          "answer": "있음",
          "answer_wordNum": 1,
          "fact": [
            "까치울,주차시설,있음"
          ]
        },
        {
          "question_id": 1,
          "question_type": "정보",
          "question": "연락처가 어떻게 되나요?",
          "question_wordNum": 3,
          "answer": "02-2664-7626",
          "answer_wordNum": 1,
          "fact": [
            "까치울,연락처,02-2664-7626"
          ]
        },
        {
          "question_id": 2,
          "question_type": "정보",
          "question": "이 곳의 메뉴를 알 수 있나요?",
          "question_wordNum": 6,
          "answer": "삼겹살, 돼지갈비",
          "answer_wordNum": 2,
          "fact": [
            "까치울,메뉴,삼겹살, 돼지갈비"
          ]
        },
        {
          "question_id": 3,
          "question_type": "정보",
          "question": "휴무일은 어떻게 되나요?",
          "question_wordNum": 3,
          "answer": "알수없음",
          "answer_wordNum": 1,
          "fact": [
            "까치울,휴무일,알수없음"
          ]
        }
      ]
    },
    {
      "image_id": 2,
      "question": [
        {
          "question_id": 0,
          "question_type": "정보",
          "question": "연락처가 어떻게 되나요?",
          "question_wordNum": 3,
          "answer": "02-2664-7626",
          "answer_wordNum": 1,
          "fact": [
            "까치울,연락처,02-2664-7626"
          ]
        },
        {
          "question_id": 1,
          "question_type": "정보",
          "question": "이 곳의 메뉴를 알 수 있나요?",
          "question_wordNum": 6,
          "answer": "삼겹살, 돼지갈비",
          "answer_wordNum": 2,
          "fact": [
            "까치울,메뉴,삼겹살, 돼지갈비"
          ]
        },
        {
          "question_id": 2,
          "question_type": "정보",
          "question": "이 곳의 주소를 알 수 있나요?",
          "question_wordNum": 6,
          "answer": "서울 강서구 남부순환로19길 128",
          "answer_wordNum": 4,
          "fact": [
            "까치울,주소,서울 강서구 남부순환로19길 128"
          ]
        },
        {
          "question_id": 3,
          "question_type": "관계",
          "question": "이 곳에 인접한 시설이 있나요?",
          "question_wordNum": 5,
          "answer": "크레파스, 살구나무집",
          "answer_wordNum": 2,
          "fact": [
            "까치울,인접,크레파스, 살구나무집"
          ]
        }
      ]
    },
    {
      "image_id": 3,
      "question": [
        {
          "question_id": 0,
          "question_type": "정보",
          "question": "연락처가 어떻게 되나요?",
          "question_wordNum": 3,
          "answer": "02-2664-7626",
          "answer_wordNum": 1,
          "fact": [
            "까치울,연락처,02-2664-7626"
          ]
        },
        {
          "question_id": 1,
          "question_type": "정보",
          "question": "휴무일은 어떻게 되나요?",
          "question_wordNum": 3,
          "answer": "알수없음",
          "answer_wordNum": 1,
          "fact": [
            "까치울,휴무일,알수없음"
          ]
        },
        {
          "question_id": 2,
          "question_type": "탐색",
          "question": "주차시설이 있나요?",
          "question_wordNum": 2,
          "answer": "있음",
          "answer_wordNum": 1,
          "fact": [
            "까치울,주차시설,있음"
          ]
        },
        {
          "question_id": 3,
          "question_type": "정보",
          "question": "이 곳의 주소를 알 수 있나요?",
          "question_wordNum": 6,
          "answer": "서울 강서구 남부순환로19길 128",
          "answer_wordNum": 4,
          "fact": [
            "까치울,주소,서울 강서구 남부순환로19길 128"
          ]
        }
      ]
    },
    {
      "image_id": 4,
      "question": [
        {
          "question_id": 0,
          "question_type": "관계",
          "question": "이 곳에 인접한 시설이 있나요?",
          "question_wordNum": 5,
          "answer": "크레파스, 살구나무집",
          "answer_wordNum": 2,
          "fact": [
            "까치울,인접,크레파스, 살구나무집"
          ]
        },
        {
          "question_id": 1,
          "question_type": "정보",
          "question": "휴무일은 어떻게 되나요?",
          "question_wordNum": 3,
          "answer": "알수없음",
          "answer_wordNum": 1,
          "fact": [
            "까치울,휴무일,알수없음"
          ]
        },
        {
          "question_id": 2,
          "question_type": "정보",
          "question": "연락처가 어떻게 되나요?",
          "question_wordNum": 3,
          "answer": "02-2664-7626",
          "answer_wordNum": 1,
          "fact": [
            "까치울,연락처,02-2664-7626"
          ]
        },
        {
          "question_id": 3,
          "question_type": "정보",
          "question": "이 곳의 메뉴를 알 수 있나요?",
          "question_wordNum": 6,
          "answer": "삼겹살, 돼지갈비",
          "answer_wordNum": 2,
          "fact": [
            "까치울,메뉴,삼겹살, 돼지갈비"
          ]
        }
      ]
    }
  ]
}