{
  "data": {
    "dataset": "2-083-219",
    "POI_id": "561522",
    "travelType": "음식점",
    "place": "미분당 마곡점",
    "area": "서울"
  },
  "imageInfo": [
    {
      "image_id": 0,
      "filename": "561522_0_su_5_미분당 마곡점_1_001.png",
      "mapx": 37.560835635621,
      "mapy": 126.829618546018,
      "width": 3840,
      "height": 2160,
      "caption_info": [
        "미분당 마곡점(강서구)",
        "간판"
      ]
    },
    {
      "image_id": 1,
      "filename": "561522_0_su_5_미분당 마곡점_1_002.png",
      "mapx": 37.560835635621,
      "mapy": 126.829618546018,
      "width": 3840,
      "height": 2160,
      "caption_info": [
        "미분당 마곡점(강서구)",
        "간판"
      ]
    },
    {
      "image_id": 2,
      "filename": "561522_0_su_5_미분당 마곡점_1_003.png",
      "mapx": 37.560835635621,
      "mapy": 126.829618546018,
      "width": 3840,
      "height": 2160,
      "caption_info": [
        "미분당 마곡점(강서구)",
        "물컵 "
      ]
    },
    {
      "image_id": 3,
      "filename": "561522_0_su_5_미분당 마곡점_1_004.png",
      "mapx": 37.560835635621,
      "mapy": 126.829618546018,
      "width": 3840,
      "height": 2160,
      "caption_info": [
        "미분당 마곡점(강서구)",
        "메뉴판 "
      ]
    },
    {
      "image_id": 4,
      "filename": "561522_0_su_5_미분당 마곡점_1_005.png",
      "mapx": 37.560835635621,
      "mapy": 126.829618546018,
      "width": 3840,
      "height": 2160,
      "caption_info": [
        "미분당 마곡점(강서구)",
        "쌀국수 "
      ]
    }
  ],
  "annotations": [
    {
      "image_id": 0,
      "question": [
        {
          "question_id": 0,
          "question_type": "정보",
          "question": "대표 메뉴가 무엇인가요?",
          "question_wordNum": 3,
          "answer": "차돌양지힘줄 쌀국수, 차돌양지 쌀국수",
          "answer_wordNum": 4,
          "fact": [
            "미분당 마곡점,메뉴,차돌양지힘줄 쌀국수, 차돌양지 쌀국수"
          ]
        },
        {
          "question_id": 1,
          "question_type": "관계",
          "question": "이 곳에 인접한 시설이 있나요?",
          "question_wordNum": 5,
          "answer": "마곡역 3번 출구, 파리바게뜨, 세븐일레븐",
          "answer_wordNum": 5,
          "fact": [
            "미분당 마곡점,인접,마곡역 3번 출구, 파리바게뜨, 세븐일레븐"
          ]
        },
        {
          "question_id": 2,
          "question_type": "정보",
          "question": "연락처를 알 수 있나요?",
          "question_wordNum": 4,
          "answer": "02-6949-4430",
          "answer_wordNum": 1,
          "fact": [
            "미분당 마곡점,연락처,02-6949-4430"
          ]
        },
        {
          "question_id": 3,
          "question_type": "정보",
          "question": "휴무일은 어떻게 되나요?",
          "question_wordNum": 3,
          "answer": "없음",
          "answer_wordNum": 1,
          "fact": [
            "미분당 마곡점,휴무일,없음"
          ]
        }
      ]
    },
    {
      "image_id": 1,
      "question": [
        {
          "question_id": 0,
          "question_type": "탐색",
          "question": "주차시설이 있나요?",
          "question_wordNum": 2,
          "answer": "있음",
          "answer_wordNum": 1,
          "fact": [
            "미분당 마곡점,주차시설,있음"
          ]
        },
        {
          "question_id": 1,
          "question_type": "정보",
          "question": "대표 메뉴가 무엇인가요?",
          "question_wordNum": 3,
          "answer": "차돌양지힘줄 쌀국수, 차돌양지 쌀국수",
          "answer_wordNum": 4,
          "fact": [
            "미분당 마곡점,메뉴,차돌양지힘줄 쌀국수, 차돌양지 쌀국수"
          ]
        },
        {
          "question_id": 2,
          "question_type": "정보",
          "question": "이 곳의 주소는 어떻게 되나요?",
          "question_wordNum": 5,
          "answer": "서울 강서구 마곡중앙6로 21",
          "answer_wordNum": 4,
          "fact": [
            "미분당 마곡점,주소,서울 강서구 마곡중앙6로 21"
          ]
        },
        {
          "question_id": 3,
          "question_type": "관계",
          "question": "이 곳에 인접한 시설을 알 수 있나요?",
          "question_wordNum": 7,
          "answer": "마곡역 3번 출구, 파리바게뜨, 세븐일레븐",
          "answer_wordNum": 5,
          "fact": [
            "미분당 마곡점,인접,마곡역 3번 출구, 파리바게뜨, 세븐일레븐"
          ]
        }
      ]
    },
    {
      "image_id": 2,
      "question": [
        {
          "question_id": 0,
          "question_type": "정보",
          "question": "이 곳의 메뉴를 알 수 있나요?",
          "question_wordNum": 6,
          "answer": "차돌양지힘줄 쌀국수, 차돌양지 쌀국수",
          "answer_wordNum": 4,
          "fact": [
            "미분당 마곡점,메뉴,차돌양지힘줄 쌀국수, 차돌양지 쌀국수"
          ]
        },
        {
          "question_id": 1,
          "question_type": "정보",
          "question": "연락처를 알 수 있나요?",
          "question_wordNum": 4,
          "answer": "02-6949-4430",
          "answer_wordNum": 1,
          "fact": [
            "미분당 마곡점,연락처,02-6949-4430"
          ]
        },
        {
          "question_id": 2,
          "question_type": "탐색",
          "question": "주차시설이 있나요?",
          "question_wordNum": 2,
          "answer": "있음",
          "answer_wordNum": 1,
          "fact": [
            "미분당 마곡점,주차시설,있음"
          ]
        },
        {
          "question_id": 3,
          "question_type": "정보",
          "question": "이 곳의 주소는 어떻게 되나요?",
          "question_wordNum": 5,
          "answer": "서울 강서구 마곡중앙6로 21",
          "answer_wordNum": 4,
          "fact": [
            "미분당 마곡점,주소,서울 강서구 마곡중앙6로 21"
          ]
        }
      ]
    },
    {
      "image_id": 3,
      "question": [
        {
          "question_id": 0,
          "question_type": "정보",
          "question": "이 곳의 주소를 알 수 있나요?",
          "question_wordNum": 6,
          "answer": "서울 강서구 마곡중앙6로 21",
          "answer_wordNum": 4,
          "fact": [
            "미분당 마곡점,주소,서울 강서구 마곡중앙6로 21"
          ]
        },
        {
          "question_id": 1,
          "question_type": "정보",
          "question": "연락처가 어떻게 되나요?",
          "question_wordNum": 3,
          "answer": "02-6949-4430",
          "answer_wordNum": 1,
          "fact": [
            "미분당 마곡점,연락처,02-6949-4430"
          ]
        },
        {
          "question_id": 2,
          "question_type": "정보",
          "question": "휴무일은 어떻게 되나요?",
          "question_wordNum": 3,
          "answer": "없음",
          "answer_wordNum": 1,
          "fact": [
            "미분당 마곡점,휴무일,없음"
          ]
        },
        {
          "question_id": 3,
          "question_type": "관계",
          "question": "이 곳에 인접한 시설을 알 수 있나요?",
          "question_wordNum": 7,
          "answer": "마곡역 3번 출구, 파리바게뜨, 세븐일레븐",
          "answer_wordNum": 5,
          "fact": [
            "미분당 마곡점,인접,마곡역 3번 출구, 파리바게뜨, 세븐일레븐"
          ]
        }
      ]
    },
    {
      "image_id": 4,
      "question": [
        {
          "question_id": 0,
          "question_type": "정보",
          "question": "휴무일은 어떻게 되나요?",
          "question_wordNum": 3,
          "answer": "없음",
          "answer_wordNum": 1,
          "fact": [
            "미분당 마곡점,휴무일,없음"
          ]
        },
        {
          "question_id": 1,
          "question_type": "정보",
          "question": "영업시간은 어떻게 되나요?",
          "question_wordNum": 3,
          "answer": "11:00~21:00",
          "answer_wordNum": 1,
          "fact": [
            "미분당 마곡점,영업시간,11:00~21:00"
          ]
        },
        {
          "question_id": 2,
          "question_type": "관계",
          "question": "이 곳에 인접한 시설이 있나요?",
          "question_wordNum": 5,
          "answer": "마곡역 3번 출구, 파리바게뜨, 세븐일레븐",
          "answer_wordNum": 5,
          "fact": [
            "미분당 마곡점,인접,마곡역 3번 출구, 파리바게뜨, 세븐일레븐"
          ]
        },
        {
          "question_id": 3,
          "question_type": "정보",
          "question": "연락처를 알 수 있나요?",
          "question_wordNum": 4,
          "answer": "02-6949-4430",
          "answer_wordNum": 1,
          "fact": [
            "미분당 마곡점,연락처,02-6949-4430"
          ]
        }
      ]
    }
  ]
}