{
  "data": {
    "dataset": "2-083-219",
    "POI_id": "561800",
    "travelType": "음식점",
    "place": "일품정 ",
    "area": "서울"
  },
  "imageInfo": [
    {
      "image_id": 0,
      "filename": "561800_0_su_5_일품정 _3_001.png",
      "mapx": 37.5527985069967,
      "mapy": 126.818746797278,
      "width": 3840,
      "height": 2160,
      "caption_info": [
        "일품정(외발산동)",
        "간판, 배너, 화분"
      ]
    },
    {
      "image_id": 1,
      "filename": "561800_0_su_5_일품정 _3_002.png",
      "mapx": 37.5527985069967,
      "mapy": 126.818746797278,
      "width": 3840,
      "height": 2160,
      "caption_info": [
        "일품정(외발산동)",
        "주차장, 간판"
      ]
    },
    {
      "image_id": 2,
      "filename": "561800_0_su_5_일품정 _3_003.png",
      "mapx": 37.5527985069967,
      "mapy": 126.818746797278,
      "width": 3840,
      "height": 2160,
      "caption_info": [
        "일품정(외발산동)",
        "테이블, 등받이 의자"
      ]
    },
    {
      "image_id": 3,
      "filename": "561800_0_su_5_일품정 _3_004.png",
      "mapx": 37.5527985069967,
      "mapy": 126.818746797278,
      "width": 3840,
      "height": 2160,
      "caption_info": [
        "일품정(외발산동)",
        "메뉴판"
      ]
    },
    {
      "image_id": 4,
      "filename": "561800_0_su_5_일품정 _3_005.png",
      "mapx": 37.5527985069967,
      "mapy": 126.818746797278,
      "width": 3840,
      "height": 2160,
      "caption_info": [
        "일품정(외발산동)",
        "모듬회"
      ]
    }
  ],
  "annotations": [
    {
      "image_id": 0,
      "question": [
        {
          "question_id": 0,
          "question_type": "탐색",
          "question": "주차시설이 있나요?",
          "question_wordNum": 2,
          "answer": "있음",
          "answer_wordNum": 1,
          "fact": [
            "일품정,주차시설,있음"
          ]
        },
        {
          "question_id": 1,
          "question_type": "관계",
          "question": "이 곳에 인접한 시설을 알 수 있나요?",
          "question_wordNum": 7,
          "answer": "신갯마을, 부일식당",
          "answer_wordNum": 2,
          "fact": [
            "일품정,인접,신갯마을, 부일식당"
          ]
        },
        {
          "question_id": 2,
          "question_type": "정보",
          "question": "이 곳의 대표적인 메뉴는 무엇이 있나요?",
          "question_wordNum": 6,
          "answer": "회양념, 고기양념",
          "answer_wordNum": 2,
          "fact": [
            "일품정,메뉴,회양념, 고기양념"
          ]
        },
        {
          "question_id": 3,
          "question_type": "정보",
          "question": "영업시간은 몇시부터 몇시까지로 기재되어 있나요?",
          "question_wordNum": 5,
          "answer": "10:00 - 22:00",
          "answer_wordNum": 3,
          "fact": [
            "일품정,영업시간,10:00 - 22:00"
          ]
        }
      ]
    },
    {
      "image_id": 1,
      "question": [
        {
          "question_id": 0,
          "question_type": "정보",
          "question": "휴무일을 알 수 있나요?",
          "question_wordNum": 4,
          "answer": "없음",
          "answer_wordNum": 1,
          "fact": [
            "일품정,휴무일,없음"
          ]
        },
        {
          "question_id": 1,
          "question_type": "정보",
          "question": "연락처를 알 수 있나요?",
          "question_wordNum": 4,
          "answer": "02-2661-1831",
          "answer_wordNum": 1,
          "fact": [
            "일품정,연락처,02-2661-1831"
          ]
        },
        {
          "question_id": 2,
          "question_type": "정보",
          "question": "영업시간을 알 수 있나요?",
          "question_wordNum": 4,
          "answer": "10:00 - 22:00",
          "answer_wordNum": 3,
          "fact": [
            "일품정,영업시간,10:00 - 22:00"
          ]
        },
        {
          "question_id": 3,
          "question_type": "정보",
          "question": "이 곳의 주요 메뉴를 알 수 있나요?",
          "question_wordNum": 7,
          "answer": "회양념, 고기양념",
          "answer_wordNum": 2,
          "fact": [
            "일품정,메뉴,회양념, 고기양념"
          ]
        }
      ]
    },
    {
      "image_id": 2,
      "question": [
        {
          "question_id": 0,
          "question_type": "정보",
          "question": "휴무일을 알 수 있나요?",
          "question_wordNum": 4,
          "answer": "없음",
          "answer_wordNum": 1,
          "fact": [
            "일품정,휴무일,없음"
          ]
        },
        {
          "question_id": 1,
          "question_type": "정보",
          "question": "연락처가 어떻게 되나요?",
          "question_wordNum": 3,
          "answer": "02-2661-1831",
          "answer_wordNum": 1,
          "fact": [
            "일품정,연락처,02-2661-1831"
          ]
        },
        {
          "question_id": 2,
          "question_type": "관계",
          "question": "이 곳에 인접한 시설이 있나요?",
          "question_wordNum": 5,
          "answer": "신갯마을, 부일식당",
          "answer_wordNum": 2,
          "fact": [
            "일품정,인접,신갯마을, 부일식당"
          ]
        },
        {
          "question_id": 3,
          "question_type": "탐색",
          "question": "주차시설이 있는지 알 수 있나요?",
          "question_wordNum": 5,
          "answer": "있음",
          "answer_wordNum": 1,
          "fact": [
            "일품정,주차시설,있음"
          ]
        }
      ]
    },
    {
      "image_id": 3,
      "question": [
        {
          "question_id": 0,
          "question_type": "정보",
          "question": "영업시간은 몇시부터 몇시까지로 기재되어 있나요?",
          "question_wordNum": 5,
          "answer": "10:00 - 22:00",
          "answer_wordNum": 3,
          "fact": [
            "일품정,영업시간,10:00 - 22:00"
          ]
        },
        {
          "question_id": 1,
          "question_type": "탐색",
          "question": "주차시설이 있나요?",
          "question_wordNum": 2,
          "answer": "있음",
          "answer_wordNum": 1,
          "fact": [
            "일품정,주차시설,있음"
          ]
        },
        {
          "question_id": 2,
          "question_type": "정보",
          "question": "이 곳의 주소를 알 수 있나요?",
          "question_wordNum": 6,
          "answer": "서울 강서구 발산로 24",
          "answer_wordNum": 4,
          "fact": [
            "일품정,주소,서울 강서구 발산로 24"
          ]
        },
        {
          "question_id": 3,
          "question_type": "정보",
          "question": "연락처가 어떻게 되나요?",
          "question_wordNum": 3,
          "answer": "02-2661-1831",
          "answer_wordNum": 1,
          "fact": [
            "일품정,연락처,02-2661-1831"
          ]
        }
      ]
    },
    {
      "image_id": 4,
      "question": [
        {
          "question_id": 0,
          "question_type": "정보",
          "question": "이 곳의 주요 메뉴를 알 수 있나요?",
          "question_wordNum": 7,
          "answer": "회양념, 고기양념",
          "answer_wordNum": 2,
          "fact": [
            "일품정,메뉴,회양념, 고기양념"
          ]
        },
        {
          "question_id": 1,
          "question_type": "정보",
          "question": "휴무일을 알 수 있나요?",
          "question_wordNum": 4,
          "answer": "없음",
          "answer_wordNum": 1,
          "fact": [
            "일품정,휴무일,없음"
          ]
        },
        {
          "question_id": 2,
          "question_type": "관계",
          "question": "이 곳에 인접한 시설을 알 수 있나요?",
          "question_wordNum": 7,
          "answer": "신갯마을, 부일식당",
          "answer_wordNum": 2,
          "fact": [
            "일품정,인접,신갯마을, 부일식당"
          ]
        },
        {
          "question_id": 3,
          "question_type": "정보",
          "question": "이 곳의 주소는 어떻게 되나요?",
          "question_wordNum": 5,
          "answer": "서울 강서구 발산로 24",
          "answer_wordNum": 4,
          "fact": [
            "일품정,주소,서울 강서구 발산로 24"
          ]
        }
      ]
    }
  ]
}