{
  "data": {
    "dataset": "2-083-219",
    "POI_id": "561404",
    "travelType": "음식점",
    "place": "치킨사냥 가양점",
    "area": "서울"
  },
  "imageInfo": [
    {
      "image_id": 0,
      "filename": "561404_0_su_5_치킨사냥 가양점_1_001.png",
      "mapx": 37.5704427974905,
      "mapy": 126.843096522641,
      "width": 3840,
      "height": 2160,
      "caption_info": [
        "치킨사냥 가양점(가양동)",
        "메뉴,조명"
      ]
    },
    {
      "image_id": 1,
      "filename": "561404_0_su_5_치킨사냥 가양점_1_002.png",
      "mapx": 37.5704427974905,
      "mapy": 126.843096522641,
      "width": 3840,
      "height": 2160,
      "caption_info": [
        "치킨사냥 가양점(가양동)",
        "연세미소학원,블루글럽,벼리약국"
      ]
    },
    {
      "image_id": 2,
      "filename": "561404_0_su_5_치킨사냥 가양점_1_003.png",
      "mapx": 37.5704427974905,
      "mapy": 126.843096522641,
      "width": 3840,
      "height": 2160,
      "caption_info": [
        "치킨사냥 가양점(가양동)",
        "장식대,조명"
      ]
    },
    {
      "image_id": 3,
      "filename": "561404_0_su_5_치킨사냥 가양점_1_004.png",
      "mapx": 37.5704427974905,
      "mapy": 126.843096522641,
      "width": 3840,
      "height": 2160,
      "caption_info": [
        "치킨사냥 가양점(가양동)",
        "웰빙옛날치킨,찹쌀순살치킨,메뉴판"
      ]
    },
    {
      "image_id": 4,
      "filename": "561404_0_su_5_치킨사냥 가양점_1_005.png",
      "mapx": 37.5704427974905,
      "mapy": 126.843096522641,
      "width": 3840,
      "height": 2160,
      "caption_info": [
        "치킨사냥 가양점(가양동)",
        "양념치킨"
      ]
    }
  ],
  "annotations": [
    {
      "image_id": 0,
      "question": [
        {
          "question_id": 0,
          "question_type": "정보",
          "question": "영업시간을 알 수 있나요?",
          "question_wordNum": 4,
          "answer": "14:00 - 23:50",
          "answer_wordNum": 3,
          "fact": [
            "치킨사냥 가양점,영업시간,14:00 - 23:50"
          ]
        },
        {
          "question_id": 1,
          "question_type": "정보",
          "question": "이 곳의 대표적인 메뉴를 알 수 있나요?",
          "question_wordNum": 7,
          "answer": "순살후라이드, 순살양념",
          "answer_wordNum": 2,
          "fact": [
            "치킨사냥 가양점,메뉴,순살후라이드, 순살양념"
          ]
        },
        {
          "question_id": 2,
          "question_type": "탐색",
          "question": "주차시설이 있는지 알 수 있나요?",
          "question_wordNum": 5,
          "answer": "있음",
          "answer_wordNum": 1,
          "fact": [
            "치킨사냥 가양점,주차시설,있음"
          ]
        },
        {
          "question_id": 3,
          "question_type": "정보",
          "question": "연락처를 알 수 있나요?",
          "question_wordNum": 4,
          "answer": "02-3665-9919",
          "answer_wordNum": 1,
          "fact": [
            "치킨사냥 가양점,연락처,02-3665-9919"
          ]
        }
      ]
    },
    {
      "image_id": 1,
      "question": [
        {
          "question_id": 0,
          "question_type": "정보",
          "question": "이 곳의 주소는 어떻게 되나요?",
          "question_wordNum": 5,
          "answer": "서울 강서구 허준로 12",
          "answer_wordNum": 4,
          "fact": [
            "치킨사냥 가양점,주소,서울 강서구 허준로 12"
          ]
        },
        {
          "question_id": 1,
          "question_type": "정보",
          "question": "이 곳의 주요 메뉴를 알 수 있나요?",
          "question_wordNum": 7,
          "answer": "순살후라이드, 순살양념",
          "answer_wordNum": 2,
          "fact": [
            "치킨사냥 가양점,메뉴,순살후라이드, 순살양념"
          ]
        },
        {
          "question_id": 2,
          "question_type": "정보",
          "question": "영업시간은 몇시부터 몇시까지로 기재되어 있나요?",
          "question_wordNum": 5,
          "answer": "14:00 - 23:50",
          "answer_wordNum": 3,
          "fact": [
            "치킨사냥 가양점,영업시간,14:00 - 23:50"
          ]
        },
        {
          "question_id": 3,
          "question_type": "관계",
          "question": "이 곳에 인접한 시설이 있나요?",
          "question_wordNum": 5,
          "answer": "피자스쿨, CU, 양천향교역 3번 출구",
          "answer_wordNum": 5,
          "fact": [
            "치킨사냥 가양점,인접,피자스쿨, CU, 양천향교역 3번 출구"
          ]
        }
      ]
    },
    {
      "image_id": 2,
      "question": [
        {
          "question_id": 0,
          "question_type": "관계",
          "question": "이 곳에 인접한 시설이 있나요?",
          "question_wordNum": 5,
          "answer": "피자스쿨, CU, 양천향교역 3번 출구",
          "answer_wordNum": 5,
          "fact": [
            "치킨사냥 가양점,인접,피자스쿨, CU, 양천향교역 3번 출구"
          ]
        },
        {
          "question_id": 1,
          "question_type": "탐색",
          "question": "주차시설이 있나요?",
          "question_wordNum": 2,
          "answer": "있음",
          "answer_wordNum": 1,
          "fact": [
            "치킨사냥 가양점,주차시설,있음"
          ]
        },
        {
          "question_id": 2,
          "question_type": "정보",
          "question": "이 곳의 주소를 알 수 있나요?",
          "question_wordNum": 6,
          "answer": "서울 강서구 허준로 12",
          "answer_wordNum": 4,
          "fact": [
            "치킨사냥 가양점,주소,서울 강서구 허준로 12"
          ]
        },
        {
          "question_id": 3,
          "question_type": "정보",
          "question": "휴무일은 어떻게 되나요?",
          "question_wordNum": 3,
          "answer": "없음",
          "answer_wordNum": 1,
          "fact": [
            "치킨사냥 가양점,휴무일,없음"
          ]
        }
      ]
    },
    {
      "image_id": 3,
      "question": [
        {
          "question_id": 0,
          "question_type": "탐색",
          "question": "주차시설이 있나요?",
          "question_wordNum": 2,
          "answer": "있음",
          "answer_wordNum": 1,
          "fact": [
            "치킨사냥 가양점,주차시설,있음"
          ]
        },
        {
          "question_id": 1,
          "question_type": "정보",
          "question": "영업시간은 몇시부터 몇시까지로 기재되어 있나요?",
          "question_wordNum": 5,
          "answer": "14:00 - 23:50",
          "answer_wordNum": 3,
          "fact": [
            "치킨사냥 가양점,영업시간,14:00 - 23:50"
          ]
        },
        {
          "question_id": 2,
          "question_type": "정보",
          "question": "이 곳의 대표적인 메뉴는 무엇이 있나요?",
          "question_wordNum": 6,
          "answer": "순살후라이드, 순살양념",
          "answer_wordNum": 2,
          "fact": [
            "치킨사냥 가양점,메뉴,순살후라이드, 순살양념"
          ]
        },
        {
          "question_id": 3,
          "question_type": "관계",
          "question": "이 곳에 인접한 시설이 있나요?",
          "question_wordNum": 5,
          "answer": "피자스쿨, CU, 양천향교역 3번 출구",
          "answer_wordNum": 5,
          "fact": [
            "치킨사냥 가양점,인접,피자스쿨, CU, 양천향교역 3번 출구"
          ]
        }
      ]
    },
    {
      "image_id": 4,
      "question": [
        {
          "question_id": 0,
          "question_type": "탐색",
          "question": "주차시설이 있는지 알 수 있나요?",
          "question_wordNum": 5,
          "answer": "있음",
          "answer_wordNum": 1,
          "fact": [
            "치킨사냥 가양점,주차시설,있음"
          ]
        },
        {
          "question_id": 1,
          "question_type": "정보",
          "question": "연락처가 어떻게 되나요?",
          "question_wordNum": 3,
          "answer": "02-3665-9919",
          "answer_wordNum": 1,
          "fact": [
            "치킨사냥 가양점,연락처,02-3665-9919"
          ]
        },
        {
          "question_id": 2,
          "question_type": "정보",
          "question": "영업시간을 알 수 있나요?",
          "question_wordNum": 4,
          "answer": "14:00 - 23:50",
          "answer_wordNum": 3,
          "fact": [
            "치킨사냥 가양점,영업시간,14:00 - 23:50"
          ]
        },
        {
          "question_id": 3,
          "question_type": "정보",
          "question": "이 곳의 주요 메뉴를 알 수 있나요?",
          "question_wordNum": 7,
          "answer": "순살후라이드, 순살양념",
          "answer_wordNum": 2,
          "fact": [
            "치킨사냥 가양점,메뉴,순살후라이드, 순살양념"
          ]
        }
      ]
    }
  ]
}