{
  "data": {
    "dataset": "2-083-219",
    "POI_id": "561668",
    "travelType": "음식점",
    "place": "뱃살도둑 마곡점",
    "area": "서울"
  },
  "imageInfo": [
    {
      "image_id": 0,
      "filename": "561668_0_su_5_뱃살도둑 마곡점_1_001.png",
      "mapx": 37.5598184721733,
      "mapy": 126.83524805093,
      "width": 3840,
      "height": 2160,
      "caption_info": [
        "뱃살도둑 마곡점(마곡동)",
        "간판, 여닫이문"
      ]
    },
    {
      "image_id": 1,
      "filename": "561668_0_su_5_뱃살도둑 마곡점_1_002.png",
      "mapx": 37.5598184721733,
      "mapy": 126.83524805093,
      "width": 3840,
      "height": 2160,
      "caption_info": [
        "뱃살도둑 마곡점(마곡동)",
        "간판, 여닫이문"
      ]
    },
    {
      "image_id": 2,
      "filename": "561668_0_su_5_뱃살도둑 마곡점_1_003.png",
      "mapx": 37.5598184721733,
      "mapy": 126.83524805093,
      "width": 3840,
      "height": 2160,
      "caption_info": [
        "뱃살도둑 마곡점(마곡동)",
        "테이블, 등받이의자"
      ]
    },
    {
      "image_id": 3,
      "filename": "561668_0_su_5_뱃살도둑 마곡점_1_004.png",
      "mapx": 37.5598184721733,
      "mapy": 126.83524805093,
      "width": 3840,
      "height": 2160,
      "caption_info": [
        "뱃살도둑 마곡점(마곡동)",
        "테이블, 메뉴판"
      ]
    },
    {
      "image_id": 4,
      "filename": "561668_0_su_5_뱃살도둑 마곡점_1_005.png",
      "mapx": 37.5598184721733,
      "mapy": 126.83524805093,
      "width": 3840,
      "height": 2160,
      "caption_info": [
        "뱃살도둑 마곡점(마곡동)",
        "샐러드"
      ]
    }
  ],
  "annotations": [
    {
      "image_id": 0,
      "question": [
        {
          "question_id": 0,
          "question_type": "탐색",
          "question": "주차시설이 있나요?",
          "question_wordNum": 2,
          "answer": "있음",
          "answer_wordNum": 1,
          "fact": [
            "뱃살도둑 마곡점,주차시설,있음"
          ]
        },
        {
          "question_id": 1,
          "question_type": "관계",
          "question": "이 곳에 인접한 시설이 있나요?",
          "question_wordNum": 5,
          "answer": "발산역 9번 출구, 오봉집, CU",
          "answer_wordNum": 5,
          "fact": [
            "뱃살도둑 마곡점,인접,발산역 9번 출구, 오봉집, CU"
          ]
        },
        {
          "question_id": 2,
          "question_type": "정보",
          "question": "이 곳의 주소는 어떻게 되나요?",
          "question_wordNum": 5,
          "answer": "서울 강서구 마곡동로4길 15 엠팰리체 1층 101호",
          "answer_wordNum": 7,
          "fact": [
            "뱃살도둑 마곡점,주소,서울 강서구 마곡동로4길 15 엠팰리체 1층 101호"
          ]
        },
        {
          "question_id": 3,
          "question_type": "정보",
          "question": "연락처가 어떻게 되나요?",
          "question_wordNum": 3,
          "answer": "0507-1371-4123",
          "answer_wordNum": 1,
          "fact": [
            "뱃살도둑 마곡점,연락처,0507-1371-4123"
          ]
        }
      ]
    },
    {
      "image_id": 1,
      "question": [
        {
          "question_id": 0,
          "question_type": "탐색",
          "question": "주차시설이 있나요?",
          "question_wordNum": 2,
          "answer": "있음",
          "answer_wordNum": 1,
          "fact": [
            "뱃살도둑 마곡점,주차시설,있음"
          ]
        },
        {
          "question_id": 1,
          "question_type": "관계",
          "question": "이 곳에 인접한 시설이 있나요?",
          "question_wordNum": 5,
          "answer": "발산역 9번 출구, 오봉집, CU",
          "answer_wordNum": 5,
          "fact": [
            "뱃살도둑 마곡점,인접,발산역 9번 출구, 오봉집, CU"
          ]
        },
        {
          "question_id": 2,
          "question_type": "정보",
          "question": "이 곳의 주소는 어떻게 되나요?",
          "question_wordNum": 5,
          "answer": "서울 강서구 마곡동로4길 15 엠팰리체 1층 101호",
          "answer_wordNum": 7,
          "fact": [
            "뱃살도둑 마곡점,주소,서울 강서구 마곡동로4길 15 엠팰리체 1층 101호"
          ]
        },
        {
          "question_id": 3,
          "question_type": "정보",
          "question": "연락처가 어떻게 되나요?",
          "question_wordNum": 3,
          "answer": "0507-1371-4123",
          "answer_wordNum": 1,
          "fact": [
            "뱃살도둑 마곡점,연락처,0507-1371-4123"
          ]
        }
      ]
    },
    {
      "image_id": 2,
      "question": [
        {
          "question_id": 0,
          "question_type": "관계",
          "question": "이 곳에 인접한 시설이 있나요?",
          "question_wordNum": 5,
          "answer": "발산역 9번 출구, 오봉집, CU",
          "answer_wordNum": 5,
          "fact": [
            "뱃살도둑 마곡점,인접,발산역 9번 출구, 오봉집, CU"
          ]
        },
        {
          "question_id": 1,
          "question_type": "정보",
          "question": "이 곳의 주소는 어떻게 되나요?",
          "question_wordNum": 5,
          "answer": "서울 강서구 마곡동로4길 15 엠팰리체 1층 101호",
          "answer_wordNum": 7,
          "fact": [
            "뱃살도둑 마곡점,주소,서울 강서구 마곡동로4길 15 엠팰리체 1층 101호"
          ]
        },
        {
          "question_id": 2,
          "question_type": "정보",
          "question": "영업시간은 어떻게 되나요?",
          "question_wordNum": 3,
          "answer": "10:00 - 22:00",
          "answer_wordNum": 3,
          "fact": [
            "뱃살도둑 마곡점,영업시간,10:00 - 22:00"
          ]
        },
        {
          "question_id": 3,
          "question_type": "정보",
          "question": "휴무일은 어떻게 되나요?",
          "question_wordNum": 3,
          "answer": "없음",
          "answer_wordNum": 1,
          "fact": [
            "뱃살도둑 마곡점,휴무일,없음"
          ]
        }
      ]
    },
    {
      "image_id": 3,
      "question": [
        {
          "question_id": 0,
          "question_type": "정보",
          "question": "영업시간은 어떻게 되나요?",
          "question_wordNum": 3,
          "answer": "10:00 - 22:00",
          "answer_wordNum": 3,
          "fact": [
            "뱃살도둑 마곡점,영업시간,10:00 - 22:00"
          ]
        },
        {
          "question_id": 1,
          "question_type": "정보",
          "question": "연락처가 어떻게 되나요?",
          "question_wordNum": 3,
          "answer": "0507-1371-4123",
          "answer_wordNum": 1,
          "fact": [
            "뱃살도둑 마곡점,연락처,0507-1371-4123"
          ]
        },
        {
          "question_id": 2,
          "question_type": "정보",
          "question": "휴무일은 어떻게 되나요?",
          "question_wordNum": 3,
          "answer": "없음",
          "answer_wordNum": 1,
          "fact": [
            "뱃살도둑 마곡점,휴무일,없음"
          ]
        },
        {
          "question_id": 3,
          "question_type": "정보",
          "question": "이 곳의 주요 메뉴는 무엇이 있나요?",
          "question_wordNum": 6,
          "answer": "그린 라이트 샐러드, 그릴드 닭가슴살 샐러드",
          "answer_wordNum": 6,
          "fact": [
            "뱃살도둑 마곡점,메뉴,그린 라이트 샐러드, 그릴드 닭가슴살 샐러드"
          ]
        }
      ]
    },
    {
      "image_id": 4,
      "question": [
        {
          "question_id": 0,
          "question_type": "관계",
          "question": "이 곳에 인접한 시설이 있나요?",
          "question_wordNum": 5,
          "answer": "발산역 9번 출구, 오봉집, CU",
          "answer_wordNum": 5,
          "fact": [
            "뱃살도둑 마곡점,인접,발산역 9번 출구, 오봉집, CU"
          ]
        },
        {
          "question_id": 1,
          "question_type": "정보",
          "question": "휴무일은 어떻게 되나요?",
          "question_wordNum": 3,
          "answer": "없음",
          "answer_wordNum": 1,
          "fact": [
            "뱃살도둑 마곡점,휴무일,없음"
          ]
        },
        {
          "question_id": 2,
          "question_type": "정보",
          "question": "이 곳의 주요 메뉴는 무엇이 있나요?",
          "question_wordNum": 6,
          "answer": "그린 라이트 샐러드, 그릴드 닭가슴살 샐러드",
          "answer_wordNum": 6,
          "fact": [
            "뱃살도둑 마곡점,메뉴,그린 라이트 샐러드, 그릴드 닭가슴살 샐러드"
          ]
        },
        {
          "question_id": 3,
          "question_type": "탐색",
          "question": "주차시설이 있나요?",
          "question_wordNum": 2,
          "answer": "있음",
          "answer_wordNum": 1,
          "fact": [
            "뱃살도둑 마곡점,주차시설,있음"
          ]
        }
      ]
    }
  ]
}