{
  "data": {
    "dataset": "2-083-219",
    "POI_id": "561658",
    "travelType": "음식점",
    "place": "수초밥",
    "area": "서울"
  },
  "imageInfo": [
    {
      "image_id": 0,
      "filename": "561658_0_su_5_수초밥_2_001.png",
      "mapx": 37.5671748308356,
      "mapy": 126.817774634056,
      "width": 3840,
      "height": 2160,
      "caption_info": [
        "수초밥(강서구)",
        "간판"
      ]
    },
    {
      "image_id": 1,
      "filename": "561658_0_su_5_수초밥_2_002.png",
      "mapx": 37.5671748308356,
      "mapy": 126.817774634056,
      "width": 3840,
      "height": 2160,
      "caption_info": [
        "수초밥(강서구)",
        "간판"
      ]
    },
    {
      "image_id": 2,
      "filename": "561658_0_su_5_수초밥_2_003.png",
      "mapx": 37.5671748308356,
      "mapy": 126.817774634056,
      "width": 3840,
      "height": 2160,
      "caption_info": [
        "수초밥(강서구)",
        "사각 테이블"
      ]
    },
    {
      "image_id": 3,
      "filename": "561658_0_su_5_수초밥_2_004.png",
      "mapx": 37.5671748308356,
      "mapy": 126.817774634056,
      "width": 3840,
      "height": 2160,
      "caption_info": [
        "수초밥(강서구)",
        "메뉴판 "
      ]
    },
    {
      "image_id": 4,
      "filename": "561658_0_su_5_수초밥_2_005.png",
      "mapx": 37.5671748308356,
      "mapy": 126.817774634056,
      "width": 3840,
      "height": 2160,
      "caption_info": [
        "수초밥(강서구)",
        "초밥"
      ]
    }
  ],
  "annotations": [
    {
      "image_id": 0,
      "question": [
        {
          "question_id": 0,
          "question_type": "정보",
          "question": "연락처를 알 수 있나요?",
          "question_wordNum": 4,
          "answer": "02-2664-7072",
          "answer_wordNum": 1,
          "fact": [
            "수초밥,연락처,02-2664-7072"
          ]
        },
        {
          "question_id": 1,
          "question_type": "정보",
          "question": "이 곳의 주소를 알 수 있나요?",
          "question_wordNum": 6,
          "answer": "서울 강서구 마곡중앙5로 87",
          "answer_wordNum": 4,
          "fact": [
            "수초밥,주소,서울 강서구 마곡중앙5로 87"
          ]
        },
        {
          "question_id": 2,
          "question_type": "정보",
          "question": "휴무일은 어떻게 되나요?",
          "question_wordNum": 3,
          "answer": "매주 월요일",
          "answer_wordNum": 2,
          "fact": [
            "수초밥,휴무일,매주 월요일"
          ]
        },
        {
          "question_id": 3,
          "question_type": "관계",
          "question": "이 곳에 인접한 시설이 있나요?",
          "question_wordNum": 5,
          "answer": "신방화역 5번 출구, 메가커피, 세븐일레븐",
          "answer_wordNum": 5,
          "fact": [
            "수초밥,인접,신방화역 5번 출구, 메가커피, 세븐일레븐"
          ]
        }
      ]
    },
    {
      "image_id": 1,
      "question": [
        {
          "question_id": 0,
          "question_type": "정보",
          "question": "휴무일은 어떻게 되나요?",
          "question_wordNum": 3,
          "answer": "매주 월요일",
          "answer_wordNum": 2,
          "fact": [
            "수초밥,휴무일,매주 월요일"
          ]
        },
        {
          "question_id": 1,
          "question_type": "탐색",
          "question": "주차시설이 있나요?",
          "question_wordNum": 2,
          "answer": "있음",
          "answer_wordNum": 1,
          "fact": [
            "수초밥,주차시설,있음"
          ]
        },
        {
          "question_id": 2,
          "question_type": "관계",
          "question": "이 곳에 인접한 시설을 알 수 있나요?",
          "question_wordNum": 7,
          "answer": "신방화역 5번 출구, 메가커피, 세븐일레븐",
          "answer_wordNum": 5,
          "fact": [
            "수초밥,인접,신방화역 5번 출구, 메가커피, 세븐일레븐"
          ]
        },
        {
          "question_id": 3,
          "question_type": "정보",
          "question": "대표 메뉴가 무엇인가요?",
          "question_wordNum": 3,
          "answer": "모듬초밥, 특모듬초밥",
          "answer_wordNum": 2,
          "fact": [
            "수초밥,메뉴,모듬초밥, 특모듬초밥"
          ]
        }
      ]
    },
    {
      "image_id": 2,
      "question": [
        {
          "question_id": 0,
          "question_type": "정보",
          "question": "대표 메뉴가 무엇인가요?",
          "question_wordNum": 3,
          "answer": "모듬초밥, 특모듬초밥",
          "answer_wordNum": 2,
          "fact": [
            "수초밥,메뉴,모듬초밥, 특모듬초밥"
          ]
        },
        {
          "question_id": 1,
          "question_type": "탐색",
          "question": "주차시설이 있나요?",
          "question_wordNum": 2,
          "answer": "있음",
          "answer_wordNum": 1,
          "fact": [
            "수초밥,주차시설,있음"
          ]
        },
        {
          "question_id": 2,
          "question_type": "정보",
          "question": "연락처를 알 수 있나요?",
          "question_wordNum": 4,
          "answer": "02-2664-7072",
          "answer_wordNum": 1,
          "fact": [
            "수초밥,연락처,02-2664-7072"
          ]
        },
        {
          "question_id": 3,
          "question_type": "관계",
          "question": "이 곳에 인접한 시설이 있나요?",
          "question_wordNum": 5,
          "answer": "신방화역 5번 출구, 메가커피, 세븐일레븐",
          "answer_wordNum": 5,
          "fact": [
            "수초밥,인접,신방화역 5번 출구, 메가커피, 세븐일레븐"
          ]
        }
      ]
    },
    {
      "image_id": 3,
      "question": [
        {
          "question_id": 0,
          "question_type": "정보",
          "question": "이 곳의 메뉴를 알 수 있나요?",
          "question_wordNum": 6,
          "answer": "모듬초밥, 특모듬초밥",
          "answer_wordNum": 2,
          "fact": [
            "수초밥,메뉴,모듬초밥, 특모듬초밥"
          ]
        },
        {
          "question_id": 1,
          "question_type": "정보",
          "question": "연락처를 알 수 있나요?",
          "question_wordNum": 4,
          "answer": "02-2664-7072",
          "answer_wordNum": 1,
          "fact": [
            "수초밥,연락처,02-2664-7072"
          ]
        },
        {
          "question_id": 2,
          "question_type": "탐색",
          "question": "주차시설이 있는지 알 수 있나요?",
          "question_wordNum": 5,
          "answer": "있음",
          "answer_wordNum": 1,
          "fact": [
            "수초밥,주차시설,있음"
          ]
        },
        {
          "question_id": 3,
          "question_type": "정보",
          "question": "이 곳의 주소는 어떻게 되나요?",
          "question_wordNum": 5,
          "answer": "서울 강서구 마곡중앙5로 87",
          "answer_wordNum": 4,
          "fact": [
            "수초밥,주소,서울 강서구 마곡중앙5로 87"
          ]
        }
      ]
    },
    {
      "image_id": 4,
      "question": [
        {
          "question_id": 0,
          "question_type": "정보",
          "question": "대표 메뉴가 무엇인가요?",
          "question_wordNum": 3,
          "answer": "모듬초밥, 특모듬초밥",
          "answer_wordNum": 2,
          "fact": [
            "수초밥,메뉴,모듬초밥, 특모듬초밥"
          ]
        },
        {
          "question_id": 1,
          "question_type": "정보",
          "question": "휴무일은 어떻게 되나요?",
          "question_wordNum": 3,
          "answer": "매주 월요일",
          "answer_wordNum": 2,
          "fact": [
            "수초밥,휴무일,매주 월요일"
          ]
        },
        {
          "question_id": 2,
          "question_type": "정보",
          "question": "영업시간은 어떻게 되나요?",
          "question_wordNum": 3,
          "answer": "11:00~22:00",
          "answer_wordNum": 1,
          "fact": [
            "수초밥,영업시간,11:00~22:00"
          ]
        },
        {
          "question_id": 3,
          "question_type": "정보",
          "question": "이 곳의 주소를 알 수 있나요?",
          "question_wordNum": 6,
          "answer": "서울 강서구 마곡중앙5로 87",
          "answer_wordNum": 4,
          "fact": [
            "수초밥,주소,서울 강서구 마곡중앙5로 87"
          ]
        }
      ]
    }
  ]
}