{
  "data": {
    "dataset": "2-083-219",
    "POI_id": "561492",
    "travelType": "음식점",
    "place": "인라이크 ",
    "area": "서울"
  },
  "imageInfo": [
    {
      "image_id": 0,
      "filename": "561492_0_su_5_인라이크 _2_001.png",
      "mapx": 37.5686106635662,
      "mapy": 126.822810946993,
      "width": 3840,
      "height": 2160,
      "caption_info": [
        "인라이크(마곡동)",
        "간판"
      ]
    },
    {
      "image_id": 1,
      "filename": "561492_0_su_5_인라이크 _2_002.png",
      "mapx": 37.5686106635662,
      "mapy": 126.822810946993,
      "width": 3840,
      "height": 2160,
      "caption_info": [
        "인라이크(마곡동)",
        "간판, 테이블, 등받이의자"
      ]
    },
    {
      "image_id": 2,
      "filename": "561492_0_su_5_인라이크 _2_003.png",
      "mapx": 37.5686106635662,
      "mapy": 126.822810946993,
      "width": 3840,
      "height": 2160,
      "caption_info": [
        "인라이크(마곡동)",
        "테이블, 등받이의자, 진열대"
      ]
    },
    {
      "image_id": 3,
      "filename": "561492_0_su_5_인라이크 _2_004.png",
      "mapx": 37.5686106635662,
      "mapy": 126.822810946993,
      "width": 3840,
      "height": 2160,
      "caption_info": [
        "인라이크(마곡동)",
        "메뉴판"
      ]
    },
    {
      "image_id": 4,
      "filename": "561492_0_su_5_인라이크 _2_005.png",
      "mapx": 37.5686106635662,
      "mapy": 126.822810946993,
      "width": 3840,
      "height": 2160,
      "caption_info": [
        "인라이크(마곡동)",
        "케이크"
      ]
    }
  ],
  "annotations": [
    {
      "image_id": 0,
      "question": [
        {
          "question_id": 0,
          "question_type": "탐색",
          "question": "주차시설이 있나요?",
          "question_wordNum": 2,
          "answer": "있음",
          "answer_wordNum": 1,
          "fact": [
            "인라이크,주차시설,있음"
          ]
        },
        {
          "question_id": 1,
          "question_type": "관계",
          "question": "이 곳에 인접한 시설이 있나요?",
          "question_wordNum": 5,
          "answer": "마곡나루역 1번 출구, 이층집, CU",
          "answer_wordNum": 5,
          "fact": [
            "인라이크,인접,마곡나루역 1번 출구, 이층집, CU"
          ]
        },
        {
          "question_id": 2,
          "question_type": "정보",
          "question": "휴무일은 어떻게 되나요?",
          "question_wordNum": 3,
          "answer": "매주 화요일",
          "answer_wordNum": 2,
          "fact": [
            "인라이크,휴무일,매주 화요일"
          ]
        },
        {
          "question_id": 3,
          "question_type": "정보",
          "question": "이 곳의 주요 메뉴는 무엇이 있나요?",
          "question_wordNum": 6,
          "answer": "쑥케이크, 인절미 쑥 라떼",
          "answer_wordNum": 4,
          "fact": [
            "인라이크,메뉴,쑥케이크, 인절미 쑥 라떼"
          ]
        }
      ]
    },
    {
      "image_id": 1,
      "question": [
        {
          "question_id": 0,
          "question_type": "정보",
          "question": "영업시간은 어떻게 되나요?",
          "question_wordNum": 3,
          "answer": "11:30~20:30/21:00",
          "answer_wordNum": 1,
          "fact": [
            "인라이크,영업시간,11:30~20:30/21:00"
          ]
        },
        {
          "question_id": 1,
          "question_type": "정보",
          "question": "연락처가 어떻게 되나요?",
          "question_wordNum": 3,
          "answer": "0507-1323-5938",
          "answer_wordNum": 1,
          "fact": [
            "인라이크,연락처,0507-1323-5938"
          ]
        },
        {
          "question_id": 2,
          "question_type": "정보",
          "question": "휴무일은 어떻게 되나요?",
          "question_wordNum": 3,
          "answer": "매주 화요일",
          "answer_wordNum": 2,
          "fact": [
            "인라이크,휴무일,매주 화요일"
          ]
        },
        {
          "question_id": 3,
          "question_type": "관계",
          "question": "이 곳에 인접한 시설이 있나요?",
          "question_wordNum": 5,
          "answer": "마곡나루역 1번 출구, 이층집, CU",
          "answer_wordNum": 5,
          "fact": [
            "인라이크,인접,마곡나루역 1번 출구, 이층집, CU"
          ]
        }
      ]
    },
    {
      "image_id": 2,
      "question": [
        {
          "question_id": 0,
          "question_type": "정보",
          "question": "영업시간은 몇시부터 몇시까지로 기재되어 있나요?",
          "question_wordNum": 5,
          "answer": "11:30~20:30/21:00",
          "answer_wordNum": 1,
          "fact": [
            "인라이크,영업시간,11:30~20:30/21:00"
          ]
        },
        {
          "question_id": 1,
          "question_type": "정보",
          "question": "휴무일은 어떻게 되나요?",
          "question_wordNum": 3,
          "answer": "매주 화요일",
          "answer_wordNum": 2,
          "fact": [
            "인라이크,휴무일,매주 화요일"
          ]
        },
        {
          "question_id": 2,
          "question_type": "관계",
          "question": "이 곳에 인접한 시설이 있나요?",
          "question_wordNum": 5,
          "answer": "마곡나루역 1번 출구, 이층집, CU",
          "answer_wordNum": 5,
          "fact": [
            "인라이크,인접,마곡나루역 1번 출구, 이층집, CU"
          ]
        },
        {
          "question_id": 3,
          "question_type": "정보",
          "question": "이 곳의 주요 메뉴는 무엇이 있나요?",
          "question_wordNum": 6,
          "answer": "쑥케이크, 인절미 쑥 라떼",
          "answer_wordNum": 4,
          "fact": [
            "인라이크,메뉴,쑥케이크, 인절미 쑥 라떼"
          ]
        }
      ]
    },
    {
      "image_id": 3,
      "question": [
        {
          "question_id": 0,
          "question_type": "탐색",
          "question": "주차시설이 있나요?",
          "question_wordNum": 2,
          "answer": "있음",
          "answer_wordNum": 1,
          "fact": [
            "인라이크,주차시설,있음"
          ]
        },
        {
          "question_id": 1,
          "question_type": "정보",
          "question": "영업시간은 어떻게 되나요?",
          "question_wordNum": 3,
          "answer": "11:30~20:30/21:00",
          "answer_wordNum": 1,
          "fact": [
            "인라이크,영업시간,11:30~20:30/21:00"
          ]
        },
        {
          "question_id": 2,
          "question_type": "정보",
          "question": "연락처가 어떻게 되나요?",
          "question_wordNum": 3,
          "answer": "0507-1323-5938",
          "answer_wordNum": 1,
          "fact": [
            "인라이크,연락처,0507-1323-5938"
          ]
        },
        {
          "question_id": 3,
          "question_type": "관계",
          "question": "이 곳에 인접한 시설이 있나요?",
          "question_wordNum": 5,
          "answer": "마곡나루역 1번 출구, 이층집, CU",
          "answer_wordNum": 5,
          "fact": [
            "인라이크,인접,마곡나루역 1번 출구, 이층집, CU"
          ]
        }
      ]
    },
    {
      "image_id": 4,
      "question": [
        {
          "question_id": 0,
          "question_type": "관계",
          "question": "이 곳에 인접한 시설이 있나요?",
          "question_wordNum": 5,
          "answer": "마곡나루역 1번 출구, 이층집, CU",
          "answer_wordNum": 5,
          "fact": [
            "인라이크,인접,마곡나루역 1번 출구, 이층집, CU"
          ]
        },
        {
          "question_id": 1,
          "question_type": "탐색",
          "question": "주차시설이 있나요?",
          "question_wordNum": 2,
          "answer": "있음",
          "answer_wordNum": 1,
          "fact": [
            "인라이크,주차시설,있음"
          ]
        },
        {
          "question_id": 2,
          "question_type": "정보",
          "question": "영업시간은 어떻게 되나요?",
          "question_wordNum": 3,
          "answer": "11:30~20:30/21:00",
          "answer_wordNum": 1,
          "fact": [
            "인라이크,영업시간,11:30~20:30/21:00"
          ]
        },
        {
          "question_id": 3,
          "question_type": "정보",
          "question": "연락처가 어떻게 되나요?",
          "question_wordNum": 3,
          "answer": "0507-1323-5938",
          "answer_wordNum": 1,
          "fact": [
            "인라이크,연락처,0507-1323-5938"
          ]
        }
      ]
    }
  ]
}