{
  "data": {
    "dataset": "2-083-219",
    "POI_id": "561795",
    "travelType": "음식점",
    "place": "서민한우 ",
    "area": "서울"
  },
  "imageInfo": [
    {
      "image_id": 0,
      "filename": "561795_0_su_5_서민한우 _3_001.png",
      "mapx": 37.5527985069967,
      "mapy": 126.818746797278,
      "width": 3840,
      "height": 2160,
      "caption_info": [
        "서민한우(강서구) ",
        "간판"
      ]
    },
    {
      "image_id": 1,
      "filename": "561795_0_su_5_서민한우 _3_002.png",
      "mapx": 37.5527985069967,
      "mapy": 126.818746797278,
      "width": 3840,
      "height": 2160,
      "caption_info": [
        "서민한우(강서구) ",
        "간판"
      ]
    },
    {
      "image_id": 2,
      "filename": "561795_0_su_5_서민한우 _3_003.png",
      "mapx": 37.5527985069967,
      "mapy": 126.818746797278,
      "width": 3840,
      "height": 2160,
      "caption_info": [
        "서민한우(강서구) ",
        "등받이 의자"
      ]
    },
    {
      "image_id": 3,
      "filename": "561795_0_su_5_서민한우 _3_004.png",
      "mapx": 37.5527985069967,
      "mapy": 126.818746797278,
      "width": 3840,
      "height": 2160,
      "caption_info": [
        "서민한우(강서구) ",
        "메뉴판 "
      ]
    },
    {
      "image_id": 4,
      "filename": "561795_0_su_5_서민한우 _3_005.png",
      "mapx": 37.5527985069967,
      "mapy": 126.818746797278,
      "width": 3840,
      "height": 2160,
      "caption_info": [
        "서민한우(강서구) ",
        "고기"
      ]
    }
  ],
  "annotations": [
    {
      "image_id": 0,
      "question": [
        {
          "question_id": 0,
          "question_type": "정보",
          "question": "휴무일은 어떻게 되나요?",
          "question_wordNum": 3,
          "answer": "매주 일요일",
          "answer_wordNum": 2,
          "fact": [
            "서민한우,휴무일,매주 일요일"
          ]
        },
        {
          "question_id": 1,
          "question_type": "탐색",
          "question": "주차시설이 있는지 알 수 있나요?",
          "question_wordNum": 5,
          "answer": "있음",
          "answer_wordNum": 1,
          "fact": [
            "서민한우,주차시설,있음"
          ]
        },
        {
          "question_id": 2,
          "question_type": "정보",
          "question": "영업시간은 어떻게 되나요?",
          "question_wordNum": 3,
          "answer": "10:00~21:00",
          "answer_wordNum": 1,
          "fact": [
            "서민한우,영업시간,10:00~21:00"
          ]
        },
        {
          "question_id": 3,
          "question_type": "관계",
          "question": "이 곳에 인접한 시설이 있나요?",
          "question_wordNum": 5,
          "answer": "수협강서수산물도매시장, 신갯마을, 부일식당",
          "answer_wordNum": 3,
          "fact": [
            "서민한우,인접,수협강서수산물도매시장, 신갯마을, 부일식당"
          ]
        }
      ]
    },
    {
      "image_id": 1,
      "question": [
        {
          "question_id": 0,
          "question_type": "관계",
          "question": "이 곳에 인접한 시설을 알 수 있나요?",
          "question_wordNum": 7,
          "answer": "수협강서수산물도매시장, 신갯마을, 부일식당",
          "answer_wordNum": 3,
          "fact": [
            "서민한우,인접,수협강서수산물도매시장, 신갯마을, 부일식당"
          ]
        },
        {
          "question_id": 1,
          "question_type": "정보",
          "question": "영업시간은 어떻게 되나요?",
          "question_wordNum": 3,
          "answer": "10:00~21:00",
          "answer_wordNum": 1,
          "fact": [
            "서민한우,영업시간,10:00~21:00"
          ]
        },
        {
          "question_id": 2,
          "question_type": "정보",
          "question": "대표 메뉴가 무엇인가요?",
          "question_wordNum": 3,
          "answer": "한우곰탕, 한우육개장",
          "answer_wordNum": 2,
          "fact": [
            "서민한우,메뉴,한우곰탕, 한우육개장"
          ]
        },
        {
          "question_id": 3,
          "question_type": "정보",
          "question": "휴무일은 어떻게 되나요?",
          "question_wordNum": 3,
          "answer": "매주 일요일",
          "answer_wordNum": 2,
          "fact": [
            "서민한우,휴무일,매주 일요일"
          ]
        }
      ]
    },
    {
      "image_id": 2,
      "question": [
        {
          "question_id": 0,
          "question_type": "정보",
          "question": "이 곳의 메뉴를 알 수 있나요?",
          "question_wordNum": 6,
          "answer": "한우곰탕, 한우육개장",
          "answer_wordNum": 2,
          "fact": [
            "서민한우,메뉴,한우곰탕, 한우육개장"
          ]
        },
        {
          "question_id": 1,
          "question_type": "정보",
          "question": "이 곳의 주소는 어떻게 되나요?",
          "question_wordNum": 5,
          "answer": "서울 강서구 발산로 24",
          "answer_wordNum": 4,
          "fact": [
            "서민한우,주소,서울 강서구 발산로 24"
          ]
        },
        {
          "question_id": 2,
          "question_type": "탐색",
          "question": "주차시설이 있는지 알 수 있나요?",
          "question_wordNum": 5,
          "answer": "있음",
          "answer_wordNum": 1,
          "fact": [
            "서민한우,주차시설,있음"
          ]
        },
        {
          "question_id": 3,
          "question_type": "정보",
          "question": "영업시간을 알 수 있나요?",
          "question_wordNum": 4,
          "answer": "10:00~21:00",
          "answer_wordNum": 1,
          "fact": [
            "서민한우,영업시간,10:00~21:00"
          ]
        }
      ]
    },
    {
      "image_id": 3,
      "question": [
        {
          "question_id": 0,
          "question_type": "정보",
          "question": "이 곳의 주소를 알 수 있나요?",
          "question_wordNum": 6,
          "answer": "서울 강서구 발산로 24",
          "answer_wordNum": 4,
          "fact": [
            "서민한우,주소,서울 강서구 발산로 24"
          ]
        },
        {
          "question_id": 1,
          "question_type": "탐색",
          "question": "주차시설이 있나요?",
          "question_wordNum": 2,
          "answer": "있음",
          "answer_wordNum": 1,
          "fact": [
            "서민한우,주차시설,있음"
          ]
        },
        {
          "question_id": 2,
          "question_type": "정보",
          "question": "이 곳의 메뉴를 알 수 있나요?",
          "question_wordNum": 6,
          "answer": "한우곰탕, 한우육개장",
          "answer_wordNum": 2,
          "fact": [
            "서민한우,메뉴,한우곰탕, 한우육개장"
          ]
        },
        {
          "question_id": 3,
          "question_type": "관계",
          "question": "이 곳에 인접한 시설이 있나요?",
          "question_wordNum": 5,
          "answer": "수협강서수산물도매시장, 신갯마을, 부일식당",
          "answer_wordNum": 3,
          "fact": [
            "서민한우,인접,수협강서수산물도매시장, 신갯마을, 부일식당"
          ]
        }
      ]
    },
    {
      "image_id": 4,
      "question": [
        {
          "question_id": 0,
          "question_type": "정보",
          "question": "연락처가 어떻게 되나요?",
          "question_wordNum": 3,
          "answer": "02-2661-3222",
          "answer_wordNum": 1,
          "fact": [
            "서민한우,연락처,02-2661-3222"
          ]
        },
        {
          "question_id": 1,
          "question_type": "정보",
          "question": "이 곳의 주소를 알 수 있나요?",
          "question_wordNum": 6,
          "answer": "서울 강서구 발산로 24",
          "answer_wordNum": 4,
          "fact": [
            "서민한우,주소,서울 강서구 발산로 24"
          ]
        },
        {
          "question_id": 2,
          "question_type": "정보",
          "question": "영업시간은 어떻게 되나요?",
          "question_wordNum": 3,
          "answer": "10:00~21:00",
          "answer_wordNum": 1,
          "fact": [
            "서민한우,영업시간,10:00~21:00"
          ]
        },
        {
          "question_id": 3,
          "question_type": "정보",
          "question": "대표 메뉴가 무엇인가요?",
          "question_wordNum": 3,
          "answer": "한우곰탕, 한우육개장",
          "answer_wordNum": 2,
          "fact": [
            "서민한우,메뉴,한우곰탕, 한우육개장"
          ]
        }
      ]
    }
  ]
}